PRO_COM,COMUNE,COD_PROV,Provincia,COD_REG,lat,long,n_imprese,n_micro,n_piccola,n_media,n_grande,dipendenti,asset_PMI_EUR,asset_grandi_EUR,asset_tot_EUR,EBITDA_migl_EUR,ricavi_migl_EUR,integrazione_verticale_media,SUP_kmq,POP_2018,DENSPOP,PAI_area_P3P4_kmq,IDR_area_P3_kmq,PAI_Pop_P3P4,IDR_Pop_P3,hazard_frana_share,hazard_idraulico_share,Risk_Frana_Asset_PMI,Risk_Frana_Asset_Grandi,Risk_Idraulico_Asset_PMI,premio_10k_prov,premio_provincia_appross,Premio_Teorico_Comunale_EUR,ISP_std_medio,LISA_cluster_moda,Gi_bin_moda
15146,Milano,15,Milano,3,45.4668,9.1905,2537,96,817,1154,470,528712,43788803521,190880691276,234669494797,20111465.2,168604114.9,0.883985,181.6727,1366180,7520.007133708037,0,4.801891,0,29746,0,0.026432,0,0,1157405937,15.050002,no,353177637.63,0.006437,Non signif,Non signif
15182,Rho,15,Milano,3,45.528532,9.04018,45,1,22,16,6,3591,597729542,1126125193,1723854735,143309.6,1878324.6,0.89014,22.2434,50904,2288.499060395443,0,2.06419,0,3616,0,0.0928,0,0,55469368,15.050002,no,2594401.73,0.052969,Non signif,Non signif
58091,Roma,58,Roma,12,41.89332,12.482932,1602,85,603,654,260,322731,24198486384,95469249632,119667736016,8424570.7,76529156.6,0.882336,1287.3586,2872800,2231.5460509604704,3.963713,98.321678,1531,72445,0.003079,0.076375,74505934,293945064,1848153099,29.689549,no,355288106.62,0.134486,Non signif,Non signif
28032,Cittadella,28,Padova,5,45.648794,11.78358,35,3,10,17,5,3032,486960122,855684111,1342644233,109866.2,1526070.6,0.892579,36.6788,20145,549.2273465871293,0,0,0,0,0,0,0,0,0,17.804557,no,2390518.6,-0.174518,Non signif,Non signif
16198,Seriate,16,Bergamo,3,45.684371,9.717998,25,0,7,12,6,4246,395241575,1432382028,1827623603,132829,1613213.6,0.892701,12.529200000000001,25358,2023.9121412380678,0,0.367654,0,455,0,0.029344,0,0,11597879,21.203762,no,3875249.54,0.139127,Non signif,Non signif
90064,Sassari,90,Sassari,20,40.7778,8.921997,39,0,17,18,4,2295,482101362,469564580,951665942,79013.5,1303878.4,0.828572,547.0418,126769,231.73549077968084,20.391516,23.396594,1314,3138,0.037276,0.042769,17970798,17503477,20619137,12.837123,si,1221665.25,0.120303,Non signif,Non signif
63049,Napoli,63,Napoli,15,40.835934,14.248783,550,33,210,245,62,64967,8403999918,10067273161,18471273079,1656457.9,16508791.2,0.87519,119.0233,966144,8117.267795465257,14.821298,1.800506,45821,5902,0.124524,0.015127,1046502552,1253620556,127130169,35.751904,no,66038318.93,0.041846,Non signif,Non signif
16224,Valbrembo,16,Bergamo,3,45.717833,9.607536,6,0,3,1,2,1495,29037522,875638000,904675522,74800.3,470480.8,0.891306,3.7966,4280,1127.3244481904862,0.001741,0.52482,0,71,0.000459,0.138234,13316,401540,4013979,21.203762,no,1918252.42,-0.247438,Non signif,Non signif
1272,Torino,1,Torino,1,45.067755,7.682489,470,17,183,197,73,68592,7585666391,15509741221,23095407612,1866989.4,24354139.4,0.887757,130.0111,882523,6788.058865743002,1.520672,4.708467,530,1364,0.011696,0.036216,88725582,181409350,274721619,20.594868,no,47564686.93,0.011502,Non signif,Non signif
28078,San Pietro in Gu,28,Padova,5,45.614086,11.669394,5,0,1,4,0,440,126453754,0,126453754,9030.4,183408.6,0.848629,17.9005,4435,247.75844250160608,0,0,0,0,0,0,0,0,0,17.804557,no,225145.31,0.16025,Non signif,Non signif
22097,Imer,22,Trento,4,46.15106,11.796303,1,0,0,1,0,55,10945715,0,10945715,1457.5,10213.1,0.920039,27.7321,1195,43.09085860789482,9.879351,0,57,0,0.356242,0,3899328,0,0,14.82766,no,16229.93,-0.3754,Non signif,Non signif
64045,Luogosano,64,Avellino,15,40.985631,14.991956,1,0,0,1,0,72,37517912,0,37517912,2014.6,35038.4,0.897427,6.068200000000001,1164,191.81964997857682,0.139942,0.17591,20,4,0.023062,0.028989,865221,0,1087600,37.737871,no,141584.61,-1.208449,Non signif,Non signif
32003,Muggia,32,Trieste,6,45.595848,13.782856,4,0,3,1,0,161,47029728,0,47029728,4342.2,52101.4,0.842562,13.852,13111,946.5059197227837,0.094819,0.171829,60,446,0.006845,0.012405,321925,0,583387,23.184655,no,109036.8,0.161375,Non signif,Non signif
24116,Vicenza,24,Vicenza,5,45.634859,11.406354,81,2,26,36,17,17636,1131085013,3323700300,4454785313,406270.3,3110488.7,0.897014,80.5704,111620,1385.3722955328506,0,11.745822,0,11227,0,0.145783,0,0,164893351,21.315155,no,9495444.01,-0.074611,Non signif,Non signif
54039,Perugia,54,Perugia,10,43.107032,12.402996,100,2,47,38,13,8967,1562413676,1445010642,3007424318,329298,2931807.1,0.882092,449.50839999999994,165683,368.58710538001077,19.33611,13.560344,3463,1954,0.043016,0.030167,67208984,62158760,47133417,38.922787,no,11705733.49,0.060436,Non signif,Non signif
3076,Gozzano,3,Novara,1,45.746457,8.436067,12,0,6,6,0,645,212553679,0,212553679,22069.7,225800.5,0.891612,12.5823,5622,446.81814930497603,0,0.294108,0,39,0,0.023375,0,0,4968387,12.08995,no,256976.34,-0.012224,High-Low,Coldspot 99%
22161,Rovereto,22,Trento,4,45.886548,11.045237,38,2,11,18,7,4352,587193397,1447231722,2034425119,181158.3,1190964.2,0.918051,50.985,39825,781.1120917917035,2.397582,0.491979,337,44,0.047025,0.009649,27612912,68056423,5666114,14.82766,no,3016576.3,-0.110027,Low-Low,Coldspot 99%
51039,Terranuova Bracciolini,51,Arezzo,9,43.551208,11.585827,13,1,5,6,1,938,180246974,258849176,439096150,37988.1,365803.6,0.897996,85.88,12292,143.1299487657196,25.334156,3.316878,1089,516,0.294995,0.038622,53171925,76359169,6961542,29.518286,no,1296136.56,-0.343251,Non signif,Non signif
48001,Bagno a Ripoli,48,Firenze,9,43.752172,11.319995,19,0,7,10,2,2037,398083234,188194458,586277692,57482.7,493522.8,0.890835,74.0996,25483,343.9019913737726,10.686337,2.213406,851,3890,0.144216,0.029871,57409913,27140624,11891020,35.050589,no,2054937.87,0.126032,Non signif,Non signif
23088,Trevenzuolo,23,Verona,5,45.268649,10.932184,6,0,3,2,1,265,80711109,56002230,136713339,13578.5,165424.7,0.897112,26.9438,2752,102.1385253750399,0,0.069028,0,1,0,0.002562,0,0,206776,20.167921,no,275722.39,0.196271,Non signif,Non signif
23091,Verona,23,Verona,5,45.438496,10.992412,170,5,63,80,22,16636,2668157288,2610660680,5278817968,540655.6,5802100.4,0.867367,198.91639999999998,257275,1293.3825466376832,0,9.49433,0,12277,0,0.04773,0,0,127351821,20.167921,no,10646278.57,0.061004,Non signif,Non signif
24030,Chiuppano,24,Vicenza,5,45.762173,11.465076,3,0,2,1,0,90,52408267,0,52408267,4294.7,47688.9,0.892462,4.7093,2532,537.6595247701357,0,0,0,0,0,0,0,0,0,21.315155,no,111709.03,-0.607584,Non signif,Non signif
87015,Catania,87,Catania,19,37.502236,15.08738,107,4,46,41,16,10764,1586165747,1230498541,2816664288,258356.9,3096606,0.870833,182.90009999999998,311620,1703.7716217760408,0.146768,41.04722,213,480,0.000802,0.224424,1272817,987412,355974078,36.827421,no,10373048.15,0.143143,Non signif,Non signif
22205,Trento,22,Trento,4,46.066423,11.12576,79,1,22,42,14,10138,2757231472,2354208012,5111439484,418171.8,3746809,0.883201,157.87709999999998,117997,747.3978176695671,36.952593,5.926509,3614,507,0.234059,0.037539,645355485,551024123,103503023,14.82766,no,7579068.45,-0.071422,Non signif,Non signif
35029,Poviglio,35,Reggio nell'Emilia,8,44.84167,10.541615,7,0,4,3,0,268,134637222,0,134637222,18733,130956.6,0.878723,43.5513,7285,167.2739964134251,0,4.443828,0,186,0,0.102037,0,0,13737929,36.618436,no,493020.44,0.531151,Non signif,Non signif
2147,Tricerro,2,Vercelli,1,45.235757,8.325333,2,0,0,1,1,155,13397649,119984543,133382192,25192,157956.6,0.900847,12.2493,711,58.04413313413828,0,0.28788,0,9,0,0.023502,0,0,314868,17.175786,no,229094.4,0.685296,Non signif,Non signif
36040,Sassuolo,36,Modena,8,44.540977,10.782902,35,1,11,17,6,4829,490112035,1918767432,2408879467,220977.1,1889691,0.89446,38.4037,40826,1063.074651661168,2.803848,2.315076,94,85,0.07301,0.060283,35783001,140088904,29545242,36.541065,no,8802302.02,-0.234181,Non signif,Coldspot 99%
23044,Legnago,23,Verona,5,45.192498,11.311127,22,1,6,14,1,1789,428455481,48339608,476795089,39180.7,577989.2,0.864597,79.2737,25259,318.63026451395604,0,0,0,0,0,0,0,0,0,20.167921,no,961596.59,0.052972,Non signif,Non signif
16024,Bergamo,16,Bergamo,3,45.756656,9.754219,145,2,63,57,23,16676,2193761500,5019490633,7213252133,708077.6,5860179.4,0.875673,40.1579,120923,3011.1883340513327,0,1.035387,0,2634,0,0.025783,0,0,56561527,21.203762,no,15294807.95,-0.19432,Non signif,Non signif
30074,Pavia di Udine,30,Udine,6,45.996317,13.304137,16,0,6,10,0,809,369737683,0,369737683,28121.4,273894.9,0.903679,34.3365,5573,162.3054184322805,0,0,0,0,0,0,0,0,0,22.91097,no,847104.9,-0.140813,Non signif,Non signif
28019,Camposampiero,28,Padova,5,45.57176,11.931929,10,0,3,5,2,1031,132406160,217814199,350220359,33691.2,372951.7,0.87771,21.1248,12043,570.0882375217753,0,0.636846,0,432,0,0.030147,0,0,3991628,17.804557,no,623551.84,0.30855,Non signif,Non signif
26031,Gaiarine,26,Treviso,5,45.880504,12.481591,7,0,3,2,2,777,59496975,147330497,206827472,18014,188278.5,0.913561,28.7762,6070,210.938205878469,0,0,0,0,0,0,0,0,0,21.139592,no,437224.83,-0.307774,Non signif,Non signif
3026,Briga Novarese,3,Novara,1,45.731871,8.456726,4,0,1,3,0,246,80944721,0,80944721,9240.7,84959.2,0.877765,4.7479000000000005,2865,603.424671960235,0,0.11668,0,79,0,0.024575,0,0,1989223,12.08995,no,97861.77,-0.170711,Non signif,Coldspot 95%
28033,Codevigo,28,Padova,5,45.267352,12.101301,3,0,1,2,0,141,55539094,0,55539094,4618.7,48238.2,0.912361,70.0192,6463,92.30325396462685,0,22.379192,0,1527,0,0.319615,0,0,17751132,17.804557,no,98884.9,0.14759,Non signif,Non signif
72012,Bitritto,72,Bari,16,41.044532,16.825185,5,0,5,0,0,121,25906409,0,25906409,1460.3,44124.3,0.804463,17.9818,11277,627.1341022589507,0,0.582286,0,247,0,0.032382,0,0,838900,14.160402,no,36684.52,0.251512,Non signif,Non signif
61012,Cancello ed Arnone,61,Caserta,15,41.074112,14.027423,3,0,3,0,0,88,29987126,0,29987126,3712.8,32331.1,0.868378,49.3022,5715,115.91774809237722,0,44.564963,0,5350,0,0.903914,0,0,27105792,28.435248,no,85269.14,0.805003,High-High,Hotspot 99%
37011,Casalecchio di Reno,37,Bologna,8,44.476018,11.275686,25,1,11,10,3,1788,719380514,500959533,1220340047,93359,1241902.2,0.876942,17.3336,36456,2103.198412332118,0.204558,0.993026,7,921,0.011801,0.057289,8489583,5911944,41212648,38.815968,no,4736868.02,-0.092231,Non signif,Non signif
17078,Ghedi,17,Brescia,3,45.401081,10.279276,12,2,4,4,2,944,126368281,430669323,557037604,69191.8,584644.4,0.864799,60.841,18719,307.6708140891833,0,0.522283,0,162,0,0.008584,0,0,1084795,20.48295,no,1140977.33,0.107864,Non signif,Non signif
108021,Concorezzo,108,Monza e della Brianza,3,45.589675,9.335948,30,2,14,14,0,1221,531546143,0,531546143,58509.4,438507.2,0.890325,8.5082,15644,1838.6967866293692,0,0,0,0,0,0,0,0,0,13.279771,no,705881.12,0.020751,Non signif,Non signif
23025,Cerea,23,Verona,5,45.192043,11.212924,12,0,4,6,2,4447,156193291,1259942492,1416135783,121595.7,1988616.9,0.859022,70.2958,16517,234.96425106478623,0,0.196955,0,0,0,0.002802,0,0,437623,20.167921,no,2856051.51,0.067578,Non signif,Non signif
36005,Carpi,36,Modena,8,44.78357,10.885452,55,1,22,23,9,6438,782580130,1537969091,2320549221,221698.9,2056536.7,0.881498,131.5427,71148,540.8737999144005,0,12.756599,0,2851,0,0.096977,0,0,75892170,36.541065,no,8479533.9,-0.015605,Non signif,Non signif
33032,Piacenza,33,Piacenza,8,44.847635,9.666531,71,1,29,33,8,5577,1197546911,1752534070,2950080981,240821.6,2374946.3,0.869154,118.23559999999999,103082,871.8355554503044,0,19.112415,0,418,0,0.161647,0,0,193579713,28.260932,no,8337203.88,-0.010405,Non signif,Non signif
40012,Forlì,40,Forlì-Cesena,8,44.222728,12.041273,101,2,39,50,10,12430,1915843504,2486742746,4402586250,399129.7,5544885.9,0.877188,228.20080000000002,117863,516.488110471129,3.047458,29.524208,64,2337,0.013354,0.129378,25584716,33208666,247868378,31.154462,no,13716020.43,-0.154635,Non signif,Non signif
28030,Cervarese Santa Croce,28,Padova,5,45.424392,11.687904,3,0,2,0,1,460,18319616,114037103,132356719,13599.1,95115.4,0.923533,17.7052,5779,326.4012832388225,0,0,0,0,0,0,0,0,0,17.804557,no,235655.28,-0.152164,Non signif,Non signif
21098,Termeno sulla strada del vino/Tramin an der Weinstraße,21,Bolzano/Bozen,4,46.341512,11.242272,6,0,2,4,0,193,102611126,0,102611126,9612.6,79746.5,0.907087,19.4392,3409,175.36729906580518,0.000222,0.172182,0,8,0.000011,0.008857,1172,0,908874,10.80791,no,110901.18,-0.193127,Non signif,Non signif
65120,San Gregorio Magno,65,Salerno,15,40.656523,15.403609,3,3,0,0,0,7,2265426,0,2265426,69.9,1420.7,0.91721,50.0527,4221,84.33111500478495,6.881904,0,421,0,0.137493,0,311481,0,0,25.585615,no,5796.23,-0.161909,Non signif,Non signif
28017,Campodarsego,28,Padova,5,45.502855,11.907496,29,1,10,15,3,3598,425282846,922986677,1348269523,72587.2,972036.6,0.902945,25.718600000000002,14675,570.5987106607669,0,2.440019,0,1389,0,0.094874,0,0,40348161,17.804557,no,2400534.18,0.03806,Non signif,Non signif
47010,Montale,47,Pistoia,9,43.93524,11.015879,4,0,1,3,0,251,120661555,0,120661555,7546.2,85091.6,0.916715,32.1675,10777,335.0275899588094,0.62604,1.454232,21,1366,0.019462,0.045208,2348301,0,5454881,29.709501,no,358479.46,-0.841466,Low-Low,Coldspot 99%
93025,Maniago,93,Pordenone,6,46.170974,12.707399,12,0,4,4,4,1957,120502798,631878502,752381300,54564.7,549198.7,0.907642,69.4606,11746,169.1030598641532,0.722688,0,0,0,0.010404,0,1253746,6574245,0,22.312037,no,1678715.95,-0.616113,Low-Low,Coldspot 99%
17107,Mazzano,17,Brescia,3,45.518804,10.354162,10,0,4,4,2,554,160320806,134413410,294734216,25366,336371.2,0.845944,15.726700000000001,12341,784.7164376506196,0.599602,0.358405,107,170,0.038126,0.02279,6112451,5124696,3653645,20.48295,no,603702.62,-0.219956,Non signif,Non signif
74014,San Michele Salentino,74,Brindisi,16,40.630386,17.633576,1,0,1,0,0,7,2585554,0,2585554,106.7,8224.2,0.671218,26.5348,6258,235.8412349066132,0,0,0,0,0,0,0,0,0,13.243039,no,3424.06,0.037274,Non signif,Non signif
24100,Schio,24,Vicenza,5,45.711351,11.355359,51,1,19,23,8,4340,1001781986,788288084,1790070070,163484.3,1551235.8,0.903523,66.205,39082,590.3179518163281,0.000331,0,0,0,0.000005,0,5009,3941,0,21.315155,no,3815562.13,-0.148905,Non signif,Non signif
72027,Modugno,72,Bari,16,41.082564,16.780552,64,0,27,27,10,10002,1296378483,1244234055,2540612538,196402.7,2326912.4,0.883304,32.2433,38453,1192.588847915691,0,1.577433,0,155,0,0.048923,0,0,63422485,14.160402,no,3597609.53,0.150599,Non signif,Non signif
103035,Gravellona Toce,103,Verbano-Cusio-Ossola,1,45.930175,8.431222,9,1,3,5,0,620,196808847,0,196808847,16094.3,188960.1,0.905031,14.2129,7887,554.9184191825736,0.789723,0.504552,681,419,0.055564,0.0355,10935451,0,6986632,17.575018,no,345891.91,-0.309762,Low-Low,Coldspot 99%
15074,Cesano Boscone,15,Milano,3,45.447112,9.094054,13,0,6,5,2,982,122848476,229619551,352468027,41122.7,319713.8,0.894084,3.9389,23667,6008.5303003376575,0,0,0,0,0,0,0,0,0,15.050002,no,530464.45,0.153992,Non signif,Non signif
37006,Bologna,37,Bologna,8,44.493758,11.343031,219,7,71,101,40,42419,3728092960,21204609186,24932702146,1487043.5,14633908.3,0.871613,140.8588,389261,2763.4837156074027,9.515354,8.256384,412,3956,0.067552,0.058615,251841733,1432422844,218520725,38.815968,no,96778696.81,0.170462,Non signif,Non signif
1024,Beinasco,1,Torino,1,45.022097,7.579397,20,0,10,9,1,1207,337370193,202957091,540327284,28914.5,412258.2,0.912132,6.734400000000001,17981,2670.022570681872,0,0.343171,0,184,0,0.050958,0,0,17191682,20.594868,no,1112796.9,-0.437043,Non signif,Non signif
20002,Asola,20,Mantova,3,45.22112,10.413065,7,0,3,3,1,464,62360449,79446329,141806778,8664,138952.8,0.884387,73.4826,10069,137.0256360009036,0,7.517278,0,718,0,0.1023,0,0,6379481,21.044843,no,298430.14,-0.210259,Non signif,Non signif
1156,Moncalieri,1,Torino,1,45.000461,7.684754,36,1,17,13,5,3198,453913367,483753944,937667311,84334.3,1205559.6,0.862614,47.5295,57234,1204.1784575894972,0.956292,5.280601,262,1634,0.02012,0.111102,9132722,9733114,50430477,20.594868,no,1931113.44,-0.047884,Non signif,Non signif
15113,Inveruno,15,Milano,3,45.51383,8.851954,4,0,2,1,1,244,26272722,84436322,110709044,9688.8,96914.6,0.873498,12.135,8605,709.1058920477957,0,0,0,0,0,0,0,0,0,15.050002,no,166617.13,-0.347949,Non signif,Non signif
75029,Galatina,75,Lecce,16,40.174278,18.167839,6,2,1,3,0,209,59118938,0,59118938,4211.9,77617.9,0.893482,82.648,26887,325.31942696737974,0.000247,0.417895,0,568,0.000003,0.005056,177,0,298924,14.108941,no,83410.56,-0.05819,Non signif,Non signif
78033,Castrovillari,78,Cosenza,18,39.815494,16.202772,5,0,2,3,0,124,72190419,0,72190419,4190.3,60214.1,0.894843,130.6372,22037,168.68855119368754,0.632195,3.746375,73,39,0.004839,0.028678,349352,0,2070255,50.996071,no,368142.77,-0.779719,Non signif,Non signif
24087,Rosà,24,Vicenza,5,45.724416,11.762686,23,0,8,12,3,2232,500835396,239432940,740268336,73642.1,709728.5,0.907572,24.3156,14499,596.2838671470167,0,0,0,0,0,0,0,0,0,21.315155,no,1577893.44,-0.177308,Non signif,Non signif
6163,Solero,6,Alessandria,1,44.918498,8.511902,4,0,2,2,0,137,78397556,0,78397556,6600,114547.1,0.869202,22.5542,1676,74.30988463346073,0,0,0,0,0,0,0,0,0,20.84217,no,163397.52,-0.184598,Non signif,Non signif
28045,Limena,28,Padova,5,45.474376,11.844933,37,1,14,20,2,2226,588477486,375378474,963855960,64002.2,868697.4,0.87324,15.1555,7925,522.9124740193329,0,1.80816,0,150,0,0.119307,0,0,70209591,17.804557,no,1716102.85,-0.026498,Non signif,Non signif
34027,Parma,34,Parma,8,44.801368,10.328083,166,6,70,70,20,26909,2899880349,10329355185,13229235534,974339.1,11092942.7,0.880085,260.6018,195687,750.9042531555806,0,27.71129,0,1685,0,0.106336,0,0,308360976,33.475863,no,44286007.82,0.024221,Non signif,Non signif
24082,Pozzoleone,24,Vicenza,5,45.648956,11.67909,5,0,2,3,0,265,92484395,0,92484395,15943.4,104104.6,0.879774,11.255,2780,247.00133274100398,0,0,0,0,0,0,0,0,0,21.315155,no,197131.92,0.246187,Non signif,Non signif
27016,Fossalta di Portogruaro,27,Venezia,5,45.791747,12.909023,6,0,1,3,2,1105,97878309,940544422,1038422731,120766.4,517464,0.950239,31.1048,6190,199.00465523006096,0,0.37228,0,35,0,0.011969,0,0,1171463,17.526854,no,1820028.41,0.017122,Non signif,Non signif
20050,Rivarolo Mantovano,20,Mantova,3,45.070309,10.432104,3,0,2,1,0,78,45372677,0,45372677,3202.3,35111.7,0.914018,25.5455,2553,99.93932395138087,0,0,0,0,0,0,0,0,0,21.044843,no,95486.09,-1.018794,Non signif,Non signif
81011,Marsala,81,Trapani,19,37.797922,12.434209,17,1,4,12,0,1138,349810325,0,349810325,34564.6,286453.3,0.893534,243.2617,82802,340.382394762513,0.005938,0.814982,0,0,0.000024,0.00335,8539,0,1171944,16.86353,no,589903.71,-0.050444,Non signif,Non signif
35017,Cavriago,35,Reggio nell'Emilia,8,44.694194,10.526898,20,0,8,9,3,1900,310560064,466334184,776894248,102922.4,704549,0.894153,17.016,9917,582.8044193700048,0,0,0,0,0,0,0,0,0,36.618436,no,2844865.19,-0.198615,Non signif,Non signif
26048,Moriago della Battaglia,26,Treviso,5,45.867358,12.103767,6,0,0,5,1,548,119987379,110068913,230056292,20639,424568.2,0.860894,13.7575,2815,204.6156641831728,0,0,0,0,0,0,0,0,0,21.139592,no,486329.61,-0.314427,Non signif,Non signif
1051,Candiolo,1,Torino,1,44.959244,7.601722,2,0,1,1,0,228,52251469,0,52251469,6646,104664.5,0.847987,11.8501,5612,473.5825014134902,0,0.094167,0,1,0,0.007947,0,0,415217,20.594868,no,107611.21,0.778446,Non signif,Non signif
28086,Selvazzano Dentro,28,Padova,5,45.38979,11.785892,12,0,7,4,1,735,136221031,65873765,202094796,27690.8,268903,0.881866,19.5171,22903,1173.4837655184429,0,10.307743,0,17385,0,0.528139,0,0,71943648,17.804557,no,359820.83,-0.027001,Non signif,Non signif
15011,Assago,15,Milano,3,45.405397,9.131355,58,0,15,27,16,9937,842728813,3263788248,4106517061,502185.5,4860176.3,0.865046,8.0525,9096,1129.587084756287,0,0,0,0,0,0,0,0,0,15.050002,no,6180309.02,0.25757,Non signif,Hotspot 99%
63083,Torre Annunziata,63,Napoli,15,40.752524,14.455004,5,0,1,4,0,249,109117281,0,109117281,8582.6,81841.9,0.89398,7.5397,42406,5624.361712004456,0.001869,0.096737,1,77,0.000248,0.01283,27049,0,1400013,35.751904,no,390115.06,-0.365733,Non signif,Non signif
39010,Faenza,39,Ravenna,8,44.285556,11.883205,47,0,16,23,8,4732,680362195,1207243823,1887606018,148386.5,1986346.9,0.868212,215.75580000000002,58797,272.5164282953227,1.624433,22.126421,45,2157,0.007529,0.102553,5122471,9089381,69773236,37.876303,no,7149553.72,0.080701,Non signif,Non signif
28060,Padova,28,Padova,5,45.407717,11.873446,158,7,76,60,15,23634,2503025865,7013973212,9516999077,905246.7,9446381.2,0.870825,93.02600000000001,210440,2262.1632661836475,0,20.469115,0,38380,0,0.220036,0,0,550757039,17.804557,no,16944595.39,0.037054,Non signif,Non signif
39007,Cervia,39,Ravenna,8,44.260984,12.349546,9,0,5,3,1,535,122297709,67709233,190006942,20727.4,149929,0.929634,82.2738,28700,348.83523065666105,0,27.33479,0,3530,0,0.332242,0,0,40632403,37.876303,no,719676.05,-0.421972,Non signif,Non signif
26089,Vedelago,26,Treviso,5,45.686695,12.018037,13,1,3,7,2,1132,259675879,130411633,390087512,42636.7,417626.1,0.894137,61.849799999999995,16781,271.31858146671453,0,0.300824,0,21,0,0.004864,0,0,1263007,21.139592,no,824629.08,0.061234,Non signif,Non signif
13212,Senna Comasco,13,Como,3,45.762977,9.11104,3,0,1,2,0,169,81619227,0,81619227,6627.9,80527.8,0.874278,2.7869,3184,1142.48806918081,0,0,0,0,0,0,0,0,0,12.029442,no,98183.38,-0.61256,Non signif,Non signif
42001,Agugliano,42,Ancona,11,43.543375,13.386587,2,0,0,2,0,154,15649661,0,15649661,1294.6,23704.7,0.877118,21.890500000000003,4799,219.22751878668825,3.48143,0,195,0,0.159038,0,2488897,0,0,27.781362,no,43476.89,-0.333483,Non signif,Non signif
34018,Langhirano,34,Parma,8,44.613064,10.266114,20,0,8,11,1,761,465802235,207153084,672955319,38477.6,544426.9,0.895066,70.8435,10346,146.04021540437725,20.194588,2.498001,801,75,0.285059,0.035261,132781190,59050882,16424576,33.475863,no,2252776.02,-0.416549,Low-Low,Coldspot 99%
17029,Brescia,17,Brescia,3,45.77958,10.425873,206,7,75,94,30,42546,3616486771,10835036110,14451522881,1558421.4,10349947,0.875374,90.3351,196745,2177.946335366873,0.52585,3.959617,12,7697,0.005821,0.043833,21051945,63071871,158519806,20.48295,no,29600981.93,-0.030392,Non signif,Non signif
108023,Desio,108,Monza e della Brianza,3,45.61831,9.208124,31,1,16,11,3,1930,713041912,229090731,942132643,78156.8,754816.1,0.858128,14.7565,42079,2851.5569410090466,0,0,0,0,0,0,0,0,0,13.279771,no,1251130.61,0.225763,Non signif,Non signif
93033,Pordenone,93,Pordenone,6,45.95625,12.65972,45,1,23,19,2,2547,728150155,79778005,807928160,66068.9,721179.5,0.886694,38.211999999999996,51127,1337.982832618026,0,4.081859,0,4611,0,0.106821,0,0,77782013,22.312037,no,1802652.32,-0.276727,Non signif,Coldspot 95%
12119,Saronno,12,Varese,3,45.625676,9.037328,35,1,15,15,4,1866,509774510,937399997,1447174507,100965.9,1092648.9,0.87991,11.0576,39419,3564.878454637534,0,0.064142,0,245,0,0.005801,0,0,2957057,11.229804,no,1625148.66,-0.137955,Non signif,Non signif
72043,Terlizzi,72,Bari,16,41.130234,16.542471,3,0,0,3,0,96,64370544,0,64370544,6422.3,96807.5,0.822998,69.23060000000001,27125,391.80651330481027,0,0.908807,0,1389,0,0.013127,0,0,845008,14.160402,no,91151.28,0.129681,Non signif,Non signif
19051,Grumello Cremonese ed Uniti,19,Cremona,3,45.20073,9.866095,3,0,3,0,0,55,27758934,0,27758934,2683,38654.4,0.846305,22.29,1772,79.49753252579633,0,3.96755,0,730,0,0.177997,0,0,4941003,21.210647,no,58878.49,-0.771548,Non signif,Hotspot 95%
11015,La Spezia,11,La Spezia,7,44.238366,9.691233,37,1,13,16,7,3372,761940743,1032161377,1794102120,138932.6,1155836.4,0.893715,51.393,93311,1815.6363707119647,6.286781,1.147971,3131,6191,0.122328,0.022337,93206362,126261797,17019553,28.212129,no,5061543.98,0.098513,Non signif,Non signif
24077,Pianezze,24,Vicenza,5,45.739997,11.626747,9,0,5,4,0,467,135013549,0,135013549,20315.1,159836.3,0.888193,5.0235,2162,430.37722703294514,0,0,0,0,0,0,0,0,0,21.315155,no,287783.47,-0.020121,Non signif,Non signif
28075,San Giorgio delle Pertiche,28,Padova,5,45.54167,11.911237,11,0,4,6,1,782,259565144,62176591,321741735,36952.2,286807.4,0.895157,18.8584,10075,534.2446867178552,0,0.231141,0,35,0,0.012257,0,0,3181402,17.804557,no,572846.91,0.033978,Non signif,Non signif
59005,Cisterna di Latina,59,Latina,12,41.590639,12.829048,24,0,6,15,3,1945,334226964,395462949,729689913,56825.2,971921,0.855396,144.1593,36980,256.52177833826886,0.398049,0.585441,16,474,0.002761,0.004061,922859,1091942,1357319,21.481102,no,1567454.35,0.002179,Non signif,Non signif
72006,Bari,72,Bari,16,41.125784,16.862029,116,10,45,43,18,18454,1716298422,1759477434,3475775856,254524.7,3723764.8,0.867261,117.38950000000001,323370,2754.6756737186884,0.130107,4.517892,339,1522,0.001108,0.038486,1902235,1950092,66054042,14.160402,no,4921838.4,-0.009435,Non signif,Non signif
48033,Pontassieve,48,Firenze,9,43.775426,11.439991,7,0,4,1,2,450,80749401,279728588,360477989,33624.1,240267.3,0.91839,114.4003,20607,180.13064651054236,26.883984,1.576357,1354,1361,0.234999,0.013779,18976048,65736007,1112671,35.050589,no,1263496.6,-0.463637,Non signif,Non signif
32001,Duino-Aurisina,32,Trieste,6,45.770377,13.675305,1,0,1,0,0,30,15412475,0,15412475,783.2,8217.7,0.944341,45.3142,8480,187.13780669194205,0.6243,0.281712,57,96,0.013777,0.006217,212340,0,95817,23.184655,no,35733.29,-0.991945,Non signif,Non signif
36036,San Cesario sul Panaro,36,Modena,8,44.561136,11.033218,9,0,2,6,1,860,154865118,124356000,279221118,19111.1,261863.6,0.885734,27.3102,6460,236.54165842798662,0,4.457166,0,335,0,0.163205,0,0,25274789,36.541065,no,1020303.69,-0.059452,Non signif,Non signif
23059,Peschiera del Garda,23,Verona,5,45.438945,10.692017,8,0,4,2,2,873,285430055,246236639,531666694,23707.2,232738.6,0.887431,18.2656,10583,579.3951471618781,0,3.159129,0,138,0,0.172955,0,0,49366589,20.167921,no,1072261.21,-0.063344,Non signif,Non signif
19087,Salvirola,19,Cremona,3,45.355543,9.780243,2,0,2,0,0,57,15398546,0,15398546,2550.2,26514.7,0.819701,7.3648,1155,156.82706930262873,0,0,0,0,0,0,0,0,0,21.210647,no,32661.31,0.918533,Non signif,Non signif
18182,Voghera,18,Pavia,3,44.99284,9.008593,24,3,8,11,2,2176,356895042,330742872,687637914,50763.3,689793.2,0.870348,63.4417,39354,620.3175513897011,0,0,0,0,0,0,0,0,0,18.961299,no,1303850.83,-0.053943,Non signif,Non signif
99018,Santarcangelo di Romagna,99,Rimini,8,44.063382,12.446702,16,0,3,11,2,2615,291219376,321779279,612998655,61470.9,584888,0.87563,45.0093,22171,492.58708755746034,0.838388,10.344945,491,3775,0.018627,0.22984,5424542,5993781,66933910,28.763441,no,1763195.07,-0.19654,Non signif,Non signif
21008,Bolzano/Bozen,21,Bolzano/Bozen,4,46.655942,11.229637,158,4,41,81,32,37915,3756305343,10097710258,13854015601,805731.4,11025759.7,0.876325,52.2917,107317,2052.2759826129195,9.022831,0.008781,2252,1,0.172548,0.000168,648143172,1742340240,630772,10.80791,no,14973295.62,-0.026406,Non signif,Non signif
21059,Nova Ponente/Deutschnofen,21,Bolzano/Bozen,4,46.413993,11.425181,4,0,2,2,0,174,99056412,0,99056412,13789.5,76657.5,0.873501,112.4949,3917,34.81935625526135,0.490527,0,3,0,0.00436,0,431929,0,0,10.80791,no,107059.28,-0.019114,Non signif,Non signif
109018,Montegranaro,109,Fermo,11,43.232523,13.63158,11,1,7,3,0,412,170240546,0,170240546,15399.8,128703.7,0.909925,31.4188,12876,409.81832533387654,1.008833,0,156,0,0.032109,0,5466290,0,0,25.228384,no,429489.38,-0.510698,Non signif,Coldspot 95%
36003,Campogalliano,36,Modena,8,44.690512,10.840734,15,1,2,11,1,1050,279243929,148931965,428175894,28485,444597.5,0.871148,35.6896,8808,246.79458441674888,0,4.869989,0,157,0,0.136454,0,0,38103954,36.541065,no,1564600.3,0.035021,Non signif,Non signif
15164,Ossona,15,Milano,3,45.506211,8.901266,3,0,0,2,1,382,56848208,67023024,123871232,23347.1,192094.2,0.868269,5.9835,4275,714.4647781398846,0,0,0,0,0,0,0,0,0,15.050002,no,186426.23,0.678078,Non signif,Non signif
24040,Fara Vicentino,24,Vicenza,5,45.739593,11.548287,3,0,0,3,0,461,134993489,0,134993489,18405.3,97182.9,0.941739,15.175,3779,249.02800658978583,0,0,0,0,0,0,0,0,0,21.315155,no,287740.72,0.072419,Non signif,Non signif
26080,Sernaglia della Battaglia,26,Treviso,5,45.874731,12.133162,11,0,2,9,0,874,198168451,0,198168451,20896.5,207617.4,0.891179,20.151500000000002,6176,306.4784259236285,0,0.015699,0,0,0,0.000779,0,0,154383,21.139592,no,418920.02,-0.038399,Non signif,Non signif
96058,Salussola,96,Biella,1,45.449324,8.109157,2,0,1,1,0,121,21129673,0,21129673,1861.1,25070.8,0.896185,38.5157,1949,50.602741219814256,0,2.41129,0,63,0,0.062605,0,0,1322831,19.06674,no,40287.4,0.064053,High-Low,Coldspot 99%
16034,Bottanuco,16,Bergamo,3,45.639878,9.506451,8,0,3,4,1,800,96232862,73927545,170160407,17878.8,222923.3,0.873885,5.7728,5137,889.8628048780488,0,0.00562,0,0,0,0.000974,0,0,93686,21.203762,no,360804.07,0.1276,Non signif,Non signif
14024,Cosio Valtellino,14,Sondrio,3,46.133741,9.529154,4,0,2,1,1,740,61389335,191934705,253324040,18969.9,312740.3,0.892095,23.9906,5512,229.75665468975347,1.03117,0.46879,110,85,0.042982,0.019541,2638652,8249786,1199583,12.776609,no,323662.23,-0.385554,Non signif,Non signif
1102,Feletto,1,Torino,1,45.303853,7.744719,2,0,0,2,0,214,65061082,0,65061082,5051.3,48107.8,0.930642,7.8932,2298,291.13667460599,0,3.906244,0,57,0,0.494887,0,0,32197900,20.594868,no,133992.44,-1.124241,Low-Low,Coldspot 99%
34010,Colorno,34,Parma,8,44.926532,10.377117,9,0,3,5,1,958,211757181,70268526,282025707,23278.8,235308.3,0.91213,48.4094,9056,187.07110602486296,0,11.787477,0,678,0,0.243496,0,0,51561947,33.475863,no,944105.4,-0.527221,Non signif,Non signif
28055,Monselice,28,Padova,5,45.241768,11.750853,16,1,9,4,2,1605,192773840,805624399,998398239,72231.8,406937.1,0.877728,50.5716,17572,347.4677486968971,0,2.029542,0,247,0,0.040132,0,0,7736409,17.804557,no,1777603.85,0.137199,Non signif,Non signif
17155,Prevalle,17,Brescia,3,45.551482,10.421857,8,0,2,6,0,616,285847065,0,285847065,33351.6,240394.3,0.877125,9.9893,6943,695.0436967555285,0,0.186914,0,12,0,0.018711,0,0,5348605,20.48295,no,585499.11,-0.144461,Non signif,Non signif
65078,Nocera Inferiore,65,Salerno,15,40.747213,14.64332,30,0,11,19,0,1665,649164335,0,649164335,67253.3,622571.8,0.874038,20.945,45784,2185.9154929577467,4.962296,1.097263,458,2262,0.23692,0.052388,153800219,0,34008308,25.585615,no,1660926.85,0.349851,Non signif,Non signif
24026,Cassola,24,Vicenza,5,45.732407,11.794256,15,1,6,6,2,1301,192744003,137117073,329861076,42195.4,559586.5,0.848752,12.739700000000001,14771,1159.4464547830796,0,0,0,0,0,0,0,0,0,21.315155,no,703104,-0.04078,Non signif,Non signif
26033,Godega di Sant'Urbano,26,Treviso,5,45.929848,12.39811,14,0,6,7,1,900,226619610,77225483,303845093,34683,340910.6,0.881802,24.342399999999998,6034,247.8802418824767,0,0,0,0,0,0,0,0,0,21.139592,no,642316.12,-0.21096,Non signif,Non signif
24086,Romano d'Ezzelino,24,Vicenza,5,45.796237,11.758391,17,0,5,7,5,2185,288817781,640097051,928914832,126140.5,1235397.7,0.875097,21.349800000000002,14228,666.4231046660858,0,0,0,0,0,0,0,0,0,21.315155,no,1979996.38,0.378841,Non signif,Non signif
12090,Lonate Pozzolo,12,Varese,3,45.596772,8.754731,15,0,10,4,1,473,172846312,63738307,236584619,17111.6,212774.5,0.910787,29.241,11786,403.0641906911528,0,3.729978,0,71,0,0.12756,0,0,22048252,11.229804,no,265679.9,-0.827392,Non signif,Coldspot 95%
28077,San Martino di Lupari,28,Padova,5,45.648659,11.85698,22,0,11,11,0,904,376275316,0,376275316,32145.1,390040.1,0.853025,24.1225,13104,543.2272774380765,0,0.609723,0,294,0,0.025276,0,0,9510777,17.804557,no,669941.54,0.054762,Non signif,Non signif
15151,Motta Visconti,15,Milano,3,45.288179,8.992487,2,0,1,1,0,79,41532213,0,41532213,1760.4,117936.1,0.756662,10.513,7980,759.0602111671265,0,3.038339,0,0,0,0.289008,0,0,12003134,15.050002,no,62505.99,-0.027664,Non signif,Non signif
66098,Sulmona,66,L'Aquila,13,42.047423,13.927011,3,0,1,2,0,299,64251518,0,64251518,12027.1,80673.1,0.824689,57.9287,24173,417.2888395562131,0.503598,0.648732,13,114,0.008693,0.011199,558565,0,719540,47.395882,no,304525.74,1.186308,Non signif,Non signif
28034,Conselve,28,Padova,5,45.233744,11.874013,12,0,5,6,1,1089,191571669,116536523,308108192,43827.5,263915,0.914153,24.2864,10224,420.9763489030898,0,0.629299,0,83,0,0.025912,0,0,4963925,17.804557,no,548572.99,0.060952,Non signif,Non signif
1125,Ivrea,1,Torino,1,45.467379,7.874797,17,0,8,7,2,6747,345450272,466369973,811820245,73192.3,585371.1,0.913873,30.108,23637,785.0737345555998,0.07633,3.946391,58,149,0.002535,0.131074,875788,1182344,45279721,20.594868,no,1671933.07,0.006254,High-Low,Coldspot 99%
30064,Muzzana del Turgnano,30,Udine,6,45.818109,13.129263,2,0,0,1,1,833,23992728,236579811,260572539,25063.3,336060.5,0.845595,24.2912,2499,102.87676195494664,0,1.806867,0,3,0,0.074384,0,0,1784666,22.91097,no,596996.97,0.65395,Non signif,Non signif
24119,Zanè,24,Vicenza,5,45.720119,11.460827,14,0,4,9,1,1090,249439482,209893961,459333443,36853.1,516324.7,0.902461,7.6451,6661,871.2770271154072,0,0,0,0,0,0,0,0,0,21.315155,no,979076.36,0.100061,Non signif,Non signif
108035,Nova Milanese,108,Monza e della Brianza,3,45.58929,9.20034,23,0,7,13,3,2081,317031303,352489188,669520491,57003.5,563663.1,0.893606,5.845599999999999,23334,3991.720268235939,0,0,0,0,0,0,0,0,0,13.279771,no,889107.9,0.300757,Non signif,Non signif
20015,Castel Goffredo,20,Mantova,3,45.295278,10.472982,22,2,11,8,1,1114,310006952,24328392,334335344,27340.3,346379.7,0.877451,42.404799999999994,12633,297.91438705052263,0,4.885953,0,171,0,0.115222,0,0,35719527,21.044843,no,703603.48,-0.431856,Low-Low,Coldspot 99%
17163,Rodengo Saiano,17,Brescia,3,45.597646,10.109468,20,2,6,10,2,1541,342923855,414609424,757533279,74782.6,692885.3,0.87328,12.8595,9707,754.8504996306233,0.004936,0.334813,0,83,0.000384,0.026036,131628,159144,8928447,20.48295,no,1551651.62,0.081797,Non signif,Non signif
22089,Fornace,22,Trento,4,46.118196,11.206501,1,0,1,0,0,9,6872887,0,6872887,439.5,6783.8,0.885414,7.2242,1343,185.9029373494643,0.24053,0,16,0,0.033295,0,228833,0,0,14.82766,no,10190.88,-1.016297,Non signif,Non signif
31024,Turriaco,31,Gorizia,6,45.819981,13.446686,1,0,1,0,0,13,9030564,0,9030564,875.6,7663.9,0.89225,5.175,2832,547.2463768115942,0,0,0,0,0,0,0,0,0,23.340869,no,21078.12,-0.455597,Non signif,Non signif
72011,Bitonto,72,Bari,16,41.108497,16.691548,14,0,5,6,3,2093,153929328,143507917,297437245,17597.4,484679.7,0.838465,174.33950000000002,55127,316.2048761181488,0,0.710611,0,264,0,0.004076,0,0,627419,14.160402,no,421183.1,-0.005796,Non signif,Non signif
42010,Castelfidardo,42,Ancona,11,43.464574,13.5467,25,0,10,14,1,1945,585524097,85628000,671152097,59183.3,569298.3,0.924883,33.3906,18601,557.0729486741777,0.604077,0,88,0,0.018091,0,10592851,1549116,0,27.781362,no,1864551.92,-0.51665,Non signif,Coldspot 95%
16018,Bagnatica,16,Bergamo,3,45.660881,9.781057,9,0,1,8,0,676,224929706,0,224929706,21132,219334.9,0.897364,6.5492,4317,659.164478104196,0.000971,0.451892,0,186,0.000148,0.069,33349,0,15520054,21.203762,no,476935.59,-0.130939,Low-High,Hotspot 99%
23011,Bosco Chiesanuova,23,Verona,5,45.622102,11.029517,4,0,0,4,0,298,111203385,0,111203385,8873.5,99809.2,0.913296,64.80680000000001,3568,55.055950918730744,0.000638,0,0,0,0.00001,0,1095,0,0,20.167921,no,224274.11,-0.054779,Non signif,Coldspot 95%
3114,Paruzzaro,3,Novara,1,45.750241,8.517599,6,0,1,4,1,691,170552941,79237000,249789941,21141.1,377577.4,0.855433,5.2272,2211,422.979797979798,0,0.009066,0,2,0,0.001734,0,0,295805,12.08995,no,301994.8,-0.211465,Non signif,Non signif
24122,Zugliano,24,Vicenza,5,45.733953,11.524736,1,0,0,1,0,23,12618781,0,12618781,1592.3,16193.2,0.846568,13.7303,6801,495.32785154002465,0,0,0,0,0,0,0,0,0,21.315155,no,26897.13,0.456686,Non signif,Non signif
16004,Albino,16,Bergamo,3,45.760814,9.79683,15,1,5,7,2,1220,214917864,165319649,380237513,36602.3,443402.1,0.877889,31.8098,17903,562.813975567278,1.562294,0.574388,226,296,0.049114,0.018057,10555391,8119444,3880761,21.203762,no,806246.56,-0.006083,Non signif,Non signif
16029,Boltiere,16,Bergamo,3,45.600878,9.578453,4,1,0,2,1,549,32498121,10253680,42751801,5089,83802.9,0.825071,4.2082999999999995,6102,1449.9916831024407,0,0,0,0,0,0,0,0,0,21.203762,no,90649.9,0.939529,Non signif,Non signif
23018,Caprino Veronese,23,Verona,5,45.605938,10.795132,5,0,1,4,0,273,122201609,0,122201609,8826.5,156482.5,0.86907,47.318000000000005,8399,177.50116234836636,0.018054,1.103036,0,358,0.000382,0.023311,46626,0,2848657,20.167921,no,246455.24,0.005512,Non signif,Non signif
16123,Lallio,16,Bergamo,3,45.66638,9.630053,7,0,3,2,2,1046,54418151,744008233,798426384,76426.6,944948.4,0.885071,2.156,4112,1907.2356215213356,0,0.068162,0,10,0,0.031615,0,0,1720431,21.203762,no,1692964.28,-0.002499,Non signif,Non signif
24047,Grumolo delle Abbadesse,24,Vicenza,5,45.516264,11.658742,7,0,1,6,0,587,154466681,0,154466681,18321.7,277427.5,0.861779,15.013800000000002,3748,249.63700062609064,0,0.828807,0,100,0,0.055203,0,0,8527026,21.315155,no,329248.13,0.223599,Non signif,Non signif
93022,Fontanafredda,93,Pordenone,6,45.973397,12.569123,19,0,5,9,5,2245,260084862,603835301,863920163,83061.7,843834.1,0.882318,46.4025,12521,269.83459942891005,0,0,0,0,0,0,0,0,0,22.312037,no,1927581.88,-0.055467,Non signif,Non signif
34009,Collecchio,34,Parma,8,44.75202,10.216691,29,0,7,19,3,1974,497192422,540899702,1038092124,119570.1,949240.2,0.890294,58.8319,14634,248.74260392746115,0.430412,5.848149,15,118,0.007316,0.099404,3637441,3957202,49423108,33.475863,no,3475102.99,0.08204,Non signif,Non signif
3070,Gargallo,3,Novara,1,45.72877,8.425325,2,0,2,0,0,59,22830242,0,22830242,2504.1,18292.2,0.922403,3.7543,1832,487.9737900540713,0,0,0,0,0,0,0,0,0,12.08995,no,27601.65,-0.135073,High-Low,Coldspot 99%
26012,Castelfranco Veneto,26,Treviso,5,45.672811,11.925245,34,0,17,15,2,1745,488141747,193081507,681223254,66475.6,715444.1,0.853718,51.60979999999999,33435,647.84207650485,0,0.067382,0,4,0,0.001306,0,0,637320,21.139592,no,1440078.15,0.26346,Non signif,Non signif
11026,Santo Stefano di Magra,11,La Spezia,7,44.165099,9.91733,8,1,5,2,0,338,58504068,0,58504068,4064.3,110491.6,0.830302,13.8526,9613,693.9491503400084,0.527957,1.12311,66,607,0.038112,0.081076,2229735,0,4743261,28.212129,no,165052.43,-0.009599,Non signif,Non signif
23098,Zimella,23,Verona,5,45.343627,11.352305,6,0,5,1,0,151,66420788,0,66420788,9644.9,105223.2,0.812949,20.0995,4893,243.4388915147143,0,4.531046,0,125,0,0.225431,0,0,14973290,20.167921,no,133956.92,0.51031,Non signif,Non signif
26046,Montebelluna,26,Treviso,5,45.775996,12.045065,33,1,14,13,5,3675,362000725,673270967,1035271692,76373.9,1185287.1,0.845818,49.007,31258,637.8272491684861,0,0,0,0,0,0,0,0,0,21.139592,no,2188522.1,0.417989,Non signif,Non signif
26083,Susegana,26,Treviso,5,45.850913,12.250013,16,0,4,9,3,2236,292920822,783018284,1075939106,118976.5,1068350.9,0.8861,44.0987,11831,268.2845526058591,0,0,0,0,0,0,0,0,0,21.139592,no,2274491.35,-0.040102,Non signif,Non signif
58036,Fiano Romano,58,Roma,12,42.171913,12.592726,19,0,8,10,1,1379,288704424,10676819,299381243,33356.3,309210.4,0.848312,41.186800000000005,15688,380.89873454601957,0.107095,8.551455,52,232,0.0026,0.207626,750697,27762,59942576,29.689549,no,888849.4,0.104545,Non signif,Non signif
22103,Lavis,22,Trento,4,46.139742,11.110227,23,1,10,11,1,1484,379227391,99525000,478752391,49591.7,424776.9,0.896381,12.1783,8969,736.4738920867444,0.431833,0.641766,85,52,0.035459,0.052698,13447107,3529079,19984337,14.82766,no,709877.75,0.11337,Non signif,Non signif
24034,Cornedo Vicentino,24,Vicenza,5,45.611106,11.343405,12,0,6,3,3,847,96488190,394062432,490550622,46853.3,449964.1,0.872921,23.5603,11982,508.56737817430167,0.117709,0,12,0,0.004996,0,482062,1968765,0,21.315155,no,1045616.26,-0.109185,Non signif,Non signif
59024,Sabaudia,59,Latina,12,41.301567,13.025873,11,2,6,3,0,494,105328965,0,105328965,9115.1,188335.5,0.788048,145.3746,20536,141.2626414793231,0.325791,1.74327,51,113,0.002241,0.011992,236047,0,1263060,21.481102,no,226258.22,0.142149,Non signif,Non signif
17041,Castelcovati,17,Brescia,3,45.498413,9.943282,3,0,1,2,0,104,51523584,0,51523584,4015.9,76749.1,0.828455,6.1397,6493,1057.543528185416,0,0,0,0,0,0,0,0,0,20.48295,no,105535.5,-0.433397,Low-High,Hotspot 99%
24035,Costabissara,24,Vicenza,5,45.585542,11.487744,9,0,2,5,2,587,104282388,124828128,229110516,20158.3,309470.1,0.85023,13.132200000000001,7658,583.1467690105237,0,0,0,0,0,0,0,0,0,21.315155,no,488352.62,0.269003,Non signif,Non signif
29029,Lendinara,29,Rovigo,5,45.083259,11.604164,4,0,0,3,1,283,92602866,167677000,260279866,20450.1,253507.6,0.889132,55.06100000000001,11694,212.3826301738072,0,0.839085,0,19,0,0.015239,0,0,1411193,24.853738,no,646892.77,-0.087914,Non signif,Non signif
40014,Galeata,40,Forlì-Cesena,8,43.996663,11.912006,1,0,1,0,0,29,5333352,0,5333352,632.7,6032.7,0.906222,63.1304,2511,39.77481530292854,7.037825,1.102708,43,31,0.111481,0.017467,594566,0,93158,31.154462,no,16615.77,2.111608,Non signif,Non signif
40007,Cesena,40,Forlì-Cesena,8,44.136352,12.242244,90,1,38,37,14,9630,1237837454,2418032902,3655870356,440131,3740064,0.867973,249.46529999999998,96760,387.86957544796815,38.773502,35.806207,1292,15032,0.155426,0.143532,192392661,375826231,177669055,31.154462,no,11389667.26,-0.062748,Non signif,Non signif
26039,Maser,26,Treviso,5,45.807541,11.972487,7,2,2,3,0,248,96000919,0,96000919,13764.2,127732.9,0.801902,25.8543,5094,197.02718696696488,0,0,0,0,0,0,0,0,0,21.139592,no,202942.02,0.62706,Non signif,Non signif
24038,Dueville,24,Vicenza,5,45.635517,11.548598,19,0,7,9,3,6944,262309921,1129104765,1391414686,177177.9,2457068.8,0.892327,20.0098,13804,689.8619676358585,0,1.796584,0,337,0,0.089785,0,0,23551550,21.315155,no,2965821.99,0.099993,Non signif,Non signif
28057,Montegrotto Terme,28,Padova,5,45.331491,11.791208,7,0,1,6,0,533,145135604,0,145135604,13881.9,114748.8,0.927137,15.3702,11448,744.8178943670218,0.10608,7.796309,24,8948,0.006902,0.507235,1001678,0,73617911,17.804557,no,258407.52,-0.170173,Non signif,Non signif
28020,Campo San Martino,28,Padova,5,45.544396,11.810404,6,0,1,3,2,1006,86957065,669290817,756247882,29179.3,549706.1,0.909036,13.1601,5753,437.15473286677155,0,1.343137,0,378,0,0.102061,0,0,8874952,17.804557,no,1346465.86,-0.679843,Non signif,Non signif
26064,Quinto di Treviso,26,Treviso,5,45.64201,12.149845,12,0,7,5,0,444,184412767,0,184412767,20823.1,199938.4,0.851479,19.040599999999998,9912,520.5718307196203,0,0.347828,0,187,0,0.018268,0,0,3368797,21.139592,no,389841.06,-0.012566,Non signif,Non signif
30091,Remanzacco,30,Udine,6,46.085584,13.324322,7,1,3,3,0,496,109810025,0,109810025,13042.1,95226.3,0.893793,30.9877,6104,196.98138293581002,0,0.485698,0,1,0,0.015674,0,0,1721151,22.91097,no,251585.42,-0.504263,Non signif,Non signif
28046,Loreggia,28,Padova,5,45.594524,11.944612,11,0,6,4,1,434,134673424,57847384,192520808,18603.1,249839.4,0.857755,19.1161,7708,403.2203221368375,0,0.569213,0,88,0,0.029777,0,0,4010120,17.804557,no,342774.77,-0.228586,Non signif,Non signif
17013,Bassano Bresciano,17,Brescia,3,45.327176,10.12837,4,0,2,2,0,148,57560756,0,57560756,6458.3,63187.4,0.885902,9.4206,2328,247.11801796063943,0,0,0,0,0,0,0,0,0,20.48295,no,117901.41,-0.094654,Non signif,Non signif
36026,Montese,36,Modena,8,44.268506,10.941189,4,0,2,1,1,420,32233714,363419778,395653492,33638.9,153612.8,0.922472,81.0059,3325,41.04639291705913,24.924278,1.115909,409,11,0.307685,0.013776,9917821,111818714,444040,36.541065,no,1445759.98,0.437915,Non signif,Non signif
3130,Romagnano Sesia,3,Novara,1,45.631067,8.388627,4,0,2,2,0,158,72443363,0,72443363,12930.7,57799.8,0.908366,17.9766,3889,216.3367933869586,0.017092,1.861049,1,10,0.000951,0.103526,68879,0,7499786,12.08995,no,87583.67,0.451848,Non signif,Non signif
1243,San Gillio,1,Torino,1,45.142748,7.535817,4,1,0,3,0,260,82433964,0,82433964,6114.5,66820.2,0.907735,8.8868,3166,356.2587207993879,0,0.399022,0,27,0,0.044901,0,0,3701328,20.594868,no,169771.66,-0.359894,Non signif,Non signif
66006,Avezzano,66,L'Aquila,13,42.034796,13.426505,18,0,8,7,3,3395,164874288,380615963,545490251,61750.2,784960.6,0.855159,104.0863,42492,408.2381639082185,10.137776,0,1576,0,0.097398,0,16058392,37071155,0,47.395882,no,2585399.18,0.365675,Non signif,Non signif
27029,Portogruaro,27,Venezia,5,45.775598,12.837457,10,0,1,9,0,763,488114764,0,488114764,39795.1,240646.9,0.88864,102.3124,24959,243.94892505698235,0,3.863758,0,767,0,0.037764,0,0,18433321,17.526854,no,855511.64,0.548525,Non signif,Non signif
30026,Cividale del Friuli,30,Udine,6,46.093623,13.430328,2,0,1,0,1,270,3413094,114485306,117898400,3921.5,70868.3,0.792925,50.646499999999996,11176,220.66677855330576,0.580608,0.502308,296,16,0.011464,0.009918,39127,1312452,33851,22.91097,no,270116.67,-0.033699,Non signif,Non signif
48041,Scandicci,48,Firenze,9,43.75671,11.184762,51,0,14,27,10,7820,811394158,2996953984,3808348142,382811.8,5388247.5,0.879888,59.6955,50645,848.3889070365437,1.023119,3.575361,45,11745,0.017139,0.059893,13906455,51364685,48597081,35.050589,no,13348484.74,0.330425,High-High,Hotspot 99%
15010,Arluno,15,Milano,3,45.50507,8.941541,6,0,1,4,1,532,85997469,246888757,332886226,46170.4,298994.3,0.88394,12.358699999999999,12000,970.9759117059239,0,0,0,0,0,0,0,0,0,15.050002,no,500993.84,-0.052631,Non signif,Non signif
36023,Modena,36,Modena,8,44.538473,10.935961,163,5,52,81,25,17352,2380266597,3650073616,6030340213,473443.3,6678100.3,0.873627,183.19349999999997,185273,1011.3513852838666,0,9.295531,0,589,0,0.050742,0,0,120778532,36.541065,no,22035505.12,-0.117843,Non signif,Non signif
80043,Locri,80,Reggio di Calabria,18,38.238537,16.265509,3,0,2,1,0,53,31854567,0,31854567,1670.6,66899.5,0.738143,25.754299999999997,12367,480.19165731547747,0.701765,0.731937,28,138,0.027248,0.02842,867988,0,905307,48.652369,no,154980.01,0.02348,Non signif,Non signif
58104,Tivoli,58,Roma,12,41.960922,12.798884,8,0,6,1,1,931,64852923,180012000,244864923,9632.2,259533.4,0.861055,68.6451,56542,823.6858858097664,0.085658,4.133691,576,1077,0.001248,0.060218,80926,224626,3905333,29.689549,no,726992.9,-0.448641,Non signif,Non signif
28100,Vigonza,28,Padova,5,45.442954,11.983149,28,1,13,13,1,2394,415106363,10580195,425686558,37763.1,544431.9,0.878389,33.3152,22958,689.1148784939007,0,1.853744,0,509,0,0.055643,0,0,23097593,17.804557,no,757916.06,-0.01113,Non signif,Non signif
1120,Grugliasco,1,Torino,1,45.068046,7.57762,16,0,2,9,5,1571,281454710,556710724,838165434,69876,836049.2,0.887535,13.1323,37700,2870.7842495221703,0,0,0,0,0,0,0,0,0,20.594868,no,1726190.64,0.011562,Non signif,Non signif
23058,Pescantina,23,Verona,5,45.483372,10.869101,13,0,4,7,2,724,175970448,241211980,417182428,34357.4,445612.4,0.880542,19.7262,17236,873.761799028703,0,0.348968,0,287,0,0.017691,0,0,3113020,20.167921,no,841370.24,-0.109039,Non signif,Non signif
15072,Cerro Maggiore,15,Milano,3,45.593012,8.951392,12,0,4,7,1,901,214737069,64573314,279310383,20713.6,396923.5,0.858994,10.1213,15211,1502.8701846600734,0,0,0,0,0,0,0,0,0,15.050002,no,420362.18,0.015223,Non signif,Non signif
108026,Lesmo,108,Monza e della Brianza,3,45.648974,9.305652,4,0,1,3,0,421,116591019,0,116591019,13571.8,126917,0.885134,5.1172,8550,1670.8356132259828,0,0.049123,0,12,0,0.0096,0,0,1119225,13.279771,no,154830.21,0.11514,Non signif,Non signif
1130,Leini,1,Torino,1,45.184582,7.713271,7,0,3,3,1,522,95371142,70280497,165651639,17249.3,181601.4,0.888531,31.896,16375,513.3872585904188,0,0.565892,0,55,0,0.017742,0,0,1692054,20.594868,no,341157.36,0.135832,Non signif,Non signif
15116,Lainate,15,Milano,3,45.57173,9.028461,41,0,15,17,9,6860,549387176,3295669964,3845057140,352021.8,3220327.1,0.873137,12.933399999999999,25763,1991.9742681738755,0,2.562471,0,2249,0,0.198128,0,0,108849081,15.050002,no,5786811.78,-0.01851,Non signif,Non signif
35004,Bibbiano,35,Reggio nell'Emilia,8,44.66343,10.472719,10,0,4,4,2,1666,182451512,104286767,286738279,27317.2,304032.5,0.87824,28.1626,10241,363.6383004410104,0,0.009894,0,0,0,0.000351,0,0,64098,36.618436,no,1049990.72,0.36205,Non signif,Non signif
26085,Trevignano,26,Treviso,5,45.733501,12.094016,10,0,4,4,2,645,187685356,147537298,335222654,14977.4,269673,0.902391,26.495,10759,406.07661822985466,0,0,0,0,0,0,0,0,0,21.139592,no,708647.01,-0.662528,Non signif,Non signif
10025,Genova,10,Genova,7,44.40726,8.933862,267,14,90,125,38,37209,4533369539,20595612180,25128981719,2146169.1,15401825.4,0.859528,240.2918,580097,2414.1356467428354,75.080552,6.987018,29911,59759,0.312456,0.029077,1416477331,6435217229,131817792,24.504626,no,61577630.79,0.219751,High-High,Hotspot 99%
89017,Siracusa,89,Siracusa,19,37.064614,15.29072,26,5,7,12,2,2042,566628410,56583007,623211417,32484.6,359502.8,0.921453,207.7786,121605,585.2623898707566,0.202756,14.980737,466,488,0.000976,0.0721,552931,55215,40853635,32.507353,no,2025895.35,-0.112453,Non signif,Non signif
15209,Sesto San Giovanni,15,Milano,3,45.535722,9.237655,40,3,15,16,6,9269,536496348,2334453367,2870949715,300566,3236557.8,0.869252,11.699300000000001,81773,6989.563478156812,0,0.295474,0,77,0,0.025256,0,0,13549590,15.050002,no,4320779.91,-0.067256,Non signif,Non signif
87002,Aci Castello,87,Catania,19,37.554211,15.14856,2,0,0,2,0,195,39866213,0,39866213,2091.3,18800.3,0.959089,8.706,18577,2133.815759246497,0.044355,0,154,0,0.005095,0,203109,0,0,36.827421,no,146816.98,-1.083556,Non signif,Non signif
69043,Guardiagrele,69,Chieti,13,42.195476,14.219712,6,0,1,5,0,797,231710184,0,231710184,21328.2,179121.6,0.883225,56.5018,8966,158.68521002870705,13.593952,0,701,0,0.240593,0,55747907,0,0,28.116343,no,651484.3,0.298753,Non signif,Coldspot 95%
15070,Cernusco sul Naviglio,15,Milano,3,45.524558,9.330925,39,5,11,13,10,5877,376559605,1040344140,1416903745,166055.5,1948704.8,0.873873,13.220799999999999,34341,2597.4978821251366,0,0,0,0,0,0,0,0,0,15.050002,no,2132440.43,0.302625,Non signif,Non signif
67021,Corropoli,67,Teramo,13,42.826814,13.835185,8,1,4,3,0,303,115941813,0,115941813,7381.6,110608.4,0.894769,22.1138,5054,228.54507140337705,0.703244,0.981248,85,44,0.031801,0.044373,3687082,0,5144646,27.38232,no,317475.58,-0.769242,Non signif,Non signif
41044,Pesaro,41,Pesaro e Urbino,11,43.909811,12.913123,50,0,17,23,10,6472,691034462,1575109068,2266143530,164937.2,2158553.4,0.862769,126.7705,94958,749.0543935694818,4.433981,0,209,0,0.034976,0,24169927,55091710,0,24.621765,no,5579645.46,0.096542,Non signif,Non signif
24096,San Vito di Leguzzano,24,Vicenza,5,45.681552,11.37629,7,0,2,5,0,375,167358727,0,167358727,11134.5,145434.8,0.906967,6.1284,3541,577.8017100711442,0,0,0,0,0,0,0,0,0,21.315155,no,356727.72,-0.453004,Non signif,Non signif
38004,Cento,38,Ferrara,8,44.72744,11.290303,14,0,7,5,2,823,162175789,311648116,473823905,28681.8,348669.7,0.909068,64.7425,35547,549.052013746766,0,7.535502,0,12194,0,0.116392,0,0,18875947,39.906082,no,1890845.56,-0.319442,High-Low,Coldspot 99%
51006,Capolona,51,Arezzo,9,43.563998,11.858786,5,1,2,2,0,213,67764327,0,67764327,5214.4,79540.4,0.894603,47.5568,5446,114.51569491639471,3.395448,0.779122,77,161,0.071398,0.016383,4838220,0,1110181,29.518286,no,200028.68,0.257728,Non signif,Non signif
60024,Ceccano,60,Frosinone,12,41.567717,13.333301,7,1,3,3,0,275,79540339,0,79540339,4878.4,132398.1,0.827868,61.0563,23380,382.92526733522993,4.892381,3.286416,322,509,0.080129,0.053826,6373489,0,4281338,34.188464,no,271936.2,-0.199388,Non signif,Non signif
59011,Latina,59,Latina,12,41.459526,13.012591,50,0,19,24,7,5441,645485581,1691057303,2336542884,189530.6,1454212.1,0.849031,277.6222,126470,455.5471428437639,0.098539,2.048245,29,1221,0.000355,0.007378,229108,600223,4762273,21.481102,no,5019151.62,-0.007682,Non signif,Non signif
24074,Noventa Vicentina,24,Vicenza,5,45.290628,11.539884,5,0,2,2,1,601,51410721,157728213,209138934,14736.3,265247.3,0.854125,22.8798,8900,388.9894142431315,0,0,0,0,0,0,0,0,0,21.315155,no,445782.88,0.158614,Non signif,Non signif
17072,Flero,17,Brescia,3,45.482887,10.175008,21,0,9,10,2,1282,402870029,523153111,926023140,97045.8,1446962.9,0.884025,9.8368,8879,902.6309368900455,0,0,0,0,0,0,0,0,0,20.48295,no,1896768.56,-0.170203,Non signif,Non signif
69022,Chieti,69,Chieti,13,42.102718,14.415935,23,0,6,14,3,4211,612173262,684252277,1296425539,123530,820059,0.894644,59.5678,50770,852.3061116912157,10.105129,3.088208,7244,36,0.169641,0.051844,103849559,116077101,31737253,28.116343,no,3645074.53,-0.254795,Non signif,Non signif
48017,Firenze,48,Firenze,9,43.769871,11.255576,194,6,70,84,34,27745,3268917193,16484928794,19753845987,1395654.5,12629673,0.874087,102.3187,380948,3723.1512910152296,4.041052,6.991849,1571,8595,0.039495,0.068334,129105084,651068226,223378282,35.050589,no,69238394.67,0.039938,Non signif,Non signif
43044,Recanati,43,Macerata,11,43.403508,13.548602,20,0,10,8,2,2079,366371407,688221629,1054593036,81994.2,593043.1,0.890803,103.4605,21186,204.77380256233056,7.190937,0,958,0,0.069504,0,25464343,47834279,0,27.736975,no,2925122.06,0.051347,High-Low,Coldspot 99%
99014,Rimini,99,Rimini,8,43.947098,12.630769,62,1,26,29,6,10323,892327906,3049955929,3942283835,336848.2,4430803.2,0.854198,135.70680000000002,149403,1100.9249352280062,4.157365,47.711571,265,94059,0.030635,0.351578,27336381,93435112,313723161,28.763441,no,11339364.87,0.20401,Non signif,Non signif
82053,Palermo,82,Palermo,19,38.111227,13.352443,112,5,51,47,9,12274,1938150568,5132233483,7070384051,934226.1,4733470.5,0.872332,160.5924,668405,4162.120997008576,20.289749,0.309399,5789,2066,0.126343,0.001927,244872040,648422523,3734061,29.57954,no,20913870.86,0.055144,Non signif,Non signif
61092,Teverola,61,Caserta,15,40.995572,14.207373,11,1,6,3,1,804,98231367,8052621,106283988,10485.5,163950.2,0.847689,6.699199999999999,14570,2174.8865536183425,0,0,0,0,0,0,0,0,0,28.435248,no,302221.16,0.282942,High-High,Hotspot 99%
19068,Persico Dosimo,19,Cremona,3,45.181365,10.076639,1,0,0,1,0,32,16199259,0,16199259,64.7,29050.5,0.798492,20.6079,3368,163.43247007215678,0,2.36979,0,2065,0,0.114994,0,0,1862822,21.210647,no,34359.68,-2.265121,Non signif,Non signif
108051,Busnago,108,Monza e della Brianza,3,45.616184,9.46567,8,0,3,3,2,649,145293604,103603421,248897025,20428,215797.8,0.91135,5.7764,6747,1168.0285298802023,0,0,0,0,0,0,0,0,0,13.279771,no,330529.56,-0.363985,Non signif,Non signif
33038,Rivergaro,33,Piacenza,8,44.910251,9.596521,3,0,1,2,0,116,60795940,0,60795940,7969.9,58420.6,0.875166,43.8297,7066,161.214883971371,3.375686,2.107491,548,152,0.077018,0.048084,4682396,0,2923289,28.260932,no,171814.99,0.632712,Non signif,Non signif
17085,Iseo,17,Brescia,3,45.659555,10.051049,3,0,2,1,0,94,64049283,0,64049283,1384.7,61841.4,0.860965,28.4199,9168,322.5908606293478,0.584888,13.289403,241,880,0.02058,0.467609,1318149,0,29950026,20.48295,no,131191.83,-1.193295,Non signif,Non signif
19036,Cremona,19,Cremona,3,45.220864,10.037038,38,1,11,19,7,3449,702708400,1408363822,2111072222,167117.6,2622040.7,0.863375,70.49470000000001,72077,1022.44565903536,0,11.082674,0,7477,0,0.157213,0,0,110474803,21.210647,no,4477720.7,-0.050528,Non signif,Non signif
15118,Legnano,15,Milano,3,45.594698,8.91836,33,1,13,16,3,2825,677581555,827614559,1505196114,123038.4,1054798,0.889924,17.6787,60177,3403.9267593205386,0,0.103837,0,308,0,0.005874,0,0,3979820,15.050002,no,2265320.46,0.284498,Non signif,Non signif
21013,Brunico/Bruneck,21,Bolzano/Bozen,4,46.796319,11.935512,21,2,8,7,4,2747,368212687,629481326,997694013,137940.7,981981.6,0.887781,44.9981,16580,368.46000164451385,1.858475,0.37552,330,171,0.041301,0.008345,15207622,25998327,3072824,10.80791,no,1078298.73,-0.180587,Non signif,Non signif
21016,Campo di Trens/Freienfeld,21,Bolzano/Bozen,4,46.857187,11.508955,4,0,2,1,1,480,42466834,155478017,197944851,13720.4,211163.2,0.86765,95.38680000000001,2645,27.72920362146544,0,1.807242,0,38,0,0.018946,0,0,804596,10.80791,no,213937.02,0.451307,Non signif,Non signif
21023,Cornedo all'Isarco/Karneid,21,Bolzano/Bozen,4,46.489912,11.408388,2,0,1,1,0,94,22140399,0,22140399,3831.8,27432.3,0.896049,40.6113,3391,83.49892763836667,2.400778,0,79,0,0.059116,0,1308852,0,0,10.80791,no,23929.14,0.750217,Non signif,Non signif
108018,Ceriano Laghetto,108,Monza e della Brianza,3,45.628349,9.080797,4,0,2,2,0,152,69061776,0,69061776,8256.6,66140.4,0.90696,7.078099999999999,6526,921.998841497012,0,0.014701,0,52,0,0.002077,0,0,143439,13.279771,no,91712.46,0.198198,Non signif,Non signif
19033,Corte de' Frati,19,Cremona,3,45.220029,10.096684,1,0,0,0,1,287,0,140584000,140584000,10299,122532,0.906856,20.4083,1379,67.57054727733323,0,2.686238,0,1115,0,0.131625,0,0,0,21.210647,no,298187.76,-0.588951,Non signif,Non signif
28091,Tombolo,28,Padova,5,45.647028,11.830422,11,0,3,7,1,611,176680304,68308998,244989302,28987.4,363318.6,0.868992,11.020299999999999,8390,761.3222870520767,0,0,0,0,0,0,0,0,0,17.804557,no,436192.6,0.041794,Non signif,Non signif
15158,Noviglio,15,Milano,3,45.360159,9.050375,2,0,0,1,1,153,47762385,154801000,202563385,28673.1,188978.1,0.862023,15.8584,4558,287.4186550976139,0,0,0,0,0,0,0,0,0,15.050002,no,304857.94,0.725542,Non signif,Non signif
35038,San Polo d'Enza,35,Reggio nell'Emilia,8,44.625862,10.422287,5,0,3,1,1,408,155291866,133230813,288522679,32026.2,186946,0.897815,32.2937,6156,190.6254161028312,2.08205,1.918478,40,33,0.064472,0.059407,10012028,8589701,9225454,36.618436,no,1056524.91,0.121277,Non signif,Non signif
37009,Calderara di Reno,37,Bologna,8,44.563052,11.271693,40,0,15,20,5,5025,801952998,685631932,1487584930,130099.7,1503264.3,0.899278,40.7523,13224,324.4970222539587,0,38.389924,0,11504,0,0.942031,0,0,755464468,38.815968,no,5774204.9,-0.085018,Non signif,Non signif
12032,Cardano al Campo,12,Varese,3,45.645717,8.772498,8,0,1,4,3,1234,87740945,207855735,295596680,43849,342023.7,0.879578,9.4199,14896,1581.3331351712864,0,0.01679,0,5,0,0.001782,0,0,156389,11.229804,no,331949.29,0.459124,High-Low,Coldspot 99%
21081,San Lorenzo di Sebato/St. Lorenzen,21,Bolzano/Bozen,4,46.783424,11.90264,8,0,2,5,1,718,285213594,55131941,340345535,31910,267468.2,0.909912,51.460699999999996,3889,75.57223279123681,4.469934,0.213182,164,156,0.086861,0.004143,24773972,4788822,1181531,10.80791,no,367842.4,-0.405743,Non signif,Non signif
37028,Galliera,37,Bologna,8,44.749163,11.426533,3,0,2,1,0,110,39652483,0,39652483,2450,66878.7,0.819271,37.1542,5451,146.71288844868144,0,36.948498,0,5453,0,0.994464,0,0,39432949,38.815968,no,153914.95,-0.744119,Non signif,Non signif
13118,Inverigo,13,Como,3,45.740484,9.223612,9,0,3,4,2,1433,118776945,346493467,465270412,59748.5,453366.1,0.898306,9.986699999999999,9146,915.8180379905275,0.004153,0.111661,0,1,0.000416,0.011181,49394,144090,1328042,12.029442,no,559694.34,0.173835,Non signif,Non signif
88012,Vittoria,88,Ragusa,19,36.951496,14.530487,33,8,18,6,1,796,194988208,132813862,327802070,22078.4,450620.4,0.762191,182.47529999999998,64212,351.8942015713908,0.916853,0,395,0,0.005025,0,979725,667328,0,23.45042,no,768709.63,0.331407,Non signif,Non signif
54053,Torgiano,54,Perugia,10,43.028542,12.44136,7,0,0,6,1,571,139828421,71968167,211796588,19883.3,185307.8,0.902903,37.658699999999996,6662,176.90467275822056,1.213324,5.383818,96,144,0.032219,0.142963,4505126,2318739,19990355,38.922787,no,824371.34,-0.317109,Non signif,Non signif
15205,Segrate,15,Milano,3,45.490735,9.29482,48,1,11,27,9,7833,797680381,2610669774,3408350155,473861.5,3584009.4,0.854624,17.4882,35492,2029.482736931188,0,0,0,0,0,0,0,0,0,15.050002,no,5129567.68,0.301788,High-High,Hotspot 99%
24088,Rossano Veneto,24,Vicenza,5,45.705273,11.799787,16,0,8,6,2,1278,243561570,250588543,494150113,49310,449315.8,0.911529,10.5968,8078,762.3056016910765,0,0,0,0,0,0,0,0,0,21.315155,no,1053288.63,-0.306876,Non signif,Non signif
17199,Villa Carcina,17,Brescia,3,45.632214,10.194442,13,0,5,8,0,816,347037884,0,347037884,35239.6,316600.3,0.911371,14.2197,10806,759.9316441275132,0.073105,0.125482,20,77,0.005141,0.008825,1784159,0,3062442,20.48295,no,710835.96,-0.374071,Non signif,Coldspot 99%
75086,Tiggiano,75,Lecce,16,39.905819,18.364433,1,0,1,0,0,35,13293290,0,13293290,1134.2,5379.1,0.962299,7.710800000000001,2839,368.18488353996986,0.045816,0.11881,1,2,0.005942,0.015408,78986,0,204826,14.108941,no,18755.42,0.162355,High-High,Hotspot 99%
51010,Castel San Niccolò,51,Arezzo,9,43.722917,11.656598,3,0,0,3,0,244,84042002,0,84042002,11036.7,53902.6,0.942736,83.2715,2667,32.02776460133419,6.584064,0.384202,42,48,0.079067,0.004614,6644986,0,387757,29.518286,no,248077.58,-0.094012,Non signif,Non signif
13075,Como,13,Como,3,45.939476,9.14941,59,3,27,19,10,8489,803551509,1430433562,2233985071,223190,2184899.1,0.872206,37.118,83320,2244.7330136322,3.010608,2.392613,1632,283,0.081109,0.06446,65175349,116021195,51796643,12.029442,no,2687359.37,0.173483,Non signif,Non signif
21041,Lana/Lana,21,Bolzano/Bozen,4,46.616019,11.144859,15,0,4,8,3,1669,228246266,269615531,497861797,52371.2,540472.9,0.883136,36.1243,12286,340.10347605351524,4.149229,0,258,0,0.11486,0,26216315,30967979,0,10.80791,no,538084.56,-0.134606,Low-Low,Coldspot 99%
12127,Tradate,12,Varese,3,45.714293,8.904146,18,2,9,7,0,907,287833916,0,287833916,28087.7,314062.1,0.888575,21.477899999999998,18861,878.1584791809256,0,0.052636,0,16,0,0.002451,0,0,705396,11.229804,no,323231.86,0.076926,Non signif,Non signif
21111,Varna/Vahrn,21,Bolzano/Bozen,4,46.740386,11.634569,9,0,1,8,0,628,169484972,0,169484972,25279.8,173694.4,0.888787,70.3391,4546,64.62977206134283,0,0.20587,0,258,0,0.002927,0,0,496052,10.80791,no,183177.84,0.731852,Non signif,Non signif
51026,Montevarchi,51,Arezzo,9,43.5235,11.567591,19,0,10,8,1,1450,286996185,59655018,346651203,35833,349282.9,0.897862,56.665,24440,431.30680314126886,6.902543,1.366441,631,546,0.121813,0.024114,34959914,7266767,6920733,29.518286,no,1023254.92,-0.156522,Non signif,Non signif
4067,Cherasco,4,Cuneo,1,44.652219,7.858015,14,0,5,6,3,5878,207482759,1407498422,1614981181,181195.4,1920023.9,0.88057,81.5363,9224,113.1275272485997,1.518126,12.375847,34,448,0.018619,0.151783,3863126,26206241,31492414,16.396584,no,2648017.45,-0.340523,Non signif,Non signif
44066,San Benedetto del Tronto,44,Ascoli Piceno,11,42.952533,13.880714,28,0,13,13,2,1314,458895115,110909789,569804904,58478.1,684615.1,0.849058,25.4067,47351,1863.7209869837484,0.152456,3.281986,12,555,0.006001,0.129178,2753656,665528,59279141,32.834347,no,1870917.19,0.282106,Non signif,Non signif
66049,L'Aquila,66,L'Aquila,13,42.136885,13.610341,36,3,17,15,1,1900,359442979,60781233,420224212,38606.5,366411.8,0.915166,473.9144,69439,146.52224114734645,10.345201,7.801189,130,638,0.021829,0.016461,7846375,1326809,5916855,47.395882,no,1991689.73,-0.003929,Non signif,Non signif
108004,Arcore,108,Monza e della Brianza,3,45.626556,9.321465,19,1,9,7,2,2549,218749843,310702236,529452079,38198.8,718054.4,0.859186,9.2456,17916,1937.786622825993,0,0.053046,0,70,0,0.005737,0,0,1255062,13.279771,no,703100.25,0.295488,Non signif,Hotspot 99%
73013,Martina Franca,73,Taranto,16,40.704238,17.339991,18,1,6,8,3,3124,259989128,497303750,757292878,75912.8,975691.9,0.890057,298.7246,48786,163.31430354246018,0.027245,0.860325,121,2065,0.000091,0.00288,23712,45356,748767,15.194153,no,1150642.39,-0.10722,Non signif,Non signif
15077,Cinisello Balsamo,15,Milano,3,45.556059,9.214317,52,3,23,20,6,4495,627839931,1275137731,1902977662,137767.3,1783420.9,0.876225,12.724300000000001,75723,5951.05428196443,0,0,0,0,0,0,0,0,0,15.050002,no,2863981.77,-0.059628,Non signif,Non signif
100005,Prato,100,Prato,9,43.935718,11.094147,135,4,71,56,4,7203,2047557321,345561123,2393118444,164497.4,2743913.4,0.862564,97.3525,193325,1985.824709175419,2.125553,15.223821,71,11588,0.021834,0.156378,44705494,7544834,320193587,30.888404,no,7391960.87,-0.151805,Non signif,Non signif
12133,Varese,12,Varese,3,45.839713,8.754158,39,1,12,20,6,9467,582462506,3650377418,4232839924,475385.6,2423586.5,0.862501,54.8401,80544,1468.706293387503,0.463416,5.517996,60,254,0.00845,0.10062,4921990,30846831,58607220,11.229804,no,4753396.41,-0.239346,Non signif,Non signif
21011,Bressanone/Brixen,21,Bolzano/Bozen,4,46.716549,11.657851,21,0,5,13,3,2929,573598158,484080180,1057678338,118227.6,940769.5,0.878683,84.7033,22011,259.86000545433296,0,0.277994,0,746,0,0.003282,0,0,1882534,10.80791,no,1143129.25,-0.197349,Non signif,Non signif
29022,Fiesso Umbertiano,29,Rovigo,5,44.961184,11.604642,3,0,1,2,0,326,61156697,0,61156697,5553.5,71759.2,0.88785,27.54,3979,144.480755265069,0,0,0,0,0,0,0,0,0,24.853738,no,151997.25,0.212319,Non signif,Non signif
67044,Tortoreto,67,Teramo,13,42.803984,13.912405,6,0,4,2,0,250,74044773,0,74044773,9993.7,82243.8,0.871644,22.973499999999998,11757,511.7635536596514,0.859434,0.652043,230,95,0.03741,0.028382,2770000,0,2101568,27.38232,no,202751.77,0.415825,Non signif,Non signif
12075,Gerenzano,12,Varese,3,45.639516,8.998218,8,0,4,3,1,748,134521331,15250118,149771449,15655.8,182262.7,0.876259,9.787,10914,1115.1527536528047,0,0.040163,0,0,0,0.004104,0,0,552036,11.229804,no,168190.41,0.331123,Non signif,Non signif
1254,San Secondo di Pinerolo,1,Torino,1,44.867222,7.298167,3,0,3,0,0,103,34691998,0,34691998,4687.2,41753.2,0.881835,12.5721,3632,288.8936613612682,0.075464,0.213968,3,50,0.006002,0.017019,208239,0,590433,20.594868,no,71447.71,0.489422,Non signif,Non signif
20026,Goito,20,Mantova,3,45.254507,10.672941,5,0,0,5,0,470,115883438,0,115883438,10564,125093.5,0.88795,79.2216,10222,129.0304664384461,0,1.999266,0,637,0,0.025236,0,0,2924478,21.044843,no,243874.87,0.079762,Non signif,Non signif
21116,Velturno/Feldthurns,21,Bolzano/Bozen,4,46.668674,11.598439,1,0,0,1,0,76,17581424,0,17581424,1535.3,15033.3,0.928308,24.5848,2909,118.32514399140932,0.035737,0.060958,6,6,0.001454,0.002479,25557,0,43593,10.80791,no,19001.85,-0.79694,Non signif,Non signif
34017,Fornovo di Taro,34,Parma,8,44.691962,10.100985,10,1,4,3,2,869,131189479,155890689,287080168,46390.7,265246.1,0.90594,57.5233,6004,104.37509669994594,13.36832,4.965377,1255,405,0.232398,0.086319,30488218,36228739,11324198,33.475863,no,961025.64,0.162371,Non signif,Non signif
21021,Chienes/Kiens,21,Bolzano/Bozen,4,46.809381,11.840872,5,0,0,5,0,690,180003136,0,180003136,14926.9,175036.3,0.918059,33.6806,2838,84.26215684993736,0.597803,0.61134,18,35,0.017749,0.018151,3194908,0,3267255,10.80791,no,194545.77,-0.376391,Non signif,Non signif
108028,Lissone,108,Monza e della Brianza,3,45.61077,9.240841,32,2,12,12,6,10824,413102895,954243120,1367346015,141178.1,2404026,0.89261,9.2959,45535,4898.396067083338,0,0,0,0,0,0,0,0,0,13.279771,no,1815804.24,-0.110135,Non signif,Non signif
15189,Rozzano,15,Milano,3,45.383237,9.154131,31,1,12,13,5,38502,347793087,17494496672,17842289759,846340.5,9934143.6,0.887016,12.2435,42442,3466.492424551803,0,0.078094,0,13,0,0.006378,0,0,2218365,15.050002,no,26852649.73,0.256031,Non signif,Non signif
35020,Correggio,35,Reggio nell'Emilia,8,44.770561,10.779783,31,2,7,16,6,4144,512106202,1148543145,1660649347,171058.6,1429885.2,0.885451,77.51050000000001,25664,331.10352790912196,0,1.875273,0,342,0,0.024194,0,0,12389791,36.618436,no,6081038.11,-0.001039,Non signif,Non signif
108050,Vimercate,108,Monza e della Brianza,3,45.613963,9.37006,40,1,11,15,13,10244,429686679,3376709655,3806396334,293671.7,4910747.7,0.862777,20.717,26170,1263.2137857797945,0,0.060781,0,106,0,0.002934,0,0,1260645,13.279771,no,5054807.29,0.455859,High-High,Hotspot 99%
51002,Arezzo,51,Arezzo,9,43.517202,11.763879,67,2,32,30,3,3847,1073795081,727492936,1801288017,151638.2,1697748.3,0.832365,384.69559999999996,99419,258.43550069197573,11.102182,7.031855,402,3205,0.02886,0.018279,30989355,20995195,19627912,29.518286,no,5317093.42,-0.065421,Non signif,Non signif
49009,Livorno,49,Livorno,9,42.790219,10.340281,77,1,26,39,11,6182,1251410367,1153104665,2404515032,241169.5,2268629.1,0.854059,104.50030000000001,158371,1515.507610982935,0.26076,5.848029,36,1749,0.002495,0.055962,3122649,2877346,70031226,23.707966,no,5700616.16,0.09344,Non signif,Non signif
37039,Molinella,37,Bologna,8,44.620853,11.670237,6,0,3,3,0,448,101036640,0,101036640,9120.8,120825.2,0.881372,127.84219999999999,15642,122.35396449685629,0,19.901331,0,1953,0,0.155671,0,0,15728481,38.815968,no,392183.5,0.057443,High-Low,Coldspot 99%
1292,Venaria Reale,1,Torino,1,45.134811,7.626866,17,0,6,8,3,1920,219126271,309076160,528202431,34628,652186.2,0.862138,20.4427,33781,1652.4725207531296,0,0.751383,0,400,0,0.036756,0,0,8054110,20.594868,no,1087825.93,-0.113851,Non signif,Non signif
69058,Ortona,69,Chieti,13,42.349643,14.403913,11,0,3,6,2,991,125971089,63081131,189052220,20306.8,297093.9,0.882663,70.8765,23111,326.0742277059392,5.553444,1.139718,226,66,0.078354,0.01608,9870315,4942647,2025658,28.116343,no,531545.71,0.298496,Non signif,Non signif
9068,Villanova d'Albenga,9,Savona,7,44.046836,8.142846,6,0,4,2,0,210,70222422,0,70222422,5968.2,120351.1,0.751522,15.8917,2702,170.02586255718393,0.31037,0.684045,5,191,0.01953,0.043044,1371466,0,3022666,24.791781,no,174093.89,0.616362,Non signif,Hotspot 95%
93036,Roveredo in Piano,93,Pordenone,6,46.011058,12.620291,5,0,3,2,0,227,105955069,0,105955069,6302.8,120899.5,0.838072,15.8567,5939,374.5419917132821,0,0,0,0,0,0,0,0,0,22.312037,no,236407.34,-0.23637,Non signif,Coldspot 95%
24012,Bassano del Grappa,24,Vicenza,5,45.766911,11.734347,46,3,18,19,6,5539,698928275,1664397954,2363326229,210014.2,1830706.3,0.875873,47.0624,43481,923.9010335214524,0.242665,0.075599,39,140,0.005156,0.001606,3603841,8582034,1122728,21.315155,no,5037466.53,-0.131014,Non signif,Non signif
17064,Corzano,17,Brescia,3,45.443778,10.007366,3,1,0,2,0,195,35436617,0,35436617,3359.4,32394.9,0.944434,12.296199999999999,1405,114.26294302304778,0,0,0,0,0,0,0,0,0,20.48295,no,72584.65,0.282757,Non signif,Non signif
9004,Albisola Superiore,9,Savona,7,44.339838,8.509353,2,1,0,0,1,128,387205,121796388,122183593,19902.7,64647.2,0.926071,28.6775,10033,349.8561590096766,0.274088,0.918646,16,2846,0.009558,0.032034,3701,1164081,12404,24.791781,no,302914.89,1.009073,Non signif,Non signif
29033,Occhiobello,29,Rovigo,5,44.92125,11.5814,8,0,3,4,1,656,133023646,56080075,189103721,20554,284194.3,0.861775,32.330999999999996,11993,370.9442949491201,0,3.469016,0,147,0,0.107297,0,0,14273025,24.853738,no,469993.44,-0.057525,Non signif,Non signif
41038,Monte Porzio,41,Pesaro e Urbino,11,43.689697,13.04569,3,0,1,2,0,122,37754070,0,37754070,3848.9,37802.5,0.887922,18.2877,2843,155.45968055031523,3.728836,0,70,0,0.203899,0,7698001,0,0,24.621765,no,92957.19,0.782957,Non signif,Non signif
20021,Curtatone,20,Mantova,3,45.109553,10.715842,12,0,5,6,1,927,234815993,77869589,312685582,35222.1,326679,0.902113,67.47149999999999,14796,219.29259020475314,0,3.675313,0,986,0,0.054472,0,0,12790916,21.044843,no,658041.89,-0.424585,Non signif,Non signif
78102,Rende,78,Cosenza,18,39.331993,16.184383,27,2,12,11,2,1739,336587916,195899574,532487490,56881.6,542323.9,0.848001,55.282,35727,646.268224738613,5.730758,4.426638,1160,748,0.103664,0.080074,34892079,20307750,26951862,50.996071,no,2715476.99,0.289062,Non signif,Non signif
6039,Casale Monferrato,6,Alessandria,1,45.136266,8.449813,23,0,8,12,3,2800,409083977,1217431238,1626515215,263190.6,1412368.3,0.882687,86.2109,34010,394.4976795277627,0.008973,17.517727,0,1814,0.000104,0.203196,42578,126713,83124308,20.84217,no,3390010.71,0.087902,Non signif,Non signif
67031,Nereto,67,Teramo,13,42.818945,13.816055,2,0,1,1,0,116,27422544,0,27422544,3047.8,22972.6,0.925612,7.0113,5342,761.9129120134639,0.067126,0.136828,10,52,0.009574,0.019515,262543,0,535161,27.38232,no,75089.29,0.416841,Non signif,Non signif
17002,Adro,17,Brescia,3,45.622402,9.961376,15,0,7,6,2,1057,195982783,410969669,606952452,50049.2,554143.4,0.893393,14.2897,7168,501.62004800660617,0,0.000713,0,0,0,0.00005,0,0,9779,20.48295,no,1243217.67,-0.208724,High-Low,Coldspot 99%
17188,Travagliato,17,Brescia,3,45.523906,10.079783,17,0,6,9,2,999,346943769,146006737,492950506,42479.2,541097,0.896281,17.7361,13930,785.4037809890561,0,0,0,0,0,0,0,0,0,20.48295,no,1009708.05,0.028527,Non signif,Non signif
21036,Glorenza/Glurns,21,Bolzano/Bozen,4,46.671492,10.553913,1,0,1,0,0,19,2858111,0,2858111,300.8,5783.1,0.796375,13.219000000000001,887,67.10038580830621,0.564233,0,0,0,0.042683,0,121994,0,0,10.80791,no,3089.02,0.975768,High-Low,Coldspot 99%
4166,Piasco,4,Cuneo,1,44.568001,7.457775,3,0,2,1,0,96,60361061,0,60361061,6292.3,26923.4,0.929153,10.621500000000001,2764,260.22689827237207,0,0.849279,0,30,0,0.079958,0,0,4826379,16.396584,no,98971.52,-1.156698,Non signif,Non signif
26018,Cison di Valmarino,26,Treviso,5,45.969987,12.143137,4,0,0,4,0,226,52294471,0,52294471,4993.8,50505,0.905507,28.812399999999997,2632,91.34955782926797,0,0,0,0,0,0,0,0,0,21.139592,no,110548.38,-0.307852,Non signif,Coldspot 95%
25006,Belluno,25,Belluno,5,46.280541,12.078914,18,0,6,12,0,1593,381799918,0,381799918,33016.5,302581.6,0.897501,147.2232,35710,242.55687962223345,0.446075,0.063198,5,18,0.00303,0.000429,1156824,0,163894,17.91629,no,684043.79,0.066757,Non signif,Non signif
18157,Torre d'Arese,18,Pavia,3,45.242767,9.317354,1,0,1,0,0,46,12718859,0,12718859,399.2,4635.2,0.971921,4.4935,953,212.0841215088461,0,0.111844,0,2,0,0.02489,0,0,316575,18.961299,no,24116.61,-1.838305,Non signif,Non signif
24048,Isola Vicentina,24,Vicenza,5,45.628668,11.443148,12,0,3,8,1,931,222450267,74750507,297200774,29266.8,372671.6,0.88386,26.4793,10242,386.7927022240014,0,0,0,0,0,0,0,0,0,21.315155,no,633488.06,-0.213073,Non signif,Non signif
69046,Lanciano,69,Chieti,13,42.230532,14.390779,10,2,4,3,1,880,221039115,87275253,308314368,23933.2,229356,0.924552,66.9378,35002,522.9033520671429,14.464372,0.885729,2049,22,0.216087,0.013232,47763625,18859026,2924816,28.116343,no,866867.26,-0.453008,Non signif,Non signif
58079,Pomezia,58,Roma,12,41.667529,12.504786,59,3,17,28,11,6891,787975499,976032186,1764007685,176030.2,1724542.6,0.897673,86.5742,63641,735.1035296889835,0.082486,0,27,0,0.000953,0,750766,929942,0,29.689549,no,5237259.19,0.224396,Non signif,Hotspot 95%
88009,Ragusa,88,Ragusa,19,36.921983,14.721345,46,2,23,18,3,4831,728134127,365601131,1093735258,81739,1697271.4,0.86425,444.6664,73638,165.60279796269742,0.684652,0,516,0,0.00154,0,1121107,562915,0,23.45042,no,2564855.16,-0.091994,Non signif,Non signif
26082,Spresiano,26,Treviso,5,45.780391,12.259346,10,0,4,4,2,2409,166786287,1052554881,1219341168,185029.4,819362.2,0.923256,25.7251,12136,471.7571554629525,0,0,0,0,0,0,0,0,0,21.139592,no,2577637.46,0.251183,Non signif,Non signif
16079,Cologno al Serio,16,Bergamo,3,45.579772,9.707725,15,1,4,8,2,1041,256182386,214741171,470923557,33710.1,459447,0.889035,18.518900000000002,11180,603.7075636241892,0,0.958911,0,76,0,0.05178,0,0,13265157,21.203762,no,998535.09,-0.12019,Non signif,Non signif
2017,Borgo Vercelli,2,Vercelli,1,45.357862,8.463033,3,0,1,2,0,95,50543823,0,50543823,5870.1,87577.5,0.787558,19.2952,2224,115.26182677557112,0,0.008724,0,0,0,0.000452,0,0,22853,17.175786,no,86812.99,0.518386,Non signif,Non signif
12138,Vergiate,12,Varese,3,45.724847,8.694023,6,0,2,4,0,241,111764101,0,111764101,13468.2,152216.6,0.84582,21.7835,8711,399.88982486744555,0,0,0,0,0,0,0,0,0,11.229804,no,125508.9,-0.0197,Non signif,Non signif
54018,Foligno,54,Perugia,10,42.956183,12.703334,22,0,7,12,3,2483,357842713,447059751,804902464,76980.9,714749.1,0.869347,264.6659,56999,215.36208480200887,5.843509,18.947742,293,11358,0.022079,0.071591,7900742,9870549,25618379,38.922787,no,3132904.68,0.070434,Non signif,Coldspot 95%
63035,Gragnano,63,Napoli,15,40.69,14.521065,10,0,3,4,3,1118,244359531,107974255,352333786,23764.5,247340.3,0.935116,14.6392,28897,1973.9466637521175,9.044058,0.324072,5422,502,0.617797,0.022137,150964655,66706201,5409454,35.751904,no,1259660.38,-0.377232,Non signif,Non signif
80088,Siderno,80,Reggio di Calabria,18,38.276163,16.29816,3,0,3,0,0,47,24915326,0,24915326,1183.1,31032.2,0.832842,31.860100000000003,18231,572.2204261756867,1.728499,1.188871,372,446,0.054253,0.037315,1351726,0,929724,48.652369,no,121218.96,-0.665161,Non signif,Non signif
6114,Novi Ligure,6,Alessandria,1,44.76085,8.789551,15,0,5,10,0,804,302668346,0,302668346,33279.7,266251.3,0.903966,55.195600000000006,28210,511.0914638123328,0,1.73796,0,57,0,0.031487,0,0,9530207,20.84217,no,630826.52,0.125835,Non signif,Non signif
45010,Massa,45,Massa-Carrara,9,44.035932,10.139552,35,2,14,18,1,1119,543063704,85448441,628512145,41377.1,677126.9,0.864942,93.8375,69037,735.7080058611962,25.487746,7.171704,6320,11606,0.271616,0.076427,147504673,23209145,41504645,30.748861,no,1932603.24,-0.259903,Low-Low,Coldspot 99%
41019,Gabicce Mare,41,Pesaro e Urbino,11,43.966874,12.75631,1,0,1,0,0,27,8776302,0,8776302,361.5,7183.5,0.904189,4.9351,5713,1157.6259852890519,0.265119,0.060687,17,227,0.053721,0.012297,471473,0,107922,24.621765,no,21608.8,0.090179,Non signif,Non signif
26049,Motta di Livenza,26,Treviso,5,45.77663,12.610548,19,0,5,12,2,2208,299178837,253427494,552606331,78189.4,745423.3,0.883485,37.778,10801,285.90714172269577,0,14.44467,0,8755,0,0.382357,0,0,114393022,21.139592,no,1168187.23,0.336626,Non signif,Non signif
6003,Alessandria,6,Alessandria,1,44.834953,8.74503,38,1,9,22,6,3737,797684229,623373799,1421058028,138064.4,1415843.9,0.87565,203.56869999999998,93980,461.66232824594357,0.546462,8.115648,55,87,0.002684,0.039867,2141312,1673391,31801178,20.84217,no,2961793.35,0.139964,Non signif,Non signif
38007,Copparo,38,Ferrara,8,44.894183,11.827889,6,0,3,2,1,599,72258640,36739630,108998270,8517.3,144010.5,0.84432,157.0065,16294,103.77914290172701,0,0.331,0,9,0,0.002108,0,0,152335,39.906082,no,434969.39,0.601607,Non signif,Non signif
99013,Riccione,99,Rimini,8,43.998274,12.647437,10,0,5,4,1,881,175842118,113193715,289035833,39445.9,224300.6,0.909768,17.5043,35003,1999.680078609256,0.020169,2.691236,0,2403,0.001152,0.153747,202611,130425,27035222,28.763441,no,831366.51,-0.126847,Non signif,Non signif
26059,Ponzano Veneto,26,Treviso,5,45.723851,12.194218,14,0,6,8,0,648,255906766,0,255906766,23262.2,230520.7,0.88726,22.2707,12776,573.6685420754624,0,0.008384,0,1,0,0.000376,0,0,96338,21.139592,no,540976.46,-0.130086,Non signif,Non signif
58111,Velletri,58,Roma,12,41.686702,12.777043,4,0,1,3,0,436,40164483,0,40164483,2005.9,50129.9,0.888648,118.23290000000001,53188,449.85786528115267,3.087594,0.000046,386,0,0.026115,0,1048876,0,16,29.689549,no,119246.54,0.096407,Non signif,Non signif
98050,Sant'Angelo Lodigiano,98,Lodi,3,45.238067,9.408656,3,0,2,0,1,362,16879066,6180725,23059791,1895.4,22197.5,0.906282,20.0532,13202,658.3487922127142,0,0.638269,0,131,0,0.031829,0,0,537240,19.574231,no,45137.77,0.145163,Non signif,Non signif
65108,Roccapiemonte,65,Salerno,15,40.762465,14.692375,5,0,1,4,0,424,75481178,0,75481178,10352.6,85663.9,0.868153,5.313300000000001,8977,1689.5338113789921,2.11712,0.247088,174,1103,0.398457,0.046504,30075981,0,3510153,25.585615,no,193123.23,0.563316,Non signif,Non signif
52022,Poggibonsi,52,Siena,9,43.465028,11.148337,18,1,6,10,1,1386,375512266,78326071,453838337,44824.2,421504.3,0.900919,70.58970000000001,29031,411.2639662726998,6.929112,3.034085,971,1104,0.09816,0.042982,36860428,7688517,16140260,24.090373,no,1093313.48,-0.164311,Low-Low,Coldspot 99%
24015,Brendola,24,Vicenza,5,45.472122,11.44697,19,0,9,8,2,1430,239657249,367410658,607067907,94853.1,1159435,0.864131,25.567899999999998,6624,259.0748555806304,0,0,0,0,0,0,0,0,0,21.315155,no,1293974.66,0.037346,Low-Low,Coldspot 99%
21060,Ora/Auer,21,Bolzano/Bozen,4,46.346595,11.298634,9,0,4,4,1,345,115565719,85423243,200988962,17347.2,220306.2,0.881058,11.7882,3795,321.93210159311855,2.746828,0,29,0,0.233015,0,26928552,19904901,0,10.80791,no,217227.06,-0.060137,Non signif,Non signif
87032,Palagonia,87,Catania,19,37.327355,14.745332,4,0,1,3,0,176,66011298,0,66011298,4999.8,76038.3,0.815422,57.786,16654,288.2012944311771,0.303102,6.956737,235,0,0.005245,0.120388,346246,0,7946964,36.827421,no,243102.59,0.386539,Non signif,Non signif
19067,Pandino,19,Cremona,3,45.407073,9.553456,3,0,2,1,0,83,28302537,0,28302537,4026.8,48167,0.845762,22.2956,9035,405.2369077306733,0,0,0,0,0,0,0,0,0,21.210647,no,60031.51,0.60253,Non signif,Non signif
26050,Nervesa della Battaglia,26,Treviso,5,45.825368,12.209202,10,0,2,8,0,608,213177018,0,213177018,23152,237208,0.886206,34.9732,6675,190.86043027232282,0,0,0,0,0,0,0,0,0,21.139592,no,450647.51,0.321867,Non signif,Non signif
13227,Turate,13,Como,3,45.654802,9.002287,8,0,4,3,1,669,215091286,110935608,326026894,30150.3,205135.5,0.915672,10.2826,9506,924.4743547351836,0,0,0,0,0,0,0,0,0,12.029442,no,392192.16,-0.327353,Non signif,Non signif
15058,Casorezzo,15,Milano,3,45.52437,8.90154,4,0,2,2,0,99,39236129,0,39236129,4808,39021.5,0.877032,6.5952,5454,826.9650655021834,0,0,0,0,0,0,0,0,0,15.050002,no,59050.38,0.31797,Non signif,Non signif
46028,Seravezza,46,Lucca,9,43.994721,10.225772,7,0,3,3,1,906,151050224,130441556,281491780,23154.4,250533.9,0.908164,39.551,12962,327.7287552779955,5.51238,0.010337,533,2,0.139374,0.000261,21052470,18180158,39478,29.45658,no,829178.52,-0.794332,Non signif,Non signif
18177,Vigevano,18,Pavia,3,45.317094,8.858603,38,3,13,22,0,1901,915582187,0,915582187,59899.9,660627.1,0.88519,81.3651,63153,776.168160550408,0,18.010421,0,182,0,0.221353,0,0,202666999,18.961299,no,1736062.79,-0.332863,Non signif,Non signif
60019,Cassino,60,Frosinone,12,41.492558,13.83053,12,0,7,5,0,598,142545724,0,142545724,7241.7,116721.8,0.887392,83.4207,36497,437.5053194231168,7.587707,1.283919,2500,63,0.090957,0.015391,12965549,0,2193906,34.188464,no,487341.94,0.159829,Non signif,Non signif
27012,Dolo,27,Venezia,5,45.424996,12.076313,7,0,4,3,0,470,180915268,0,180915268,22309.5,140530,0.870021,24.284299999999998,15022,618.5889648867787,0,0.714236,0,73,0,0.029411,0,0,5320977,17.526854,no,317087.56,0.453284,Non signif,Non signif
37054,San Lazzaro di Savena,37,Bologna,8,44.471567,11.404859,17,1,8,7,1,631,281037637,205120930,486158567,34876.9,347247.1,0.890789,44.724700000000006,32473,726.0641211679451,2.488578,2.324913,415,530,0.055642,0.051983,15637535,11413367,14609110,38.815968,no,1887071.54,-0.081479,Non signif,Non signif
37008,Budrio,37,Bologna,8,44.537863,11.535498,11,1,3,5,2,901,147877018,273966583,421843601,37753.1,383812,0.920848,120.1868,18440,153.42783067691292,0,24.611404,0,2773,0,0.204776,0,0,30281703,38.815968,no,1637426.77,-0.370936,Non signif,Non signif
31007,Gorizia,31,Gorizia,6,45.944128,13.625229,17,2,6,6,3,1113,202073901,406517885,608591786,76100.3,557595.7,0.870302,41.2632,34411,833.9392000620408,0.139284,1.199372,6,771,0.003376,0.029066,682101,1372202,5873558,23.340869,no,1420506.13,-0.237014,Non signif,Non signif
108033,Monza,108,Monza e della Brianza,3,45.583442,9.273526,106,5,39,51,11,10331,1868199125,2890343477,4758542602,453453.8,3993194.5,0.882343,33.0871,123598,3735.5343925578245,0,0.586936,0,386,0,0.017739,0,0,33140206,13.279771,no,6319235.76,-0.048143,Non signif,Non signif
17165,Roncadelle,17,Brescia,3,45.527608,10.149701,9,0,3,3,3,1153,102900803,680925396,783826199,86876.9,905803,0.8795,9.39,9448,1006.1767838125666,0,0.447356,0,956,0,0.047642,0,0,4902374,20.48295,no,1605507.28,-0.093369,Non signif,Non signif
23057,Pastrengo,23,Verona,5,45.492457,10.799713,8,0,4,4,0,486,214687629,0,214687629,22037.7,304361.8,0.851376,9.0016,3092,343.49448986846784,0,0.102394,0,8,0,0.011375,0,0,2442091,20.167921,no,432980.32,0.273181,Non signif,Non signif
16046,Calusco d'Adda,16,Bergamo,3,45.691379,9.472649,7,1,4,1,1,467,51994494,111786769,163781263,16511.4,205645,0.869924,8.3337,8378,1005.3157661062913,0.066857,0.260654,1,200,0.008022,0.031277,417125,896808,1626237,21.203762,no,347277.89,0.673621,Non signif,Non signif
23015,Bussolengo,23,Verona,5,45.474131,10.846248,20,0,8,9,3,2614,283071330,523213486,806284816,74304.5,1242743.2,0.874504,24.2262,20142,831.413923768482,0,0.240408,0,152,0,0.009923,0,0,2809050,20.167921,no,1626108.88,-0.075313,Non signif,Non signif
64054,Monteforte Irpino,64,Avellino,15,40.891922,14.713905,4,0,4,0,0,42,24951951,0,24951951,1390.2,56788,0.745735,26.958000000000002,11933,442.6515320127606,14.129173,0.263478,2805,205,0.524118,0.009774,13077767,0,243872,37.737871,no,94163.35,0.613246,Non signif,Non signif
23082,Sommacampagna,23,Verona,5,45.407784,10.840853,17,1,6,9,1,1147,227937662,82391352,310329014,35775.7,451612.4,0.851485,40.8271,14802,362.55330405539456,0,0.316276,0,7,0,0.007747,0,0,1765769,20.167921,no,625869.12,0.053239,Non signif,Non signif
18050,Cilavegna,18,Pavia,3,45.309752,8.743348,2,0,2,0,0,46,15709795,0,15709795,2781.5,17362.3,0.856238,18.0515,5548,307.34288009306704,0,0.012839,0,0,0,0.000711,0,0,11173,18.961299,no,29787.81,0.988606,High-Low,Coldspot 99%
12070,Gallarate,12,Varese,3,45.659895,8.793201,37,0,21,13,3,3092,478003276,639103129,1117106405,79220.5,788259.7,0.886125,20.9826,53425,2546.157292232612,0,0.361468,0,464,0,0.017227,0,0,8234580,11.229804,no,1254488.64,-0.370447,Non signif,Coldspot 95%
48021,Greve in Chianti,48,Firenze,9,43.58246,11.316873,5,0,2,3,0,182,96497068,0,96497068,7037.5,78537.2,0.921858,169.377,13814,81.55770854366295,34.312737,1.643983,1553,814,0.202582,0.009706,19548572,0,936606,35.050589,no,338227.91,-0.885536,Non signif,Non signif
23096,Villafranca di Verona,23,Verona,5,45.350928,10.845996,34,0,12,15,7,3779,567348499,941405641,1508754140,170434.5,2201344.6,0.867536,57.3416,33232,579.5443447688938,0,0.158998,0,6,0,0.002773,0,0,1573156,20.167921,no,3042843.49,0.045503,Non signif,Non signif
63062,Qualiano,63,Napoli,15,40.918836,14.153611,4,0,2,2,0,217,59874896,0,59874896,8879.4,50185.7,0.900777,7.4251,25755,3468.640152994573,0.009963,0.41513,32,803,0.001342,0.055909,80340,0,3347546,35.751904,no,214064.16,0.427823,Non signif,Non signif
42002,Ancona,42,Ancona,11,43.48012,13.218791,51,1,20,23,7,4043,681770119,686147038,1367917157,145212.4,1324956.4,0.874209,124.8416,100924,808.4164252941328,10.495127,0,3448,0,0.084068,0,57314741,57682698,0,27.781362,no,3800260.14,0.16091,Non signif,Non signif
23004,Arcole,23,Verona,5,45.358211,11.286092,13,0,5,6,2,23014,288179714,4081060754,4369240468,628958.5,7682188.7,0.905983,18.866,6246,331.0717693204707,0,2.931939,0,225,0,0.155409,0,0,44785611,20.167921,no,8811849.82,-0.478,Non signif,Non signif
60006,Anagni,60,Frosinone,12,41.74472,13.152694,21,1,10,8,2,2123,263827048,479849167,743676215,54081.7,497654.4,0.905459,112.81540000000001,21404,189.72587075877937,4.625838,1.422573,989,82,0.041004,0.01261,10817860,19675545,3326791,34.188464,no,2542514.76,-0.107602,Non signif,Non signif
1314,Volpiano,1,Torino,1,45.201451,7.778222,22,0,7,10,5,4654,299151996,1054811158,1353963154,147380.5,1540698.8,0.883314,32.4634,15445,475.7665555671926,0,1.477748,0,4,0,0.04552,0,0,13617528,20.594868,no,2788469.23,0.230354,Non signif,Non signif
109037,Sant'Elpidio a Mare,109,Fermo,11,43.23474,13.687852,12,0,8,4,0,447,143240111,0,143240111,11382.9,111582.3,0.867032,50.518,17144,339.3641870224474,0.386097,0,140,0,0.007643,0,1094750,0,0,25.228384,no,361371.65,-0.184455,Non signif,Coldspot 99%
83097,Taormina,83,Messina,19,37.851792,15.285652,3,0,2,1,0,99,42511418,0,42511418,1630.9,25598.9,0.928632,13.133299999999998,10872,827.8193599476142,0.281454,0,100,0,0.021431,0,911044,0,0,44.663628,no,189871.41,-0.8531,Non signif,Non signif
1287,Valperga,1,Torino,1,45.370616,7.656916,8,0,0,7,1,844,177195731,134658564,311854295,20432.7,246378.8,0.918631,11.909500000000001,3102,260.46433519459254,0.044384,0.874846,1,14,0.003727,0.073458,660368,501842,13016413,20.594868,no,642259.8,-0.661965,Low-Low,Coldspot 99%
9015,Cairo Montenotte,9,Savona,7,44.399268,8.274561,14,0,6,8,0,815,210570092,0,210570092,21104.5,171569.8,0.927436,100.4042,13145,130.92081805342804,2.858514,2.065016,47,804,0.02847,0.020567,5994944,0,4330801,24.791781,no,522040.76,-0.179141,Low-High,Hotspot 99%
64075,Pratola Serra,64,Avellino,15,40.987017,14.852642,2,0,1,1,0,66,36628025,0,36628025,3191.4,59544.4,0.842213,8.843,3866,437.1819518263033,0.130266,0.13819,3,3,0.014731,0.015627,539566,0,572388,37.737871,no,138226.37,0.525312,Non signif,Non signif
71024,Foggia,71,Foggia,16,41.502811,15.4529,37,2,16,16,3,4983,502308807,73865229,576174036,44720.5,579295.8,0.887456,509.2632,151372,297.2372635603751,0,74.211351,0,1147,0,0.145723,0,0,73197936,37.634206,no,2168385.24,-0.036728,Non signif,Non signif
40018,Longiano,40,Forlì-Cesena,8,44.074378,12.327473,13,0,5,5,3,889,181392880,495386290,676779170,86729.8,1017379,0.852039,23.5763,7190,304.9672764598347,0.276189,1.712825,70,475,0.011715,0.07265,2124961,5803296,13178245,31.154462,no,2108469.07,-0.219737,Non signif,Non signif
72030,Monopoli,72,Bari,16,40.952237,17.299948,23,0,9,12,2,1648,428980578,399947138,828927716,62847.6,694505.9,0.863471,157.893,48964,310.10874452952316,0.851716,2.070993,1244,361,0.005394,0.013116,2314033,2157419,5626695,14.160402,no,1173794.98,-0.232422,Non signif,Non signif
81021,Trapani,81,Trapani,19,38.017432,12.515992,14,1,5,8,0,862,288898442,0,288898442,27807.2,244553.6,0.891584,273.1329,67923,248.6811365456157,0.076527,0.773218,0,0,0.00028,0.002831,80944,0,817849,16.86353,no,487184.77,-0.245404,Non signif,Non signif
35001,Albinea,35,Reggio nell'Emilia,8,44.620182,10.601926,11,0,4,7,0,695,255436618,0,255436618,28738.9,275327.9,0.876684,43.888999999999996,8830,201.1893640775593,4.374832,1.339583,108,69,0.099679,0.030522,25461785,0,7796454,36.618436,no,935368.93,-0.291563,Non signif,Non signif
64005,Ariano Irpino,64,Avellino,15,41.152667,15.088563,4,0,2,0,2,921,21089758,220836883,241926641,16953.4,225536.9,0.868255,186.7415,22448,120.2089519469427,66.790807,0.874641,2507,31,0.357665,0.004684,7543058,78985515,98778,37.737871,no,912979.64,-0.18176,Non signif,Hotspot 95%
26070,Salgareda,26,Treviso,5,45.704123,12.492587,7,0,3,2,2,957,78736010,269923074,348659084,29452.2,389665.9,0.870517,27.551399999999997,6681,242.49221455171065,0,19.125794,0,5581,0,0.694186,0,0,54657430,21.139592,no,737051.07,-0.053336,Non signif,Non signif
26058,Ponte di Piave,26,Treviso,5,45.716153,12.465227,11,0,1,7,3,1042,144920261,342633417,487553678,23308.8,445911.2,0.892236,32.4362,8352,257.4900882347501,0,12.541462,0,4774,0,0.38665,0,0,56033442,21.139592,no,1030668.58,0.07889,Non signif,Non signif
97042,Lecco,97,Lecco,3,45.900548,9.412025,45,0,16,19,10,4968,683275092,1789661657,2472936749,225706.3,2064821.7,0.884326,45.1354,48177,1067.3883470623946,10.540365,3.528,481,156,0.233528,0.078165,159563643,417935525,53408068,14.425007,no,3567213.02,-0.125346,Non signif,Non signif
28085,Saonara,28,Padova,5,45.370221,11.984066,12,0,5,7,0,633,215121975,0,215121975,23191.1,181964.6,0.900249,13.544500000000001,10422,769.4636199195245,0,0.206067,0,51,0,0.015214,0,0,3272881,17.804557,no,383015.15,-0.201547,Non signif,Non signif
15166,Paderno Dugnano,15,Milano,3,45.571903,9.168131,23,1,9,11,2,1609,372130583,48752451,420883034,33590.4,539063.3,0.877847,14.1141,46701,3308.8188407337343,0,0.059871,0,105,0,0.004242,0,0,1578551,15.050002,no,633429.05,-0.113138,Non signif,Non signif
4013,Barolo,4,Cuneo,1,44.610841,7.942845,3,0,1,2,0,85,119318679,0,119318679,7107.7,45872.8,0.946407,5.689299999999999,711,124.97143761095391,1.770885,0.575031,61,50,0.311266,0.101072,37139834,0,12059821,16.396584,no,195641.87,-1.168923,Non signif,Non signif
15171,Peschiera Borromeo,15,Milano,3,45.431795,9.31182,39,1,11,20,7,9724,581291150,5845282254,6426573404,443485.4,4329936.4,0.857912,23.221500000000002,23387,1007.127015911978,0,0.405706,0,5,0,0.017471,0,0,10155817,15.050002,no,9671994.29,0.191101,Non signif,Non signif
16075,Ciserano,16,Bergamo,3,45.585281,9.60085,15,0,8,5,2,1445,195382152,203956072,399338224,44947.1,372477.4,0.905713,5.3075,5696,1073.1983042863872,0,0,0,0,0,0,0,0,0,21.203762,no,846747.25,-0.121301,Non signif,Non signif
41013,Fano,41,Pesaro e Urbino,11,43.842417,13.014663,25,1,6,14,4,4075,290858933,827521499,1118380432,106682.9,1378993.2,0.862812,121.8381,60978,500.4838387991934,2.678051,0,48,0,0.02198,0,6393198,18189259,0,24.621765,no,2753650.07,0.324493,Non signif,Non signif
79160,Lamezia Terme,79,Catanzaro,18,38.964507,16.302145,26,0,9,13,4,2742,437577414,215648881,653226295,75865.4,690694.8,0.87229,162.4285,70834,436.09341956614753,2.853454,8.104144,247,3784,0.017567,0.049894,7687118,3788400,21832316,52.451966,no,3426300.34,0.058588,Non signif,Non signif
48019,Fucecchio,48,Firenze,9,43.729202,10.808205,21,1,16,4,0,803,204287453,0,204287453,18579.6,217311.5,0.87481,65.1846,23275,357.06286454162483,0.701414,10.727777,51,595,0.01076,0.164575,2198220,0,33620675,35.050589,no,716039.57,-0.303107,Low-Low,Coldspot 99%
15175,Pioltello,15,Milano,3,45.501022,9.326335,17,0,3,11,3,2158,400678302,538408000,939086302,135881.5,1367824.3,0.819522,13.093900000000001,36920,2819.633569830226,0,0,0,0,0,0,0,0,0,15.050002,no,1413325.08,0.170036,Non signif,Non signif
54002,Bastia Umbra,54,Perugia,10,43.067755,12.549582,17,0,7,8,2,767,273275176,162422722,435697898,45036.5,502418.1,0.88521,27.6019,21773,788.8225085954227,0,1.911035,0,520,0,0.069236,0,0,18920380,38.922787,no,1695857.63,-0.27112,Non signif,Coldspot 99%
21035,Gargazzone/Gargazon,21,Bolzano/Bozen,4,46.584781,11.20273,3,1,2,0,0,22,12375446,0,12375446,424.7,17540.2,0.79219,4.9137,1688,343.5293159940574,0.000434,0,1,0,0.000088,0,1093,0,0,10.80791,no,13375.27,0.326786,High-Low,Coldspot 99%
98019,Codogno,98,Lodi,3,45.160066,9.70437,14,0,4,9,1,1530,259868669,303819134,563687803,68069.5,495445.8,0.894637,20.8698,15901,761.9143451302839,0,0.032081,0,0,0,0.001537,0,0,399469,19.574231,no,1103375.52,0.435589,Non signif,Hotspot 95%
51005,Bucine,51,Arezzo,9,43.479199,11.616975,8,1,4,2,1,589,100482430,25173592,125656022,10975.6,121186.9,0.916157,131.4672,10087,76.72636216485938,6.102903,2.994843,164,308,0.046421,0.02278,4664544,1168596,2289005,29.518286,no,370915.03,-0.334499,Non signif,Non signif
28096,Veggiano,28,Padova,5,45.448322,11.710822,12,0,5,7,0,494,232297379,0,232297379,18102.5,237030.2,0.899026,16.4124,4765,290.32926323998925,0,1.379386,0,47,0,0.084045,0,0,19523516,17.804557,no,413595.2,-0.356742,Non signif,Non signif
108048,Verano Brianza,108,Monza e della Brianza,3,45.688186,9.230477,5,0,4,1,0,183,66011427,0,66011427,5521.4,55490.6,0.885142,3.5183999999999997,9229,2623.067303319691,0.002682,0.048692,0,31,0.000762,0.013839,50319,0,913548,13.279771,no,87661.67,0.189956,Non signif,Non signif
15140,Melegnano,15,Milano,3,45.358789,9.323976,9,0,5,4,0,249,114958415,0,114958415,8390.1,199011.1,0.836081,4.9986,18127,3626.4153963109675,0,0.155054,0,365,0,0.031019,0,0,3565951,15.050002,no,173012.44,0.210995,Non signif,Non signif
12034,Caronno Pertusella,12,Varese,3,45.594935,9.050761,13,0,3,9,1,826,318039698,93534810,411574508,48462.6,425753.4,0.8823,8.4003,17775,2115.9958572908113,0,0.443781,0,13,0,0.052829,0,0,16801778,11.229804,no,462190.12,-0.038234,Non signif,Non signif
15105,Garbagnate Milanese,15,Milano,3,45.577145,9.080025,13,0,5,7,1,897,266303253,112085166,378388419,52118.3,304167.2,0.910654,8.9952,27155,3018.832266097474,0,0.079112,0,182,0,0.008795,0,0,2342114,15.050002,no,569474.65,0.132107,Non signif,Non signif
26019,Codognè,26,Treviso,5,45.866795,12.433908,9,0,4,5,0,563,168055920,0,168055920,18263.7,166614.6,0.89254,21.750999999999998,5339,245.45997885154708,0,0,0,0,0,0,0,0,0,21.139592,no,355263.36,0.445426,Non signif,Non signif
6001,Acqui Terme,6,Alessandria,1,44.675145,8.467546,9,1,2,6,0,587,180224020,0,180224020,26126.3,194185,0.871175,33.2973,19651,590.167971577275,1.397605,1.602418,133,61,0.041974,0.048125,7564637,0,8673202,20.84217,no,375625.97,0.23356,Non signif,Coldspot 99%
99006,Mondaino,99,Rimini,8,43.855706,12.671392,1,0,0,1,0,57,10351238,0,10351238,1437.6,11218.7,0.918099,19.8398,1390,70.06119013296505,5.162233,0,118,0,0.260196,0,2693349,0,0,28.763441,no,29773.72,0.406806,Non signif,Non signif
48014,Empoli,48,Firenze,9,43.719488,10.945856,55,1,26,25,3,4146,812870899,612459913,1425330812,157453.6,1791826.2,0.849161,62.2096,48626,781.6478485635657,3.830794,7.664548,294,2196,0.061579,0.123205,50055634,37714561,100149945,35.050589,no,4995868.52,0.137253,Non signif,Non signif
10049,Ronco Scrivia,10,Genova,7,44.613299,8.952368,2,0,0,2,0,169,88013300,0,88013300,8358.5,61414.5,0.913325,30.1133,4365,144.9525624889999,2.785603,0.892934,101,670,0.092504,0.029652,8141589,0,2609813,24.504626,no,215673.3,-0.177996,Non signif,Non signif
65137,Scafati,65,Salerno,15,40.749989,14.526949,22,1,9,11,1,1610,366169479,29937566,396107045,33976.4,339319.9,0.894399,19.8952,50686,2547.649684345973,0,1.201579,0,2543,0,0.060395,0,0,22114960,25.585615,no,1013464.22,0.334644,Non signif,Non signif
6174,Tortona,6,Alessandria,1,44.89666,8.864128,23,1,6,11,5,4219,299363906,2999662890,3299026796,324082.5,2124490.5,0.890525,98.8681,27299,276.11534964260466,0.247741,5.917784,14,95,0.002506,0.059855,750138,7516474,17918529,20.84217,no,6875887.84,0.15696,Non signif,Non signif
26086,Treviso,26,Treviso,5,45.806691,12.206316,40,3,10,23,4,3347,718764114,292205303,1010969417,102694.4,1011585.6,0.881762,55.579499999999996,84954,1528.5132108061428,0,0.210036,0,215,0,0.003779,0,0,2716223,21.139592,no,2137148.08,0.165532,Non signif,Non signif
26028,Fontanelle,26,Treviso,5,45.831333,12.467546,8,0,2,5,1,611,92534275,154724067,247258342,27520.4,228557.8,0.881529,35.3534,5744,162.47376489955704,0,0.002902,0,1,0,0.000082,0,0,7596,21.139592,no,522694.04,0.043746,Non signif,Non signif
100003,Montemurlo,100,Prato,9,43.926966,11.03744,49,2,22,24,1,1819,785286185,110791700,896077885,72830.1,874804.7,0.878983,30.7731,18779,610.2407622241503,0.643283,2.481246,16,2196,0.020904,0.08063,16415676,2315997,63317904,30.888404,no,2767841.55,-0.190418,Non signif,Coldspot 95%
14038,Lovero,14,Sondrio,3,46.2314,10.228556,1,0,1,0,0,20,6788185,0,6788185,1114.6,7988.8,0.883917,13.460799999999999,657,48.8083917746345,1.159212,0.517242,2,1,0.086118,0.038426,584582,0,260841,12.776609,no,8673,1.001075,Non signif,Non signif
27026,Noale,27,Venezia,5,45.550123,12.072088,7,0,0,6,1,605,148363587,43241733,191605320,21085.5,195774.4,0.879549,24.6901,16017,648.7215523630929,0,0.979705,0,132,0,0.03968,0,0,5887078,17.526854,no,335823.86,0.391818,Non signif,Non signif
26056,Pederobba,26,Treviso,5,45.86952,11.969551,6,0,3,3,0,300,126679096,0,126679096,13786.6,128805.1,0.888361,27.3169,7353,269.1740277996405,0.001433,0,0,0,0.000052,0,6645,0,0,21.139592,no,267794.44,-0.078548,Non signif,Non signif
48005,Calenzano,48,Firenze,9,43.865249,11.167368,49,0,29,14,6,2396,621700333,704892754,1326593087,100224.3,1154979.9,0.879574,76.97109999999999,17914,232.73670247664384,15.619516,1.414748,676,85,0.202927,0.01838,126159796,143041786,11427007,35.050589,no,4649786.97,-0.148552,Non signif,Non signif
37060,Zola Predosa,37,Bologna,8,44.489665,11.218309,29,0,10,14,5,10884,525781830,1561074840,2086856670,150731,1549230.5,0.903836,37.7477,18939,501.72593297075053,0.428979,5.768852,37,2817,0.011364,0.152827,5975182,17740639,80353440,38.815968,no,8100336.17,-0.301781,Non signif,Non signif
108042,Sulbiate,108,Monza e della Brianza,3,45.633999,9.420684,6,0,1,5,0,288,107030433,0,107030433,14613.7,126002.9,0.87628,5.2019,4283,823.3530056325573,0,0.757501,0,1773,0,0.14562,0,0,15585778,13.279771,no,142133.97,0.342637,Non signif,Non signif
15097,Cusago,15,Milano,3,45.446245,9.033528,14,1,4,8,1,1315,203759295,108644355,312403650,22188.7,332649.9,0.856854,11.458699999999999,4000,349.07973853927587,0,0,0,0,0,0,0,0,0,15.050002,no,470167.56,-0.166674,Non signif,Non signif
2152,Valduggia,2,Vercelli,1,45.728369,8.329923,7,0,1,6,0,458,208078680,0,208078680,20876.1,165238.8,0.92211,28.4263,1982,69.7241638904817,0.258551,0.185447,57,156,0.009095,0.006524,1892577,0,1357460,17.175786,no,357391.49,-0.449179,Non signif,Coldspot 95%
65087,Padula,65,Salerno,15,40.341642,15.658254,4,1,1,2,0,55,69478937,0,69478937,8610.9,69126.3,0.892852,67.1167,5377,80.11418916603469,6.147164,0.210462,1005,6,0.091589,0.003136,6363519,0,217869,25.585615,no,177766.13,-0.254553,Non signif,Non signif
16212,Telgate,16,Bergamo,3,45.628881,9.851659,19,0,4,13,2,1077,413954684,342342824,756297508,89612.8,575413.5,0.909744,8.3027,5040,607.0314476013828,0,0.006049,0,0,0,0.000729,0,0,301590,21.203762,no,1603635.22,-0.037095,Non signif,Non signif
46017,Lucca,46,Lucca,9,44.017764,10.45443,41,0,15,22,4,2611,742816679,264773966,1007590645,114436.1,1156923,0.874219,185.7909,89243,480.34107160253814,44.629761,23.191336,4483,9668,0.240215,0.124825,178435708,63602678,92722040,29.45658,no,2968017.48,0.281424,Non signif,Hotspot 95%
63006,Bacoli,63,Napoli,15,40.796613,14.077783,5,0,3,2,0,165,83428908,0,83428908,9623.1,60563.1,0.910741,13.4678,26412,1961.1220837850278,1.671505,0.094371,1714,269,0.124111,0.007007,10354463,0,584600,35.751904,no,298274.23,0.072976,Non signif,Non signif
55012,Ferentillo,55,Terni,10,42.620768,12.788726,2,0,2,0,0,55,11068676,0,11068676,1237.7,12248.5,0.882564,69.5872,1873,26.915869585211073,7.508133,1.531562,226,99,0.107895,0.022009,1194258,0,243613,34.830185,no,38552.4,0.614944,Non signif,Non signif
80063,Reggio di Calabria,80,Reggio di Calabria,18,38.103539,15.639756,5,2,2,1,0,118,14805881,0,14805881,697.3,13274.1,0.898454,239.0407,181447,759.0632055545353,5.380464,8.542491,868,6716,0.022509,0.035737,333259,0,529111,48.652369,no,72034.12,-0.402281,Non signif,Non signif
65079,Nocera Superiore,65,Salerno,15,40.74156,14.671504,14,1,6,4,3,1133,170600729,535627694,706228423,64218.2,717749,0.900679,14.6627,24369,1661.9722152127508,5.968846,0.361573,1385,452,0.407077,0.024659,69447611,218041644,4206907,25.585615,no,1806928.83,-0.198098,Non signif,Hotspot 95%
44007,Ascoli Piceno,44,Ascoli Piceno,11,42.88342,13.539593,27,0,5,17,5,4644,559789727,1075889682,1635679409,196537.1,2278863.7,0.896882,158.02190000000002,48773,308.64709258653386,6.881527,2.858961,276,920,0.043548,0.018092,24377685,46852771,10127818,32.834347,no,5370646.51,-0.0232,Non signif,Non signif
40013,Forlimpopoli,40,Forlì-Cesena,8,44.187305,12.125906,6,0,3,3,0,226,140292892,0,140292892,11727,106350.2,0.914858,24.4592,13294,543.5173676980442,0,6.786817,0,2400,0,0.277475,0,0,38927773,31.154462,no,437074.95,-0.560585,Non signif,Non signif
16245,Zanica,16,Bergamo,3,45.63946,9.684126,15,0,7,8,0,583,269952120,0,269952120,27439.8,266645.8,0.891161,14.9525,8744,584.7851529844507,0,0.041544,0,0,0,0.002778,0,0,750035,21.203762,no,572400.04,0.041328,Non signif,Non signif
71036,Orta Nova,71,Foggia,16,41.32993,15.710656,3,1,1,0,1,114,7783308,105041770,112825078,5528.5,119112,0.791032,105.23989999999999,17675,167.94960846599056,0,3.150837,0,50,0,0.02994,0,0,233029,37.634206,no,424608.22,0.00388,Non signif,Non signif
15087,Cornaredo,15,Milano,3,45.501685,9.025746,14,1,10,3,0,384,168317895,0,168317895,12405.7,176000,0.859711,11.0676,20534,1855.3254544797426,0,0,0,0,0,0,0,0,0,15.050002,no,253318.47,-0.174422,Non signif,Non signif
17081,Gussago,17,Brescia,3,45.592664,10.15345,24,2,7,13,2,1611,404336798,457709641,862046439,136379.3,694648.1,0.889645,25.089499999999997,16681,664.8598019091653,0.182803,0.998381,24,262,0.007286,0.039793,2946012,3334889,16089686,20.48295,no,1765725.4,0.173899,Non signif,Non signif
16052,Caprino Bergamasco,16,Bergamo,3,45.74528,9.481748,1,0,1,0,0,19,12350881,0,12350881,1555.2,13039.1,0.903005,8.7839,3079,350.5276699415977,0.805061,0.191868,71,38,0.091652,0.021843,1131982,0,269782,21.203762,no,26188.51,0.211175,Non signif,Non signif
28093,Trebaseleghe,28,Padova,5,45.591812,12.050999,20,0,9,10,1,1297,376376184,100783615,477159799,50316.1,503682.1,0.890789,30.6565,12916,421.3135876567775,0,0.041719,0,5,0,0.001361,0,0,512193,17.804557,no,849561.89,0.00528,Non signif,Non signif
71020,Cerignola,71,Foggia,16,41.264812,15.899665,19,0,8,10,1,892,256662832,87572242,344235074,29031.9,344616,0.870122,593.934,58540,98.5631400121899,0.10018,12.396099,0,1072,0.000169,0.020871,43292,14771,5356854,37.634206,no,1295501.37,-0.065984,Non signif,Hotspot 95%
35036,Rubiera,35,Reggio nell'Emilia,8,44.653201,10.781081,15,1,4,8,2,1459,364347104,852866185,1217213289,90213.7,527813.3,0.894639,25.194499999999998,14833,588.7396058663597,0,2.322612,0,327,0,0.092187,0,0,33588162,36.618436,no,4457244.64,-0.243695,Non signif,Non signif
60038,Frosinone,60,Frosinone,12,41.628259,13.576332,34,1,16,12,5,2331,394267162,732299170,1126566332,101740.9,1183426,0.83477,46.8451,46063,983.3045505292976,0.979572,0.536373,1093,177,0.020911,0.01145,8244471,15313016,4514330,34.188464,no,3851557.27,0.256975,Non signif,Non signif
62019,Castelvenere,62,Benevento,15,41.23482,14.546532,1,0,1,0,0,19,11475744,0,11475744,652.6,7717.7,0.91194,15.436,2652,171.80616740088107,0.02593,0.10311,7,3,0.00168,0.00668,19277,0,76656,40.937916,no,46979.3,-0.586426,Non signif,Non signif
19061,Motta Baluffi,19,Cremona,3,45.055097,10.259247,1,0,0,1,0,50,26398224,0,26398224,2350.6,30591.9,0.8555,16.4691,897,54.465635644935055,0,4.348419,0,2,0,0.264035,0,0,6970055,21.210647,no,55992.34,0.013484,Non signif,Non signif
26038,Mareno di Piave,26,Treviso,5,45.840856,12.351255,7,0,2,5,0,360,105586178,0,105586178,11192.4,101726.5,0.89454,27.771,9613,346.1524612005329,0,0,0,0,0,0,0,0,0,21.139592,no,223204.87,0.179045,Non signif,Non signif
26092,Vittorio Veneto,26,Treviso,5,45.989665,12.296436,22,1,10,8,3,2992,453772303,950971866,1404744169,116768.5,1020996.1,0.912561,82.8035,28389,342.8478264807647,1.569185,0,87,0,0.018951,0,8599307,18021591,0,21.139592,no,2969571.84,-0.456709,Non signif,Non signif
5005,Asti,5,Asti,1,44.826013,8.202686,16,0,8,5,3,1230,226154058,205771813,431925871,37562.2,528185,0.877629,151.3136,76211,503.6625921265504,1.190584,6.934361,98,581,0.007868,0.045828,1779453,1619079,10364130,21.748752,no,939384.86,-0.025315,Non signif,Non signif
82064,San Giuseppe Jato,82,Palermo,19,37.970486,13.182489,2,1,1,0,0,12,13348743,0,13348743,1163.6,18370.9,0.901203,29.7819,8634,289.90762845889617,0.536688,0,242,0,0.018021,0,240552,0,0,29.57954,no,39484.97,-0.456768,Low-High,Hotspot 99%
17195,Verolanuova,17,Brescia,3,45.328581,10.076086,16,0,8,6,2,1062,300482506,209323014,509805520,64451,503258.3,0.860503,25.7599,8175,317.3537164352346,0,0.201278,0,405,0,0.007814,0,0,2347855,20.48295,no,1044232.09,0.058133,Non signif,Non signif
110009,Trani,110,Barletta-Andria-Trani,16,41.275088,16.416258,10,1,3,6,0,692,153135708,0,153135708,9066.9,110791.9,0.898951,103.4135,56031,541.8151401896271,0.159974,1.190118,60,1694,0.001547,0.011508,236891,0,1762338,22.254355,no,340793.65,-0.362502,Non signif,Non signif
63044,Massa Lubrense,63,Napoli,15,40.611036,14.345089,2,0,2,0,0,55,24670512,0,24670512,2019.6,21734.6,0.892114,19.8365,14294,720.5908300355405,5.886375,0.247085,1261,199,0.296745,0.012456,7320842,0,307298,35.751904,no,88201.78,-0.730039,Non signif,Non signif
15170,Pero,15,Milano,3,45.510236,9.089457,29,0,12,9,8,3719,350887404,627834233,978721637,86676.8,1170813.8,0.867332,4.9783,11342,2278.2877689171,0,0.104574,0,329,0,0.021006,0,0,7370729,15.050002,no,1472976.26,0.318797,Non signif,Non signif
54044,San Giustino,54,Perugia,10,43.54898,12.17583,8,0,3,5,0,550,191126800,0,191126800,22411.2,148508.1,0.9182,79.9826,11213,140.19299197575472,5.795053,0.591371,30,718,0.072454,0.007394,13847886,0,1413143,38.922787,no,743918.77,-0.583868,Low-Low,Coldspot 99%
35026,Luzzara,35,Reggio nell'Emilia,8,44.961655,10.687068,10,0,2,7,1,682,192110990,73195000,265305990,25330,208576.6,0.922642,38.5367,8962,232.55753606302562,0,7.531844,0,55,0,0.195446,0,0,37547325,36.618436,no,971509.03,-0.305238,Low-Low,Coldspot 99%
4163,Peveragno,4,Cuneo,1,44.330015,7.617468,4,0,1,3,0,187,74740258,0,74740258,10255,92376.4,0.842686,67.9197,5561,81.87609780372999,0.07769,2.134896,2,164,0.001144,0.031433,85492,0,2349284,16.396584,no,122548.49,0.334295,Non signif,Non signif
24057,Marostica,24,Vicenza,5,45.745392,11.656894,6,0,2,2,2,1646,72058795,579510145,651568940,137140.5,459799.6,0.898447,36.5294,14039,384.3205746604105,0.00644,0,1,0,0.000176,0,12704,102166,0,21.315155,no,1388829.31,0.595971,Non signif,Non signif
28061,Pernumia,28,Padova,5,45.258989,11.787209,5,0,2,1,2,3075,29794427,487699833,517494260,37491.9,586957.9,0.872927,13.1799,3852,292.26321899255686,0,0.089507,0,11,0,0.006791,0,0,202339,17.804557,no,921375.61,-0.345,Non signif,Non signif
63041,Marano di Napoli,63,Napoli,15,40.89761,14.190528,6,0,2,3,1,819,148187394,28928922,177116316,15148.4,108632.1,0.908082,15.6417,59862,3827.077619440342,3.293629,0.611979,2072,1224,0.210567,0.039125,31203405,6091482,5797808,35.751904,no,633224.56,0.057315,Non signif,Non signif
23055,Oppeano,23,Verona,5,45.306214,11.18234,17,0,9,8,0,556,304175486,0,304175486,18340.9,356760.5,0.835126,46.726400000000005,10017,214.37559923298176,0,0,0,0,0,0,0,0,0,20.167921,no,613458.73,0.021341,Non signif,Non signif
83072,Roccalumera,83,Messina,19,37.976263,15.395189,1,0,1,0,0,32,5337609,0,5337609,362.2,8614.8,0.829111,8.9062,4104,460.80258696189173,0.039603,0,8,0,0.004447,0,23735,0,0,44.663628,no,23839.7,-0.783318,Non signif,Non signif
36007,Castelnuovo Rangone,36,Modena,8,44.551334,10.935016,17,0,5,9,3,1136,284915364,686577650,971493014,78978.9,1066476.5,0.856194,22.441,15035,669.9790561917919,0,0.299353,0,17,0,0.01334,0,0,3800645,36.541065,no,3549938.9,0.299064,Non signif,Non signif
28041,Gazzo,28,Padova,5,45.581,11.706548,3,0,2,1,0,105,30820661,0,30820661,4491.4,33396.2,0.895106,22.71,4294,189.07970057243503,0,0,0,0,0,0,0,0,0,17.804557,no,54874.82,0.098995,Non signif,Non signif
20051,Rodigo,20,Mantova,3,45.199577,10.624984,5,0,2,2,1,480,75532297,105524000,181056297,27940,155432.9,0.869501,41.61109999999999,5272,126.6969630699501,0,3.178621,0,526,0,0.076389,0,0,5769820,21.044843,no,381030.13,0.026678,Non signif,Non signif
27034,San Michele al Tagliamento,27,Venezia,5,45.763918,12.995425,3,0,0,3,0,315,128917651,0,128917651,15009.8,75453.9,0.900016,114.38850000000001,11822,103.34954999847012,0,34.991123,0,391,0,0.305897,0,0,39435550,17.526854,no,225952.09,0.824515,Non signif,Non signif
28076,San Giorgio in Bosco,28,Padova,5,45.591851,11.805959,6,0,4,2,0,139,98559908,0,98559908,10608.9,98907.8,0.894057,28.3506,6346,223.84005982236707,0,4.389653,0,422,0,0.154835,0,0,15260481,17.804557,no,175481.55,-0.42657,Non signif,Non signif
1300,Villafranca Piemonte,1,Torino,1,44.778939,7.500424,5,0,2,2,1,189,44526673,73411486,117938159,8155.2,189167,0.845305,50.7861,4658,91.7180094553431,0,8.674207,0,61,0,0.170799,0,0,7605104,20.594868,no,242892.08,-0.324361,Non signif,Non signif
24004,Altavilla Vicentina,24,Vicenza,5,45.508429,11.470686,35,0,13,12,10,4492,534555511,2156157854,2690713365,162616,2540848.1,0.866862,16.723699999999997,12013,718.3219024498169,0,0.445445,0,55,0,0.026636,0,0,14238182,21.315155,no,5735297.29,-0.233169,Non signif,Non signif
1194,Piossasco,1,Torino,1,44.990555,7.463704,3,0,0,1,2,3057,15876413,617552592,633429005,38539.8,375553.6,0.937509,40.1465,18322,456.37851369359714,0.347813,1.328443,4,368,0.008664,0.03309,137547,5350225,525349,20.594868,no,1304538.67,0.211079,Non signif,Non signif
19055,Madignano,19,Cremona,3,45.3443,9.726703,2,0,1,1,0,88,34374363,0,34374363,4734.1,32984.2,0.90017,10.761800000000001,2847,264.546823022171,0,0.689389,0,1,0,0.064059,0,0,2201984,21.210647,no,72910.25,0.132813,Non signif,Non signif
26025,Crocetta del Montello,26,Treviso,5,45.833996,12.032327,11,0,5,4,2,896,186005076,191298095,377303171,40915.4,391084.7,0.89965,26.5687,6106,229.81929864840959,0,0,0,0,0,0,0,0,0,21.139592,no,797603.5,-0.254017,Non signif,Non signif
17074,Gardone Riviera,17,Brescia,3,45.618785,10.559101,2,0,0,2,0,163,73015520,0,73015520,6811.6,21664,0.974337,21.393800000000002,2631,122.97955482429488,0.357501,6.29794,39,18,0.01671,0.294382,1220126,0,21494422,20.48295,no,149557.32,-0.405598,Non signif,Non signif
12026,Busto Arsizio,12,Varese,3,45.611906,8.852052,66,3,27,31,5,3808,1032018847,433564711,1465583558,120830.4,1345517.8,0.894747,30.6602,83405,2720.301889746316,0,0.017887,0,0,0,0.000583,0,0,602074,11.229804,no,1645821.66,-0.217526,Non signif,Coldspot 95%
63053,Piano di Sorrento,63,Napoli,15,40.632645,14.411091,8,0,5,2,1,628,90274384,7554488,97828872,12046.9,78141.4,0.897429,7.3355999999999995,13008,1773.2700801570425,1.909856,0.110912,458,321,0.260354,0.01512,23503336,1966844,1364921,35.751904,no,349756.85,0.030605,Non signif,Non signif
70006,Campobasso,70,Campobasso,14,41.717265,14.826227,11,0,6,4,1,897,125417558,115107370,240524928,11751.3,168486.8,0.898136,56.1126,49262,877.9133385371556,10.330867,0.039873,2684,11,0.18411,0.000711,23090573,21192369,89120,35.851049,no,862307.1,-0.076733,Non signif,Non signif
1237,San Carlo Canavese,1,Torino,1,45.247826,7.610843,1,0,0,1,0,189,37359788,0,37359788,3142.6,15129.6,0.97076,20.9071,3996,191.13124249656815,0,0.034872,0,9,0,0.001668,0,0,62314,20.594868,no,76941.99,-0.019287,Low-Low,Coldspot 99%
61015,Capua,61,Caserta,15,41.107998,14.209718,6,0,0,5,1,818,293010762,32270342,325281104,25585.9,212311.4,0.89461,48.6039,18484,380.2987003100574,3.710829,23.428042,684,949,0.076348,0.48202,22370897,2463788,141236988,28.435248,no,924944.9,-0.439371,Non signif,Non signif
17076,Gargnano,17,Brescia,3,45.688138,10.663501,1,0,0,1,0,60,24427701,0,24427701,2049.9,8952.5,0.976231,76.75479999999999,2865,37.32665579221105,3.243842,19.431232,124,50,0.042262,0.25316,1032373,0,6184113,20.48295,no,50035.14,-0.68177,Non signif,Non signif
13065,Cernobbio,13,Como,3,45.841394,9.075905,3,0,2,1,0,31,52273343,0,52273343,5519.8,43208.6,0.884052,12.281500000000001,6718,547.0015877539388,1.193905,1.763445,202,47,0.097212,0.143585,5081578,0,7505693,12.029442,no,62881.91,0.030065,Non signif,Non signif
80027,Cinquefrondi,80,Reggio di Calabria,18,38.415957,16.097429,3,0,0,3,0,180,52031821,0,52031821,8810.8,46173.1,0.874885,29.9514,6480,216.35048779022017,1.296296,1.140229,152,134,0.04328,0.038069,2251936,0,1980815,48.652369,no,253147.13,-0.104845,Non signif,Non signif
97017,Cassago Brianza,97,Lecco,3,45.738206,9.291088,5,0,3,2,0,310,62698151,0,62698151,7249.4,85842.8,0.870493,3.5477,4371,1232.0658454773516,0,0,0,0,0,0,0,0,0,14.425007,no,90442.13,-0.223445,Non signif,Coldspot 95%
63089,Volla,63,Napoli,15,40.878411,14.342932,17,1,10,6,0,870,240704466,0,240704466,24207.1,301633.9,0.845551,6.2022,24354,3926.67118119377,0,0.039536,0,17,0,0.006375,0,0,1534374,35.751904,no,860564.31,0.485007,Non signif,Non signif
79023,Catanzaro,79,Catanzaro,18,38.82996,16.431557,32,1,18,10,3,2874,301184433,655242299,956426732,96237.5,844868,0.876557,112.7244,89718,795.905766630827,13.982251,6.764866,8912,3334,0.124039,0.060012,37358694,81275769,18074812,52.451966,no,5016646.24,0.2503,Non signif,Non signif
17179,Sirmione,17,Brescia,3,45.468849,10.607824,3,0,1,1,1,522,57762486,92903709,150666195,12142.5,64144.6,0.964714,26.2522,8243,313.99273203769593,0,18.864722,0,307,0,0.718596,0,0,41507883,20.48295,no,308608.81,-1.00563,Non signif,Non signif
5080,Nizza Monferrato,5,Asti,1,44.77331,8.353709,7,0,5,2,0,353,102090958,0,102090958,8153.4,101191.1,0.880107,30.3636,10313,339.650107365398,0.001418,0.110569,0,46,0.000047,0.003641,4768,0,371764,21.748752,no,222035.09,-0.404732,Non signif,Coldspot 95%
61010,Calvi Risorta,61,Caserta,15,41.216538,14.128731,1,0,0,1,0,64,20066039,0,20066039,1986.5,9073.5,0.961286,15.958,5624,352.4251159293145,2.209017,0,657,0,0.138427,0,2777680,0,0,28.435248,no,57058.28,0.177362,High-High,Hotspot 99%
24003,Alonte,24,Vicenza,5,45.365037,11.427363,6,0,1,4,1,970,108574220,96767154,205341374,18137.4,205696.3,0.911115,11.145299999999999,1610,144.4555103945161,0,0,0,0,0,0,0,0,0,21.315155,no,437688.32,-0.317447,Non signif,Non signif
36020,Marano sul Panaro,36,Modena,8,44.455898,10.966384,6,0,1,5,0,484,98258399,0,98258399,8985.1,126314.1,0.851048,45.4661,5167,113.6451114126789,7.019117,1.439368,152,72,0.154381,0.031658,15169262,0,3110669,36.541065,no,359046.65,-0.092619,Non signif,Non signif
48024,Lastra a Signa,48,Firenze,9,43.770985,11.107215,9,0,5,3,1,387,81967867,100748109,182715976,17452.7,189776.7,0.887368,42.8998,20308,473.38216028979156,11.07235,3.14491,953,5647,0.258098,0.073308,21155738,26002879,6008922,35.050589,no,640430.27,-0.380571,Non signif,Non signif
64101,Solofra,64,Avellino,15,40.829131,14.845652,9,1,5,3,0,324,96247910,0,96247910,7164.5,83599.9,0.906036,22.2139,12470,561.3602294059125,13.608735,0.365377,2461,1047,0.612623,0.016448,58963635,0,1583098,37.737871,no,363219.12,-0.597213,Non signif,Non signif
36046,Vignola,36,Modena,8,44.478414,11.009093,18,1,10,6,1,835,266684502,11305423,277989925,24793.1,321449.7,0.847664,22.8616,25313,1107.2278405710886,0.022184,1.139971,2,146,0.00097,0.049864,258780,10970,13297958,36.541065,no,1015804.78,0.034028,Non signif,Non signif
4136,Montanera,4,Cuneo,1,44.462233,7.665633,3,0,0,2,1,238,30691890,56612576,87304466,9816.3,183335,0.826505,11.6273,745,64.07334462858961,0.049627,1.741486,11,34,0.004268,0.149776,130997,241631,4596897,16.396584,no,143149.5,0.339932,Non signif,Non signif
54015,Corciano,54,Perugia,10,43.129027,12.287718,20,0,7,8,5,3687,304640408,1376856215,1681496623,262844.7,1455375.1,0.900778,63.724,21427,336.2469399284414,0.353537,0.487157,121,26,0.005548,0.007645,1690127,7638717,2328914,38.922787,no,6544853.42,0.126198,Non signif,Non signif
92051,Quartu Sant'Elena,92,Cagliari,20,39.239973,9.188097,5,1,0,4,0,398,47480335,0,47480335,4304.3,61626.6,0.841932,96.4117,70879,735.1701090220378,0.749269,1.196013,1,371,0.007772,0.012405,368996,0,589006,12.810064,si,60822.61,0.478127,Non signif,Non signif
76097,Viggianello,76,Potenza,17,39.973195,16.085353,1,0,0,1,0,34,19552541,0,19552541,3711,20329.6,0.884885,120.82870000000001,2940,24.331967487856772,0.550691,0.593454,0,37,0.004558,0.004912,89113,0,96033,40.913322,no,79995.94,0.092887,Non signif,Non signif
1028,Borgaro Torinese,1,Torino,1,45.152145,7.657973,8,0,4,3,1,540,84186941,74939225,159126166,14452.2,171799.7,0.858066,11.176400000000001,11889,1063.7593500590528,0,1.003914,0,61,0,0.089824,0,0,7562046,20.594868,no,327718.24,0.393962,Non signif,Non signif
16089,Curno,16,Bergamo,3,45.691514,9.610966,11,2,4,4,1,488,129188139,86141415,215329554,19930.8,202381.5,0.896344,4.7049,7574,1609.8110480562816,0,0.207368,0,767,0,0.044075,0,0,5693954,21.203762,no,456579.66,0.14053,Non signif,Non signif
13136,Lurago d'Erba,13,Como,3,45.74864,9.213197,7,0,5,2,0,306,98815425,0,98815425,8736.7,85506.4,0.871772,4.6988,5383,1145.6116455265173,0,0,0,0,0,0,0,0,0,12.029442,no,118869.44,0.371988,Non signif,Non signif
3082,Invorio,3,Novara,1,45.756972,8.488326,8,0,4,4,0,395,106287460,0,106287460,7204.4,92860,0.903394,17.372,4439,255.52613400874972,0.0188,0.045063,0,0,0.001082,0.002594,115024,0,275710,12.08995,no,128501.01,-0.669615,Non signif,Non signif
4055,Castiglione Falletto,4,Cuneo,1,44.623699,7.977453,1,0,0,1,0,22,46313309,0,46313309,6848.5,18302.5,0.967938,4.7203,709,150.20231764930196,1.031939,0.326797,48,29,0.218617,0.069232,10124888,0,3206375,16.396584,no,75938.01,-0.307045,Non signif,Non signif
3008,Arona,3,Novara,1,45.759837,8.560408,6,1,3,2,0,131,46551302,0,46551302,4814.3,88472.4,0.834835,15.1701,13966,920.6267592171442,0.067144,2.630805,49,355,0.004426,0.17342,206040,0,8072946,12.08995,no,56280.29,0.020311,Non signif,Non signif
24091,Sandrigo,24,Vicenza,5,45.660608,11.602928,19,0,4,12,3,1977,417849003,437182744,855031747,91118.3,821668.4,0.89501,27.9914,8457,302.12851089977636,0,0,0,0,0,0,0,0,0,21.315155,no,1822513.44,0.450022,Non signif,Non signif
16062,Castelli Calepio,16,Bergamo,3,45.631966,9.896063,21,1,9,10,1,1406,631075333,211891763,842967096,66752.3,435186,0.905347,10.152899999999999,10453,1029.5580573038246,0.004201,0.282551,0,84,0.000414,0.02783,261122,87675,17562565,21.203762,no,1787407.34,-0.465773,Low-Low,Coldspot 99%
27024,Mirano,27,Venezia,5,45.49277,12.109877,17,0,7,9,1,1013,360297520,73660743,433958263,47463.2,513234.3,0.846942,45.630900000000004,27169,595.4079362887867,0,3.514858,0,1887,0,0.077028,0,0,27753006,17.526854,no,760592.33,0.449936,Non signif,Non signif
93035,Pravisdomini,93,Pordenone,6,45.818909,12.694425,8,0,4,4,0,433,101972952,0,101972952,8486.5,100089.5,0.881491,16.2111,3500,215.90145024088434,0,1.67767,0,18,0,0.103489,0,0,10553076,22.312037,no,227522.43,-0.045824,Non signif,Non signif
26090,Vidor,26,Treviso,5,45.861641,12.038749,5,0,1,4,0,269,188492573,0,188492573,15656,169977.4,0.882083,13.426099999999998,3687,274.6143705171271,0,0,0,0,0,0,0,0,0,21.139592,no,398465.61,-0.028446,Non signif,Non signif
30007,Attimis,30,Udine,6,46.189326,13.307128,2,0,2,0,0,24,16523247,0,16523247,989.9,10151.7,0.936092,33.2377,1744,52.47053797344582,0.260036,0,4,0,0.007824,0,129270,0,0,22.91097,no,37856.36,-0.861328,Non signif,Coldspot 95%
92009,Cagliari,92,Cagliari,20,39.216953,9.112851,75,2,29,37,7,9837,1067650645,1293704219,2361354864,184075.4,2119022.1,0.866454,85.01379999999999,154106,1812.7174646939675,1.283221,33.542589,641,2162,0.015094,0.394555,16115404,19527517,421246513,12.810064,si,3024910.77,0.083779,Non signif,Non signif
22006,Arco,22,Trento,4,45.918133,10.886095,13,1,6,3,3,2415,127946440,1167030400,1294976840,38678.2,1463003.2,0.875709,63.2184,17716,280.23486832947367,4.389929,0.111201,420,10,0.069441,0.001759,8884688,81039390,225057,14.82766,no,1920147.57,-0.248055,Non signif,Coldspot 95%
31023,Staranzano,31,Gorizia,6,45.805821,13.50026,4,1,1,2,0,251,64990368,0,64990368,6257.2,73123,0.936657,19.6608,7297,371.14461263020837,0,9.016154,0,37,0,0.458585,0,0,29803628,23.340869,no,151693.17,0.514134,Non signif,Non signif
30046,Latisana,30,Udine,6,45.778488,12.996219,3,0,2,1,0,135,84673429,0,84673429,5835.2,68246.3,0.906366,37.798,13478,356.57971321233924,0,0.000119,0,0,0,0.000003,0,0,267,22.91097,no,193995.04,0.021663,Non signif,Non signif
17156,Provaglio d'Iseo,17,Brescia,3,45.635971,10.044167,12,0,3,7,2,1267,173694717,270797047,444491764,55965.9,337738.6,0.912936,16.1599,7351,454.89142878359394,0.350719,0.860571,70,23,0.021703,0.053253,3769704,5877120,9249849,20.48295,no,910450.25,-0.044746,Non signif,Non signif
50033,Santa Croce sull'Arno,50,Pisa,9,43.710108,10.781941,38,3,18,16,1,1131,594623219,70811048,665434267,61800.4,656667,0.862551,16.788800000000002,14627,871.2355856285142,0.340352,1.483296,25,2090,0.020273,0.08835,12054536,1435521,52535157,28.10564,no,1870245.56,-0.205468,Low-Low,Coldspot 99%
28069,Ponte San Nicolò,28,Padova,5,45.365239,11.93727,10,0,7,2,1,496,197818887,96279256,294098143,35143.6,220297.8,0.897155,13.5223,13508,998.942487594566,0,4.102596,0,798,0,0.303395,0,0,60017229,17.804557,no,523628.72,0.182077,Non signif,Non signif
108047,Veduggio con Colzano,108,Monza e della Brianza,3,45.73363,9.262513,5,0,0,3,2,1475,74404453,761339000,835743453,58409,533973.4,0.898636,3.5555000000000003,4345,1222.0503445366332,0,0.041962,0,1,0,0.011802,0,0,878121,13.279771,no,1109848.19,-0.536631,Non signif,Non signif
95038,Oristano,95,Oristano,20,40.026568,8.679642,10,0,3,6,1,879,92491014,89249577,181740591,21913.5,276618.4,0.78775,84.5702,31671,374.4936159545561,0,14.6361,0,342,0,0.173065,0,0,16006912,13.76477,si,250161.74,0.323452,Non signif,Non signif
23071,San Giovanni Lupatoto,23,Verona,5,45.381968,11.044886,21,0,10,8,3,3157,316448215,1160043232,1476491447,86604.3,1145044.2,0.88232,19.0111,25337,1332.7477105480484,0,0,0,0,0,0,0,0,0,20.167921,no,2977776.34,0.062705,Non signif,Non signif
3062,Dormelletto,3,Novara,1,45.736272,8.566628,2,0,1,1,0,69,17174019,0,17174019,1945.7,15713.1,0.911469,7.2523,2600,358.5069564138273,0.009269,2.858939,11,132,0.001278,0.394211,21950,0,6770193,12.08995,no,20763.3,-0.269439,Non signif,Non signif
56054,Vallerano,56,Viterbo,12,42.38397,12.26279,2,0,1,1,0,19,22787336,0,22787336,1491,27370.7,0.816935,15.4519,2590,167.61692736815536,0.022303,0,62,0,0.001443,0,32891,0,0,19.086634,no,43493.35,-0.273674,Non signif,Non signif
15202,San Zenone al Lambro,15,Milano,3,45.327269,9.355253,3,0,3,0,0,122,31614451,0,31614451,2047.5,27882.9,0.919627,7.2356,4475,618.4697882691138,0,0.294459,0,1,0,0.040696,0,0,1286577,15.050002,no,47579.76,-0.500122,Non signif,Non signif
16232,Verdellino,16,Bergamo,3,45.603136,9.61561,12,2,2,6,2,1554,171053944,315820967,486874911,53090.3,429519.8,0.893043,3.8218,7569,1980.4804019048615,0,0,0,0,0,0,0,0,0,21.203762,no,1032357.96,-0.387652,Non signif,Non signif
36013,Fiorano Modenese,36,Modena,8,44.539143,10.811848,43,0,15,16,12,6590,590281778,3112030842,3702312620,281000.5,2309763.9,0.918293,26.2322,17099,651.832480691669,0.793263,0.052679,32,2,0.03024,0.002008,17850150,94107964,1185393,36.541065,no,13528644.46,-0.296244,Non signif,Coldspot 95%
12002,Albizzate,12,Varese,3,45.723943,8.803131,3,0,0,1,2,1105,15590316,488029850,503620166,84427.6,532509.8,0.915283,3.8821,5299,1364.982870096082,0,0.078161,0,25,0,0.020134,0,0,313891,11.229804,no,565555.59,0.31499,Non signif,Coldspot 95%
24110,Trissino,24,Vicenza,5,45.564041,11.374852,16,0,6,9,1,1708,332599148,514067498,846666646,75326.9,537653.6,0.88433,21.957399999999996,8709,396.6316594860959,0.957951,0,118,0,0.043628,0,14510538,22427586,0,21.315155,no,1804683.09,-0.353807,Low-Low,Coldspot 99%
15062,Castano Primo,15,Milano,3,45.551594,8.776992,13,0,6,7,0,666,296447486,0,296447486,29699.3,224829.4,0.890693,19.1735,11228,585.5999165514903,0,2.26446,0,9,0,0.118104,0,0,35011525,15.050002,no,446153.53,-0.162878,Non signif,Coldspot 95%
15036,Buccinasco,15,Milano,3,45.41715,9.109788,25,2,12,8,3,1589,262993779,856494156,1119487935,114211.7,1022900.5,0.865268,12.0042,27171,2263.457789773579,0,0,0,0,0,0,0,0,0,15.050002,no,1684829.57,0.070525,Non signif,Non signif
68042,Tocco da Casauria,68,Pescara,13,42.213694,13.913472,3,0,1,2,0,227,107276068,0,107276068,12519.2,120377.9,0.848287,29.6681,2640,88.98446479552112,9.044971,0,124,0,0.304872,0,32705462,0,0,27.533978,no,295373.69,0.037477,Non signif,Non signif
12124,Sumirago,12,Varese,3,45.739225,8.781004,6,0,2,4,0,448,151920419,0,151920419,14985.6,134729.5,0.902342,11.7499,6149,523.323602754066,0,0,0,0,0,0,0,0,0,11.229804,no,170603.66,0.020936,Non signif,Coldspot 95%
46018,Massarosa,46,Lucca,9,43.86765,10.339716,13,0,7,4,2,813,118282895,146825912,265108807,37271.1,364186.7,0.846109,68.2685,22430,328.5556296095564,12.442289,34.528732,2943,2798,0.182255,0.505778,21557672,26759786,59824932,29.45658,no,780919.89,0.278294,Non signif,Hotspot 99%
27042,Venezia,27,Venezia,5,45.437191,12.33459,127,7,43,58,19,27056,2143988198,6063270602,8207258800,881138.3,6681254.7,0.889808,415.8988,261321,628.3283337196452,0,12.108459,0,55867,0,0.029114,0,0,62419976,17.526854,no,14384743.06,0.10222,Non signif,Non signif
19090,San Giovanni in Croce,19,Cremona,3,45.078872,10.37518,10,0,6,4,0,421,136947507,0,136947507,19023.1,209472.1,0.848424,16.2147,1912,117.91769197086595,0,0.996968,0,98,0,0.061485,0,0,8420278,21.210647,no,290474.52,0.603628,Non signif,Non signif
64015,Calitri,64,Avellino,15,40.902119,15.430556,3,0,3,0,0,81,23657127,0,23657127,1746,27144.8,0.880611,101.05959999999999,4582,45.33958179133898,5.403552,0,422,0,0.053469,0,1264922,0,0,37.737871,no,89276.96,-0.763381,Non signif,Non signif
37005,Bentivoglio,37,Bologna,8,44.635792,11.417193,20,0,6,13,1,1576,856905876,56323677,913229553,34323.2,570546.5,0.851499,51.106300000000005,5513,107.87319762925509,0,9.547507,0,520,0,0.186817,0,0,160084272,38.815968,no,3544788.91,0.117545,Non signif,Coldspot 99%
1197,Poirino,1,Torino,1,44.920845,7.846928,8,0,2,5,1,3094,149062556,553344996,702407552,84037.3,810770.1,0.897005,75.6198,10576,139.85755053570625,0,2.32986,0,140,0,0.03081,0,0,4592645,20.594868,no,1446599.08,-0.1408,Non signif,Non signif
65088,Pagani,65,Salerno,15,40.749888,14.613323,16,1,5,8,2,1932,324814759,120324282,445139041,43901.5,623787.6,0.846747,11.976500000000001,35537,2967.2274871623595,1.544892,0.232661,61,907,0.128994,0.019426,41899029,15521064,6310001,25.585615,no,1138915.6,-0.076307,Non signif,Non signif
86006,Catenanuova,86,Enna,19,37.567971,14.691819,2,0,1,1,0,256,26546577,0,26546577,2550.2,50453.4,0.768706,11.2248,4757,423.793742427482,0.015225,0.240798,4,7,0.001356,0.021452,36007,0,569486,34.389868,no,91293.33,1.074422,Non signif,Non signif
17206,Piancogno,17,Brescia,3,45.919692,10.225262,1,0,0,1,0,34,26409943,0,26409943,3180.5,31098.5,0.854759,14.3023,4671,326.5908280486355,3.709885,0.198826,269,50,0.259391,0.013902,6850496,0,367143,20.48295,no,54095.35,0.941608,Non signif,Non signif
18093,Miradolo Terme,18,Pavia,3,45.171966,9.445558,3,1,1,0,1,262,13916977,95369177,109286154,9549.7,78321.5,0.891244,9.5561,3714,388.6522744634317,0,0,0,0,0,0,0,0,0,18.961299,no,207220.75,0.284105,Non signif,Non signif
39012,Lugo,39,Ravenna,8,44.418878,11.908231,30,1,13,14,2,2042,573357637,760453912,1333811549,106929,1430461.7,0.899792,117.0566,32317,276.08011850677366,0,23.943106,0,6042,0,0.204543,0,0,117276281,37.876303,no,5051985.02,-0.317981,Non signif,Non signif
36037,San Felice sul Panaro,36,Modena,8,44.839415,11.143165,3,0,2,1,0,150,81200337,0,81200337,6665.2,49298.2,0.872009,51.66439999999999,10802,209.08014029002567,0,9.079484,0,2037,0,0.17574,0,0,14270119,36.541065,no,296714.68,0.482524,Non signif,Non signif
6121,Ovada,6,Alessandria,1,44.638346,8.64525,11,0,4,6,1,628,254427599,64134110,318561709,25033.4,245238.4,0.866931,35.3729,11365,321.2911579203288,3.47567,2.304885,102,400,0.098258,0.06516,24999544,6301689,16578408,20.84217,no,663951.74,-0.073445,Non signif,Non signif
35030,Quattro Castella,35,Reggio nell'Emilia,8,44.635605,10.472425,8,0,5,3,0,473,180178918,0,180178918,20874.3,125386.4,0.898322,46.3063,13217,285.42552525250346,2.354204,0.810782,57,158,0.05084,0.017509,9160264,0,3154772,36.618436,no,659787.01,-0.427498,Non signif,Non signif
17143,Pisogne,17,Brescia,3,45.805731,10.10819,10,0,3,4,3,1078,101752143,349774512,451526655,27169.2,329822.3,0.911877,49.228,7982,162.1434955716259,3.864722,6.373978,959,1679,0.078507,0.129479,7988213,27459601,13174736,20.48295,no,924859.79,-0.618254,Non signif,Non signif
26074,San Polo di Piave,26,Treviso,5,45.790108,12.394775,15,0,5,9,1,1006,275443587,154572481,430016068,36532.3,322851.8,0.883247,20.9828,4939,235.38326629429818,0,0,0,0,0,0,0,0,0,21.139592,no,909036.42,0.056966,Non signif,Non signif
48028,Montelupo Fiorentino,48,Firenze,9,43.733153,11.020877,10,0,3,5,2,670,108580659,241631729,350212388,33875.9,353248.1,0.86356,24.6719,14247,577.4585662231121,1.363706,1.644856,242,549,0.055274,0.066669,6001649,13355868,7238986,35.050589,no,1227515.06,-0.174713,Non signif,Non signif
38012,Masi Torello,38,Ferrara,8,44.794578,11.801817,2,0,0,2,0,250,107199620,0,107199620,10021.9,74321.7,0.933944,22.707399999999996,2299,101.24452821547162,0,3.048306,0,114,0,0.134243,0,0,14390782,39.906082,no,427791.68,-0.476906,Non signif,Non signif
20042,Poggio Rusco,20,Mantova,3,44.975558,11.114649,7,0,2,5,0,343,144265604,0,144265604,11922.4,112381.3,0.915799,42.2884,6623,156.6150528277258,0,27.857996,0,2963,0,0.658762,0,0,95036715,21.044843,no,303604.7,-0.332238,Non signif,Non signif
89021,Priolo Gargallo,89,Siracusa,19,37.15793,15.186028,8,1,1,6,0,738,133576625,0,133576625,15745.3,133150.6,0.913203,56.923500000000004,11883,208.7538538564916,0.711396,0,3,0,0.012497,0,1669361,0,0,32.507353,no,434222.25,0.68268,Non signif,Non signif
12029,Cairate,12,Varese,3,45.690919,8.872461,7,1,3,3,0,265,109801477,0,109801477,7547.8,111229,0.910803,11.263699999999998,7720,685.3875724673065,0.020201,0.434874,0,42,0.001793,0.038608,196925,0,4239265,11.229804,no,123304.91,-0.641233,Non signif,Non signif
34024,Neviano degli Arduini,34,Parma,8,44.582365,10.315689,3,0,1,1,1,233,46955519,54138960,101094479,9986.1,88434.5,0.919381,105.95790000000001,3607,34.041822270920804,30.026187,2.465598,810,43,0.283378,0.02327,13306183,15341815,1092636,33.475863,no,338422.49,-0.494435,Low-Low,Coldspot 99%
17042,Castel Mella,17,Brescia,3,45.499592,10.145008,8,0,4,3,1,545,118036774,137809197,255845971,36811.1,301478,0.875899,7.5286,11010,1462.423292511224,0,0.294937,0,47,0,0.039176,0,0,4624155,20.48295,no,524048.02,-0.16309,Non signif,Coldspot 95%
15173,Pieve Emanuele,15,Milano,3,45.355913,9.202072,12,0,4,8,0,734,160659758,0,160659758,15982.2,202361.7,0.881871,12.914000000000001,15949,1235.0162614217127,0,0.122686,0,1,0,0.0095,0,0,1526305,15.050002,no,241792.97,0.27159,Non signif,Non signif
72017,Castellana Grotte,72,Bari,16,40.886431,17.165495,3,1,0,1,1,249,15908058,127349294,143257352,22438.4,109792.2,0.872661,69.12939999999999,19582,283.2658753005234,0,0.403832,0,20,0,0.005842,0,0,92930,14.160402,no,202858.17,0.117203,Non signif,Non signif
51021,Lucignano,51,Arezzo,9,43.274463,11.746,3,0,2,0,1,310,21304636,67825827,89130463,9822.5,78467.6,0.933599,44.8063,3554,79.31920287995214,0.361815,0.459694,7,9,0.008075,0.01026,172037,547700,218577,29.518286,no,263097.85,0.632384,Non signif,Non signif
26043,Mogliano Veneto,26,Treviso,5,45.561289,12.237697,16,1,11,4,0,715,181892657,0,181892657,16684,247273.4,0.857971,46.256800000000005,27852,602.1168779509175,0,0.734054,0,280,0,0.015869,0,0,2886474,21.139592,no,384513.65,-0.189158,Non signif,Non signif
19005,Bagnolo Cremasco,19,Cremona,3,45.361172,9.612958,10,0,3,5,2,996,193823029,161678803,355501832,41453.3,339342.8,0.889829,10.3879,4877,469.48853955082353,0,0,0,0,0,0,0,0,0,21.210647,no,754042.37,0.226284,Non signif,Non signif
108007,Bernareggio,108,Monza e della Brianza,3,45.647508,9.406138,8,0,5,3,0,211,108963972,0,108963972,10917.9,85288,0.923032,5.9338,11074,1866.2577100677477,0,0,0,0,0,0,0,0,0,13.279771,no,144701.66,-0.266492,Non signif,Non signif
63052,Palma Campania,63,Napoli,15,40.864917,14.548733,9,0,5,4,0,293,99741114,0,99741114,7708.9,128582.6,0.827264,20.671100000000003,18218,881.3270701607557,3.693573,0.182083,117,175,0.178683,0.008809,17822036,0,878577,35.751904,no,356593.48,0.031179,Non signif,Non signif
75022,Copertino,75,Lecce,16,40.271681,18.050252,3,0,2,1,0,75,26861196,0,26861196,3698.2,25496.8,0.866321,58.532799999999995,24094,411.63245223191103,0,0.92381,0,2420,0,0.015783,0,0,423944,14.108941,no,37898.3,0.38234,Non signif,Non signif
63082,Terzigno,63,Napoli,15,40.812442,14.496484,7,0,3,4,0,355,97461447,0,97461447,14338.8,153307.5,0.805169,23.4998,18584,790.8152409807743,3.316371,1.06505,2,1317,0.141123,0.045322,13754088,0,4417115,35.751904,no,348443.23,0.462968,Non signif,Non signif
17040,Castegnato,17,Brescia,3,45.560714,10.115309,15,0,6,5,4,963,237247879,537272375,774520254,76637.9,623953.5,0.906762,9.205,8449,917.8707224334601,0,0.17233,0,516,0,0.018721,0,0,4441600,20.48295,no,1586445.96,-0.602175,Non signif,Non signif
26044,Monastier di Treviso,26,Treviso,5,45.650076,12.43377,9,0,5,1,3,1716,68134174,316298543,384432717,39883.3,319808.1,0.927282,25.261599999999998,4352,172.27729043291004,0,14.477798,0,871,0,0.573115,0,0,39048707,21.139592,no,812675.07,-0.900496,Non signif,Non signif
17125,Orzinuovi,17,Brescia,3,45.403976,9.921564,10,1,2,5,2,1251,131544909,406715598,538260507,34184.4,790972.5,0.808365,47.869099999999996,12419,259.436672091182,0,3.107797,0,59,0,0.064923,0,0,8540267,20.48295,no,1102516.3,0.26437,Non signif,Non signif
16005,Almè,16,Bergamo,3,45.73701,9.614785,8,0,3,4,1,672,95623639,66118951,161742590,14301.5,204161.8,0.862647,2.0003,5604,2801.5797630355446,0.0378,0.039526,13,1,0.018897,0.01976,1807016,1249461,1889527,21.203762,no,342955.13,0.248258,Non signif,Non signif
58007,Anzio,58,Roma,12,41.447101,12.628562,6,0,4,2,0,231,67663495,0,67663495,6072.2,57254.7,0.908859,43.6498,54710,1253.3848952343424,0.345315,0,119,0,0.007911,0,535288,0,0,29.689549,no,200889.86,-0.476798,Non signif,Non signif
36030,Pavullo nel Frignano,36,Modena,8,44.339694,10.834113,7,0,2,3,2,864,81260951,384909298,466170249,61453.9,323875.6,0.910471,143.7327,17361,120.78671033105202,26.867686,1.618961,828,104,0.186928,0.011264,15189958,71950378,915298,36.541065,no,1703435.72,0.007478,High-Low,Coldspot 99%
84028,Porto Empedocle,84,Agrigento,19,37.288313,13.52755,1,0,0,1,0,50,13993077,0,13993077,632.1,5778.3,0.983502,25.226,16701,662.0550225957346,0.482417,0,857,0,0.019124,0,267601,0,0,20.102118,no,28129.05,-0.845019,Low-High,Hotspot 99%
4078,Cuneo,4,Cuneo,1,44.45807,7.558137,42,1,12,22,7,4232,755679852,1067676134,1823355986,130178.3,2047120.9,0.839087,119.671,56281,470.29773295117445,0.022747,8.258706,7,222,0.00019,0.069012,143639,202943,52150794,16.396584,no,2989680.94,0.024067,Non signif,Non signif
23097,Zevio,23,Verona,5,45.375131,11.135882,20,1,6,13,0,1330,494256012,0,494256012,45670.2,485398,0.857377,54.869499999999995,15048,274.2507221680533,0,3.131699,0,40,0,0.057075,0,0,28209863,20.167921,no,996811.64,-0.060683,Non signif,Non signif
73027,Taranto,73,Taranto,16,40.548816,17.08058,39,0,18,15,6,5388,382109827,654334424,1036444251,82277,896415,0.882535,249.8574,198283,793.5846606904578,0.00056,12.900051,0,77,0.000002,0.05163,856,1467,19728198,15.194153,no,1574789.26,0.282684,High-High,Hotspot 99%
50032,San Miniato,50,Pisa,9,43.67975,10.850095,36,1,16,18,1,1630,601224206,78711632,679935838,71663.5,562531.8,0.904495,102.50399999999999,27950,272.6722859595723,4.870816,7.485778,1646,642,0.047518,0.073029,28569153,3740243,43906881,28.10564,no,1911003.16,-0.195083,Non signif,Coldspot 99%
4240,Verzuolo,4,Cuneo,1,44.602899,7.474941,8,0,4,4,0,368,164841488,0,164841488,17413.4,162702,0.862835,26.132399999999997,6480,247.96803967488637,0,0.824673,0,73,0,0.031557,0,0,5201984,16.396584,no,270283.73,-0.239557,Non signif,Non signif
87007,Belpasso,87,Catania,19,37.589187,14.978239,29,1,13,13,2,1891,379732545,173247982,552980527,47164.6,535247.7,0.882915,166.3288,28126,169.0987970814435,0,6.3947,0,10,0,0.038446,0,0,14599250,36.827421,no,2036484.67,-0.18193,Non signif,Non signif
35009,Campagnola Emilia,35,Reggio nell'Emilia,8,44.83927,10.757093,6,0,3,3,0,373,95356307,0,95356307,10634.6,111409.5,0.893776,24.3933,5639,231.17003439469033,0,3.074629,0,114,0,0.126044,0,0,12019090,36.618436,no,349179.88,0.139177,Non signif,Non signif
12134,Vedano Olona,12,Varese,3,45.776916,8.885596,6,0,2,3,1,586,81992575,166234892,248227467,30120.8,242899,0.897258,7.0849,7425,1048.0035004022639,0.00206,1.022977,0,112,0.000291,0.144388,23840,48334,11838772,11.229804,no,278754.59,0.552299,Non signif,Non signif
46005,Camaiore,46,Lucca,9,43.938061,10.303955,14,1,10,3,0,268,86906636,0,86906636,6850.4,103125.1,0.854537,85.4308,32328,378.4115330770635,17.779271,6.312679,4790,3053,0.208113,0.073892,18086412,0,6421732,29.45658,no,255997.23,0.399991,Non signif,Non signif
17196,Verolavecchia,17,Brescia,3,45.327012,10.057256,1,0,1,0,0,20,6516289,0,6516289,944.5,10535.6,0.844239,21.0638,3760,178.50530293679202,0,1.071623,0,16,0,0.050875,0,0,331517,20.48295,no,13347.28,1.001884,Non signif,Non signif
37052,San Giorgio di Piano,37,Bologna,8,44.646793,11.375449,9,0,4,4,1,485,197093167,194372831,391465998,36682.7,272777.2,0.913725,30.4331,8749,287.4830365621642,0,1.332863,0,219,0,0.043796,0,0,8631989,38.815968,no,1519513.16,-0.192588,Non signif,Coldspot 99%
28037,Este,28,Padova,5,45.224007,11.659796,7,0,4,2,1,721,57336545,194634722,251971267,27771,179250.9,0.893582,32.8079,16364,498.7823054813018,0.263282,4.503431,28,2157,0.008025,0.137267,460123,1561935,7870396,17.804557,no,448623.68,-0.232888,Non signif,Non signif
23027,Cologna Veneta,23,Verona,5,45.310287,11.384399,5,0,2,3,0,153,64647134,0,64647134,6782.2,90507.9,0.850543,42.8345,8468,197.6911134716175,0,0.320218,0,20,0,0.007476,0,0,483283,20.167921,no,130379.83,0.191319,Non signif,Non signif
15195,San Giuliano Milanese,15,Milano,3,45.39427,9.291851,34,1,16,15,2,2090,601223470,270174856,871398326,67637,865620.3,0.865842,30.8681,38314,1241.2166605654381,0,0.581996,0,4,0,0.018854,0,0,11335640,15.050002,no,1311454.66,0.026221,Non signif,Non signif
26051,Oderzo,26,Treviso,5,45.783371,12.493778,22,0,9,12,1,1123,291482202,58811423,350293625,36676.8,497888.7,0.864857,42.3538,20466,483.21520146952577,0,0.645983,0,47,0,0.015252,0,0,4445706,21.139592,no,740506.43,-0.008922,Non signif,Non signif
23024,Cazzano di Tramigna,23,Verona,5,45.473089,11.202892,5,0,2,2,1,237,85473658,121949565,207423223,14262.4,146076.5,0.919494,12.270999999999999,1512,123.21734169994296,0,0,0,0,0,0,0,0,0,20.167921,no,418329.53,-0.392725,Non signif,Non signif
108006,Bellusco,108,Monza e della Brianza,3,45.618748,9.418633,10,0,5,4,1,931,161648467,219033432,380681899,40997.6,428648.4,0.89204,6.5373,7403,1132.424701329295,0,0.010184,0,0,0,0.001558,0,0,251821,13.279771,no,505536.86,-0.477166,Non signif,Non signif
99017,San Giovanni in Marignano,99,Rimini,8,43.938668,12.712494,6,0,0,5,1,1208,201613816,315224000,516837816,22979.7,260704.8,0.939592,21.374000000000002,9455,442.35987648544955,0.442218,0.942199,21,366,0.02069,0.044082,4171295,6521836,8887449,28.763441,no,1486603.41,-0.43901,Non signif,Non signif
54027,Marsciano,54,Perugia,10,42.910028,12.337042,13,0,2,10,1,1099,245494930,148537380,394032310,44008.5,310167.4,0.903042,161.4913,18701,115.80190387965172,3.736477,11.911905,125,331,0.023137,0.073762,5680096,3436758,18108172,38.922787,no,1533683.55,-0.04465,Non signif,Non signif
16141,Mornico al Serio,16,Bergamo,3,45.59138,9.809259,10,0,4,4,2,996,124743519,256314767,381058286,77780,533687.4,0.879477,6.9227,2942,424.97869328441215,0,0.379847,0,3,0,0.05487,0,0,6844649,21.203762,no,807986.91,0.327323,Non signif,Non signif
93007,Brugnera,93,Pordenone,6,45.90351,12.525989,15,1,5,9,0,920,300787404,0,300787404,36931.6,279982,0.881869,29.119699999999998,9290,319.028011964409,0,0.391705,0,44,0,0.013452,0,0,4046056,22.312037,no,671117.97,0.056174,Non signif,Non signif
47008,Massa e Cozzile,47,Pistoia,9,43.91741,10.753727,3,0,1,2,0,167,49283085,0,49283085,4391.3,62232.3,0.840734,16.0122,7924,494.87265959705724,0.334423,0,20,0,0.020886,0,1029302,0,0,29.709501,no,146417.59,0.117684,Non signif,Non signif
69005,Atessa,69,Chieti,13,42.071806,14.448902,25,0,6,15,4,3085,381705790,558028820,939734610,101159.7,1132229.6,0.900562,110.978,10580,95.33421038404009,29.899177,0.670981,780,18,0.269415,0.006046,102837400,150341531,2307821,28.116343,no,2642190.08,-0.023231,Non signif,Non signif
28054,Mestrino,28,Padova,5,45.442758,11.758254,14,1,9,3,1,551,139405572,106432118,245837690,22158.9,205038.6,0.890707,19.2183,11502,598.4920622531649,0,0.696463,0,227,0,0.03624,0,0,5051999,17.804557,no,437703.12,-0.095833,Non signif,Non signif
34020,Medesano,34,Parma,8,44.756699,10.140737,13,0,7,5,1,671,192315442,67650344,259965786,18777.5,284201.9,0.872904,88.7696,10850,122.22652800057678,11.410636,7.060976,287,113,0.128542,0.079543,24720642,8695921,15297295,33.475863,no,870257.91,-0.103768,Non signif,Non signif
13129,Lipomo,13,Como,3,45.794503,9.121646,1,0,1,0,0,13,8792779,0,8792779,560.8,9859.4,0.868048,2.2977000000000003,5946,2587.8051965008485,0.000264,0,2,0,0.000115,0,1010,0,0,12.029442,no,10577.22,-1.018903,Non signif,Non signif
26029,Fonte,26,Treviso,5,45.787158,11.867507,5,0,2,3,0,164,68944422,0,68944422,5649.1,82484.7,0.880988,14.5969,5916,405.2915345039015,0,0,0,0,0,0,0,0,0,21.139592,no,145745.69,-0.324105,Non signif,Non signif
42003,Arcevia,42,Ancona,11,43.49945,12.940096,2,0,1,0,1,229,9453009,109490200,118943209,13622.2,104488.4,0.862416,128.3331,4496,35.033829931638834,6.442608,0,149,0,0.050202,0,474562,5496652,0,27.781362,no,330440.43,-0.106673,Non signif,Non signif
2059,Formigliana,2,Vercelli,1,45.429262,8.291928,2,0,1,1,0,87,53495636,0,53495636,2615.2,101192.9,0.840946,16.763099999999998,501,29.887073393346103,0,3.19499,0,25,0,0.190597,0,0,10196087,17.175786,no,91882.96,-0.6829,Non signif,Non signif
36033,Prignano sulla Secchia,36,Modena,8,44.43836,10.691899,1,0,1,0,0,10,6519559,0,6519559,456.1,7853.2,0.857912,79.66640000000001,3766,47.272124760250236,25.064576,2.57301,907,57,0.314619,0.032297,2051178,0,210564,36.541065,no,23823.16,-0.48049,Low-Low,Coldspot 99%
3154,Varallo Pombia,3,Novara,1,45.665904,8.632693,3,0,0,3,0,259,80258034,0,80258034,10037.9,81815,0.899651,13.6123,4922,361.5847432101849,0,0.110742,0,1,0,0.008135,0,0,652934,12.08995,no,97031.56,0.336602,Non signif,Non signif
24052,Lonigo,24,Vicenza,5,45.388116,11.38799,23,0,13,8,2,2474,391306071,942120437,1333426508,219004.5,1231637.6,0.880744,49.4212,16466,333.1768552766829,0.008249,6.344758,0,828,0.000167,0.128381,65314,157251,50236383,21.315155,no,2842219.29,-0.146728,Non signif,Non signif
15093,Corsico,15,Milano,3,45.430722,9.110233,25,3,8,8,6,11661,365942927,1378165293,1744108220,134565.8,1452573.2,0.899602,5.3573,34727,6482.183189293113,0,0,0,0,0,0,0,0,0,15.050002,no,2624883.23,-0.12591,Non signif,Non signif
16220,Treviolo,16,Bergamo,3,45.671543,9.611742,16,0,4,12,0,986,266016798,0,266016798,24260,221532.7,0.894247,8.4875,10870,1280.7069219440352,0,0.392645,0,0,0,0.046262,0,0,12306352,21.203762,no,564055.68,-0.360837,Non signif,Non signif
15150,Morimondo,15,Milano,3,45.352442,8.954811,3,0,0,2,1,257,34863620,141055532,175919152,15685.9,167592.8,0.874014,26.0018,1121,43.11239991077541,0,0.8645,0,1,0,0.033248,0,0,1159135,15.050002,no,264758.36,-0.504197,Non signif,Non signif
83077,San Filippo del Mela,83,Messina,19,38.169727,15.272527,3,0,2,1,0,86,28177431,0,28177431,3145.7,25462.1,0.915195,10.0504,7006,697.0866831170899,0,0,0,0,0,0,0,0,0,44.663628,no,125850.63,0.469166,Non signif,Non signif
28070,Pozzonovo,28,Padova,5,45.196597,11.79265,4,0,0,2,2,348,24288548,171830793,196119341,12953.1,271983.5,0.866648,24.4765,3571,145.89504218331868,0,0.223454,0,35,0,0.009129,0,0,221738,17.804557,no,349181.8,-0.003344,Non signif,Non signif
22098,Isera,22,Trento,4,45.88527,11.009311,1,0,1,0,0,32,6880486,0,6880486,849.7,7881.3,0.905396,14.0922,2790,197.981862306808,1.936136,0.051808,60,0,0.137391,0.003676,945314,0,25295,14.82766,no,10202.15,0.095432,High-Low,Coldspot 99%
37059,Vergato,37,Bologna,8,44.28266,11.10731,2,0,1,1,0,90,39988920,0,39988920,2021.3,57812,0.851062,59.941,7664,127.85906141038687,16.954577,1.555297,1437,1001,0.282854,0.025947,11311043,0,1037598,38.815968,no,155220.86,0.003529,Non signif,Non signif
17065,Darfo Boario Terme,17,Brescia,3,45.883486,10.180707,12,0,4,7,1,1043,306658836,4222628,310881464,31010.8,280774.8,0.878074,36.0717,15595,432.3333804616916,19.155806,3.460004,763,1376,0.531048,0.09592,162850577,2242418,29414771,20.48295,no,636776.95,0.27992,Non signif,Non signif
37001,Anzola dell'Emilia,37,Bologna,8,44.546684,11.193326,15,0,5,10,0,887,305012601,0,305012601,37744.9,323054.8,0.885595,36.5967,12310,336.3691261780434,0,17.622596,0,8402,0,0.481535,0,0,146874277,38.815968,no,1183935.94,0.15326,Non signif,Non signif
78091,Paola,78,Cosenza,18,39.359893,16.039588,1,0,1,0,0,33,27614168,0,27614168,1098.9,5385.8,0.987096,42.881499999999996,15716,366.49837342443715,1.690231,0.704949,761,1154,0.039416,0.016439,1088449,0,453962,50.996071,no,140821.41,-1.783167,Non signif,Non signif
28014,Bovolenta,28,Padova,5,45.270375,11.935086,8,0,2,6,0,512,164799974,0,164799974,13752.3,129538.9,0.904835,22.7802,3471,152.3691626939184,0,15.893194,0,2333,0,0.697676,0,0,114976952,17.804557,no,293419.06,-0.542057,Non signif,Non signif
15014,Basiano,15,Milano,3,45.573588,9.467854,5,0,2,1,2,303,31314456,130198983,161513439,8129.3,258337,0.848359,4.5856,3711,809.2725052337753,0,0.066439,0,31,0,0.014489,0,0,453703,15.050002,no,243077.76,-0.391326,Non signif,Non signif
75084,Taurisano,75,Lecce,16,39.956619,18.214129,8,0,4,4,0,478,89837520,0,89837520,11173.8,107424.3,0.85746,23.680100000000003,11770,497.0418199247469,0,0,0,0,0,0,0,0,0,14.108941,no,126751.23,0.429745,High-High,Hotspot 99%
26066,Resana,26,Treviso,5,45.634024,11.955293,15,1,2,10,2,2499,313781329,135417199,449198528,65755.3,494873.1,0.905172,24.8915,9509,382.0179579374485,0,0.091822,0,14,0,0.003689,0,0,1157505,21.139592,no,949587.35,0.070075,Non signif,Non signif
27032,Salzano,27,Venezia,5,45.521344,12.10637,7,0,4,3,0,327,155048406,0,155048406,18404.4,127866.1,0.89223,17.1838,12911,751.3471991061348,0,1.248475,0,2110,0,0.072654,0,0,11264916,17.526854,no,271751.08,-0.041423,Non signif,Non signif
39002,Bagnacavallo,39,Ravenna,8,44.416148,11.97655,9,0,5,4,0,415,124803295,0,124803295,13881,159577.6,0.870113,79.5806,16780,210.855409484221,0,18.769609,0,2200,0,0.235857,0,0,29435680,37.876303,no,472708.74,0.20436,Non signif,Non signif
27018,Gruaro,27,Venezia,5,45.833496,12.843709,5,0,1,3,1,554,91649533,87134345,178783878,23078.6,166890.7,0.908404,17.4883,2792,159.64959430018928,0,6.11408,0,660,0,0.34961,0,0,32041569,17.526854,no,313351.9,0.0588,Non signif,Non signif
23083,Sona,23,Verona,5,45.433438,10.832737,14,1,6,6,1,2510,128094936,283367569,411462505,50105.1,1002051.4,0.81208,41.1455,17694,430.03487623190875,0,0.193065,0,4,0,0.004692,0,0,601054,20.167921,no,829834.34,0.4359,Non signif,Non signif
26071,San Biagio di Callalta,26,Treviso,5,45.684872,12.377347,18,0,10,8,0,1012,268681081,0,268681081,46512.1,249102.5,0.901866,48.5051,12996,267.93058874221475,0,9.678516,0,1683,0,0.199536,0,0,53611561,21.139592,no,567980.84,0.334772,Non signif,Non signif
28064,Piombino Dese,28,Padova,5,45.60752,11.999415,10,0,5,4,1,3090,180638764,911540860,1092179624,242412.1,809706.8,0.889605,29.6252,9539,321.9893874134183,0,1.340478,0,46,0,0.045248,0,0,8173524,17.804557,no,1944577.45,0.393375,Non signif,Non signif
29052,Porto Viro,29,Rovigo,5,45.025311,12.225237,11,0,6,5,0,507,143867234,0,143867234,7844.5,309991.2,0.785033,133.7686,14298,106.88607042310379,0,8.513935,0,133,0,0.063647,0,0,9156680,24.853738,no,357563.86,0.102915,Non signif,Non signif
26072,San Fior,26,Treviso,5,45.920753,12.358151,8,0,1,5,2,511,103636194,187910581,291546775,22994.5,441256.4,0.824723,17.817,6958,390.525902228209,0,0,0,0,0,0,0,0,0,21.139592,no,616317.98,0.181287,Non signif,Non signif
17161,Rezzato,17,Brescia,3,45.514182,10.316671,16,0,7,7,2,1582,278681139,374070347,652751486,72627.3,735493.6,0.881341,18.2067,13576,745.6595648854542,0.00014,2.059408,0,2524,0.000008,0.113113,2143,2876,31522361,20.48295,no,1337027.6,-0.157935,Non signif,Non signif
26008,Carbonera,26,Treviso,5,45.684838,12.285944,17,1,7,9,0,930,287914728,0,287914728,35873.6,345855.1,0.897119,19.8829,11183,562.4431043761222,0,0,0,0,0,0,0,0,0,21.139592,no,608639.98,0.079441,Non signif,Non signif
24008,Arzignano,24,Vicenza,5,45.519292,11.338594,46,0,14,25,7,4986,834386928,1505548982,2339935910,216478.1,1869869.2,0.894384,34.1907,25605,748.8878554694697,0.005353,0,0,0,0.000157,0,130634,235713,0,21.315155,no,4987609.7,-0.425036,Low-Low,Coldspot 99%
27007,Ceggia,27,Venezia,5,45.686437,12.637529,8,0,2,5,1,701,212032786,27627784,239660570,27867.8,212791.3,0.911124,22.104200000000002,6123,277.00617982102943,0,0.043798,0,67,0,0.001981,0,0,420129,17.526854,no,420049.59,-0.055033,Non signif,Non signif
28071,Rovolon,28,Padova,5,45.378027,11.644403,4,1,2,1,0,141,31377476,0,31377476,5615.1,31656.7,0.895608,27.6866,4950,178.78684995629655,0.217313,0,53,0,0.007849,0,246283,0,0,17.804557,no,55866.21,0.338052,Non signif,Non signif
26069,Roncade,26,Treviso,5,45.627908,12.37478,10,0,5,2,3,1735,81412701,605007077,686419778,82392.3,796901.7,0.892883,61.7771,14561,235.70222622946045,0,4.723068,0,388,0,0.076453,0,0,6224276,21.139592,no,1451063.39,0.369514,Non signif,Hotspot 95%
26047,Morgano,26,Treviso,5,45.643398,12.112628,3,0,2,1,0,131,24883337,0,24883337,2823,21487.6,0.921661,11.761199999999999,4485,381.33863891439654,0,0.200004,0,33,0,0.017005,0,0,423151,21.139592,no,52602.36,0.401858,Non signif,Non signif
59032,Terracina,59,Latina,12,41.28712,13.249201,7,1,4,2,0,233,44123482,0,44123482,3275,76993.8,0.758132,136.59,46323,339.1390292115089,9.983795,6.889517,1056,536,0.073093,0.050439,3225125,0,2225562,21.481102,no,94782.1,0.393956,Non signif,Non signif
19044,Formigara,19,Cremona,3,45.223221,9.771767,1,0,1,0,0,28,12222788,0,12222788,1488.1,6299.3,0.957088,12.6432,1031,81.54581118704125,0,0.956939,0,4,0,0.075688,0,0,925119,21.210647,no,25925.32,-0.01659,Low-High,Hotspot 99%
22108,Lona-Lases,22,Trento,4,46.149818,11.219168,2,0,2,0,0,43,17005289,0,17005289,2026,13929.5,0.93721,11.3728,881,77.46553179516039,2.277583,0.017023,21,0,0.200266,0.001497,3405578,0,25454,14.82766,no,25214.86,-0.149795,Non signif,Non signif
3149,Trecate,3,Novara,1,45.431965,8.735293,8,2,1,4,1,438,145718318,145493494,291211812,53870.4,271044.2,0.898982,38.2237,20566,538.0431512386294,0,0.020785,0,0,0,0.000544,0,0,79238,12.08995,no,352073.64,-0.137962,Non signif,Non signif
59017,Pontinia,59,Latina,12,41.408456,13.044337,6,0,1,5,0,218,114664856,0,114664856,18785.9,128554.4,0.872995,112.10430000000001,14915,133.04574400803537,0.096077,1.381552,1,323,0.000857,0.012324,98271,0,1413108,21.481102,no,246312.75,0.44401,Non signif,Non signif
22116,Mezzocorona,22,Trento,4,46.215436,11.120786,5,0,2,2,1,400,154923856,215312000,370235856,24527.5,230248.9,0.924666,25.3534,5477,216.02625288915885,12.213914,0.069647,313,1,0.481747,0.002747,74634039,103725822,425583,14.82766,no,548973.12,-0.356451,Non signif,Non signif
93043,Sesto al Reghena,93,Pordenone,6,45.847642,12.815531,4,0,1,2,1,398,62854285,136762665,199616950,10794.2,235445.9,0.862533,40.676700000000004,6367,156.526955234815,0,3.451399,0,369,0,0.08485,0,0,5333157,22.312037,no,445386.08,-0.735522,Non signif,Non signif
15168,Parabiago,15,Milano,3,45.558611,8.947888,18,1,7,8,2,1130,158259202,251820365,410079567,43965.7,384168.1,0.874557,14.2927,27842,1947.9874341447032,0,0.149295,0,106,0,0.010446,0,0,1653103,15.050002,no,617169.83,0.450016,Non signif,Non signif
78045,Cosenza,78,Cosenza,18,39.596685,16.333056,16,1,4,11,0,1177,202909149,0,202909149,19343.5,167332.4,0.892857,37.8612,67239,1775.9342017685653,4.37115,1.198393,995,1540,0.115452,0.031652,23426260,0,6422536,50.996071,no,1034756.94,0.20201,Non signif,Non signif
69099,Vasto,69,Chieti,13,42.12434,14.705923,18,1,9,7,1,1065,231552300,70732632,302284932,27455.7,456140,0.885679,71.34609999999999,41433,580.7325137603877,8.288961,0.33147,1189,9,0.11618,0.004646,26901652,8217689,1075779,28.116343,no,849914.69,-0.023499,Non signif,Non signif
25021,Feltre,25,Belluno,5,46.016376,11.906254,3,0,1,1,1,882,19974922,210012728,229987650,23114.4,342650.5,0.836042,99.79180000000001,20608,206.50995372365261,0.574107,0.033699,12,1,0.005753,0.000338,114917,1208213,6745,17.91629,no,412052.53,1.088175,Non signif,Non signif
16012,Ardesio,16,Bergamo,3,45.937512,9.931158,3,0,2,1,0,136,38101792,0,38101792,2693,35049.8,0.886569,54.43770000000001,3485,64.01813449135433,11.049478,5.194922,379,352,0.202975,0.095429,7733701,0,3636007,21.203762,no,80790.13,0.047894,Non signif,Non signif
12042,Castellanza,12,Varese,3,45.612374,8.897038,11,0,6,3,2,989,119376385,162402898,281779283,30441.7,416994.7,0.866502,6.9302,14340,2069.204351966754,0,0.032683,0,65,0,0.004716,0,0,562982,11.229804,no,316432.62,-0.097694,Non signif,Non signif
27036,San Stino di Livenza,27,Venezia,5,45.731078,12.680008,4,0,0,4,0,315,89304171,0,89304171,6122.6,89036.2,0.898231,67.9676,12855,189.13423454704886,0,0.930175,0,124,0,0.013686,0,0,1222178,17.526854,no,156522.12,-0.644719,Non signif,Non signif
108045,Varedo,108,Monza e della Brianza,3,45.597444,9.156293,13,0,5,4,4,1374,172435082,515317114,687752196,109756.5,505745.2,0.896659,4.848,13446,2773.5148514851485,0,0.031352,0,145,0,0.006467,0,0,1115137,13.279771,no,913319.19,0.100738,Non signif,Non signif
78010,Amantea,78,Cosenza,18,39.133189,16.074591,7,0,6,1,0,181,58245527,0,58245527,4535.1,49893.5,0.876604,29.456500000000002,13975,474.4283944120992,3.384789,1.267952,311,426,0.114908,0.043045,6692880,0,2507173,50.996071,no,297029.3,-0.317415,Non signif,Non signif
108044,Usmate Velate,108,Monza e della Brianza,3,45.652458,9.354342,10,0,3,6,1,537,287258077,161186236,448444313,35390.5,322522,0.892348,9.7509,10293,1055.5948681660154,0,0.051279,0,53,0,0.005259,0,0,1510661,13.279771,no,595523.79,0.273996,Low-High,Hotspot 99%
37032,Imola,37,Bologna,8,44.353514,11.714123,56,0,17,31,8,4854,893678574,894946501,1788625075,154713,1765920.7,0.885241,205.02450000000002,69936,341.11045265321945,3.340869,21.045229,57,2282,0.016295,0.102647,14562470,14583130,91733770,38.815968,no,6942721.36,0.024372,Non signif,Non signif
28099,Vigodarzere,28,Padova,5,45.458193,11.882864,7,0,3,3,1,594,93026245,57119573,150145818,16930.8,145089.2,0.883639,19.9163,13017,653.5852542892003,0,0.813662,0,249,0,0.040854,0,0,3800501,17.804557,no,267327.98,0.051366,Non signif,Non signif
46026,Porcari,46,Lucca,9,43.840902,10.617621,19,0,8,6,5,3348,300178775,1451784737,1751963512,172939.2,1611198.8,0.869673,18.0534,8904,493.20349629432684,0.091191,5.422472,19,1302,0.005051,0.300357,1516257,7333228,90160912,29.45658,no,5160685.4,0.093821,Non signif,Non signif
15024,Binasco,15,Milano,3,45.33197,9.099987,9,1,5,2,1,618,110778660,229791356,340570016,32278.2,294611.8,0.905018,3.8714999999999997,7257,1874.4672607516468,0,0,0,0,0,0,0,0,0,15.050002,no,512557.94,-0.092836,Non signif,Non signif
24117,Villaga,24,Vicenza,5,45.402477,11.53372,1,0,0,1,0,40,30035132,0,30035132,3533.9,27552.8,0.890091,23.2253,1905,82.02262188217159,0,0,0,0,0,0,0,0,0,21.315155,no,64020.35,-0.083289,Non signif,Non signif
9065,Varazze,9,Savona,7,44.3593,8.575327,3,0,2,1,0,57,52557022,0,52557022,7864.3,38114.7,0.886214,47.9971,13113,273.20400607536703,15.006433,0.461923,2765,1881,0.312653,0.009624,16432106,0,505808,24.791781,no,130298.22,0.213379,High-High,Hotspot 99%
40016,Gatteo,40,Forlì-Cesena,8,44.109466,12.386042,9,0,4,4,1,589,126876631,109004974,235881605,17080.4,266421.6,0.85406,14.1382,8988,635.7244910950475,0,5.392356,0,3867,0,0.381403,0,0,48391165,31.154462,no,734876.44,0.069357,Non signif,Non signif
26010,Casier,26,Treviso,5,45.628336,12.26516,15,1,3,8,3,2027,202660447,585609827,788270274,61260.2,687667.3,0.881466,13.426099999999998,11412,849.9862208683088,0,0.169409,0,176,0,0.012618,0,0,2557146,21.139592,no,1666371.19,0.053138,Non signif,Non signif
50036,Terricciola,50,Pisa,9,43.524738,10.680114,3,1,2,0,0,65,17549600,0,17549600,2453.4,21068.9,0.858471,43.283699999999996,4520,104.42730173252288,10.835647,1.816118,539,33,0.25034,0.041958,4393369,0,736354,28.10564,no,49324.27,0.212714,Non signif,Non signif
110004,Canosa di Puglia,110,Barletta-Andria-Trani,16,41.219631,16.067466,3,0,0,3,0,250,61311869,0,61311869,4023.3,47084.5,0.937352,150.9347,29847,197.74776774326912,0.919412,12.935971,5598,23,0.006091,0.085706,373479,0,5254779,22.254355,no,136445.61,0.357121,High-High,Hotspot 99%
26076,San Vendemiano,26,Treviso,5,45.890746,12.333844,29,0,11,15,3,2926,341460042,195217064,536677106,49062,653949.4,0.88464,18.506,9958,538.0957527288447,0,0,0,0,0,0,0,0,0,21.139592,no,1134513.5,-0.261756,Non signif,Non signif
109032,Ponzano di Fermo,109,Fermo,11,43.101077,13.656781,1,0,0,1,0,122,20231343,0,20231343,3510.8,20974.8,0.927568,14.2679,1652,115.78438312575783,0.839945,0,22,0,0.05887,0,1191010,0,0,25.228384,no,51040.41,0.976953,Non signif,Non signif
67020,Controguerra,67,Teramo,13,42.855716,13.819336,3,0,0,3,0,161,80031924,0,80031924,3900.8,84807.9,0.880816,22.816100000000002,2365,103.6548752854344,0.773645,0.311727,38,15,0.033908,0.013663,2713711,0,1093443,27.38232,no,219145.97,-0.377042,Non signif,Non signif
17150,Pontoglio,17,Brescia,3,45.56938,9.85346,6,0,4,2,0,298,69765852,0,69765852,7424.9,62733,0.912193,11.085999999999999,6887,621.2339888147213,0,2.002342,0,1138,0,0.180619,0,0,12601037,20.48295,no,142901.05,0.042744,Non signif,Non signif
1257,Santena,1,Torino,1,44.949111,7.771811,8,1,2,4,1,567,117461054,110880729,228341783,23296.8,298960.9,0.858164,16.1986,10764,664.5018705320214,0,0.38781,0,95,0,0.023941,0,0,2812130,20.594868,no,470266.89,0.098759,Non signif,Non signif
50004,Calcinaia,50,Pisa,9,43.683201,10.615308,12,0,6,6,0,614,173809143,0,173809143,19063.4,180854.3,0.886776,14.8859,12582,845.2293781363572,0.114145,1.659718,7,442,0.007668,0.111496,1332768,0,19379021,28.10564,no,488501.71,0.107438,Non signif,Non signif
27038,Spinea,27,Venezia,5,45.49116,12.165018,5,1,3,1,0,167,54975570,0,54975570,2581.1,44758.3,0.862199,14.959100000000001,27909,1865.687106844663,0,0,0,0,0,0,0,0,0,17.526854,no,96354.88,-0.249488,Low-High,Hotspot 99%
30044,Gonars,30,Udine,6,45.895917,13.237131,4,0,1,3,0,271,85386304,0,85386304,9353.4,76341.7,0.917533,19.8171,4718,238.07721614161508,0,0,0,0,0,0,0,0,0,22.91097,no,195628.31,0.298344,Non signif,Non signif
93051,Zoppola,93,Pordenone,6,45.966254,12.771564,4,0,0,4,0,265,95350000,0,95350000,18750.2,85509.2,0.905689,45.5356,8483,186.29380089424538,0,0.201588,0,26,0,0.004427,0,0,422118,22.312037,no,212745.27,0.179953,Non signif,Non signif
59019,Priverno,59,Latina,12,41.472616,13.179839,1,0,1,0,0,15,6944946,0,6944946,420.9,8137.1,0.866314,56.9818,14365,252.09803832100775,0.649041,0.779349,91,46,0.01139,0.013677,79105,0,94987,21.481102,no,14918.51,-0.191993,Non signif,Non signif
36044,Soliera,36,Modena,8,44.738103,10.924393,17,0,9,6,2,1325,260822534,148982324,409804858,32960.5,362353.7,0.900256,50.928999999999995,15296,300.33968858607085,0,5.91125,0,303,0,0.116068,0,0,30273267,36.541065,no,1497470.58,-0.337508,Non signif,Non signif
24002,Albettone,24,Vicenza,5,45.35815,11.581474,1,0,0,1,0,95,29287213,0,29287213,3493.5,30449.8,0.904367,20.2109,2051,101.4798945123671,0,0.135486,0,3,0,0.006704,0,0,196330,21.315155,no,62426.15,-0.175868,Non signif,Non signif
1009,Andezeno,1,Torino,1,45.037748,7.870527,3,0,0,3,0,311,152713398,0,152713398,17907.8,113046.4,0.939404,7.4861,2027,270.76849093653567,0.280985,0.980258,32,176,0.037534,0.130944,5731980,0,19996865,20.594868,no,314511.23,-0.515171,Non signif,Non signif
28013,Borgoricco,28,Padova,5,45.533561,11.965879,16,1,7,8,0,1154,265117818,0,265117818,34994.4,287592.1,0.895137,20.3941,8774,430.22246630152836,0,0.486378,0,101,0,0.023849,0,0,6322783,17.804557,no,472030.53,-0.305307,Non signif,Non signif
72021,Gioia del Colle,72,Bari,16,40.796728,16.92359,8,0,4,3,1,453,167882128,73931410,241813538,16951.7,262591.8,0.859826,208.93869999999998,27644,132.30674834293504,0.070436,3.570226,10,388,0.000337,0.017087,56595,24923,2868675,14.160402,no,342417.7,-0.304944,Low-High,Hotspot 99%
19104,Ticengo,19,Cremona,3,45.369274,9.827663,1,0,1,0,0,23,10459069,0,10459069,1068,6077.9,0.950473,7.982,431,53.996492107241295,0,0,0,0,0,0,0,0,0,21.210647,no,22184.36,-0.875905,Non signif,Non signif
24046,Grisignano di Zocco,24,Vicenza,5,45.47534,11.69895,8,0,2,5,1,2186,112271658,319390896,431662554,44435,713326.3,0.896396,17.0204,4293,252.22673967709338,0,0.449358,0,21,0,0.026401,0,0,2964100,21.315155,no,920095.43,-0.55525,Non signif,Non signif
58009,Ariccia,58,Roma,12,41.720709,12.671348,16,1,5,8,2,1531,182924756,426840219,609764975,71491.1,713423.9,0.897161,18.592200000000002,18851,1013.9198158367486,0.188531,0.706956,594,528,0.01014,0.038024,1854917,4328300,6955592,29.689549,no,1810364.69,-0.371646,Non signif,Non signif
17007,Artogne,17,Brescia,3,45.848982,10.164556,5,1,2,2,0,291,65804791,0,65804791,4520.7,89572.2,0.83329,21.0194,3632,172.79275336118062,8.536787,0.873401,249,37,0.406138,0.041552,26725857,0,2734330,20.48295,no,134787.62,0.282739,Non signif,Non signif
89006,Carlentini,89,Siracusa,19,37.275881,15.014978,2,0,0,2,0,322,34644489,0,34644489,2110.1,56322,0.816685,158.91129999999998,17741,111.64089652529431,0.308705,0.301736,314,0,0.001943,0.001899,67301,0,65782,32.507353,no,112620.06,-0.006995,Non signif,Hotspot 95%
74001,Brindisi,74,Brindisi,16,40.636227,17.688501,21,0,11,8,2,1527,241975645,175759618,417735263,54863.3,418004.4,0.899462,332.9832,87141,261.697887460989,0.758877,3.836297,11,1268,0.002279,0.011521,551469,400561,2787800,13.243039,no,553208.45,-0.045265,Non signif,Non signif
68041,Spoltore,68,Pescara,13,42.453456,14.140982,6,0,3,2,1,632,79123509,21616977,100740486,8437,95993.9,0.893737,37.0144,19378,523.5259790784127,1.736257,0.898152,408,358,0.046908,0.024265,3711495,1014001,1919927,27.533978,no,277378.63,0.481984,High-High,Hotspot 99%
15009,Arese,15,Milano,3,45.54904,9.077895,9,0,5,1,3,854,54615840,1357403929,1412019769,66160.3,658439.9,0.871068,6.5635,19347,2947.665117696351,0,0.054977,0,115,0,0.008376,0,0,457472,15.050002,no,2125090.04,0.058227,Non signif,Non signif
36045,Spilamberto,36,Modena,8,44.533413,11.024083,19,0,6,11,2,956,298343353,232225920,530569273,37384.7,630579.9,0.877522,29.792199999999998,12767,428.5349856673895,0,1.069727,0,178,0,0.035906,0,0,10712399,36.541065,no,1938756.61,0.035655,Non signif,Non signif
1078,Chieri,1,Torino,1,45.013884,7.822354,11,1,2,6,2,1828,190029602,268716705,458746307,55533.8,827498.2,0.911202,54.1984,36858,680.0569758516857,1.969281,0.017318,957,0,0.036335,0.00032,6904663,9763733,60720,20.594868,no,944781.96,0.019099,Non signif,Non signif
78040,Cetraro,78,Cosenza,18,39.516595,15.941584,1,1,0,0,0,7,1089985,0,1089985,61.1,4359.8,0.601462,66.1428,10048,151.91373815441742,2.460316,1.521821,1221,256,0.037197,0.023008,40544,0,25078,50.996071,no,5558.5,0.43646,Non signif,Non signif
44027,Maltignano,44,Ascoli Piceno,11,42.832248,13.68799,2,0,0,2,0,93,48750474,0,48750474,5431,98425.5,0.779779,8.1719,2361,288.9168981509808,1.572079,0.448028,121,6,0.192376,0.054825,9378431,0,2672766,32.834347,no,160069,0.997719,Non signif,Non signif
97003,Annone di Brianza,97,Lecco,3,45.807621,9.332414,6,0,2,4,0,247,137726228,0,137726228,15574.8,135359.9,0.8755,5.9796000000000005,2330,389.65817111512473,0.000546,0,0,0,0.000091,0,12576,0,0,14.425007,no,198670.18,-0.083531,Non signif,Non signif
97082,Valgreghentino,97,Lecco,3,45.769871,9.412168,3,0,3,0,0,59,35687376,0,35687376,2060.6,34325.1,0.835356,6.2463999999999995,3453,552.798411885246,0.212015,0.000446,12,2,0.033942,0.000071,1211299,0,2548,14.425007,no,51479.07,-0.453869,Non signif,Non signif
1127,La Loggia,1,Torino,1,44.957744,7.667324,3,0,1,2,0,137,50846296,0,50846296,6252.4,40895.9,0.930714,12.793099999999999,8841,691.0756579718756,0,3.576603,0,176,0,0.279573,0,0,14215242,20.594868,no,104717.28,0.129519,Non signif,Non signif
73010,Leporano,73,Taranto,16,40.383922,17.334904,1,0,0,1,0,51,36410815,0,36410815,2967.9,23764.2,0.920115,15.3287,8085,527.4419879050408,0,0,0,0,0,0,0,0,0,15.194153,no,55323.15,-0.624514,Non signif,Non signif
1048,Cambiano,1,Torino,1,44.971416,7.778698,5,0,1,4,0,436,150972059,0,150972059,19139.9,184210.8,0.882717,14.1316,6027,426.4909847434119,0.101224,1.058103,7,174,0.007163,0.074875,1081406,0,11304027,20.594868,no,310924.96,-0.065217,Non signif,Non signif
97083,Valmadrera,97,Lecco,3,45.846282,9.358244,7,0,1,5,1,454,107214738,83196074,190410812,20337.7,180620.9,0.890541,12.599400000000001,11601,920.7581313395875,3.165408,1.442538,297,358,0.251235,0.114493,26936075,20901751,12275294,14.425007,no,274667.73,-0.187846,Non signif,Non signif
58034,Colleferro,58,Roma,12,41.727033,13.004158,6,0,4,2,0,81,147220088,0,147220088,7484.7,76105.4,0.880279,26.9859,21394,792.7843799910323,0.788074,0.556204,520,101,0.029203,0.020611,4299294,0,3034340,29.689549,no,437089.8,-0.4812,Non signif,Non signif
22196,Tesero,22,Trento,4,46.290416,11.511977,4,1,2,1,0,153,80843092,0,80843092,11807,40321.1,0.945835,50.5459,2940,58.16495502107985,13.560197,0.166384,153,2,0.268275,0.003292,21688174,0,266115,14.82766,no,119871.38,-0.653549,Non signif,Hotspot 95%
78055,Fiumefreddo Bruzio,78,Cosenza,18,39.234427,16.069517,1,0,1,0,0,23,3708154,0,3708154,282.7,5471.2,0.833165,32.0606,2944,91.82610431495355,1.933498,0.307945,243,52,0.060308,0.009605,223630,0,35617,50.996071,no,18910.13,-0.731066,Non signif,Non signif
24083,Quinto Vicentino,24,Vicenza,5,45.573798,11.627719,4,0,1,3,0,241,108923615,0,108923615,10883.5,117144.7,0.895602,17.3967,5815,334.2587962084763,0,0.334174,0,22,0,0.019209,0,0,2092319,21.315155,no,232172.38,-0.236394,Non signif,Non signif
33021,Fiorenzuola d'Arda,33,Piacenza,8,44.928084,9.910722,18,2,5,7,4,2965,255164110,408500258,663664368,56871.8,552312,0.890697,59.7699,15276,255.58014987476975,0,1.497695,0,1767,0,0.025058,0,0,6393820,28.260932,no,1875577.37,0.025569,Non signif,Non signif
16117,Grassobbio,16,Bergamo,3,45.65723,9.723107,28,1,11,13,3,2689,397291652,174825917,572117569,53507.4,591238.2,0.889835,8.7414,6401,732.2625666369231,0,0.662057,0,1,0,0.075738,0,0,30090114,21.203762,no,1213104.46,0.015853,Non signif,Non signif
68028,Pescara,68,Pescara,13,42.310262,13.95759,68,7,24,27,10,7299,944910533,1114788982,2059699515,145367.8,1530298.4,0.873662,34.363,119217,3469.342024852312,1.376224,3.493219,591,19796,0.04005,0.101656,37843278,44646840,96056207,27.533978,no,5671172.04,0.172359,Non signif,Non signif
20070,Volta Mantovana,20,Mantova,3,45.321302,10.659224,5,0,3,2,0,158,76779832,0,76779832,10484.8,58494.2,0.923907,50.485299999999995,7339,145.3690480199187,0,1.604864,0,631,0,0.031789,0,0,2440734,21.044843,no,161581.95,0.430747,Non signif,Non signif
19097,Soncino,19,Cremona,3,45.398975,9.874424,7,0,3,4,0,423,147109447,0,147109447,14281.1,155284.6,0.876186,45.320699999999995,7648,168.75290981825083,0,3.460387,0,49,0,0.076353,0,0,11232298,21.210647,no,312028.65,-0.064141,Non signif,Non signif
23051,Mozzecane,23,Verona,5,45.309983,10.818531,7,1,2,4,0,298,150977100,0,150977100,18462.5,247042,0.855034,24.854200000000002,7656,308.03646868537305,0,0,0,0,0,0,0,0,0,20.167921,no,304489.43,0.236418,Non signif,Non signif
52026,Rapolano Terme,52,Siena,9,43.287251,11.602927,2,0,1,1,0,27,20250713,0,20250713,1054.4,15489.8,0.905866,83.037,5305,63.887182822115435,29.701436,2.580693,664,157,0.357689,0.031079,7243461,0,629369,24.090373,no,48784.72,0.464059,Non signif,Non signif
49007,Cecina,49,Livorno,9,43.311345,10.517344,7,0,5,2,0,155,91026213,0,91026213,7762.8,96102.6,0.876995,42.52,28112,661.1476952022578,0.08193,8.729912,29,637,0.001927,0.205313,175395,0,18688872,23.707966,no,215804.64,0.031393,Non signif,Non signif
26087,Valdobbiadene,26,Treviso,5,45.901413,11.995512,10,0,3,5,2,499,188226980,208613180,396840160,52785.7,452114.7,0.877951,62.8951,10349,164.543819788823,0.004258,0,0,0,0.000068,0,12743,14123,0,21.139592,no,838903.9,-0.005556,Non signif,Non signif
28080,Santa Giustina in Colle,28,Padova,5,45.563698,11.906406,10,0,5,4,1,1941,156404273,132930751,289335024,38411.9,333931.5,0.904182,17.9678,7269,404.55704092877255,0,0.804596,0,285,0,0.04478,0,0,7003765,17.804557,no,515148.2,0.213113,Non signif,Non signif
12098,Marnate,12,Varese,3,45.629323,8.901095,7,0,4,3,0,230,112382894,0,112382894,10472.5,121353,0.886482,4.8465,7903,1630.6613019704942,0,0.109046,0,122,0,0.0225,0,0,2528609,11.229804,no,126203.79,0.102274,Non signif,Non signif
72020,Corato,72,Bari,16,41.152761,16.411464,28,1,12,10,5,5393,414222809,497207480,911430289,109322.2,1483153.8,0.871385,169.3455,48262,284.99133428405247,0.130202,3.80987,4,2955,0.000769,0.022498,318477,382280,9319026,14.160402,no,1290621.94,-0.159678,Non signif,Non signif
58047,Guidonia Montecelio,58,Roma,12,41.984273,12.695319,26,2,15,8,1,1316,321525746,21418674,342944420,30661.7,355580.3,0.868872,79.4731,89288,1123.4996495669604,0.519482,1.19403,17,152,0.006537,0.015024,2101678,140005,4830709,29.689549,no,1018186.5,0.132796,Non signif,Non signif
15220,Trezzano sul Naviglio,15,Milano,3,45.417988,9.069116,22,3,8,10,1,1372,474342133,125522587,599864720,50970.3,469781.9,0.858747,10.766300000000001,20956,1946.4439965447739,0,0,0,0,0,0,0,0,0,15.050002,no,902796.53,-0.075019,Non signif,Non signif
12107,Oggiona con Santo Stefano,12,Varese,3,45.699435,8.818381,2,0,1,1,0,151,41923503,0,41923503,1420.9,35597,0.914929,2.7451,4337,1579.906014352847,0,0.080497,0,32,0,0.029324,0,0,1229360,11.229804,no,47079.27,-1.498189,Low-Low,Coldspot 99%
14078,Villa di Tirano,14,Sondrio,3,46.203898,10.133854,1,0,1,0,0,4,8951434,0,8951434,440.4,10611.7,0.837582,24.7396,2978,120.3738136429045,0.997683,0.460713,130,19,0.040327,0.018622,360988,0,166698,12.776609,no,11436.9,-1.054428,Non signif,Non signif
23094,Vigasio,23,Verona,5,45.31703,10.942198,4,0,1,3,0,233,81748822,0,81748822,12312.5,77872.8,0.880902,30.763,10134,329.4217078958489,0,0,0,0,0,0,0,0,0,20.167921,no,164870.38,0.974903,Non signif,Non signif
2156,Varallo,2,Vercelli,1,45.813731,8.259211,6,0,2,4,0,488,131270376,0,131270376,13575.3,103952.1,0.930178,102.97449999999999,7200,69.92022296782214,3.5142550000000004,2.7542619999999998,0,589,0.034127,0.026747,4479921,0,3511093,17.175786,no,225467.19,-0.222381,Non signif,Coldspot 95%
18153,Stradella,18,Pavia,3,45.077356,9.295017,6,1,2,3,0,262,99025455,0,99025455,6627.7,89492.6,0.839016,18.8355,11637,617.8227283586845,0.665392,1.007309,27,469,0.035326,0.053479,3498221,0,5295810,18.961299,no,187765.13,-0.244204,Non signif,Non signif
1001,Agliè,1,Torino,1,45.367055,7.766918,3,0,1,2,0,181,51498553,0,51498553,4241.2,45073.1,0.921622,13.146400000000002,2646,201.27183107162415,0,0.222085,0,3,0,0.016893,0,0,869976,20.594868,no,106060.59,-0.465043,Low-Low,Coldspot 99%
17104,Marcheno,17,Brescia,3,45.709374,10.215326,8,1,4,2,1,520,128984434,104483319,233467753,25353.1,155116.1,0.933552,22.7395,4246,186.7235427340091,0.778396,0.153896,63,298,0.034231,0.006768,4415267,3576569,872939,20.48295,no,478210.83,-0.144783,Low-Low,Coldspot 99%
17204,Vobarno,17,Brescia,3,45.643643,10.499454,11,0,4,6,1,681,241986485,79144824,321131309,32826.5,299424.6,0.905819,53.2221,8112,152.41788655464555,6.639494,0.372652,124,300,0.124751,0.007002,30187982,9873372,1694348,20.48295,no,657771.65,-0.303792,Non signif,Non signif
18131,Rovescala,18,Pavia,3,45.011421,9.348753,1,0,0,1,0,82,32068631,0,32068631,3278.4,38452.6,0.870625,8.4121,896,106.51323688496332,1.559243,0,4,0,0.185357,0,5944150,0,0,18.961299,no,60806.29,-0.102002,Non signif,Non signif
16124,Leffe,16,Bergamo,3,45.800686,9.885456,2,0,1,1,0,32,48143232,0,48143232,5711.6,43551.8,0.792752,6.691,4463,667.0153938125841,0.38858,0.044562,81,91,0.058075,0.00666,2795919,0,320633,21.203762,no,102081.76,1.05801,Non signif,Non signif
16115,Gorle,16,Bergamo,3,45.703735,9.719022,9,1,3,2,3,2840,80620578,552966484,633587062,56784.2,540198,0.887987,2.52,6557,2601.9841269841268,0,0.202244,0,2,0,0.080256,0,0,6470249,21.203762,no,1343442.91,-0.054575,Non signif,Non signif
14007,Berbenno di Valtellina,14,Sondrio,3,46.168878,9.742367,3,0,1,1,1,442,42778022,135163591,177941613,15068.7,385238.2,0.845025,35.5954,4151,116.61619197986258,4.752437,1.049269,100,33,0.133513,0.029478,5711408,18046052,1260996,12.776609,no,227349.05,-0.071281,Non signif,Non signif
34006,Borgo Val di Taro,34,Parma,8,44.487053,9.765777,2,0,2,0,0,78,29111954,0,29111954,3142.8,15838.5,0.925337,151.49030000000002,6907,45.593678275110676,37.166086,3.130451,1641,1286,0.245336,0.020664,7142222,0,601580,33.475863,no,97454.78,0.051805,Non signif,Non signif
16091,Dalmine,16,Bergamo,3,45.649279,9.603953,15,0,6,6,3,3032,145260817,1437641761,1582902578,286625.7,1851146.7,0.884713,11.8077,23495,1989.8032639718149,0,0.280123,0,0,0,0.023724,0,0,3446132,21.203762,no,3356348.91,0.242632,Non signif,Non signif
17197,Vestone,17,Brescia,3,45.710641,10.403471,6,0,0,5,1,1101,246029211,362317005,608346216,80648.3,361390.3,0.935996,12.964,4295,331.30206726319034,1.374946,0.48227,45,163,0.106059,0.037201,26093558,38426899,9152461,20.48295,no,1246072.51,-0.312438,Non signif,Non signif
16126,Levate,16,Bergamo,3,45.625179,9.624154,6,0,3,2,1,475,45171193,221022305,266193498,11840.1,246833,0.854061,5.531499999999999,3780,683.3589442285095,0,0.400364,0,76,0,0.072379,0,0,3269442,21.203762,no,564430.35,0.036316,Non signif,Non signif
16074,Cisano Bergamasco,16,Bergamo,3,45.74248,9.470248,8,0,4,4,0,433,221220515,0,221220515,12529.3,122372.3,0.901243,7.8162,6377,815.869604155472,0.595091,0.183489,110,15,0.076136,0.023475,16842754,0,5193256,21.203762,no,469070.71,0.00615,Non signif,Non signif
13147,Merone,13,Como,3,45.78774,9.246188,6,0,2,2,2,793,131878437,78457775,210336212,24296.3,176891.2,0.905707,3.2813999999999997,4101,1249.7714390199305,0,0.236221,0,86,0,0.071988,0,0,9493648,12.029442,no,253022.73,-0.332463,Non signif,Non signif
99024,Pennabilli,99,Rimini,8,43.817054,12.265276,1,0,0,1,0,192,47076398,0,47076398,3837,28550.8,0.958464,69.8021,2772,39.71227226688023,29.622003,0.935943,1174,19,0.424371,0.013409,19977869,0,631225,28.763441,no,135407.92,-1.280779,Non signif,Non signif
65014,Battipaglia,65,Salerno,15,40.609254,14.982144,30,0,13,15,2,2114,439514010,83383026,522897036,59190.5,573814.9,0.86822,56.8504,51005,897.1792634704417,0.718119,1.060366,55,594,0.012632,0.018652,5551823,1053272,8197756,25.585615,no,1337864.21,0.269476,Non signif,Non signif
16204,Sovere,16,Bergamo,3,45.820724,10.023098,6,1,2,2,1,660,189227784,45762650,234990434,20759.3,163380.2,0.856947,18.0246,5319,295.0967011750608,3.347054,0.335645,61,86,0.185694,0.018621,35138400,8497834,3523704,21.203762,no,498268.12,0.020651,Non signif,Non signif
46001,Altopascio,46,Lucca,9,43.815041,10.674396,23,1,7,13,2,2091,362706562,306222345,668928907,85968.6,889008.2,0.867251,28.575300000000002,15572,544.9461597953477,0.010775,5.113422,2,819,0.000377,0.178946,136767,115468,64904715,29.45658,no,1970435.81,-0.043831,Non signif,Non signif
87004,Acireale,87,Catania,19,37.612777,15.16588,12,3,7,2,0,349,93121190,0,93121190,8366.7,116859.2,0.850861,40.4294,52269,1292.8462950229289,1.014823,0,558,0,0.025101,0,2337446,0,0,36.827421,no,342941.33,-0.04562,Non signif,Non signif
42038,Polverigi,42,Ancona,11,43.525561,13.392073,5,0,2,3,0,260,90527444,0,90527444,7119.7,69565.7,0.921891,24.983600000000003,4565,182.71986423093549,3.814555,0,197,0,0.152682,0,13821944,0,0,27.781362,no,251497.57,-0.697827,Non signif,Non signif
43013,Civitanova Marche,43,Macerata,11,43.305523,13.72293,26,0,12,10,4,2059,415233489,431993735,847227224,80847.4,765463.7,0.888159,46.0665,42353,919.3882756449915,0.462135,0,26,0,0.010032,0,4165585,4333722,0,27.736975,no,2349952.03,-0.213713,Non signif,Non signif
17093,Longhena,17,Brescia,3,45.437678,10.059667,1,0,0,1,0,70,17848206,0,17848206,1586.5,11322.1,0.958223,3.4707,580,167.11326245425994,0,0,0,0,0,0,0,0,0,20.48295,no,36558.39,-1.402308,Non signif,Non signif
41010,Cartoceto,41,Pesaro e Urbino,11,43.765663,12.883458,2,0,0,1,1,380,13771122,84285738,98056860,14574,111785.6,0.894648,23.2033,7936,342.02031607573065,0.662674,0,45,0,0.028559,0,393296,2407156,0,24.621765,no,241433.3,1.389105,Non signif,Non signif
14068,Tovo di Sant'Agata,14,Sondrio,3,46.244779,10.246453,1,0,0,1,0,61,31927343,0,31927343,4212,20805.4,0.944608,11.146500000000001,631,56.60969811151482,0.308897,0.114803,2,2,0.027712,0.010299,884785,0,328835,12.776609,no,40792.32,-0.009316,Non signif,Non signif
36039,San Prospero,36,Modena,8,44.789671,11.0221,11,0,5,6,0,677,203435524,0,203435524,24666.1,225186.5,0.891139,34.5575,5933,171.6848730376908,0,2.935274,0,597,0,0.084939,0,0,17279578,36.541065,no,743375.06,0.300777,Non signif,Non signif
97070,Primaluna,97,Lecco,3,45.986971,9.429608,3,0,1,1,1,201,17819159,104223039,122042198,21088.8,100423.7,0.869174,22.425700000000003,2258,100.68804987135294,3.646133,0.47034,84,27,0.162587,0.020973,2897168,16945338,373726,14.425007,no,176045.96,0.471271,Non signif,Non signif
22117,Mezzolombardo,22,Trento,4,46.212094,11.093509,8,0,5,3,0,334,151435755,0,151435755,15631,95233,0.91931,13.8792,7156,515.5916767537034,5.006479,0.351795,553,4,0.360718,0.025347,54625622,0,3838430,14.82766,no,224543.78,0.108973,Non signif,Non signif
24107,Torrebelvicino,24,Vicenza,5,45.718939,11.308834,3,0,1,1,1,432,40209120,92849422,133058542,20709.5,128638.5,0.922106,20.74,5849,282.0154291224687,0.00466,0,0,0,0.000225,0,9034,20862,0,21.315155,no,283616.35,0.917054,Non signif,Non signif
108030,Meda,108,Monza e della Brianza,3,45.662505,9.156753,29,1,15,7,6,2559,371127991,1237869550,1608997541,168832.6,1112183.2,0.902579,8.3084,23463,2824.0094362332097,0,0,0,0,0,0,0,0,0,13.279771,no,2136711.94,-0.277588,Non signif,Non signif
28065,Piove di Sacco,28,Padova,5,45.297692,12.036814,19,0,10,9,0,975,268539404,0,268539404,33635.7,340649.2,0.848839,35.7347,19902,556.9376544367241,0,4.305655,0,807,0,0.120489,0,0,32356170,17.804557,no,478122.52,0.415113,Non signif,Non signif
16244,Zandobbio,16,Bergamo,3,45.687882,9.853358,4,0,1,3,0,154,149186465,0,149186465,18736.3,97379.3,0.92762,6.431799999999999,2732,424.7644516309587,0.002478,0.054787,0,23,0.000385,0.008518,57478,0,1270792,21.203762,no,316331.43,-0.1909,Non signif,Non signif
16114,Gorlago,16,Bergamo,3,45.676703,9.827054,3,0,1,2,0,108,83079715,0,83079715,6610.3,93784.5,0.803758,5.6975999999999996,5188,910.5588317888235,0.127191,0.428548,2,133,0.022324,0.075216,1854639,0,6248885,21.203762,no,176160.25,-0.051783,Non signif,Non signif
65116,Salerno,65,Salerno,15,40.419442,15.310756,76,1,27,43,5,7439,1476487080,165558194,1642045274,127500.2,1636380.5,0.883602,59.852799999999995,133970,2238.3246899059027,13.560938,0.609677,4860,1032,0.226571,0.010186,334529876,37510766,15039901,25.585615,no,4201273.77,0.115352,Non signif,Non signif
63059,Portici,63,Napoli,15,40.818973,14.338745,8,0,4,2,2,1591,67922890,138333828,206256718,18341.2,267729.7,0.834125,4.6049,54577,11851.940324437013,0,0.006515,0,6,0,0.001415,0,0,96097,35.751904,no,737407.05,0.533973,Non signif,Non signif
43049,Sarnano,43,Macerata,11,43.03538,13.29831,2,0,1,1,0,92,24861393,0,24861393,1219.8,22468.5,0.884525,63.1669,3220,50.97606499606598,7.26458,0,100,0,0.115006,0,2859212,0,0,27.736975,no,68957.98,-0.643392,Non signif,Non signif
4215,Savigliano,4,Cuneo,1,44.644037,7.655929,8,0,3,3,2,3787,89872504,2578041320,2667913824,153033.9,1772729.2,0.883892,110.7893,21526,194.29674165284916,0,4.219728,0,1022,0,0.038088,0,0,3423052,16.396584,no,4374467.29,-0.169258,Non signif,Non signif
67005,Basciano,67,Teramo,13,42.594401,13.739647,3,0,2,1,0,123,73120028,0,73120028,6122.9,71482.2,0.868715,18.8537,2373,125.86388878575558,3.55102,0.399803,121,7,0.188346,0.021206,13771869,0,1550550,27.38232,no,200219.6,0.132283,Non signif,Non signif
54051,Spoleto,54,Perugia,10,42.735512,12.736336,9,0,5,0,4,1005,38444435,436904861,475349296,38433.6,564705.9,0.857311,348.14230000000003,37964,109.04736367858774,14.391634,9.243861,305,2177,0.041338,0.026552,1589230,18060933,1020775,38.922787,no,1850191.92,-0.334165,Non signif,Non signif
14032,Gordona,14,Sondrio,3,46.292293,9.365335,2,0,0,1,1,323,15380553,27010094,42390647,6645.9,47026.7,0.893572,62.7937,1970,31.372574000257988,17.729076,2.352499,19,7,0.282338,0.037464,4342522,7625988,576216,12.776609,no,54160.87,0.510235,Non signif,Non signif
74012,Ostuni,74,Brindisi,16,40.727631,17.576406,13,0,6,6,1,1005,198613503,71553817,270167320,26420.9,313012.2,0.862875,225.5616,31197,138.30811627511065,0.007762,0.980488,0,63,0.000034,0.004347,6835,2462,863348,13.243039,no,357783.65,0.222802,Non signif,Non signif
43016,Esanatoglia,43,Macerata,11,43.252208,12.947827,4,0,2,2,0,205,65730890,0,65730890,5094.7,55406.6,0.921227,47.9098,1963,40.97282810614948,0.648843,0,75,0,0.013543,0,890194,0,0,27.736975,no,182317.6,-0.306366,Non signif,Non signif
53004,Castel del Piano,53,Grosseto,9,42.893235,11.53838,3,0,1,2,0,201,36950846,0,36950846,3275.6,40407.4,0.883888,67.7708,4810,70.97451999976391,5.567941,2.468628,99,18,0.082158,0.036426,3035823,0,1345976,19.796812,no,73150.89,-0.271583,High-Low,Coldspot 99%
22001,Ala,22,Trento,4,45.757901,11.001818,7,0,1,4,2,720,99049156,180843753,279892909,16773.6,270130.5,0.906996,119.87190000000001,8887,74.13747508798976,30.904685,0.282791,222,1,0.257814,0.002359,25536285,46624098,233668,14.82766,no,415015.68,-0.714406,Non signif,Non signif
4117,Marene,4,Cuneo,1,44.661972,7.729157,4,0,1,3,0,222,80956983,0,80956983,6877.1,82302.6,0.852218,28.987399999999997,3330,114.87749849934801,0,1.240851,0,23,0,0.042807,0,0,3465490,16.396584,no,132741.8,-0.408723,Non signif,Non signif
60075,Strangolagalli,60,Frosinone,12,41.600719,13.493904,1,0,1,0,0,37,9714794,0,9714794,1662.8,11670.4,0.890197,10.5681,2414,228.423273814593,0.352968,0.017931,29,1,0.033399,0.001697,324468,0,16483,34.188464,no,33213.39,1.896209,Non signif,Non signif
20053,Roverbella,20,Mantova,3,45.26578,10.767527,5,0,2,3,0,278,69693979,0,69693979,9052.3,84832.2,0.86205,62.985600000000005,8610,136.6979119036732,0,7.723587,0,1511,0,0.122625,0,0,8546200,21.044843,no,146669.88,0.297221,Non signif,Non signif
24111,Valdagno,24,Vicenza,5,45.641321,11.30406,14,0,5,6,3,1699,178901965,426119283,605021248,46174.5,409784.2,0.916116,50.216499999999996,26016,518.0767277687613,1.259184,0,103,0,0.025075,0,4485986,10684986,0,21.315155,no,1289612.18,-0.220335,Non signif,Non signif
37021,Castenaso,37,Bologna,8,44.50887,11.469811,22,2,11,8,1,1187,208822549,65374098,274196647,25310.6,445081.2,0.849817,35.7338,15363,429.9290867470014,0,2.497311,0,196,0,0.069887,0,0,14593882,38.815968,no,1064320.83,0.026907,Non signif,Non signif
16182,Rogno,16,Bergamo,3,45.857665,10.133545,8,0,4,4,0,269,118399365,0,118399365,12891,133174.3,0.886342,15.810799999999999,3931,248.62752042907383,6.646491,0.767735,215,35,0.420377,0.048558,49772327,0,5749193,21.203762,no,251051.19,-0.11444,Non signif,Non signif
16218,Trescore Balneario,16,Bergamo,3,45.696483,9.842557,10,0,5,4,1,920,154115253,14142927,168258180,14915.4,171337.4,0.861443,13.514000000000001,9814,726.2098564451679,0.261015,0.418273,17,81,0.019314,0.030951,2976646,273162,4770035,21.203762,no,356770.64,0.066991,Non signif,Non signif
16176,Presezzo,16,Bergamo,3,45.69208,9.570351,5,1,2,2,0,192,49407547,0,49407547,5311.2,35237.5,0.933713,2.2818,4905,2149.61872206153,0,0.024463,0,35,0,0.010721,0,0,529694,21.203762,no,104762.59,-0.059038,Non signif,Non signif
16144,Nembro,16,Bergamo,3,45.743974,9.759275,10,0,2,5,3,1129,107771972,343735036,451507008,35274.7,442359.2,0.883748,15.235,11530,756.8099770265835,1.48528,0.418497,102,324,0.097491,0.027469,10506830,33511177,2960436,21.203762,no,957364.7,0.304641,Non signif,Non signif
75035,Lecce,75,Lecce,16,40.152217,18.226063,46,2,17,21,6,5197,728863728,427193163,1156056891,106657.7,1038909.4,0.88841,241.0023,95441,396.01696747292453,0,0.060318,44,1,0,0.00025,0,0,182420,14.108941,no,1631073.85,-0.025199,Non signif,Non signif
110005,Margherita di Savoia,110,Barletta-Andria-Trani,16,41.374235,16.150166,3,2,1,0,0,59,10635567,0,10635567,910.9,15271.7,0.835981,35.698299999999996,11771,329.73558964992736,0,8.691542,0,1072,0,0.243472,0,0,2589464,22.254355,no,23668.77,0.320145,Non signif,Non signif
82070,Termini Imerese,82,Palermo,19,37.983651,13.695554,8,0,2,6,0,384,279045415,0,279045415,27675.8,174344.2,0.905513,76.689628,26029,339.4070447179637,0.981389,1.781842,583,174,0.012797,0.023234,3570914,0,6483469,29.57954,no,825403.5,0.209713,Non signif,Non signif
43033,Morrovalle,43,Macerata,11,43.314553,13.579508,12,0,4,7,1,1020,116511145,244833487,361344632,37225.3,349967,0.887984,42.581,10056,236.16166834973345,2.693743,0,204,0,0.063262,0,7370684,15488563,0,27.736975,no,1002260.7,0.227414,Non signif,Non signif
94034,Pettoranello del Molise,94,Isernia,14,41.573125,14.277521,3,0,1,2,0,292,87278780,0,87278780,10906.1,49082.5,0.90246,15.584200000000001,444,28.49039411711862,1.000862,0.188412,2,1,0.064223,0.01209,5605293,0,1055195,43.903663,no,383185.81,0.678563,Non signif,Non signif
15188,Rosate,15,Milano,3,45.351992,9.017478,5,0,1,2,2,1588,39816307,341747227,381563534,63566.2,639106.9,0.852777,18.6819,5785,309.65801123012113,0,0,0,0,0,0,0,0,0,15.050002,no,574253.2,0.805292,Non signif,Non signif
17032,Calcinato,17,Brescia,3,45.457182,10.413574,16,0,6,7,3,1310,232447232,458999556,691446788,67193.7,781729.6,0.854111,33.2963,12894,387.2502350110973,0.000557,3.594132,1,1629,0.000017,0.107944,3889,7678,25091257,20.48295,no,1416286.99,0.415551,Non signif,Non signif
16086,Costa Volpino,16,Bergamo,3,45.829888,10.098161,9,0,2,5,2,670,104781813,330365443,435147256,36623.8,309699.9,0.891121,18.666700000000002,9151,490.2312674441652,4.222043,2.595711,597,972,0.22618,0.139056,23699600,74722212,14570508,21.203762,no,922675.87,0.255791,Non signif,Non signif
7003,Aosta,7,Valle d'Aosta/Vallée d'Aoste,2,45.737088,7.319665,8,0,4,2,2,1013,220843636,58222141,279065777,27109.5,166828.9,0.924911,21.3926,34082,1593.1677308976,3.196512,0.944236,455,327,0.149421,0.044138,32998763,8699633,9747694,17.572597,no,490391.03,0.627787,High-Low,Coldspot 99%
48032,Pelago,48,Firenze,9,43.771824,11.50463,2,0,0,2,0,304,35259130,0,35259130,2906.2,30787.5,0.942761,54.561099999999996,7751,142.06091885977372,14.765454,0.840071,1309,674,0.270622,0.015397,9541909,0,542881,35.050589,no,123585.33,-0.889862,Non signif,Non signif
17166,Rovato,17,Brescia,3,45.567038,9.998601,19,1,11,5,2,1141,256058686,365312781,621371467,72092.4,642477,0.863855,26.094499999999996,19223,736.6686466496773,0,0,0,0,0,0,0,0,0,20.48295,no,1272752.06,0.182097,Non signif,Non signif
16251,Solza,16,Bergamo,3,45.677143,9.488937,2,0,1,1,0,104,21521363,0,21521363,1672.4,20742.1,0.90676,1.2278,2075,1690.014660368138,0,0.230114,0,489,0,0.18742,0,0,4033529,21.203762,no,45633.39,0.338002,Non signif,Non signif
33037,Pontenure,33,Piacenza,8,44.999165,9.788569,12,0,1,8,3,1030,299712265,256475706,556187971,54714.2,720767.8,0.872887,33.848600000000005,6499,192.00203258037257,0,1.445291,0,21,0,0.042699,0,0,12797322,28.260932,no,1571839.06,-0.219398,Non signif,Non signif
65010,Atena Lucana,65,Salerno,15,40.455111,15.557264,6,0,2,4,0,301,130242362,0,130242362,9845.2,184898.6,0.839851,26.0099,2402,92.34945155498484,0.288665,0.380229,14,6,0.011098,0.014619,1445465,0,1903964,25.585615,no,333233.09,0.115362,Non signif,Non signif
5011,Bubbio,5,Asti,1,44.663673,8.295134,1,0,0,1,0,204,63132932,0,63132932,3277,58868.3,0.90237,15.7623,847,53.73581266693313,0.00096,1.377123,0,77,0.000061,0.087368,3845,0,5515808,21.748752,no,137306.25,-1.447408,Non signif,Non signif
17096,Lumezzane,17,Brescia,3,45.648258,10.264546,34,0,15,16,3,2413,651460889,721208289,1372669178,129560.2,957369.7,0.90239,31.718400000000003,22250,701.4855730427764,0.163511,0.507467,239,918,0.005155,0.015999,3358335,3717889,10422811,20.48295,no,2811631.4,-0.306706,Low-Low,Coldspot 99%
43055,Urbisaglia,43,Macerata,11,43.196608,13.376571,3,0,1,2,0,134,54169879,0,54169879,6561.4,66763.9,0.855072,22.863699999999998,2577,112.7114159125601,4.73573,0,113,0,0.207129,0,11220140,0,0,27.736975,no,150250.86,0.19031,Non signif,Hotspot 95%
1216,Rivara,1,Torino,1,45.332553,7.632916,3,0,1,2,0,177,79298573,0,79298573,8026.6,68636.4,0.915976,12.584000000000001,2606,207.08836617927525,0,0.026837,0,1,0,0.002133,0,0,169114,20.594868,no,163314.36,-0.965009,Low-Low,Coldspot 99%
26017,Cimadolmo,26,Treviso,5,45.787138,12.361633,12,0,6,6,0,674,155883740,0,155883740,16754.3,161020.9,0.885947,17.896,3420,191.10415735359857,0,0,0,0,0,0,0,0,0,21.139592,no,329531.86,-0.069023,Non signif,Non signif
17034,Calvisano,17,Brescia,3,45.348052,10.345921,8,1,1,5,1,500,124705359,101567375,226272734,34868.7,219700.7,0.910893,44.827799999999996,8543,190.57370649463058,0,4.747454,0,1082,0,0.105904,0,0,13206826,20.48295,no,463473.31,-0.192668,Non signif,Non signif
4104,Lagnasco,4,Cuneo,1,44.624928,7.555576,2,0,1,1,0,45,41133652,0,41133652,2146.6,24479.4,0.916157,17.712699999999998,1447,81.6927966938976,0,0.233747,0,2,0,0.013197,0,0,542823,16.396584,no,67445.14,-0.541066,Non signif,Non signif
24071,Nanto,24,Vicenza,5,45.421995,11.605006,1,0,1,0,0,38,12434256,0,12434256,880.8,11464.2,0.925699,14.351099999999999,3091,215.38418657803237,0,0,0,0,0,0,0,0,0,21.315155,no,26503.81,-1.440455,Non signif,Non signif
9064,Vado Ligure,9,Savona,7,44.27144,8.43822,5,0,3,1,1,818,247826484,31044795,278871279,21440.3,111927.1,0.894886,23.785,8369,351.86041622871556,1.05243,0.413783,92,1872,0.044248,0.017397,10965736,1373659,4311389,24.791781,no,691371.56,-0.099382,Non signif,Hotspot 95%
80038,Gioia Tauro,80,Reggio di Calabria,18,38.423974,15.898995,6,1,1,3,1,1574,59447837,310876000,370323837,44919.1,302395.7,0.806118,39.8676,20076,503.5668061282846,0.13651,2.536728,102,17,0.003424,0.063629,203554,1064465,3782595,48.652369,no,1801713.19,0.246755,Non signif,Non signif
28007,Arzergrande,28,Padova,5,45.27286,12.053944,2,0,1,1,0,104,39767914,0,39767914,3047.5,47037.8,0.789931,13.642999999999999,4834,354.3208971633805,0,6.401867,0,483,0,0.469242,0,0,18660771,17.804557,no,70805.01,0.821422,Non signif,Non signif
28023,Carmignano di Brenta,28,Padova,5,45.628771,11.699861,12,1,3,8,0,699,225489320,0,225489320,23489.8,225820.2,0.888287,14.681700000000001,7576,516.0165375944202,0,0,0,0,0,0,0,0,0,17.804557,no,401473.75,-0.019113,Non signif,Non signif
24062,Montecchio Precalcino,24,Vicenza,5,45.665781,11.563302,7,0,1,6,0,438,284022774,0,284022774,23799.9,143322.2,0.929492,14.420499999999999,5048,350.0572102215596,0,0,0,0,0,0,0,0,0,21.315155,no,605398.95,-0.005822,Non signif,Non signif
3108,Oleggio,3,Novara,1,45.597231,8.637068,6,1,4,1,0,234,69712609,0,69712609,9998,82836.7,0.879339,37.7949,14135,373.9922582147327,0.012106,0.496731,0,7,0.00032,0.013143,22329,0,916219,12.08995,no,84282.2,0.228073,Non signif,Non signif
108027,Limbiate,108,Monza e della Brianza,3,45.598605,9.119731,9,0,5,4,0,302,188401573,0,188401573,16167.4,181314.8,0.893343,12.2851,35141,2860.456976337189,0,0.069896,0,202,0,0.005689,0,0,1071910,13.279771,no,250192.98,-0.211313,Non signif,Non signif
4179,Racconigi,4,Cuneo,1,44.769819,7.678887,2,0,1,1,0,106,45047440,0,45047440,3800.9,32004.8,0.931416,48.056999999999995,9958,207.2122687641759,0,0.000081,0,0,0,0.000002,0,0,76,16.396584,no,73862.41,-0.348158,Non signif,Non signif
108040,Seveso,108,Monza e della Brianza,3,45.643466,9.137379,8,2,4,1,1,616,51403553,98496081,149899634,24394.3,360968.5,0.846231,7.4025,23456,3168.659236744343,0.005355,0.020183,19,97,0.000723,0.002727,37186,71252,140152,13.279771,no,199063.29,0.639913,Non signif,Non signif
31009,Grado,31,Gorizia,6,45.677692,13.386443,2,0,0,2,0,143,33063891,0,33063891,5692.2,22083,0.94769,111.3251,8173,73.4156088788602,0,23.86573,0,1985,0,0.214379,0,0,7088194,23.340869,no,77174,-0.001286,Non signif,Non signif
16160,Pedrengo,16,Bergamo,3,45.695982,9.734955,15,0,3,9,3,1815,397746899,505889200,903636099,73309.3,558835,0.879041,3.5999,6026,1673.935387094086,0,0.038039,0,3,0,0.010567,0,0,4202865,21.203762,no,1916048.45,0.128899,Non signif,Hotspot 95%
19081,Ripalta Cremasca,19,Cremona,3,45.32856,9.679244,5,0,3,2,0,124,76803031,0,76803031,10893.6,116425.9,0.832238,11.7795,3388,287.618319962647,0,1.154671,0,7,0,0.098024,0,0,7528523,21.210647,no,162904.2,0.359934,Non signif,Non signif
17080,Gottolengo,17,Brescia,3,45.291033,10.269829,4,0,1,3,0,234,66131256,0,66131256,4443.8,74414.5,0.864826,29.2841,5184,177.02439207624616,0,0,0,0,0,0,0,0,0,20.48295,no,135456.32,-0.324534,Non signif,Non signif
24036,Creazzo,24,Vicenza,5,45.532053,11.478581,15,0,5,9,1,968,255995462,108859148,364854610,31096.7,366325.7,0.870254,10.539200000000001,11373,1079.114164262942,0,0,0,0,0,0,0,0,0,21.315155,no,777693.26,-0.131191,Non signif,Non signif
97022,Civate,97,Lecco,3,45.828081,9.342944,3,0,1,1,1,378,17518528,129462610,146981138,15002.9,141356.9,0.906507,9.2705,3818,411.8440213580713,0.759674,0.251575,138,236,0.081945,0.027137,1435561,10608854,475403,14.425007,no,212020.4,-0.062908,Non signif,Non signif
7004,Arnad,7,Valle d'Aosta/Vallée d'Aoste,2,45.644475,7.722183,3,0,1,2,0,231,42041855,0,42041855,8099.3,37408.4,0.94879,28.8409,1251,43.37590019728926,25.658321,2.540237,498,246,0.88965,0.088078,37402557,0,3702945,17.572597,no,73878.46,-0.613744,Non signif,Coldspot 95%
27035,Santa Maria di Sala,27,Venezia,5,45.505036,12.033868,17,0,6,10,1,1446,316598692,288549000,605147692,53154.1,500581.9,0.874978,28.051399999999997,17774,633.6225642926913,0,1.858007,0,701,0,0.066236,0,0,20970169,17.526854,no,1060633.55,-0.146848,Non signif,Non signif
77014,Matera,77,Matera,17,40.447642,16.473574,28,1,13,10,4,2353,313001591,493591098,806592689,54913.1,1204977,0.875831,392.0858,60403,154.055566409189,9.561537,13.282891,133,82,0.024386,0.033878,7632963,12036880,10603715,22.969725,no,1852721.23,-0.040538,Non signif,Non signif
39006,Castel Bolognese,39,Ravenna,8,44.320487,11.799258,11,0,2,7,2,1226,218660215,349920464,568580679,46291.8,411669.2,0.897876,32.3739,9628,297.4000661026321,0.056866,4.117108,2,1662,0.001757,0.127174,384085,614649,27807824,37.876303,no,2153573.4,-0.267796,Non signif,Non signif
39014,Ravenna,39,Ravenna,8,44.364061,12.059009,85,5,27,49,4,4840,1911040609,412829913,2323870522,208501.2,1990413.4,0.88453,653.822,159115,243.3613429954942,0,198.023207,0,18200,0,0.30287,0,0,578797272,37.876303,no,8801962.37,-0.219038,Non signif,Coldspot 99%
13163,Novedrate,13,Como,3,45.698946,9.120498,4,0,1,3,0,264,76605001,0,76605001,4345.6,72028.8,0.884516,2.9210000000000003,2907,995.2071208490242,0.045729,0.002535,0,0,0.015655,0.000868,1199271,0,66482,12.029442,no,92151.54,-0.105065,Low-Low,Coldspot 99%
103072,Verbania,103,Verbano-Cusio-Ossola,1,45.937663,8.52653,11,0,3,5,3,1189,105543364,211839961,317383325,24993.2,397880.9,0.88167,37.4923,30709,819.0748500358741,0.032794,18.578755,14,1624,0.000875,0.495535,92317,185294,52300454,17.575018,no,557801.77,0.148982,Non signif,Non signif
103054,Pieve Vergonte,103,Verbano-Cusio-Ossola,1,46.012976,8.260816,1,0,1,0,0,40,12149219,0,12149219,1845.5,8606.1,0.947974,41.672700000000006,2549,61.16714299769392,3.129029,0.671874,1475,151,0.075086,0.016123,912234,0,195878,17.575018,no,21352.27,-0.034003,Low-Low,Coldspot 99%
65099,Pontecagnano Faiano,65,Salerno,15,40.640904,14.881882,9,1,3,4,1,1013,153505557,105176413,258681970,26175,242940.7,0.887165,37.1898,26242,705.6235849614679,0.013848,0.531114,3,195,0.000372,0.014281,57159,39164,2192240,25.585615,no,661853.72,-0.198848,Non signif,Non signif
15211,Settimo Milanese,15,Milano,3,45.480309,9.055356,27,2,13,10,2,1645,307941653,143085087,451026740,48074.4,464497.2,0.880551,10.7194,20060,1871.3733977648003,0,0,0,0,0,0,0,0,0,15.050002,no,678795.34,0.1074,Non signif,Non signif
75045,Melpignano,75,Lecce,16,40.157081,18.293078,1,0,1,0,0,9,4516141,0,4516141,518.1,14914.7,0.662551,11.1028,2218,199.76942753179378,0.045402,0.038277,109,5,0.004089,0.003448,18468,0,15569,14.108941,no,6371.8,1.401871,Non signif,Non signif
17133,Palazzolo sull'Oglio,17,Brescia,3,45.599069,9.884966,13,0,5,8,0,603,207107085,0,207107085,18871.1,176841.6,0.911535,23.0396,20026,869.1991180402438,0,0.775248,0,708,0,0.033649,0,0,6968843,20.48295,no,424216.4,-0.429417,Low-Low,Coldspot 99%
2158,Vercelli,2,Vercelli,1,45.555383,8.346284,10,0,3,5,2,2478,376335538,858476993,1234812531,151068.8,1424666,0.856687,79.7758,46181,578.8848247212813,0,10.828282,0,84,0,0.135734,0,0,51081498,17.175786,no,2120887.57,-0.129184,Non signif,Non signif
16008,Alzano Lombardo,16,Bergamo,3,45.733603,9.730494,11,0,7,3,1,1269,137491032,22962361,160453393,20608.1,178917.1,0.875897,13.6846,13637,996.5216374610877,0.90791,0.506983,78,337,0.066345,0.037048,9121895,1523447,5093727,21.203762,no,340221.55,0.499086,Non signif,Non signif
71029,Manfredonia,71,Foggia,16,41.625473,15.909593,8,0,3,5,0,362,128099738,0,128099738,8680.2,181836.8,0.850992,354.5437,56906,160.5048968575665,2.477896,34.509835,4,5137,0.006989,0.097336,895285,0,12468705,37.634206,no,482093.19,-0.168515,Non signif,Non signif
26003,Asolo,26,Treviso,5,45.800726,11.914244,13,0,4,5,4,1912,165868311,766342347,932210658,83773.3,886769.4,0.874402,25.3671,9089,358.2987412830004,0,0,0,0,0,0,0,0,0,21.139592,no,1970655.28,0.086334,Non signif,Non signif
4066,Ceva,4,Cuneo,1,44.387276,8.033048,3,0,2,1,0,206,33760424,0,33760424,7141.7,70051.5,0.817402,43.1663,5774,133.76175396084446,4.160366,1.276899,164,313,0.09638,0.029581,3253828,0,998665,16.396584,no,55355.56,0.793446,Non signif,Non signif
16003,Albano Sant'Alessandro,16,Bergamo,3,45.686482,9.770656,15,0,2,12,1,1035,331207844,144649068,475856912,68719.9,449659.5,0.899079,5.352799999999999,8244,1540.1285308623526,0.129932,0.205901,85,315,0.024274,0.038466,8039624,3511161,12740253,21.203762,no,1008995.66,0.080417,Non signif,Hotspot 99%
1220,Robassomero,1,Torino,1,45.200049,7.568917,8,0,1,5,2,1078,158536268,292330012,450866280,25628.8,429541.3,0.904414,8.575700000000001,3089,360.20383175717427,0,0.490696,0,6,0,0.057219,0,0,9071343,20.594868,no,928553.15,-0.413817,Non signif,Coldspot 95%
17043,Castenedolo,17,Brescia,3,45.471576,10.29831,18,0,9,8,1,951,253984282,318431000,572415282,42648.2,613855.8,0.886451,26.1954,11482,438.32123197202566,0,2.579193,0,1282,0,0.09846,0,0,25007233,20.48295,no,1172475.35,0.343324,Non signif,Non signif
12108,Olgiate Olona,12,Varese,3,45.631,8.889841,10,1,7,2,0,241,100692898,0,100692898,11061.7,83100.1,0.881513,7.2067,12444,1726.726518378731,0,0.138832,0,398,0,0.019264,0,0,1939778,11.229804,no,113076.15,0.04658,Non signif,Non signif
33013,Castel San Giovanni,33,Piacenza,8,45.059067,9.434178,8,0,5,3,0,297,89444932,0,89444932,7923.8,104446.3,0.872336,44.044799999999995,13756,312.3183667538507,0.000165,5.136422,0,2008,0.000004,0.116618,335,0,10430900,28.260932,no,252779.72,0.182304,Non signif,Non signif
47014,Pistoia,47,Pistoia,9,43.974096,10.868708,40,3,19,15,3,2478,596642042,219707117,816349159,82080.7,1277105.8,0.859498,236.16729999999998,90195,381.9114669981831,18.719469,18.852326,2027,11361,0.079264,0.079826,47291993,17414776,47627636,29.709501,no,2425332.63,0.0051,Non signif,Non signif
16081,Comun Nuovo,16,Bergamo,3,45.622911,9.663127,5,0,1,2,2,646,83330228,236575271,319905499,38243.7,337599.4,0.88517,6.4453,4389,680.9613206522582,0,0,0,0,0,0,0,0,0,21.203762,no,678320,0.051552,Non signif,Non signif
40001,Bagno di Romagna,40,Forlì-Cesena,8,43.835227,11.959598,2,0,0,2,0,102,44693768,0,44693768,4083.2,50774,0.862967,233.5175,5874,25.154431680709152,114.064911,1.624201,2852,329,0.488464,0.006955,21831300,0,310862,31.154462,no,139241.03,0.410434,Non signif,Non signif
87029,Misterbianco,87,Catania,19,37.519172,15.007936,25,2,12,9,2,1346,317512649,184942894,502455543,40321.6,608172.6,0.842657,37.6787,49992,1326.7973682743832,0,0,0,0,0,0,0,0,0,36.827421,no,1850414.18,-0.423773,Non signif,Non signif
108001,Agrate Brianza,108,Monza e della Brianza,3,45.576173,9.350948,23,0,8,12,3,14056,439800639,5040431782,5480232421,738168.8,3723917.5,0.872121,11.2178,15540,1385.2983650983258,0,0.057163,0,40,0,0.005096,0,0,2241110,13.279771,no,7277623.33,0.222585,Non signif,Non signif
23022,Castelnuovo del Garda,23,Verona,5,45.4384,10.760479,6,0,1,4,1,667,194034841,527997000,722031841,77794.2,312331,0.908876,34.429899999999996,13137,381.55789008971857,0,5.117826,0,1,0,0.148645,0,0,28842272,20.167921,no,1456188.14,0.187564,Non signif,Non signif
54045,Sant'Anatolia di Narco,54,Perugia,10,42.733758,12.835586,2,0,1,1,0,134,61054049,0,61054049,3047.6,56619.8,0.860233,46.5492,557,11.96583399929537,6.819743,0.85526,64,11,0.146506,0.018373,8944792,0,1121761,38.922787,no,237639.37,0.454134,Non signif,Non signif
27019,Jesolo,27,Venezia,5,45.536709,12.638334,14,2,9,2,1,617,96730644,9574696,106305340,12787.3,119355.7,0.873684,96.3981,26199,271.77921556545203,0,45.653094,0,8327,0,0.473589,0,0,45810583,17.526854,no,186319.82,0.179079,Non signif,Non signif
28016,Cadoneghe,28,Padova,5,45.458648,11.920175,13,0,6,5,2,1155,176169062,324691660,500860722,88115.1,419798.7,0.907194,12.9251,16176,1251.5183634942862,0,0.28686,0,33,0,0.022194,0,0,3909901,17.804557,no,891760.33,-0.078737,Non signif,Non signif
13041,Cantù,13,Como,3,45.739535,9.129103,24,1,10,10,3,2210,387611564,269929628,657541192,71482.8,821263.1,0.864817,23.253800000000002,39932,1717.2247116600297,0.000557,0.06865,0,12,0.000024,0.002952,9284,6466,1144309,12.029442,no,790985.36,0.024122,Non signif,Non signif
8031,Imperia,8,Imperia,7,43.958375,7.866743,11,2,2,5,2,1179,232434583,1244444567,1476879150,96231.4,440298.6,0.855139,45.383,42318,932.4636978604323,3.827079,1.149434,1172,2319,0.084328,0.025327,19600853,104942108,5886967,29.468433,no,4352131.47,0.324723,Non signif,Non signif
24061,Montecchio Maggiore,24,Vicenza,5,45.505079,11.408445,38,0,16,17,5,5690,561149511,1749616788,2310766299,225155,2001545,0.898614,30.5405,23316,763.4452612105237,0,0,0,0,0,0,0,0,0,21.315155,no,4925434.22,-0.285947,Low-Low,Coldspot 99%
22139,Pergine Valsugana,22,Trento,4,46.060529,11.240675,11,0,7,4,0,475,209353149,0,209353149,17549.7,157146.9,0.861989,54.3292,21384,393.6004947615647,6.058376,0.111433,300,2,0.111512,0.002051,23345459,0,429398,14.82766,no,310421.72,0.3681,Non signif,Non signif
13138,Lurate Caccivio,13,Como,3,45.764583,8.991472,12,0,10,1,1,550,134666132,85805274,220471406,12515.2,389470.4,0.865495,5.925599999999999,9847,1661.7726474956125,0.000997,0,0,0,0.000168,0,22658,14437,0,12.029442,no,265214.8,-0.611393,Non signif,Coldspot 95%
99003,Coriano,99,Rimini,8,43.965186,12.602374,12,1,5,6,0,682,189217022,0,189217022,22119.1,208518.3,0.879862,46.7673,10522,224.98626176837234,5.601533,1.444001,625,231,0.119775,0.030876,22663386,0,5842321,28.763441,no,544253.27,0.118913,Non signif,Non signif
31022,Savogna d'Isonzo,31,Gorizia,6,45.905882,13.574864,2,0,2,0,0,52,20764990,0,20764990,1977.2,45949.8,0.74764,16.9817,1718,101.1677276126654,0,1.217771,0,123,0,0.071711,0,0,1489074,23.340869,no,48467.29,0.710244,Non signif,Non signif
23021,Castel d'Azzano,23,Verona,5,45.355884,10.952988,8,0,4,3,1,1634,144383290,371178174,515561464,68328.3,720913.8,0.885087,9.7243,11847,1218.2882058348673,0,0,0,0,0,0,0,0,0,20.167921,no,1039780.31,0.41934,Non signif,Non signif
27008,Chioggia,27,Venezia,5,45.218894,12.27858,10,0,9,1,0,359,89470977,0,89470977,7165.6,176111.8,0.781779,187.9141,49430,263.0457214227139,0,56.995509,0,15878,0,0.303306,0,0,27137101,17.526854,no,156814.48,0.14905,Non signif,Non signif
44015,Comunanza,44,Ascoli Piceno,11,42.956852,13.412872,1,0,0,0,1,228,0,70189331,70189331,7678.2,76010.9,0.888023,54.396300000000004,3081,56.63988175666359,0.576771,0,48,0,0.010603,0,0,744227,0,32.834347,no,230462.08,0.486185,Non signif,Non signif
37050,Sala Bolognese,37,Bologna,8,44.629603,11.272748,13,0,7,5,1,816,235837797,459509160,695346957,32009.8,284360.3,0.917149,45.6374,8372,183.44603329725183,0,44.58253,0,8230,0,0.976886,0,0,230386605,38.815968,no,2699056.52,-0.80572,Non signif,Non signif
96032,Masserano,96,Biella,1,45.594632,8.224249,3,0,1,1,1,319,33689705,176217531,209907236,23474.4,151917.7,0.901034,27.073600000000003,2092,77.27084687666213,0.005615,0.069303,0,0,0.000207,0.00256,6987,36547,86239,19.06674,no,400224.68,-0.322232,Non signif,Non signif
28087,Solesino,28,Padova,5,45.177332,11.743372,2,0,2,0,0,60,12887005,0,12887005,1231.2,16287.8,0.848187,10.142999999999999,7025,692.5958789312828,0,0.17988,0,0,0,0.017734,0,0,228543,17.804557,no,22944.74,-0.49101,Non signif,Non signif
42045,Senigallia,42,Ancona,11,43.714906,13.217742,15,0,5,6,4,1796,126541661,665885051,792426712,65604.3,621786.2,0.872413,117.76950000000001,44616,378.84172047941104,5.715064,0,356,0,0.048528,0,6140755,32313763,0,27.781362,no,2201469.32,-0.083296,Non signif,Non signif
16206,Spirano,16,Bergamo,3,45.582078,9.668856,3,0,2,1,0,108,53108568,0,53108568,4766.1,73689.5,0.826275,9.6109,5730,596.1980667783454,0,2.091993,0,1925,0,0.217669,0,0,11560078,21.203762,no,112610.14,0.027531,Non signif,Non signif
41058,Sant'Ippolito,41,Pesaro e Urbino,11,43.685715,12.871689,2,0,1,1,0,121,31151077,0,31151077,3982.5,32600.7,0.886551,19.875999999999998,1519,76.42382773193802,2.847955,0,66,0,0.143286,0,4463517,0,0,24.621765,no,76699.45,-0.345575,Non signif,Non signif
23073,San Martino Buon Albergo,23,Verona,5,45.421687,11.09689,15,0,8,7,0,565,261885265,0,261885265,21017.7,286795.2,0.853693,34.7512,15482,445.5097953451967,0,2.410736,0,1269,0,0.069371,0,0,18167322,20.167921,no,528168.14,-0.045381,Non signif,Non signif
35027,Montecchio Emilia,35,Reggio nell'Emilia,8,44.700451,10.446413,9,0,3,5,1,863,178654833,220795461,399450294,42039.5,413744,0.876309,24.3871,10578,433.7539108791123,0,1.417042,0,84,0,0.058106,0,0,10380956,36.618436,no,1462724.48,-0.18544,Non signif,Non signif
41022,Lunano,41,Pesaro e Urbino,11,43.730475,12.441417,7,1,1,4,1,708,133283522,64770184,198053706,21315.4,196498.3,0.894691,15.0145,1513,100.76925638549402,2.77088,0,5,0,0.184547,0,24597066,11953139,0,24.621765,no,487643.19,0.129725,Non signif,Non signif
30129,Udine,30,Udine,6,46.063463,13.235838,60,4,24,22,10,13686,621023190,1970413490,2591436680,246068.4,2330499.2,0.882627,57.1717,99518,1740.6863885453818,0,0.315514,0,98,0,0.005519,0,0,3427247,22.91097,no,5937232.83,-0.033824,Non signif,Non signif
26052,Ormelle,26,Treviso,5,45.779103,12.420337,3,0,1,1,1,788,58213319,193013000,251226319,33330.8,220633.9,0.892356,18.8272,4486,238.2722869040537,0,0.080433,0,25,0,0.004272,0,0,248697,21.139592,no,531082.18,0.090068,Non signif,Non signif
89012,Melilli,89,Siracusa,19,37.178288,15.126621,12,0,7,5,0,487,229302224,0,229302224,20327.4,200556.8,0.880278,136.4193,13519,99.09888117003973,0.613489,0,107,0,0.004497,0,1031191,0,0,32.507353,no,745400.83,0.348322,Non signif,Non signif
39008,Conselice,39,Ravenna,8,44.512758,11.829174,9,0,3,3,3,1418,91658448,1285264677,1376923125,126884.2,1027098.7,0.926771,60.2003,9779,162.44105095821783,0,28.701435,0,1888,0,0.476766,0,0,43699599,37.876303,no,5215275.73,-0.75369,Low-Low,Coldspot 99%
16242,Villongo,16,Bergamo,3,45.673042,9.933834,10,0,4,5,1,749,227477913,83567711,311045624,38830.2,228746,0.921984,6.042000000000001,8147,1348.3945713339951,0.129961,0.003847,28,0,0.02151,0.000637,4892959,1797508,144837,21.203762,no,659533.73,0.044495,Non signif,Non signif
4100,Grinzane Cavour,4,Cuneo,1,44.65334,7.995036,5,0,3,2,0,193,92153145,0,92153145,9790.1,94544.1,0.870193,3.8083,1986,521.4925294750939,0.59376,0.184303,25,18,0.155912,0.048395,14367789,0,4459759,16.396584,no,151099.68,0.564195,Non signif,Non signif
48006,Campi Bisenzio,48,Firenze,9,43.821634,11.136678,42,0,15,24,3,3051,751192743,355231410,1106424153,94425.7,1387415.1,0.877297,28.7506,46696,1624.1747998302644,0,3.634988,0,2075,0,0.126432,0,0,94974596,35.050589,no,3878081.88,-0.090362,Non signif,Non signif
23041,Isola Rizza,23,Verona,5,45.291198,11.19818,4,0,2,2,0,107,55637117,0,55637117,5246.4,82647.3,0.82648,16.6777,3222,193.19210682528166,0,0,0,0,0,0,0,0,0,20.167921,no,112208.5,0.019622,Non signif,Non signif
23048,Minerbe,23,Verona,5,45.240862,11.334839,5,0,3,2,0,385,109884945,0,109884945,12117.7,111750.5,0.899153,29.6509,4573,154.228033550415,0,0,0,0,0,0,0,0,0,20.167921,no,221615.09,-0.199441,Non signif,Non signif
42034,Osimo,42,Ancona,11,43.486136,13.482407,37,0,19,17,1,1946,728671105,55039013,783710118,77383.9,655685.3,0.868629,106.7394,35071,328.5665836607663,6.666967,0,833,0,0.06246,0,45512962,3437749,0,27.781362,no,2177253.43,0.041073,Non signif,Non signif
33046,Villanova sull'Arda,33,Piacenza,8,45.026005,9.997061,4,1,1,1,1,203,14406796,83887883,98294679,10811.2,125455.3,0.83297,36.566900000000004,1728,47.25585160349934,0,7.790284,0,108,0,0.213042,0,0,3069252,28.260932,no,277789.93,0.597349,Non signif,Non signif
4089,Fossano,4,Cuneo,1,44.549349,7.725016,13,0,3,6,4,1963,167604274,713568502,881172776,86833.6,1289784,0.859339,130.1454,24372,187.26747161251953,0.087954,5.932952,4,137,0.000676,0.045587,113269,482239,7640594,16.396584,no,1444822.34,0.266404,Non signif,Non signif
92074,Sestu,92,Cagliari,20,39.294248,9.092972,14,1,6,7,0,642,208295014,0,208295014,14578.1,302879.9,0.838735,48.2858,20958,434.0406496319829,0.009437,1.210772,2,283,0.000195,0.025075,40709,0,5223021,12.810064,si,266827.25,0.055765,Non signif,Non signif
25048,Santa Giustina,25,Belluno,5,46.083884,12.043238,6,0,2,3,1,655,58447901,148588797,207036698,26822.2,208505.5,0.886086,35.923899999999996,6780,188.7322924292741,0.003477,0,0,0,0.000097,0,5657,14382,0,17.91629,no,370932.94,0.65094,Non signif,Non signif
13087,Dizzasco,13,Como,3,45.943782,9.099736,1,0,0,1,0,72,8016163,0,8016163,470.9,10322.6,0.919109,3.6083,622,172.38034531496828,0.378427,0.072575,11,0,0.104877,0.020113,840710,0,161232,12.029442,no,9643,0.166,Non signif,Non signif
58117,Ardea,58,Roma,12,41.608712,12.519382,5,0,2,3,0,320,67996091,0,67996091,5380.4,106196.9,0.817728,72.0881,49663,688.9209175994374,0.151974,0.234111,272,144,0.002108,0.003248,143347,0,220822,29.689549,no,201877.32,0.314945,Non signif,Non signif
93005,Azzano Decimo,93,Pordenone,6,45.88142,12.714314,8,0,3,5,0,507,170307348,0,170307348,18850.4,162975.6,0.89126,51.3385,15744,306.67043252140206,0,5.359629,0,237,0,0.104398,0,0,17779721,22.312037,no,379990.39,0.080925,High-Low,Coldspot 99%
4003,Alba,4,Cuneo,1,44.700724,8.035779,42,1,17,17,7,13249,692529904,2013455428,2705985332,322631.5,2535143.9,0.879768,53.5862,31498,587.8005904505264,0.037597,0.674199,1,315,0.000702,0.012582,485891,1412675,8713120,16.396584,no,4436891.56,-0.030735,Non signif,Non signif
20014,Castel d'Ario,20,Mantova,3,45.189008,10.97513,5,0,1,3,1,625,54183460,130258266,184441726,13617.1,192891.1,0.866916,22.5802,4659,206.331210529579,0,4.214488,0,1186,0,0.186645,0,0,10113088,21.044843,no,388154.71,0.023914,Non signif,Hotspot 95%
26021,Conegliano,26,Treviso,5,45.886217,12.297757,32,1,13,16,2,1926,525979374,128338103,654317477,73036.2,823885.3,0.85915,36.3834,35082,964.230940483847,0.035259,0,2,0,0.000969,0,509724,124372,0,21.139592,no,1383200.44,0.177783,Non signif,Non signif
24090,Salcedo,24,Vicenza,5,45.75878,11.564978,1,0,0,1,0,67,13550525,0,13550525,2082,11165.2,0.938137,6.1161,1038,169.71599548732036,0,0,0,0,0,0,0,0,0,21.315155,no,28883.15,0.215355,Non signif,Non signif
24060,Montebello Vicentino,24,Vicenza,5,45.457216,11.385366,13,0,4,6,3,1385,199095885,520894723,719990608,56639.5,876809.3,0.878029,21.4755,6542,304.6262019510605,0,0.11599,0,5,0,0.005401,0,0,1075325,21.315155,no,1534671.15,-0.090832,Non signif,Non signif
1046,Cafasse,1,Torino,1,45.24596,7.517235,2,1,1,0,0,36,9511001,0,9511001,704.9,12276.4,0.878657,10.2313,3425,334.75706899416497,0.207606,0.281123,90,91,0.020291,0.027477,192990,0,261332,20.594868,no,19587.78,-0.448994,High-Low,Coldspot 99%
26068,Riese Pio X,26,Treviso,5,45.729222,11.917005,15,0,5,7,3,1101,157631903,354801271,512433174,61371.7,566530.5,0.890135,30.644099999999998,11028,359.87351561964624,0,0,0,0,0,0,0,0,0,21.139592,no,1083262.81,0.108385,Non signif,Non signif
15086,Cormano,15,Milano,3,45.544513,9.167621,19,0,7,10,2,1520,397568006,120323143,517891149,61349.5,489149.9,0.913788,4.4734,20019,4475.119595833147,0,0.046145,0,117,0,0.010315,0,0,4101081,15.050002,no,779426.29,0.394241,Non signif,Non signif
87049,Scordia,87,Catania,19,37.296429,14.846239,3,0,1,2,0,175,22948719,0,22948719,1379,29367.5,0.835575,24.3096,16919,695.9801888965676,0.146624,0,76,0,0.006032,0,138416,0,0,36.827421,no,84514.21,0.013775,Non signif,Non signif
54001,Assisi,54,Perugia,10,43.071195,12.614667,23,0,10,10,3,1734,375702109,371038571,746740680,66509.6,611229.3,0.900816,187.1943,28352,151.45760314283075,10.558892,5.087301,711,611,0.056406,0.027177,21191874,20928822,10210299,38.922787,no,2906522.81,-0.203943,Non signif,Non signif
54022,Gualdo Cattaneo,54,Perugia,10,42.909409,12.555816,4,0,0,3,1,929,42120065,14043078,56163143,5950.5,61631.9,0.927066,96.6252,5965,61.73337804216705,4.574909,0.784617,179,23,0.047347,0.00812,1994257,664897,342024,38.922787,no,218602.6,0.885975,Non signif,Non signif
54026,Magione,54,Perugia,10,43.142737,12.203496,10,0,6,2,2,2815,107338179,848270192,955608371,138179.2,1451233.5,0.844975,129.7348,14815,114.19449523181135,1.216582,0.273186,25,10,0.009377,0.002106,1006559,7954614,226025,38.922787,no,3719494.07,0.326376,Non signif,Non signif
17147,Poncarale,17,Brescia,3,45.460663,10.173909,7,0,6,1,0,196,46508662,0,46508662,4415.8,66228.8,0.85371,12.6434,5229,413.57546229653417,0,0,0,0,0,0,0,0,0,20.48295,no,95263.46,0.154429,Non signif,Non signif
10012,Casella,10,Genova,7,44.535586,8.996786,2,0,0,1,1,466,16129297,77002990,93132287,12780.3,125909.2,0.883431,8.0657,3136,388.8069231436825,0.734432,0.567831,294,45,0.091056,0.070401,1468673,7011600,1135514,24.504626,no,228217.19,-0.15744,Non signif,Non signif
97020,Cernusco Lombardone,97,Lecco,3,45.69286,9.400698,3,0,1,1,1,390,26786882,120621090,147407972,10485.8,183852.5,0.89524,3.7419,3857,1030.759774446137,0.000134,0.00742,0,0,0.000036,0.001983,959,4320,53117,14.425007,no,212636.1,-0.152393,Non signif,Non signif
33024,Gragnano Trebbiense,33,Piacenza,8,45.013163,9.568964,6,0,1,3,2,1240,78115646,751530764,829646410,69452.3,521350.6,0.882333,34.6125,4600,132.8999638858794,0,4.259192,0,69,0,0.123054,0,0,9612410,28.260932,no,2344658.1,0.506814,Non signif,Non signif
43043,Potenza Picena,43,Macerata,11,43.366409,13.620695,5,0,3,2,0,203,123085220,0,123085220,10325.8,97420,0.924855,48.553000000000004,15827,325.97367824851193,2.810645,0,323,0,0.057888,0,7125180,0,0,27.736975,no,341401.17,-0.589854,Non signif,Non signif
15051,Carugate,15,Milano,3,45.549774,9.343749,13,0,1,7,5,9382,503129058,1338884317,1842013375,264981.6,2686165.2,0.897273,5.386,15482,2874.489417007055,0,0,0,0,0,0,0,0,0,15.050002,no,2772230.51,-0.052504,Non signif,Non signif
50001,Bientina,50,Pisa,9,43.710184,10.620321,6,0,3,3,0,214,101151312,0,101151312,14634.3,105845.2,0.896086,29.481199999999998,8377,284.147185324885,0.18542,7.43979,6,84,0.006289,0.252357,636184,0,25526251,28.10564,no,284292.23,0.373821,Non signif,Non signif
20045,Porto Mantovano,20,Mantova,3,45.192526,10.755221,12,0,5,7,0,639,237712522,0,237712522,24074.2,351015.8,0.871392,37.4436,16479,440.1019132775694,0,5.040225,0,22,0,0.134608,0,0,31998114,21.044843,no,500262.27,0.226064,Non signif,Non signif
42036,Ostra Vetere,42,Ancona,11,43.603749,13.058186,4,0,3,1,0,103,38763684,0,38763684,3903.5,32065.4,0.896036,30.0169,3274,109.07188950224707,2.085243,0,172,0,0.069469,0,2692873,0,0,27.781362,no,107690.79,-0.141809,Non signif,Non signif
30057,Martignacco,30,Udine,6,46.097922,13.136825,7,1,4,1,1,447,69816717,137252473,207069190,16979.4,150546.5,0.879848,26.6774,6812,255.34722274284601,0,0.010613,0,0,0,0.000398,0,0,27775,22.91097,no,474415.6,-0.238989,Non signif,Non signif
15192,San Donato Milanese,15,Milano,3,45.41807,9.27165,26,0,8,12,6,4545,383461782,3574577846,3958039628,230845.8,1179047.2,0.897865,12.8764,32664,2536.7338697151376,0,0.362284,0,3,0,0.028136,0,0,10788890,15.050002,no,5956850.45,-0.075445,Non signif,Non signif
58119,San Cesareo,58,Roma,12,41.819196,12.800334,5,0,3,2,0,165,44924645,0,44924645,4740.6,64910.4,0.825302,23.6435,15552,657.770634635312,0,0,0,0,0,0,0,0,0,29.689549,no,133379.24,0.27399,Low-High,Hotspot 99%
63050,Nola,63,Napoli,15,40.921083,14.53274,66,5,25,26,10,6562,1109569057,615998974,1725568031,150003.4,1583431.2,0.871159,39.186,34467,879.5743377736947,1.487684,1.987833,11,950,0.037965,0.050728,42124436,23386205,56286377,35.751904,no,6169234.33,-0.236825,Non signif,Coldspot 95%
67011,Castellalto,67,Teramo,13,42.678042,13.821589,10,0,1,6,3,2024,249076449,383584871,632661320,48818.3,515813,0.903157,34.1763,7578,221.73260417306733,6.678058,1.203218,138,19,0.1954,0.035206,48669604,74952585,8769038,27.38232,no,1732373.46,-0.359201,Non signif,Non signif
40022,Modigliana,40,Forlì-Cesena,8,44.161163,11.793528,3,0,1,1,1,594,29806715,153722001,183528716,15491.1,109836,0.924645,101.16590000000001,4482,44.30346589117479,30.294833,2.388333,313,441,0.299457,0.023608,8925828,46033123,703679,31.154462,no,571773.83,-0.402862,Non signif,Non signif
15081,Cologno Monzese,15,Milano,3,45.528554,9.278224,21,3,8,6,4,4701,214257763,410401299,624659062,53299.8,935441.1,0.863105,8.4022,47720,5679.464902049463,0,1.382411,0,4931,0,0.16453,0,0,35251754,15.050002,no,940112.02,0.376706,Non signif,Non signif
48038,San Casciano in Val di Pesa,48,Firenze,9,43.65696,11.185668,2,0,2,0,0,19,13961912,0,13961912,867.1,18900.6,0.82993,107.8334,17171,159.2363775972936,44.089772,0.992387,1954,96,0.408869,0.009203,5708598,0,128491,35.050589,no,48937.32,-0.282972,Low-High,Hotspot 99%
72015,Casamassima,72,Bari,16,40.957131,16.920388,10,2,3,4,1,526,127190609,7361922,134552531,9015.3,128753.4,0.895535,78.43310000000001,19777,252.1511963698999,0,0.12057,0,0,0,0.001537,0,0,195522,14.160402,no,190531.8,-0.415336,Low-High,Hotspot 99%
48044,Signa,48,Firenze,9,43.780693,11.096453,17,0,9,8,0,714,241684034,0,241684034,16496.1,292021.7,0.869637,18.8086,18901,1004.9126463426306,0,11.635562,0,4138,0,0.61863,0,0,149512965,35.050589,no,847116.79,-0.42416,Non signif,Non signif
14026,Delebio,14,Sondrio,3,46.13609,9.46064,3,0,1,2,0,171,66398159,0,66398159,9299.4,56472.2,0.923165,22.438299999999998,3255,145.06446566807648,1.154784,3.012744,63,64,0.051465,0.134268,3417172,0,8915143,12.776609,no,84834.33,0.616689,Non signif,Non signif
33035,Podenzano,33,Piacenza,8,44.956363,9.684967,16,0,6,7,3,1437,284676848,544680882,829357730,69054,621346.9,0.912894,44.336099999999995,9144,206.24276830844394,0,1.166575,0,48,0,0.026312,0,0,7490440,28.260932,no,2343842.26,-0.231448,Non signif,Non signif
37053,San Giovanni in Persiceto,37,Bologna,8,44.638978,11.187131,21,2,9,9,1,1148,331009733,55596826,386606559,38760.1,432047.7,0.890259,114.4123,28153,246.06620092420133,0,43.326347,0,8632,0,0.378686,0,0,125348783,38.815968,no,1500650.78,-0.258862,Non signif,Non signif
26015,Cessalto,26,Treviso,5,45.712596,12.612314,14,0,4,7,3,1741,136196475,332948461,469144936,36256.1,689285.2,0.847552,28.1777,3854,136.77482548256245,0,2.019742,0,59,0,0.071679,0,0,9762392,21.139592,no,991753.25,0.020116,Non signif,Non signif
3091,Marano Ticino,3,Novara,1,45.62987,8.631632,4,0,1,2,1,254,59028937,61895970,120924907,16120,157236.3,0.869039,7.787999999999999,1654,212.37801746276324,0,0.011139,0,0,0,0.00143,0,0,84428,12.08995,no,146197.61,0.270486,Non signif,Non signif
35024,Guastalla,35,Reggio nell'Emilia,8,44.921152,10.653998,12,0,5,3,4,2496,221569491,1921722541,2143292032,196301.6,1888793.9,0.887901,52.926,15032,284.01919661414047,0,10.681434,0,159,0,0.201818,0,0,44716772,36.618436,no,7848400.11,-0.413277,Non signif,Non signif
56059,Viterbo,56,Viterbo,12,42.493689,11.945068,25,0,9,16,0,1384,484595109,0,484595109,37574,471431.3,0.878481,406.2335,67798,166.89416308600843,7.936881,0,509,0,0.019538,0,9467889,0,0,19.086634,no,924928.93,-0.065796,Non signif,Coldspot 99%
36042,Serramazzoni,36,Modena,8,44.422462,10.789147,5,0,0,4,1,579,141975101,106834753,248809854,22012.1,176302.9,0.909994,93.96170000000001,8304,88.37643422798863,19.22556,0.523104,984,11,0.204611,0.005567,29049611,21859523,790404,36.541065,no,909177.69,-0.353024,Low-Low,Coldspot 99%
13048,Carugo,13,Como,3,45.709225,9.194574,3,0,0,3,0,298,170648938,0,170648938,15584.2,104889,0.927624,4.194599999999999,6536,1558.1938683068709,0.006562,0.008228,0,1,0.001564,0.001962,266962,0,334740,12.029442,no,205281.15,0.656418,Non signif,Coldspot 95%
24056,Marano Vicentino,24,Vicenza,5,45.692549,11.428756,8,0,4,4,0,397,110195905,0,110195905,8155.6,92359.8,0.913332,12.7256,9529,748.8055573018169,0,0,0,0,0,0,0,0,0,21.315155,no,234884.28,-0.326656,Non signif,Non signif
30031,Coseano,30,Udine,6,46.097007,13.019388,4,0,2,1,1,407,35693777,105722327,141416104,10295.9,122340.6,0.905247,23.7967,2181,91.65136342434035,0,0.186215,0,27,0,0.007825,0,0,279313,22.91097,no,323998.01,-0.015113,Non signif,Non signif
12122,Solbiate Olona,12,Varese,3,45.651379,8.887751,10,0,5,5,0,341,167181192,0,167181192,10358.3,188732.9,0.86946,4.9319,5466,1108.2949775948418,0,0.132315,0,26,0,0.026828,0,0,4485204,11.229804,no,187741.21,-0.151334,Non signif,Non signif
99002,Cattolica,99,Rimini,8,43.963993,12.744152,10,0,1,7,2,2478,134871307,1963840536,2098711843,187003.1,1405908.3,0.846181,6.196000000000001,17177,2772.272433828276,0,0.408946,0,377,0,0.066002,0,0,8901724,28.763441,no,6036617.44,0.038671,Non signif,Non signif
26005,Breda di Piave,26,Treviso,5,45.723727,12.331235,7,0,2,5,0,309,192843978,0,192843978,11381.7,103946.8,0.882296,25.7612,7835,304.1395587162089,0,0.979331,0,367,0,0.038016,0,0,7331106,21.139592,no,407664.3,-0.411837,Non signif,Non signif
1139,Luserna San Giovanni,1,Torino,1,44.815437,7.251318,1,0,0,1,0,41,22667133,0,22667133,4503.7,20303.3,0.908265,17.741600000000002,7297,411.29323172656353,0.043205,0.527535,21,9,0.002435,0.029734,55200,0,673993,20.594868,no,46682.66,0.82017,Non signif,Non signif
63011,Caivano,63,Napoli,15,40.957112,14.31023,22,0,8,12,2,1701,344593889,627553531,972147420,106625.3,772784.2,0.891693,27.2216,37654,1383.2397801745674,0,0.005493,0,0,0,0.000202,0,0,69535,35.751904,no,3475612.16,0.007351,Non signif,Non signif
40032,Predappio,40,Forlì-Cesena,8,44.102215,11.98162,7,0,2,4,1,514,106274432,177577087,283851519,37364.7,276353.3,0.889577,91.3898,6287,68.79323513127287,37.834128,2.420141,708,602,0.413986,0.026482,43996162,73514487,2814309,31.154462,no,884324.13,0.258491,Non signif,Non signif
81024,Petrosino,81,Trapani,19,37.71624,12.494547,6,0,5,1,0,198,52814867,0,52814867,3681.2,45703.4,0.889774,45.2771,8181,180.68736734464002,0.005546,0,1,0,0.000122,0,6469,0,0,16.86353,no,89064.51,-0.235954,Non signif,Non signif
98032,Lodi Vecchio,98,Lodi,3,45.301075,9.416599,4,0,4,0,0,131,33375715,0,33375715,2587.9,44578.3,0.876042,16.450499999999998,7570,460.16838393969795,0,0.182895,0,1,0,0.011118,0,0,371068,19.574231,no,65330.39,-0.40738,Non signif,Non signif
63023,Casoria,63,Napoli,15,40.904557,14.290122,35,1,13,16,5,3108,403929601,466507001,870436602,70968.5,1086763,0.855855,12.130799999999999,77087,6354.650971081875,0.001679,0,0,0,0.000138,0,55907,64568,0,35.751904,no,3111976.62,0.189011,Non signif,Non signif
28003,Albignasego,28,Padova,5,45.347492,11.867209,16,1,6,9,0,846,256851064,0,256851064,22239.1,297027.7,0.864012,21.1556,26071,1232.345100115336,0,0.852624,0,395,0,0.040303,0,0,10351745,17.804557,no,457311.94,0.058747,Non signif,Non signif
13097,Eupilio,13,Como,3,45.818252,9.264711,1,0,1,0,0,21,16431840,0,16431840,683.8,6129.2,0.95232,6.9374,2610,376.22163923083576,0.071317,1.922332,6,10,0.01028,0.277097,168921,0,4553212,12.029442,no,19766.59,-1.483764,Non signif,Non signif
28073,Saccolongo,28,Padova,5,45.403105,11.747553,5,0,2,2,1,457,53344736,90224940,143569676,20375,118958.9,0.902524,13.7994,4945,358.3489137208864,0,0,0,0,0,0,0,0,0,17.804557,no,255619.45,0.319234,Non signif,Non signif
17052,Chiari,17,Brescia,3,45.536462,9.928846,10,1,4,4,1,874,87481124,721436046,808917170,68982.5,590706.7,0.875856,37.9597,18944,499.05557736230793,0,0,0,0,0,0,0,0,0,20.48295,no,1656900.99,0.954251,Non signif,Non signif
20003,Bagnolo San Vito,20,Mantova,3,45.092253,10.880429,11,1,4,6,0,542,133181228,0,133181228,15665.5,173205.6,0.877072,49.203900000000004,5938,120.68149069484329,0,10.886473,0,65,0,0.221252,0,0,29466645,21.044843,no,280277.8,0.433209,Non signif,Non signif
13045,Carbonate,13,Como,3,45.683657,8.940016,6,0,3,3,0,377,88498863,0,88498863,11392.6,93954.2,0.89758,4.9238,2925,594.0533734107803,0,0.000088,0,0,0,0.000018,0,0,1582,12.029442,no,106459.19,0.04454,Non signif,Non signif
26036,Loria,26,Treviso,5,45.728424,11.865585,8,0,3,5,0,349,115066325,0,115066325,14182.9,133020.3,0.881861,23.250799999999998,9358,402.48077485505877,0,0,0,0,0,0,0,0,0,21.139592,no,243245.51,0.080904,Non signif,Non signif
15012,Bareggio,15,Milano,3,45.477726,8.995973,5,0,3,2,0,197,43399410,0,43399410,2824.7,47470.7,0.843585,11.384300000000001,17304,1519.9880537231097,0,0,0,0,0,0,0,0,0,15.050002,no,65316.12,0.133172,Non signif,Non signif
6094,Mirabello Monferrato,6,Alessandria,1,45.035552,8.523249,3,0,1,2,0,141,34853738,0,34853738,3508,37226.5,0.880937,13.235899999999999,1332,100.63539313533647,0,0.429323,0,108,0,0.032436,0,0,1130525,20.84217,no,72642.75,-0.553646,Non signif,Non signif
13006,Alserio,13,Como,3,45.779103,9.199529,2,0,1,1,0,57,37482421,0,37482421,1223.9,27978.7,0.876842,1.9922,1257,630.9607469129605,0,0,0,0,0,0,0,0,0,12.029442,no,45089.26,-1.126552,Non signif,Non signif
52036,Trequanda,52,Siena,9,43.188939,11.667385,1,0,1,0,0,22,10496857,0,10496857,1468,6201.3,0.951008,63.9766,1221,19.085102990781007,3.993986,0,72,0,0.062429,0,655307,0,0,24.090373,no,25287.32,0.292513,Non signif,Non signif
36006,Castelfranco Emilia,36,Modena,8,44.595024,11.052901,22,0,9,11,2,1923,314702005,710622993,1025324998,117706.4,1245455.5,0.864625,102.51270000000001,32894,320.87731568869026,0,8.197313,0,4278,0,0.079964,0,0,25164793,36.541065,no,3746646.7,-0.109886,Non signif,Non signif
13133,Lomazzo,13,Como,3,45.69924,9.03436,6,1,3,2,0,298,60007161,0,60007161,4854.6,62570,0.909665,9.4771,9929,1047.683363054099,0,0.074459,0,1,0,0.007857,0,0,471460,12.029442,no,72185.27,0.67799,Non signif,Non signif
30027,Codroipo,30,Udine,6,45.961117,12.978952,3,0,1,1,1,439,39971496,76949143,116920639,17294.3,136502.6,0.915652,75.21520000000001,16165,214.91666578032098,0,3.915625,0,31,0,0.052059,0,0,2080874,22.91097,no,267876.53,0.675328,Non signif,Non signif
28083,Sant'Elena,28,Padova,5,45.187341,11.71205,3,0,0,3,0,212,82185269,0,82185269,8939,89610.7,0.88194,8.9165,2500,280.3790725060282,0,0.410108,0,14,0,0.045994,0,0,3780052,17.804557,no,146327.23,0.382175,Non signif,Non signif
24105,Thiene,24,Vicenza,5,45.705767,11.480256,36,0,15,15,6,3404,473864975,632188762,1106053737,96440.2,1496149.8,0.873869,19.7034,24309,1233.7464600018272,0,0,0,0,0,0,0,0,0,21.315155,no,2357570.7,-0.019379,Non signif,Non signif
68011,Cepagatti,68,Pescara,13,42.364302,14.071795,5,1,2,2,0,265,44134481,0,44134481,2838.1,44776.7,0.848452,30.8183,11014,357.38506017528545,0.348246,3.348775,11,102,0.0113,0.108662,498719,0,4795737,27.533978,no,121519.78,0.4843,Non signif,Non signif
6053,Castelnuovo Scrivia,6,Alessandria,1,44.980249,8.880356,5,0,2,2,1,905,66488715,119080449,185569164,19965.7,167383.1,0.892228,45.422,5193,114.32785874686276,0,7.011767,0,90,0,0.154369,0,0,10263823,20.84217,no,386766.41,-0.433201,Non signif,Non signif
8065,Ventimiglia,8,Imperia,7,43.791762,7.603313,4,0,1,3,0,344,117921848,0,117921848,8592.4,74303.3,0.924065,53.726499999999994,24065,447.9167636082753,5.579201,1.829734,1130,1939,0.103844,0.034056,12245534,0,4016000,29.468433,no,347497.21,0.171295,Non signif,Hotspot 99%
11011,Castelnuovo Magra,11,La Spezia,7,44.099852,10.016942,2,0,0,2,0,90,22775715,0,22775715,1767.9,30023,0.843953,15.0172,8346,555.7627254081985,1.80216,1.170907,244,280,0.120006,0.077971,2733231,0,1775847,28.212129,no,64255.14,-0.146826,Non signif,Non signif
34007,Busseto,34,Parma,8,44.980567,10.042075,7,1,0,2,4,2344,27759075,1546002053,1573761128,70750.6,959723.4,0.841419,76.5923,6939,90.59657432927331,0,30.63588,0,1298,0,0.399986,0,0,11103253,33.475863,no,5268301.21,-0.139947,Non signif,Non signif
108053,Cornate d'Adda,108,Monza e della Brianza,3,45.646699,9.465939,6,0,5,1,0,156,58969156,0,58969156,3875.5,54505.1,0.902069,13.8155,10715,775.5781549708661,0.011899,0.423357,0,1,0.000861,0.030644,50789,0,1807029,13.279771,no,78309.69,0.511868,Non signif,Non signif
21007,Barbiano/Barbian,21,Bolzano/Bozen,4,46.603257,11.519816,3,0,1,2,0,155,52791094,0,52791094,4553.6,56569.7,0.867869,24.511599999999998,1710,69.7628877755838,0,0,0,0,0,0,0,0,0,10.80791,no,57056.14,-0.02007,Low-Low,Coldspot 99%
24108,Torri di Quartesolo,24,Vicenza,5,45.519266,11.61712,18,1,5,9,3,4652,203412029,211330061,414742090,38568.1,679045.4,0.853061,18.6735,11684,625.6995207111682,0,6.65639,0,4477,0,0.356462,0,0,72508624,21.315155,no,884029.2,-0.062021,Non signif,Non signif
43030,Montelupone,43,Macerata,11,43.34419,13.567594,7,0,4,3,0,360,89767068,0,89767068,9695.9,68455.7,0.928833,32.672,3575,109.42091087169443,1.849198,0,174,0,0.056599,0,5080714,0,0,27.736975,no,248986.69,-0.149719,Non signif,Non signif
26079,Segusino,26,Treviso,5,45.916678,11.953895,3,0,0,3,0,453,88731614,0,88731614,16267.9,97421.9,0.89698,18.2277,1884,103.35917312661499,0.202968,0,81,0,0.011135,0,988039,0,0,21.139592,no,187575.01,0.848159,Non signif,Non signif
82013,Borgetto,82,Palermo,19,38.047103,13.142684,1,0,1,0,0,8,7091625,0,7091625,413.3,7436.4,0.871185,26.024099999999997,7374,283.3527384232308,3.691813,0,107,0,0.141861,0,1006027,0,0,29.57954,no,20976.7,0.73738,Non signif,Hotspot 95%
15061,Cassinetta di Lugagnano,15,Milano,3,45.423576,8.908314,1,0,0,0,1,191,0,186792000,186792000,14322,85292,0.955597,3.3176,1905,574.2102724861345,0,0,0,0,0,0,0,0,0,15.050002,no,281122,-0.058247,Non signif,Non signif
32006,Trieste,32,Trieste,6,45.650481,13.793126,69,2,19,33,15,20839,1467208581,13896391763,15363600344,944110.1,7525624.4,0.901455,85.10510000000001,204338,2401.0076951910046,0.523737,0.094162,534,126,0.006154,0.001106,9029205,85518430,1623349,23.184655,no,35619977.11,0.02256,Non signif,Non signif
83060,Naso,83,Messina,19,38.122118,14.78898,3,0,1,2,0,406,29919432,0,29919432,2200.4,41447.7,0.912096,36.7373,3757,102.26663363938015,0.564527,0,190,0,0.015367,0,459760,0,0,44.663628,no,133631.04,0.791107,Non signif,Non signif
29041,Rovigo,29,Rovigo,5,44.977206,12.27419,28,1,12,12,3,2045,518661365,313205291,831866656,53704.2,766015.2,0.896444,108.8056,51149,470.0952892130552,0,0,0,0,0,0,0,0,0,24.853738,no,2067499.61,-0.356494,Non signif,Non signif
20027,Gonzaga,20,Mantova,3,44.952488,10.822623,4,1,1,1,1,325,19418061,63459254,82877315,10761.7,91825.7,0.818458,49.8925,9103,182.4522723856291,0,0,0,0,0,0,0,0,0,21.044843,no,174414.01,0.701611,Non signif,Non signif
15071,Cerro al Lambro,15,Milano,3,45.329969,9.339053,2,0,1,0,1,750,5933826,37449419,43383245,1910.6,70521.3,0.874258,9.9633,5084,510.27270081198,0,0.151896,0,0,0,0.015246,0,0,90464,15.050002,no,65291.79,0.359843,Non signif,Non signif
31012,Monfalcone,31,Gorizia,6,45.804945,13.533059,12,0,3,9,0,861,208693579,0,208693579,17834.8,260096.3,0.864748,19.727,28107,1424.7984995184265,0,2.867285,0,628,0,0.145348,0,0,30333247,23.340869,no,487108.95,0.190316,Non signif,Non signif
59007,Fondi,59,Latina,12,41.357285,13.430031,25,3,15,7,0,966,233457266,0,233457266,20305.6,441974.8,0.783177,143.9154,39779,276.4054437537609,3.177587,1.631468,322,623,0.02208,0.011336,5154631,0,2646541,21.481102,no,501491.94,0.248809,Non signif,Non signif
28042,Grantorto,28,Padova,5,45.600775,11.730956,7,0,5,2,0,293,199336623,0,199336623,18631.8,127623.3,0.907276,14.1031,4591,325.5312661755217,0,0.246411,0,6,0,0.017472,0,0,3482833,17.804557,no,354910.03,0.149913,Non signif,Non signif
15242,Vimodrone,15,Milano,3,45.512832,9.284672,9,2,2,3,2,987,79321512,185583268,264904780,24397.6,293049.8,0.864265,4.7424,17016,3588.0566801619434,0,0,0,0,0,0,0,0,0,15.050002,no,398681.75,0.294245,High-High,Hotspot 99%
46007,Capannori,46,Lucca,9,43.842039,10.573525,47,3,20,18,6,2877,598878332,679426602,1278304934,134422,1680572.4,0.858871,155.9557,46072,295.41722425021976,29.429725,16.907192,2210,1457,0.188706,0.10841,113011737,128211653,64924533,29.45658,no,3765449.2,0.140157,Non signif,Non signif
26055,Paese,26,Treviso,5,45.672731,12.153611,22,1,9,12,0,1442,445822991,0,445822991,32948.6,395413.3,0.896826,38.0896,21992,577.3754515668319,0,0,0,0,0,0,0,0,0,21.139592,no,942451.61,-0.207096,Non signif,Non signif
28050,Massanzago,28,Padova,5,45.555512,12.007434,5,0,3,1,1,427,40220269,72830466,113050735,11077.3,87409.8,0.901508,13.222999999999999,6039,456.704227482417,0,0.994909,0,284,0,0.075241,0,0,3026205,17.804557,no,201281.83,-0.260043,Non signif,Non signif
24103,Sovizzo,24,Vicenza,5,45.528028,11.445634,9,0,2,7,0,843,237941959,0,237941959,19533.8,164707.2,0.911863,15.661700000000002,7647,488.2611721588333,0,0,0,0,0,0,0,0,0,21.315155,no,507176.98,-0.217768,Non signif,Coldspot 95%
15177,Pozzo d'Adda,15,Milano,3,45.575666,9.500377,4,0,1,3,0,193,131732864,0,131732864,7939.6,166049.5,0.877472,4.1649,6063,1455.7372325866165,0,0.008357,0,0,0,0.002007,0,0,264326,15.050002,no,198257.99,-0.717093,Non signif,Non signif
16096,Fara Gera d'Adda,16,Bergamo,3,45.555676,9.537853,7,0,4,2,1,576,62853343,245306000,308159343,28136,212681.3,0.904244,10.7927,8017,742.816904018457,0,1.335164,0,370,0,0.12371,0,0,7775582,21.203762,no,653413.73,0.235612,Non signif,Non signif
25071,Longarone,25,Belluno,5,46.265786,12.299937,7,0,2,2,3,3173,72774530,1533267940,1606042470,97420.5,942522.2,0.922216,122.35910000000001,5254,42.93918474392178,1.038481,0.107495,0,3,0.008487,0.000879,617649,13013087,63934,17.91629,no,2877432.19,0.097214,Non signif,Non signif
52028,San Gimignano,52,Siena,9,43.467799,11.043212,6,1,2,3,0,204,105969113,0,105969113,8032.8,107887.4,0.868785,138.5966,7774,56.09084205528852,7.376938,2.628472,211,286,0.053226,0.018965,5640308,0,2009695,24.090373,no,255283.54,-0.271238,Low-Low,Coldspot 99%
36016,Frassinoro,36,Modena,8,44.295555,10.570198,1,0,0,1,0,132,23297859,0,23297859,1053,28063.2,0.877588,95.4604,1876,19.652128002815825,36.002811,0.419305,665,1,0.377149,0.004392,8786768,0,102335,36.541065,no,85132.86,-0.749446,Non signif,Non signif
25037,Perarolo di Cadore,25,Belluno,5,46.397031,12.35555,3,0,1,2,0,290,61362550,0,61362550,8655.3,77027.2,0.903434,43.936800000000005,372,8.466706724203856,0.421777,0,29,0,0.0096,0,589058,0,0,17.91629,no,109938.92,0.725809,Non signif,Non signif
55032,Terni,55,Terni,10,42.653752,12.439812,37,1,10,21,5,6437,665015533,1798588013,2463603546,184044.8,3550360,0.876633,212.4343,111189,523.4041771973734,7.464855,6.958461,929,2148,0.03514,0.032756,23368376,63201652,21783133,34.830185,no,8580776.73,0.022946,Non signif,Non signif
15060,Cassina de' Pecchi,15,Milano,3,45.519189,9.361976,8,1,3,4,0,293,163646102,0,163646102,10213,105977.9,0.904749,7.2096,13849,1920.9110075454948,0,0.063547,0,5,0,0.008814,0,0,1442413,15.050002,no,246287.42,-0.488445,Non signif,Hotspot 99%
4064,Cervasca,4,Cuneo,1,44.380929,7.47123,6,0,0,5,1,1590,121757107,1369663641,1491420748,121543.1,766470,0.890736,18.2421,5139,281.7109872218659,0.339386,0.312444,13,54,0.018605,0.017128,2265236,25481971,2085411,16.396584,no,2445420.55,0.05138,Non signif,Non signif
53011,Grosseto,53,Grosseto,9,42.77511,11.287804,24,1,13,8,2,1361,344941965,432018545,776960510,93523,494247.1,0.886383,473.5532,82036,173.23502406910143,58.229621,113.947109,3492,2293,0.122963,0.240622,42415171,53122387,83000473,19.796812,no,1538134.09,-0.506384,Low-Low,Coldspot 99%
96059,Sandigliano,96,Biella,1,45.518562,8.077522,5,1,1,3,0,246,72372645,0,72372645,6772.8,69357.3,0.893522,10.2225,2665,260.6994375152849,0,0,0,0,0,0,0,0,0,19.06674,no,137991.04,-0.375345,Low-Low,Coldspot 99%
35014,Castellarano,35,Reggio nell'Emilia,8,44.510281,10.72864,15,0,7,4,4,818,141214192,388798512,530012704,57886.8,444135,0.903663,58.0589,15326,263.9733098629151,9.234685,1.94055,775,48,0.159057,0.033424,22461131,61841196,4719917,36.618436,no,1940823.6,-0.212225,Low-Low,Coldspot 99%
26091,Villorba,26,Treviso,5,45.729249,12.256246,28,2,11,13,2,1986,353856218,231012116,584868334,61329.2,707597.8,0.862528,30.5341,17879,585.5420660834935,0,0.051047,0,64,0,0.001672,0,0,591578,21.139592,no,1236387.79,-0.054392,Non signif,Non signif
16239,Villa d'Almè,16,Bergamo,3,45.749682,9.614451,4,0,3,1,0,338,38427526,0,38427526,5158.3,59154.9,0.867388,6.4861,6672,1028.6612910685928,0.093182,0.134103,1,40,0.014366,0.020675,552066,0,794506,21.203762,no,81480.81,-0.009592,Non signif,Non signif
77031,Scanzano Jonico,77,Matera,17,40.249792,16.69804,2,0,0,2,0,345,62173058,0,62173058,7465.9,82461.7,0.874565,72.1793,7624,105.62585117893912,0,5.476995,0,158,0,0.07588,0,0,4717717,22.969725,no,142809.8,0.319437,Non signif,Non signif
36015,Formigine,36,Modena,8,44.575143,10.847028,24,0,8,13,3,1863,416024744,575982854,992007598,108440.5,773943.3,0.891587,46.741400000000006,34347,734.8303645162532,0,0.465243,0,13,0,0.009954,0,0,4140924,36.541065,no,3624901.37,0.009825,Non signif,Non signif
71051,San Severo,71,Foggia,16,41.689776,15.377621,12,1,7,4,0,241,105347436,0,105347436,8967.3,130244.8,0.84063,336.3103,53015,157.63715830291252,0.252221,21.743374,2837,0,0.00075,0.064653,79007,0,6810998,37.634206,no,396466.71,-0.066821,Non signif,Non signif
17088,Leno,17,Brescia,3,45.367012,10.218452,11,0,5,4,2,1710,115697152,261743445,377440597,33411.5,442969.1,0.866698,58.4525,14322,245.0194602454985,0,3.03262,0,56,0,0.051882,0,0,6002575,20.48295,no,773109.68,0.266566,Non signif,Non signif
16155,Paladina,16,Bergamo,3,45.730674,9.607994,2,0,1,1,0,135,19139506,0,19139506,1707.7,18044.9,0.892835,2.0866,4048,1939.998083005847,0.077126,0.109533,180,0,0.036963,0.052494,707444,0,1004700,21.203762,no,40582.95,-0.789117,Non signif,Non signif
3106,Novara,3,Novara,1,45.58425,8.545997,42,3,15,14,10,12583,484925256,2633876250,3118801506,336192.3,3181993.5,0.891416,103.0508,104183,1010.9868142702435,0,4.342879,0,51,0,0.042143,0,0,20436248,12.08995,no,3770615.55,-0.031416,Non signif,Non signif
109006,Fermo,109,Fermo,11,43.092249,13.638768,15,0,7,8,0,972,215402149,0,215402149,19054.7,201299.8,0.882845,124.53399999999999,37238,299.01874186969025,2.244897,0,567,0,0.018026,0,3882921,0,0,25.228384,no,543424.81,-0.018446,Non signif,Non signif
26023,Cornuda,26,Treviso,5,45.831731,12.007666,5,0,4,0,1,296,22022819,133274666,155297485,18015.1,145249.5,0.844871,12.510299999999999,6267,500.9472194911393,0.009516,0,4,0,0.000761,0,16752,101376,0,21.139592,no,328292.54,0.488275,Non signif,Non signif
51030,Pieve Santo Stefano,51,Arezzo,9,43.669357,12.041589,4,0,2,1,1,387,107307794,217996713,325304507,48935,280618.1,0.918219,156.0965,3117,19.968416972834113,19.49083,0.65153,248,369,0.124864,0.004174,13398878,27219937,447891,29.518286,no,960243.13,0.118194,Non signif,Non signif
18018,Borgo San Siro,18,Pavia,3,45.234969,8.913361,4,0,2,2,0,227,108475283,0,108475283,5948.5,73083.5,0.905699,17.639400000000002,1002,56.804653219497254,0,3.370672,0,35,0,0.191088,0,0,20728290,18.961299,no,205683.23,-0.30331,Low-Low,Coldspot 99%
24055,Malo,24,Vicenza,5,45.660296,11.407493,13,1,2,6,4,1961,155515393,399729877,555245270,61758.5,715820.7,0.855998,30.5286,14855,486.5928997726722,0,0,0,0,0,0,0,0,0,21.315155,no,1183513.91,0.134828,Non signif,Non signif
72028,Mola di Bari,72,Bari,16,41.061323,17.091711,4,0,1,3,0,468,309298186,0,309298186,22537.5,121986.1,0.936495,50.940799999999996,25393,498.4805892329921,0,0.00884,0,14,0,0.000174,0,0,53674,14.160402,no,437978.67,-0.778356,Low-High,Hotspot 99%
92090,Uta,92,Cagliari,20,39.290979,8.95426,5,0,1,2,2,934,60091182,108242247,168333429,16939.2,182248.3,0.899337,134.70870000000002,8696,64.55410823502861,0.008433,10.743782,0,2655,0.000063,0.079756,3762,6776,4792612,12.810064,si,215636.21,0.006862,Non signif,Non signif
63016,Cardito,63,Napoli,15,40.942012,14.29943,8,0,5,3,0,277,63708426,0,63708426,6000.6,71798.7,0.833263,3.2083,22601,7044.540722501013,0,0,0,0,0,0,0,0,0,35.751904,no,227769.76,0.474333,Non signif,Non signif
75016,Casarano,75,Lecce,16,40.01082,18.161765,7,0,2,2,3,1522,40748913,163217377,203966290,28402.1,279823.4,0.86848,38.7281,20070,518.2283664832512,0,0.846054,0,562,0,0.021846,0,0,890201,14.108941,no,287774.84,0.55219,Non signif,Non signif
43023,Macerata,43,Macerata,11,43.152978,13.150882,20,2,7,10,1,1588,369940513,200065358,570005871,85282.6,658019.3,0.856808,92.5253,41776,451.5089386362433,3.094169,0,193,0,0.033441,0,12371302,6690451,0,27.736975,no,1581023.85,0.400228,Non signif,Non signif
71054,Stornara,71,Foggia,16,41.288625,15.768058,1,0,1,0,0,41,4567129,0,4567129,397.5,4469.6,0.9162,33.8635,5802,171.33491812718708,0,0,0,0,0,0,0,0,0,37.634206,no,17188.03,-0.123797,Non signif,Non signif
16250,Medolago,16,Bergamo,3,45.668579,9.49565,8,0,7,1,0,319,101445104,0,101445104,11045,96579.9,0.895733,3.7996,2398,631.1190651647543,0.00205,0.031523,0,0,0.00054,0.008296,54733,0,841629,21.203762,no,215101.78,0.213603,Non signif,Non signif
63068,San Giuseppe Vesuviano,63,Napoli,15,40.829811,14.504436,25,1,17,6,1,1282,376992555,65164023,442156578,23583.4,335673.2,0.884173,14.1726,31612,2230.5011077713334,0.876555,0.836608,20,586,0.061849,0.05903,23316449,4030301,22253855,35.751904,no,1580793.97,-0.496609,Non signif,Non signif
20066,Viadana,20,Mantova,3,44.926786,10.520223,29,0,12,14,3,2334,722402580,764355894,1486758474,109641,1219198.5,0.899686,103.8426,20044,193.02290196894145,0,26.584131,0,80,0,0.256004,0,0,184938020,21.044843,no,3128859.84,-0.2718,Non signif,Coldspot 99%
17167,Rudiano,17,Brescia,3,45.488578,9.887062,4,0,2,1,1,235,43368395,77702817,121071212,18710.4,120970.3,0.881776,9.8456,5783,587.3689770049566,0,1.35325,0,98,0,0.137447,0,0,5960864,20.48295,no,247989.56,0.242459,High-High,Hotspot 99%
65136,Sassano,65,Salerno,15,40.337709,15.563066,3,0,1,2,0,156,67900863,0,67900863,4345.7,106442.3,0.839534,47.756800000000005,4935,103.33606941838649,5.452819,0.204582,84,6,0.114179,0.004284,7752846,0,290876,25.585615,no,173728.53,-0.100662,Non signif,Non signif
32005,Sgonico,32,Trieste,6,45.736024,13.748245,1,0,0,1,0,196,23680427,0,23680427,2379.7,22267.1,0.990286,31.4029,2072,65.98116734441724,0,0,0,0,0,0,0,0,0,23.184655,no,54902.25,-0.061493,Non signif,Non signif
61049,Marcianise,61,Caserta,15,41.032997,14.298423,11,0,7,3,1,497,191587040,123421660,315008700,31754.8,305866.4,0.844419,30.2075,39792,1317.2887527931805,0,0.000525,0,0,0,0.000017,0,0,3330,28.435248,no,895735.06,0.247856,Non signif,Non signif
19016,Casalbuttano ed Uniti,19,Cremona,3,45.245645,9.973919,2,0,1,1,0,118,49102242,0,49102242,2229,43447.3,0.907769,22.875300000000003,3892,170.1398451605006,0,0.306017,0,239,0,0.013378,0,0,656871,21.210647,no,104149.03,-0.427523,Non signif,Non signif
59001,Aprilia,59,Latina,12,41.594202,12.648576,22,1,7,10,4,5760,327229630,1305013402,1632243032,243395,2494530.6,0.863971,178.1119,74190,416.535896815429,0.655328,0.386717,98,57,0.003679,0.002171,1203978,4801542,710482,21.481102,no,3506237.92,0.015722,Non signif,Non signif
3135,San Pietro Mosezzo,3,Novara,1,45.455881,8.54419,8,0,2,4,2,1490,114336471,112723467,227059938,27516.2,345718.1,0.896918,34.899699999999996,2011,57.62227182468618,0,1.108427,0,56,0,0.03176,0,0,3631367,12.08995,no,274514.34,0.423686,Non signif,Non signif
26013,Castello di Godego,26,Treviso,5,45.69238,11.881044,5,0,2,3,0,285,88974460,0,88974460,9330.5,80001.5,0.917416,18.132,7190,396.53651003750275,0,0,0,0,0,0,0,0,0,21.139592,no,188088.38,-0.138828,Non signif,Non signif
58120,Fiumicino,58,Roma,12,41.767566,12.233947,20,1,5,10,4,3204,228168983,262921896,491090879,36390.1,544951,0.880933,213.8944,79630,372.2865114748212,1.953164,24.701645,60,25186,0.009131,0.115485,2083512,2400856,26350149,29.689549,no,1458026.65,0.148089,Non signif,Non signif
65072,Montecorvino Pugliano,65,Salerno,15,40.658056,14.944609,6,0,3,2,1,506,52847471,21024048,73871519,4121.1,93022.5,0.861596,28.8821,10863,376.11531017481417,4.64281,0.05124,448,11,0.16075,0.001774,8495254,3379625,93757,25.585615,no,189004.82,-0.474346,Non signif,Non signif
28068,Pontelongo,28,Padova,5,45.245489,12.025183,2,0,0,2,0,321,50668148,0,50668148,6113.4,50390.6,0.92233,10.886400000000002,3741,343.639770723104,0,6.071099,0,687,0,0.557677,0,0,28256480,17.804557,no,90212.39,0.434355,Non signif,Non signif
17127,Ospitaletto,17,Brescia,3,45.555222,10.073946,12,0,5,5,2,1487,253480393,423532650,677013043,37240.6,429132.5,0.90087,9.2904,14711,1583.4624989236202,0,0.006092,0,0,0,0.000656,0,0,166215,20.48295,no,1386722.42,-0.232023,Non signif,Non signif
21039,Laion/Lajen,21,Bolzano/Bozen,4,46.609229,11.564263,1,0,0,1,0,67,45345205,0,45345205,5983.3,63069.4,0.83206,37.5255,2675,71.28485962878575,5.126949,0.056293,232,16,0.136626,0.0015,6195322,0,68024,10.80791,no,49008.69,0.106438,Non signif,Non signif
21017,Campo Tures/Sand in Taufers,21,Bolzano/Bozen,4,46.919236,11.955182,3,0,1,1,1,167,23526467,56628060,80154527,10085.9,88681.8,0.903811,163.9823,5430,33.11332991426514,0.690793,0.84933,12,872,0.004213,0.005179,99108,238552,121853,10.80791,no,86630.29,0.510042,Non signif,Non signif
76080,Sant'Arcangelo,76,Potenza,17,40.247312,16.271182,1,0,0,1,0,79,6819978,0,6819978,625.9,9697.7,0.890413,89.09790000000001,6448,72.3698313877207,3.703959,2.136705,345,16,0.041572,0.023982,283519,0,163554,40.913322,no,27902.8,0.179272,Non signif,Non signif
49008,Collesalvetti,49,Livorno,9,43.588912,10.476264,9,1,3,4,1,381,108027117,147854627,255881744,19318.3,374950,0.796375,107.9625,16693,154.6185017946046,3.6148,20.026597,151,1061,0.033482,0.185496,3616964,4950468,20038583,23.707966,no,606643.58,0.141999,Non signif,Non signif
65067,Mercato San Severino,65,Salerno,15,40.783303,14.755728,11,0,3,7,1,1104,298397057,118932007,417329064,36973.5,405490.1,0.873538,30.3337,22335,736.3097808707806,13.751439,1.443964,1974,1908,0.453339,0.047603,135274923,53916477,14204486,25.585615,no,1067762.06,-0.133203,Non signif,Non signif
65007,Angri,65,Salerno,15,40.737659,14.572283,18,1,7,8,2,12744,388878503,1173715105,1562593608,153911.7,1129429.4,0.901481,13.765699999999999,34126,2479.0602729973775,1.672452,0.159285,629,311,0.121494,0.011571,47246463,142599517,4499772,25.585615,no,3997991.8,-0.163899,Non signif,Non signif
61022,Caserta,61,Caserta,15,41.203483,14.117058,25,2,10,12,1,1430,453471342,62629796,516101138,46937.8,419242.5,0.88751,54.0695,75561,1397.4791703270791,11.11234,0.133777,4716,63,0.20552,0.002474,93197232,12871648,1121964,28.435248,no,1467546.4,-0.069601,Non signif,Non signif
27002,Campagna Lupia,27,Venezia,5,45.354994,12.096814,5,0,3,2,0,193,94693646,0,94693646,15266.4,81361.1,0.921456,87.5923,7225,82.48441929256339,0,5.714789,0,338,0,0.065243,0,0,6178102,17.526854,no,165968.18,0.112392,Low-High,Hotspot 99%
72046,Triggiano,72,Bari,16,41.063448,16.921698,7,0,2,3,2,1443,47852539,191129425,238981964,38391.6,366993.1,0.840598,20.1058,27180,1351.848720269773,0,0.362705,0,1304,0,0.01804,0,0,863251,14.160402,no,338408.07,0.721386,Non signif,Non signif
24097,Sarcedo,24,Vicenza,5,45.707921,11.526038,6,0,1,5,0,398,144566675,0,144566675,13097.1,135360.1,0.902616,13.853,5274,380.71175918573596,0,0,0,0,0,0,0,0,0,21.315155,no,308146.11,-0.499603,Non signif,Non signif
68035,Rosciano,68,Pescara,13,42.320692,14.042931,2,0,1,1,0,211,36291233,0,36291233,3083.3,32419.6,0.936447,27.7948,3949,142.07693525407632,0.556872,0.739161,41,44,0.020035,0.026593,727099,0,965111,27.533978,no,99924.2,-0.298493,Non signif,Non signif
58032,Civitavecchia,58,Roma,12,42.093752,11.792246,9,0,3,5,1,829,91501532,8752805,100254337,11324.7,125356,0.899182,73.7388,52671,714.2915263063679,0.690021,0.394815,34,132,0.009358,0.005354,856238,81906,489921,29.689549,no,297650.6,-0.461305,Non signif,Non signif
108032,Misinto,108,Monza e della Brianza,3,45.662375,9.083941,7,0,3,4,0,342,116982444,0,116982444,13451.3,123729.6,0.887893,5.1094,5576,1091.3218773241476,0,0,0,0,0,0,0,0,0,13.279771,no,155350.01,0.377603,Non signif,Non signif
58003,Albano Laziale,58,Roma,12,41.728889,12.658269,11,2,3,6,0,555,161121648,0,161121648,15156.8,161477.3,0.876132,23.801599999999997,41314,1735.7656628125842,0.287518,0.202429,11,134,0.01208,0.008505,1946313,0,1370315,29.689549,no,478362.9,0.265214,Non signif,Non signif
12036,Casale Litta,12,Varese,3,45.767332,8.740087,4,0,1,3,0,361,74596016,0,74596016,8514.1,78430.3,0.917263,10.588,2675,252.6445032111825,0,1.019214,0,4,0,0.096261,0,0,7180705,11.229804,no,83769.87,0.172903,Non signif,Non signif
12079,Gorla Minore,12,Varese,3,45.644331,8.897896,10,0,1,8,1,574,225941828,103357204,329299032,24399.7,248822.5,0.901296,7.480599999999999,8370,1118.8942063470845,0,0.203345,0,127,0,0.027183,0,0,6141772,11.229804,no,369796.37,-0.48957,Non signif,Non signif
13058,Castelmarte,13,Como,3,45.833229,9.232703,1,0,0,0,1,143,0,85744927,85744927,10564.1,83925.5,0.878594,1.9723,1288,653.0446686609542,0.009919,0.068993,0,28,0.005029,0.034981,0,431224,0,12.029442,no,103146.36,-0.404765,Non signif,Non signif
17070,Esine,17,Brescia,3,45.925692,10.250862,3,0,2,0,1,288,50257197,152709041,202966238,8336.5,149268.6,0.932872,30.3066,5249,173.19659744082148,7.018781,0.996486,212,290,0.231592,0.03288,11639189,35366267,1652465,20.48295,no,415734.73,-0.651614,Non signif,Non signif
97010,Brivio,97,Lecco,3,45.741969,9.444142,4,0,2,2,0,271,85953143,0,85953143,6696.1,66378.4,0.910966,7.9535,4620,580.8763437480354,0.049215,3.403618,16,67,0.006188,0.42794,531864,0,36782758,14.425007,no,123987.47,-0.697748,Non signif,Non signif
97086,Vercurago,97,Lecco,3,45.812946,9.424433,1,0,1,0,0,12,7218718,0,7218718,565.7,8653.3,0.839631,2.1157,2818,1331.9468733752424,0.28931,0.489328,65,102,0.136744,0.231284,987119,0,1669575,14.425007,no,10413.01,-0.288507,Non signif,Non signif
34008,Calestano,34,Parma,8,44.6007,10.122994,4,0,1,2,1,255,72970249,80532011,153502260,16637.6,162096,0.893936,57.3551,2147,37.43346276094018,15.229889,1.831461,255,81,0.265537,0.031932,19376286,21384211,2330083,33.475863,no,513862.06,0.17165,Low-Low,Coldspot 99%
15131,Magnago,15,Milano,3,45.578731,8.801851,9,0,5,4,0,386,103168378,0,103168378,6491.3,113492.5,0.856653,11.2301,9167,816.2883678684963,0,0,0,0,0,0,0,0,0,15.050002,no,155268.43,-0.469685,Low-Low,Coldspot 99%
97021,Cesana Brianza,97,Lecco,3,45.816781,9.299543,4,0,2,1,1,218,41060000,102090690,143150690,9956.6,122000.7,0.890996,3.6952999999999996,2399,649.203041701621,0.000649,0.434103,0,0,0.000176,0.117474,7211,17930,4823497,14.425007,no,206494.97,-0.145137,Non signif,Coldspot 95%
44031,Monsampolo del Tronto,44,Ascoli Piceno,11,42.89695,13.793892,3,0,2,1,0,98,35680479,0,35680479,2986.7,32077,0.899142,15.434000000000001,4547,294.6093041337307,0.037753,0.529223,2,40,0.002446,0.034289,87278,0,1223463,32.834347,no,117154.52,0.168411,Non signif,Non signif
6138,Pozzolo Formigaro,6,Alessandria,1,44.795154,8.784849,4,0,3,1,0,125,55454730,0,55454730,5580.4,57133.2,0.872917,36.1771,4690,129.6400208971974,0,1.526448,0,14,0,0.042194,0,0,2339844,20.84217,no,115579.69,-0.547271,Non signif,Non signif
17017,Berzo Inferiore,17,Brescia,3,45.931693,10.280587,1,0,1,0,0,6,18441354,0,18441354,299.6,7481.8,0.946659,21.915100000000002,2480,113.16398282462775,6.270273,0.73219,31,16,0.286117,0.03341,5276377,0,616131,20.48295,no,37773.33,-2.073662,Non signif,Non signif
4034,Busca,4,Cuneo,1,44.518132,7.474328,4,0,3,1,0,150,55171982,0,55171982,7521,101471.2,0.870092,65.8453,10110,153.54171064601422,0.007597,0.570153,0,23,0.000115,0.008659,6366,0,477733,16.396584,no,90463.2,0.316078,Non signif,Non signif
60033,Ferentino,60,Frosinone,12,41.692932,13.253422,15,1,6,6,2,1229,161266623,247060513,408327136,33172.4,467096,0.881639,81.001,20992,259.1572943543907,3.212633,0.287919,261,12,0.039662,0.003555,6396100,9798827,573224,34.188464,no,1396007.76,-0.193925,Non signif,Non signif
83105,Villafranca Tirrena,83,Messina,19,38.240068,15.437387,3,0,2,1,0,88,52773276,0,52773276,4629.7,49724.9,0.903624,14.245999999999999,8469,594.4826617998035,0.213053,0,1,0,0.014955,0,789239,0,0,44.663628,no,235704.59,-0.547791,Non signif,Non signif
78081,Montalto Uffugo,78,Cosenza,18,39.404795,16.15799,8,0,1,7,0,746,154934363,0,154934363,12781.8,153359.2,0.863081,76.6712,20213,263.63223739813645,5.834184,3.756216,655,734,0.076094,0.048991,11789506,0,7590424,50.996071,no,790104.38,-0.053608,Non signif,Non signif
38008,Ferrara,38,Ferrara,8,44.766764,11.827939,37,0,16,17,4,3424,466373191,441303200,907676391,85511.4,800644.6,0.865368,405.155,132278,326.48739371351706,0,168.956829,0,42024,0,0.417018,0,0,194485902,39.906082,no,3622180.84,-0.014217,Non signif,Non signif
1223,Romano Canavese,1,Torino,1,45.388657,7.86652,2,0,1,1,0,56,32068286,0,32068286,3996.7,27511,0.901288,11.210799999999999,2689,239.85799407713992,0,1.029947,0,1,0,0.091871,0,0,2946144,20.594868,no,66044.21,-0.326502,High-Low,Coldspot 99%
37045,Mordano,37,Bologna,8,44.397426,11.810857,4,0,2,1,1,323,33827926,55102284,88930210,7451.6,135849.4,0.827392,21.451700000000002,4692,218.723923978053,0,0.350776,0,236,0,0.016352,0,0,553151,38.815968,no,345191.22,-0.075139,Non signif,Non signif
54024,Gubbio,54,Perugia,10,43.351788,12.577267,15,0,5,7,3,2030,274419140,1105723579,1380142719,190385.3,1165044.2,0.85255,525.776,31736,60.36030552935091,51.136889,1.378188,478,53,0.09726,0.002621,26689961,107542497,719320,38.922787,no,5371900.05,-0.041659,Non signif,Non signif
34016,Fontevivo,34,Parma,8,44.858765,10.17518,16,0,11,4,1,1000,188341308,125892752,314234060,21817.1,299155.7,0.880354,26.0049,5615,215.9208456867744,0,3.140133,0,403,0,0.120752,0,0,22742512,33.475863,no,1051925.64,-0.018275,Non signif,Non signif
63072,Sant'Anastasia,63,Napoli,15,40.866911,14.404833,11,0,5,5,1,1790,90512429,144749401,235261830,21122.2,488972.8,0.813968,18.7409,27690,1477.5170882935186,4.463951,1.634444,232,3734,0.238193,0.087213,21559426,34478293,7893831,35.751904,no,841105.85,0.164877,Non signif,Non signif
63060,Pozzuoli,63,Napoli,15,40.822643,14.121911,16,0,8,6,2,1200,165626247,85406266,251032513,24966,333138,0.867373,43.438100000000006,81141,1867.9684424502911,10.61018,0.553691,5787,940,0.24426,0.012747,40455828,20861314,2111183,35.751904,no,897489.04,0.339528,Non signif,Non signif
37020,Castel San Pietro Terme,37,Bologna,8,44.40127,11.585499,19,0,7,11,1,1348,387709324,64572291,452281615,46421.9,501494.5,0.895965,148.417,20862,140.5634125470802,24.975036,6.160552,274,527,0.168276,0.041508,65242218,10865974,16093193,38.815968,no,1755574.87,-0.363692,Non signif,Non signif
54019,Fossato di Vico,54,Perugia,10,43.297628,12.75988,3,0,0,2,1,336,66134461,113050053,179184514,27059.1,142178.5,0.92013,35.388600000000004,2739,77.39780607314219,1.071245,0.294846,5,2,0.030271,0.008332,2001950,3422128,551010,38.922787,no,697436.06,0.345854,Non signif,Non signif
93041,San Vito al Tagliamento,93,Pordenone,6,45.914504,12.856596,27,0,11,13,3,3880,528045049,252359244,780404293,89204.3,890399.6,0.891592,60.881800000000005,15063,247.41384124648087,0,0.547739,0,8,0,0.008997,0,0,4750695,22.312037,no,1741240.96,0.045256,Non signif,Non signif
61078,San Nicola la Strada,61,Caserta,15,41.051814,14.331329,5,0,0,4,1,1379,79085845,525804926,604890771,24903.6,372004.9,0.915197,4.7122,22753,4828.530198208904,0,0,0,0,0,0,0,0,0,28.435248,no,1720021.93,-0.710607,Non signif,Non signif
1249,San Mauro Torinese,1,Torino,1,45.104412,7.761996,11,0,4,6,1,1476,226905319,31111082,258016401,29660.1,262176.6,0.890837,12.5519,19048,1517.539177335702,0.342108,0.803169,30,145,0.027255,0.063988,6184412,847947,14519182,20.594868,no,531381.37,0.186078,Non signif,Non signif
51031,Poppi,51,Arezzo,9,43.72276,11.76607,7,0,3,4,0,280,85211430,0,85211430,7550.3,93273.4,0.892185,97.09190000000001,6153,63.37294872177802,17.839818,4.249868,687,332,0.183742,0.043772,15656882,0,3729841,29.518286,no,251529.53,-0.126345,Non signif,Non signif
51004,Bibbiena,51,Arezzo,9,43.695548,11.817341,9,0,2,4,3,1068,101738967,281947355,383686322,34455.8,366588,0.8888,86.51360000000001,12177,140.7524366111224,14.346556,2.555595,278,224,0.16583,0.02954,16871380,46755348,3005349,29.518286,no,1132576.24,-0.094176,Non signif,Non signif
108055,Roncello,108,Monza e della Brianza,3,45.602443,9.457611,3,0,0,2,1,206,63120840,56810498,119931338,22789.8,116321.9,0.912121,3.1612,4701,1487.0935087941289,0,0,0,0,0,0,0,0,0,13.279771,no,159266.07,0.710973,High-Low,Coldspot 99%
17008,Azzano Mella,17,Brescia,3,45.454722,10.116823,6,0,1,4,1,576,90927861,44855864,135783725,14682.5,127602.7,0.914524,10.569700000000001,3332,315.2407353094222,0,0.510802,0,25,0,0.048327,0,0,4394272,20.48295,no,278125.12,0.389178,Non signif,Non signif
37044,Monzuno,37,Bologna,8,44.279263,11.266408,3,0,1,2,0,185,40499567,0,40499567,3791.3,56948.9,0.854389,65.0091,6375,98.06319422973091,15.020435,1.926995,388,235,0.231051,0.029642,9357476,0,1200485,38.815968,no,157202.99,0.100737,Non signif,Non signif
17014,Bedizzole,17,Brescia,3,45.510571,10.423032,17,1,6,9,1,876,259504016,83948532,343452548,47283.8,365253.6,0.876066,26.4438,12299,465.0995696533781,0,1.84025,0,81,0,0.069591,0,0,18059139,20.48295,no,703492.13,0.603518,Non signif,Non signif
46033,Viareggio,46,Lucca,9,43.867239,10.250605,25,2,10,11,2,1340,299649431,366008077,665657508,43998.2,763555.2,0.851263,32.4229,62079,1914.6652520286589,0,9.143229,0,1490,0,0.281999,0,0,84500873,29.45658,no,1960799.39,0.435427,Non signif,Hotspot 95%
93044,Spilimbergo,93,Pordenone,6,46.111335,12.901629,9,0,7,2,0,243,134144343,0,134144343,10366.4,93003.5,0.911528,71.8767,12151,169.05339282410017,0,0.402918,0,213,0,0.005606,0,0,751971,22.312037,no,299303.36,-0.632158,Non signif,Coldspot 95%
52031,Sarteano,52,Siena,9,42.989911,11.868732,1,0,1,0,0,45,11996133,0,11996133,406.6,23869.5,0.772512,84.80760000000001,4705,55.47851843466859,3.958692,0.191054,142,55,0.046679,0.002253,559962,0,27025,24.090373,no,28899.13,-0.82855,Non signif,Non signif
4074,Cossano Belbo,4,Cuneo,1,44.668989,8.198579,1,0,0,1,0,53,53493747,0,53493747,4071.3,41234.6,0.899921,20.540100000000002,968,47.12732654660882,0.033313,0.523797,1,19,0.001622,0.025501,86759,0,1364154,16.396584,no,87711.47,-1.161774,Non signif,Non signif
50029,Pontedera,50,Pisa,9,43.663454,10.635485,23,0,9,10,4,5211,509744720,1779902596,2289647316,271370.4,1887240.4,0.868601,46.0203,29168,633.8072546245896,0.13252,5.319426,10,1964,0.00288,0.115589,1467860,5125405,58920722,28.10564,no,6435200.21,0.364341,Non signif,Non signif
50026,Pisa,50,Pisa,9,43.71594,10.401862,28,1,9,15,3,2522,416436022,705383764,1121819786,131064.7,788821.4,0.879001,185.1823,90118,486.64478192570243,0,71.372045,0,26165,0,0.385415,0,0,160500709,28.10564,no,3152946.25,0.03135,Non signif,Non signif
36041,Savignano sul Panaro,36,Modena,8,44.480538,11.035109,1,0,0,1,0,68,22170132,0,22170132,2399.4,28543.4,0.870761,25.5544,9142,357.7466111511129,1.574049,2.1917,67,151,0.061596,0.085766,1365592,0,1901445,36.541065,no,81012.02,-0.170393,Non signif,Non signif
18123,Robbio,18,Pavia,3,45.289971,8.593278,6,1,2,2,1,444,110291463,79892931,190184394,11434.9,203327.7,0.89268,40.5413,5828,143.7546403297378,0,0.181053,0,1,0,0.004466,0,0,492550,18.961299,no,360614.32,-0.891202,Non signif,Non signif
48043,Sesto Fiorentino,48,Firenze,9,43.831721,11.199224,33,1,15,15,2,2499,533271470,187786312,721057782,70984.1,853377.8,0.857719,48.7993,49091,1005.9775447598633,8.22195,0.890687,450,2305,0.168485,0.018252,89848243,31639177,9733295,35.050589,no,2527350.03,0.115192,Non signif,Non signif
50027,Pomarance,50,Pisa,9,43.299237,10.872401,2,0,0,2,0,146,28793014,0,28793014,2663.4,27669.7,0.925018,227.7062,5708,25.067389469412777,45.395045,17.300689,472,88,0.199358,0.075978,5740117,0,2187639,28.10564,no,80924.61,0.262344,Non signif,Coldspot 95%
4213,Santo Stefano Belbo,4,Cuneo,1,44.70774,8.230731,4,0,1,3,0,241,134136890,0,134136890,11169.8,117936.3,0.884109,23.5725,3913,165.99851521900518,0.005035,2.187188,0,234,0.000214,0.092786,28651,0,12445969,16.396584,no,219938.68,0.091406,Non signif,Non signif
65034,Castel San Giorgio,65,Salerno,15,40.783712,14.698841,11,0,4,5,2,695,179150430,147291492,326441922,43353.7,308267.1,0.90103,13.5853,13784,1014.6261032145039,5.080781,0.411645,751,324,0.373991,0.030301,67000663,55085704,5428395,25.585615,no,835221.72,0.414757,Non signif,Non signif
9026,Cosseria,9,Savona,7,44.368314,8.234866,1,0,0,1,0,72,19551348,0,19551348,1513.4,16299.3,0.927329,12.4067,1081,87.13034086421047,0.681043,0.006228,59,0,0.054893,0.000502,1073235,0,9815,24.791781,no,48471.27,-0.625309,Low-High,Hotspot 99%
4168,Piobesi d'Alba,4,Cuneo,1,44.735019,7.979668,2,0,1,1,0,76,34431220,0,34431220,4725.8,28709.2,0.916751,4.034800000000001,1344,333.1020124913254,0.742457,0.203446,24,7,0.184013,0.050423,6335804,0,1736119,16.396584,no,56455.44,-0.279705,Non signif,Non signif
17159,Quinzano d'Oglio,17,Brescia,3,45.310875,10.008568,4,1,0,3,0,124,52492352,0,52492352,3183.2,44280.3,0.909415,21.453000000000003,6271,292.3134293571994,0,2.721205,0,44,0,0.126845,0,0,6658390,20.48295,no,107519.82,-0.946485,Non signif,Non signif
63058,Pompei,63,Napoli,15,40.749127,14.500642,7,0,4,3,0,440,113799826,0,113799826,6758.6,94551.1,0.853526,12.4224,25207,2029.1570066975787,0,0.055599,0,95,0,0.004476,0,0,509334,35.751904,no,406856.05,0.107239,Non signif,Non signif
87048,Santa Venerina,87,Catania,19,37.688971,15.142661,4,0,2,2,0,116,76139504,0,76139504,9261,67802.2,0.899367,19.0262,8553,449.5380054871703,0.048514,0,18,0,0.00255,0,194144,0,0,36.827421,no,280402.16,0.455388,Non signif,Non signif
67025,Giulianova,67,Teramo,13,42.753486,13.966701,6,0,4,1,1,431,52966789,64539161,117505950,15023.9,155315.5,0.862186,28.0028,23875,852.5933120973617,0.173769,0.875214,17,41,0.006205,0.031255,328681,400492,1655451,27.38232,no,321758.55,-0.080706,Non signif,Non signif
6160,Serravalle Scrivia,6,Alessandria,1,44.72558,8.8547,3,0,0,2,1,314,54116338,67247000,121363338,7822.3,166988.8,0.848333,15.949000000000002,5993,375.76023575145774,0,0.911393,0,698,0,0.057144,0,0,3092435,20.84217,no,252947.54,-0.350009,Non signif,Non signif
30101,San Giovanni al Natisone,30,Udine,6,45.97792,13.401081,13,0,7,6,0,630,224719718,0,224719718,22592.2,183338.9,0.91548,24.064899999999998,6137,255.0187202107634,0,1.372114,0,4,0,0.057017,0,0,12812896,22.91097,no,514854.67,-0.592171,Non signif,Non signif
37057,Sasso Marconi,37,Bologna,8,44.399632,11.247554,16,1,5,10,0,719,220451474,0,220451474,27459.3,218832.8,0.891484,96.45,14903,154.51529289787453,10.90511,3.153643,380,218,0.113065,0.032697,24925325,0,7208142,38.815968,no,855703.74,0.188031,Non signif,Non signif
67001,Alba Adriatica,67,Teramo,13,42.834342,13.927816,6,1,3,2,0,122,47104744,0,47104744,5996.3,52798.8,0.861478,9.5966,12462,1298.5849154909029,0.211508,0.977669,33,100,0.02204,0.101877,1038183,0,4798871,27.38232,no,128983.72,0.072684,Non signif,Non signif
24081,Pove del Grappa,24,Vicenza,5,45.799117,11.729102,6,0,4,2,0,249,59748216,0,59748216,5006,101761.6,0.833391,9.8407,3136,318.6765169144471,0,0.006965,0,0,0,0.000708,0,0,42288,21.315155,no,127354.25,0.097545,Non signif,Non signif
43047,San Severino Marche,43,Macerata,11,43.229021,13.177966,14,2,6,6,0,481,213354110,0,213354110,21318.5,173271.3,0.899754,194.25779999999997,12456,64.12097738160321,11.090748,0,221,0,0.057093,0,12181012,0,0,27.736975,no,591779.76,-0.10135,Non signif,Non signif
74016,San Pietro Vernotico,74,Brindisi,16,40.491529,17.998918,4,0,2,1,1,2605,51177873,496631013,547808886,102947.2,1103558.7,0.856309,46.9401,13556,288.79359012869594,0.151943,1.811957,7,296,0.003237,0.038601,165660,1607572,1975541,13.243039,no,725465.47,0.020503,Non signif,Non signif
16219,Treviglio,16,Bergamo,3,45.521724,9.593148,21,2,10,7,2,2427,200801505,1138250075,1339051580,98982.4,1483132.2,0.882642,32.2202,29815,925.3511772118113,0,0,0,0,0,0,0,0,0,21.203762,no,2839293.06,0.163026,Non signif,Non signif
42016,Cupramontana,42,Ancona,11,43.445554,13.1156,2,0,0,2,0,91,47343227,0,47343227,6437.8,42558.2,0.898724,27.4034,4616,168.44625119510718,6.168952,0,288,0,0.225116,0,10657732,0,0,27.781362,no,131525.93,1.157108,Non signif,Non signif
18114,Pieve Porto Morone,18,Pavia,3,45.109364,9.435759,2,0,2,0,0,48,18634816,0,18634816,578.3,14279.2,0.903314,16.3968,2670,162.8366510538642,0,4.844672,0,9,0,0.295464,0,0,5505926,18.961299,no,35334.03,-1.296653,Non signif,Non signif
97031,Dolzago,97,Lecco,3,45.76698,9.339345,1,0,1,0,0,19,10302479,0,10302479,891,13378.7,0.836977,2.2584,2515,1113.6202621324833,0.000595,0,0,0,0.000263,0,2714,0,0,14.425007,no,14861.33,0.075173,Non signif,Non signif
103019,Casale Corte Cerro,103,Verbano-Cusio-Ossola,1,45.915843,8.413678,3,1,1,1,0,80,29441650,0,29441650,2904.3,31453.7,0.901642,12.5229,3459,276.2139759959754,0.90993,0.221764,494,217,0.072661,0.017709,2139268,0,521373,17.575018,no,51743.75,-1.28719,Low-Low,Coldspot 99%
41027,Mombaroccio,41,Pesaro e Urbino,11,43.795063,12.854757,4,0,2,2,0,235,54640715,0,54640715,5165.5,60506,0.877014,28.206300000000002,2100,74.45145233511661,2.300289,0,39,0,0.081552,0,4456077,0,0,24.621765,no,134535.09,-0.115739,Non signif,Non signif
30099,San Daniele del Friuli,30,Udine,6,46.153241,13.009034,7,0,2,4,1,513,141176466,86363525,227539991,16501.3,155787.9,0.926435,34.78,7987,229.64347326049452,0.001817,2.197654,0,0,0.000052,0.063187,7375,4512,8920559,22.91097,no,521316.19,-0.672814,Low-Low,Coldspot 99%
21097,Terlano/Terlan,21,Bolzano/Bozen,4,46.529301,11.248678,6,0,4,2,0,292,115167694,0,115167694,11613.8,118749.1,0.898488,18.5688,4391,236.4719314118306,0.000209,0.01084,0,2,0.000011,0.000584,1296,0,67232,10.80791,no,124472.21,-0.345135,Non signif,Non signif
63063,Quarto,63,Napoli,15,40.877194,14.140159,2,0,1,1,0,78,19254191,0,19254191,1520.2,18975.6,0.831139,14.1558,41151,2907.0063154325435,0.786706,0.270612,411,1377,0.055575,0.019117,1070048,0,368076,35.751904,no,68837.4,0.31024,Low-High,Hotspot 99%
43028,Montecosaro,43,Macerata,11,43.317009,13.635306,5,0,3,2,0,248,46969308,0,46969308,6616.3,43302.2,0.928893,21.8783,7206,329.3674554238675,1.246378,0,133,0,0.056969,0,2675780,0,0,27.736975,no,130278.65,0.048109,High-Low,Coldspot 99%
97011,Bulciago,97,Lecco,3,45.754703,9.291047,3,0,0,3,0,176,40173333,0,40173333,4037.2,52144.2,0.874757,3.1176,2892,927.6366435719784,0,0,0,0,0,0,0,0,0,14.425007,no,57950.06,-0.096894,Non signif,Non signif
16189,San Paolo d'Argon,16,Bergamo,3,45.688557,9.804066,13,0,4,6,3,1163,236353783,315051422,551405205,57341.8,655491.1,0.870921,5.2466,5725,1091.1828612815918,0.018009,0.065283,1,14,0.003433,0.012443,811286,1081417,2940930,21.203762,no,1169186.46,-0.051343,Non signif,Hotspot 99%
30097,Ronchis,30,Udine,6,45.80661,12.997825,2,1,1,0,0,36,13714987,0,13714987,916.2,18448,0.877556,18.3978,2013,109.4152561719336,0,0,0,0,0,0,0,0,0,22.91097,no,31422.37,-0.659889,Non signif,Non signif
26004,Borso del Grappa,26,Treviso,5,45.821025,11.799316,4,0,1,3,0,216,116006361,0,116006361,14521.7,84980.3,0.886914,33.1395,5955,179.69492599465895,0,0,0,0,0,0,0,0,0,21.139592,no,245232.71,0.136572,Non signif,Non signif
30014,Buttrio,30,Udine,6,46.010421,13.333831,7,0,4,1,2,3089,47433535,4034358042,4081791577,103868.3,1566351.8,0.912571,17.777,4011,225.62862125217978,0,1.144629,0,131,0,0.064388,0,0,3054160,22.91097,no,9351780.48,-0.082851,Non signif,Non signif
46004,Borgo a Mozzano,46,Lucca,9,43.978948,10.545703,9,0,7,2,0,299,143004701,0,143004701,12190.2,124461.4,0.894874,72.204,6994,96.86443964323307,16.654195,4.233738,836,438,0.230655,0.058636,32984712,0,8385192,29.45658,no,421242.95,-0.004271,Non signif,Non signif
26037,Mansuè,26,Treviso,5,45.82239,12.537712,10,0,6,3,1,1614,150742463,269991645,420734108,39490.3,579258,0.873121,27.095100000000002,5070,187.1187041199331,0,0,0,0,0,0,0,0,0,21.139592,no,889414.73,-0.376895,Non signif,Non signif
23070,San Giovanni Ilarione,23,Verona,5,45.524054,11.234894,2,0,1,1,0,78,43183273,0,43183273,2051.2,64070.2,0.840056,25.4037,5085,200.16769210784256,0.170304,0,22,0,0.006704,0,289497,0,0,20.167921,no,87091.69,-0.536809,Low-Low,Coldspot 99%
4040,Caraglio,4,Cuneo,1,44.416989,7.43259,5,0,1,3,1,545,82664036,164561120,247225156,35941.6,255422.9,0.872965,41.6766,6782,162.7292053574428,0.151753,0.528078,2,15,0.003641,0.012671,300997,599201,1047424,16.396584,no,405364.8,0.808947,Non signif,Non signif
54038,Passignano sul Trasimeno,54,Perugia,10,43.184742,12.136838,4,0,2,1,1,431,64817226,78934000,143751226,17443.6,122724.4,0.930862,81.3334,5712,70.22945063159784,3.276387,0.001331,36,0,0.040283,0.000016,2611059,3179731,1061,38.922787,no,559519.83,0.210974,Non signif,Non signif
20028,Guidizzolo,20,Mantova,3,45.32068,10.580481,8,0,5,2,1,563,84574018,121261609,205835627,15566,332867,0.893383,22.378600000000002,6013,268.69419892218457,0,0.809826,0,435,0,0.036188,0,0,3060524,21.044843,no,433177.84,-0.241757,Non signif,Coldspot 95%
24027,Castegnero,24,Vicenza,5,45.442475,11.584448,6,0,3,3,0,472,156914082,0,156914082,24415.1,134457.5,0.909108,11.6204,2905,249.99139444425322,0,0,0,0,0,0,0,0,0,21.315155,no,334464.8,-0.280376,Non signif,Non signif
75064,Ruffano,75,Lecce,16,39.984092,18.247476,3,0,2,0,1,294,9688775,3415324,13104099,701.5,33571.7,0.794039,39.727199999999996,9741,245.19724521234824,0,0,0,0,0,0,0,0,0,14.108941,no,18488.5,0.716914,High-High,Hotspot 99%
42047,Serra San Quirico,42,Ancona,11,43.447683,13.01386,3,0,1,1,1,237,40548799,79001329,119550128,13939.5,94667.7,0.921127,49.333800000000004,2744,55.62109547612387,9.484937,0,191,0,0.19226,0,7795929,15188829,0,27.781362,no,332126.54,-0.007643,Non signif,Non signif
3133,San Maurizio d'Opaglio,3,Novara,1,45.773453,8.390395,6,0,0,4,2,1251,189472753,496939229,686411982,44635.9,390226.9,0.938468,8.51,3075,361.33960047003524,0,0.015657,0,1,0,0.00184,0,0,348599,12.08995,no,829868.68,-0.981166,Low-Low,Coldspot 99%
43036,Petriolo,43,Macerata,11,43.221693,13.465335,2,0,2,0,0,59,10844478,0,10844478,1392,15399.4,0.867379,15.646099999999999,1957,125.07909319255279,0.175036,0,20,0,0.011187,0,121319,0,0,27.736975,no,30079.3,1.071769,Non signif,Non signif
108024,Giussano,108,Monza e della Brianza,3,45.699381,9.209729,15,0,2,10,3,1846,250304557,431513665,681818222,74766,818862.6,0.875481,10.2806,25945,2523.685388012373,0,0.019336,0,0,0,0.001881,0,0,470779,13.279771,no,905439.01,0.1687,Non signif,Non signif
75051,Muro Leccese,75,Lecce,16,40.102323,18.33813,4,0,1,2,1,193,42968150,54444392,97412542,7259.5,105714,0.881378,16.7674,4929,293.9632859000203,0,0.228837,0,310,0,0.013648,0,0,586418,14.108941,no,137438.78,-0.265542,Non signif,Non signif
26034,Gorgo al Monticano,26,Treviso,5,45.786953,12.55042,8,0,3,5,0,538,154954481,0,154954481,17392.1,184293,0.873721,27.089299999999998,4142,152.90169919488508,0,1.818904,0,277,0,0.067145,0,0,10404378,21.139592,no,327567.45,0.107598,Non signif,Non signif
94038,Pozzilli,94,Isernia,14,41.511422,14.062517,6,0,0,5,1,816,81506556,339338289,420844845,43326.4,164547.6,0.925677,34.6623,2337,67.42195411152751,3.844308,0.607131,1486,4,0.110907,0.017516,9039686,37635151,1427636,43.903663,no,1847663.01,0.257831,Non signif,Non signif
41020,Gradara,41,Pesaro e Urbino,11,43.938866,12.771253,3,0,0,3,0,252,56759058,0,56759058,3186.7,96449,0.822937,17.526500000000002,4888,278.8919635979802,1.72855,0.005159,99,0,0.098625,0.000294,5597859,0,16707,24.621765,no,139750.82,-0.364727,Non signif,Non signif
37046,Ozzano dell'Emilia,37,Bologna,8,44.44498,11.47605,15,0,5,7,3,4590,153340998,5611353042,5764694040,330294.1,1881117.5,0.891738,64.94810000000001,13819,212.7698885725679,12.584382,3.846411,384,260,0.193761,0.059223,29711442,1087259061,9081290,38.815968,no,22376217.93,-0.22038,Non signif,Non signif
30016,Campoformido,30,Udine,6,46.01932,13.162427,10,1,2,6,1,869,180370381,77786170,258156551,25083.3,280371,0.901407,21.9328,7891,359.7807849430989,0,0.313963,0,32,0,0.014315,0,0,2581961,22.91097,no,591461.7,0.152079,Non signif,Non signif
37016,Castel Guelfo di Bologna,37,Bologna,8,44.43114,11.67741,12,0,9,1,2,784,102808178,258093941,360902119,30775.3,278045.2,0.900549,28.609299999999998,4506,157.50123211682916,0,4.984249,0,223,0,0.174218,0,0,17911013,38.815968,no,1400876.51,0.03536,Non signif,Non signif
95047,Santa Giusta,95,Oristano,20,39.878178,8.609973,7,0,0,5,2,660,150841945,208191213,359033158,25128,361964.5,0.886412,69.2197,4807,69.445548015955,0,0.212955,0,0,0,0.003077,0,0,464067,13.76477,si,494200.88,-0.163962,Non signif,Non signif
34041,Torrile,34,Parma,8,44.89885,10.339497,12,0,3,4,5,3074,110274145,524414115,634688260,65165.8,667743.4,0.881392,37.147600000000004,7774,209.27327741226887,0,4.160318,0,161,0,0.111994,0,0,12350071,33.475863,no,2124673.73,0.105438,Non signif,Non signif
49006,Castagneto Carducci,49,Livorno,9,43.160742,10.611006,7,0,1,6,0,500,210951221,0,210951221,23083.3,94540.3,0.949805,142.33350000000002,9088,63.8500423301612,6.350303,3.517755,71,122,0.044616,0.024715,9411728,0,5213634,23.707966,no,500122.45,-0.567145,Non signif,Non signif
53016,Monte Argentario,53,Grosseto,9,42.407352,11.150384,2,0,2,0,0,13,16540765,0,16540765,1975.6,14101.3,0.844865,60.4014,12455,206.2038297125563,22.865381,0.982127,1811,1746,0.378557,0.01626,6261625,0,268953,19.796812,no,32745.44,-0.326481,Low-Low,Coldspot 99%
61016,Carinaro,61,Caserta,15,40.983584,14.218991,6,0,2,4,0,393,132237843,0,132237843,14986.4,115542.1,0.907144,6.316,7104,1124.762507916403,0,0,0,0,0,0,0,0,0,28.435248,no,376021.59,-0.080679,Non signif,Non signif
78075,Mangone,78,Cosenza,18,39.205592,16.331996,1,0,0,1,0,214,28110400,0,28110400,1621.4,19798.7,0.948598,12.273299999999999,1890,153.99281366869548,0.218787,0.006058,30,0,0.017826,0.000494,501103,0,13875,50.996071,no,143352,-0.246746,Non signif,Non signif
45003,Carrara,45,Massa-Carrara,9,44.07918,10.102353,32,2,12,16,2,1760,624772327,581157734,1205930061,127595.9,985263.3,0.909128,71.0122,62537,880.6514936870002,7.940893,3.520704,4311,6811,0.111824,0.049579,69864758,64987585,30975500,30.748861,no,3708097.54,-0.359039,Non signif,Coldspot 95%
30055,Manzano,30,Udine,6,45.990512,13.381504,6,0,1,5,0,270,110553420,0,110553420,13281.7,98315.6,0.9038,31.043000000000003,6431,207.16425603195566,0,2.470408,0,100,0,0.07958,0,0,8797863,22.91097,no,253288.61,0.122776,Non signif,Coldspot 95%
68005,Bussi sul Tirino,68,Pescara,13,42.213035,13.826202,3,0,1,2,0,207,188094938,0,188094938,11677.4,89392.3,0.925365,25.9121,2447,94.43464636212427,0.489973,0,0,0,0.018909,0,3556695,0,0,27.533978,no,517900.18,-0.022063,Non signif,Non signif
20033,Marmirolo,20,Mantova,3,45.220563,10.756393,4,0,1,3,0,355,86925356,0,86925356,4233.2,93603.8,0.892538,42.0163,7789,185.3804356880544,0,1.621829,0,4316,0,0.0386,0,0,3355318,21.044843,no,182933.05,-0.537887,Non signif,Non signif
23063,Roncà,23,Verona,5,45.478892,11.288918,4,0,1,2,1,155,35947693,76390753,112338446,14903.8,159861.1,0.833409,18.1488,3833,211.1985365423609,0.001787,0,0,0,0.000098,0,3540,7522,0,20.167921,no,226563.29,0.527447,High-Low,Coldspot 99%
38001,Argenta,38,Ferrara,8,44.614338,11.833842,8,1,2,5,0,267,94265308,0,94265308,12557.5,74334.9,0.911176,311.6678,21521,69.05108580353826,0,32.986336,0,492,0,0.105838,0,0,9976864,39.906082,no,376175.91,-0.026884,Low-Low,Coldspot 99%
23069,San Bonifacio,23,Verona,5,45.395642,11.270082,11,0,4,5,2,1246,186734876,532942306,719677182,92198.5,536641.5,0.888163,33.7925,21397,633.1878375379152,0,16.057372,0,6656,0,0.475176,0,0,88731860,20.167921,no,1451439.28,-0.088916,Non signif,Non signif
26073,San Pietro di Feletto,26,Treviso,5,45.908889,12.240595,4,1,2,1,0,138,34048408,0,34048408,3937.7,31657.8,0.925161,19.2588,5234,271.7718653290963,0.003775,0,0,0,0.000196,0,6674,0,0,21.139592,no,71976.94,0.003776,Non signif,Non signif
21074,Rio di Pusteria/Mühlbach,21,Bolzano/Bozen,4,46.795946,11.666827,3,0,1,2,0,208,89662066,0,89662066,11290.8,46796.2,0.959939,83.8245,3097,36.94623886811135,0.00173,0,0,0,0.000021,0,1850,0,0,10.80791,no,96905.96,-0.698713,Non signif,Non signif
13245,Villa Guardia,13,Como,3,45.773784,9.025297,9,0,5,4,0,632,145023368,0,145023368,11709.7,132774.9,0.9001,7.868099999999999,8041,1021.9748096745086,0,0.000184,0,0,0,0.000023,0,0,3391,12.029442,no,174455.02,-0.141936,Non signif,Non signif
100006,Vaiano,100,Prato,9,43.969012,11.124072,7,0,5,2,0,160,71932734,0,71932734,6555.2,74776.4,0.866377,34.1071,10068,295.187805471588,1.315681,0.347523,304,552,0.038575,0.010189,2774804,0,732935,30.888404,no,222188.73,-0.302242,Low-Low,Coldspot 99%
23043,Lazise,23,Verona,5,45.5052,10.733024,5,0,0,4,1,492,124446478,61072433,185518911,25058.4,199447.1,0.910809,63.1501,6958,110.18193162006077,0,35.908505,0,119,0,0.568622,0,0,70762944,20.167921,no,374153.08,-0.26607,Non signif,Non signif
10058,Serra Riccò,10,Genova,7,44.518713,8.951623,2,0,1,1,0,51,40311755,0,40311755,5056.9,60678.9,0.809655,26.2049,7826,298.64643635350643,10.535059,0.43764,1646,292,0.402026,0.016701,16206386,0,673234,24.504626,no,98782.45,0.47872,Non signif,Hotspot 95%
10057,Savignone,10,Genova,7,44.564143,8.989596,2,0,2,0,0,34,8934351,0,8934351,485.1,16406.6,0.779424,21.7444,3112,143.11730836445247,2.99404,0.264162,879,286,0.137692,0.012149,1230193,0,108539,24.504626,no,21893.29,-0.126614,Non signif,Non signif
97012,Calco,97,Lecco,3,45.724868,9.415905,3,0,0,3,0,272,109643003,0,109643003,18900.3,114552.9,0.887919,4.5889,5341,1163.895486935867,0.00203,0.311275,0,8,0.000442,0.067832,48503,0,7437322,14.425007,no,158160.11,0.181032,Non signif,Non signif
97005,Barzago,97,Lecco,3,45.755479,9.314244,5,0,2,3,0,277,97675149,0,97675149,7974,130764.3,0.890577,3.5618,2408,676.0626649446909,0,0.111903,0,7,0,0.031418,0,0,3068713,14.425007,no,140896.47,-0.343648,Non signif,Coldspot 95%
63017,Casalnuovo di Napoli,63,Napoli,15,40.914819,14.351125,16,2,5,8,1,1465,211393783,86042729,297436512,26771.1,370222.4,0.864833,7.8348,49250,6286.057078674631,0,0.01029,0,2,0,0.001313,0,0,277638,35.751904,no,1063392.17,-0.048504,Non signif,Hotspot 99%
17067,Desenzano del Garda,17,Brescia,3,45.469485,10.538947,16,2,3,8,3,1463,218954038,258117994,477072032,41952.5,637549.6,0.856147,59.263400000000004,28982,489.0370785341374,0.027441,15.283344,1,77,0.000463,0.257888,101383,119518,56465709,20.48295,no,977184.25,0.027698,Non signif,Non signif
43053,Tolentino,43,Macerata,11,43.208755,13.28441,11,0,2,6,3,1656,107466416,338842820,446309236,48056.1,456508.3,0.899443,95.11959999999999,19409,204.04837699065178,11.814193,0,463,0,0.124204,0,13347712,42085485,0,27.736975,no,1237926.81,0.182156,Non signif,Non signif
55022,Narni,55,Terni,10,42.519589,12.515226,16,0,4,12,0,1235,272915588,0,272915588,33080.2,284328.3,0.903766,197.9869,19252,97.23875670562043,18.321751,15.026214,540,345,0.09254,0.075895,25255668,0,20712926,34.830185,no,950570.04,-0.005948,Non signif,Non signif
67026,Isola del Gran Sasso d'Italia,67,Teramo,13,42.503058,13.659516,3,0,2,1,0,140,65939968,0,65939968,11415.7,73828.9,0.923022,84.04629999999999,4684,55.73118626280991,14.575373,0,950,0,0.173421,0,11435359,0,0,27.38232,no,180558.93,0.346433,Non signif,Non signif
98037,Massalengo,98,Lodi,3,45.26472,9.490245,1,0,0,1,0,55,22456427,0,22456427,765.8,34316.3,0.806678,8.476799999999999,4571,539.2365043412609,0,0.056792,0,110,0,0.0067,0,0,150451,19.574231,no,43956.73,0.090015,Non signif,Non signif
28036,Curtarolo,28,Padova,5,45.522255,11.832017,11,0,6,5,0,672,252946842,0,252946842,17208.2,202633.2,0.906907,14.7292,7317,496.7683241452353,0,4.377173,0,1897,0,0.297177,0,0,75169873,17.804557,no,450360.65,-0.532072,Non signif,Non signif
78031,Castrolibero,78,Cosenza,18,39.308093,16.194392,1,0,1,0,0,48,8889800,0,8889800,406.6,7019.7,0.929537,11.5574,9809,848.7203004135879,2.564446,0.354476,466,198,0.221888,0.030671,1972538,0,272658,50.996071,no,45334.49,0.190328,Non signif,Non signif
15176,Pogliano Milanese,15,Milano,3,45.537305,8.991417,10,0,6,3,1,610,127148124,113211100,240359224,23316.6,214586.8,0.898362,4.7849,8406,1756.7765261551965,0,0.227903,0,213,0,0.04763,0,0,6056018,15.050002,no,361740.68,-0.344159,Non signif,Non signif
12068,Ferno,12,Varese,3,45.614147,8.754548,1,0,0,1,0,21,13334314,0,13334314,1203.1,12670.4,0.909258,8.6581,6850,791.1666531918089,0,0.020534,0,0,0,0.002372,0,0,31624,11.229804,no,14974.17,-0.229931,Low-Low,Coldspot 99%
54056,Umbertide,54,Perugia,10,43.305636,12.336622,18,0,3,12,3,2049,418930020,434398618,853328638,66387.1,680278.5,0.914971,200.8328,16530,82.30727251723822,25.216211,2.996519,448,149,0.125558,0.01492,52600112,54542322,6250631,38.922787,no,3321392.85,-0.34543,Non signif,Non signif
51034,Sansepolcro,51,Arezzo,9,43.570078,12.140377,13,0,5,7,1,2200,238982487,552863346,791845833,62868.9,475795.1,0.882634,91.19319999999999,15876,174.09192790690537,2.697298,2.833593,165,308,0.029578,0.031072,7068586,16352504,7425763,29.518286,no,2337393.15,-0.662108,Low-Low,Coldspot 99%
1008,Alpignano,1,Torino,1,45.095724,7.525403,4,1,2,1,0,155,38968924,0,38968924,3178.7,30070.2,0.886759,11.919500000000001,16679,1399.3036620663618,0,1.029719,0,256,0,0.086389,0,0,3366504,20.594868,no,80255.98,0.220913,Non signif,Non signif
110002,Barletta,110,Barletta-Andria-Trani,16,41.321498,16.28687,25,0,9,13,3,2380,410637747,496886843,907524590,90620.7,992273.2,0.895566,149.35379999999998,94477,632.5717859204119,0.048466,13.461358,0,383,0.000325,0.090131,133254,161242,37011055,22.254355,no,2019637.48,0.10859,Non signif,Non signif
14008,Bianzone,14,Sondrio,3,46.188197,10.109354,1,0,1,0,0,16,7726330,0,7726330,682.2,11900.2,0.811808,17.1067,1326,77.51348886693518,0.602306,0.162426,41,41,0.035209,0.009495,272035,0,73361,12.776609,no,9871.63,-0.121079,Non signif,Non signif
27015,Fossalta di Piave,27,Venezia,5,45.645747,12.513256,5,0,3,1,1,333,34983800,380205675,415189475,52473,346963.1,0.885354,9.6403,4163,431.833034241673,0,1.806534,0,208,0,0.187394,0,0,6555753,17.526854,no,727696.55,-0.804806,Non signif,Coldspot 99%
15210,Settala,15,Milano,3,45.454413,9.386766,12,0,6,5,1,589,211667625,82899049,294566674,21258.4,231855,0.905466,17.4239,7343,421.43262989342225,0,0.108111,0,2,0,0.006205,0,0,1313345,15.050002,no,443322.9,-0.116449,Non signif,Non signif
23013,Brentino Belluno,23,Verona,5,45.667941,10.881419,3,0,2,1,0,141,45656008,0,45656008,4190.1,33345.4,0.90923,25.987199999999998,1378,53.02610515946312,1.084551,1.648414,53,11,0.041734,0.063432,1905410,0,2896041,20.167921,no,92078.68,-0.468935,Non signif,Coldspot 95%
69083,San Salvo,69,Chieti,13,42.043326,14.72723,11,0,3,6,2,3157,190908696,660475859,851384555,61125.6,1010289.3,0.892772,19.7,20184,1024.5685279187817,0,0.349981,0,83,0,0.017766,0,0,3391595,28.116343,no,2393782.03,-0.321417,Non signif,Non signif
24007,Arsiero,24,Vicenza,5,45.803517,11.350404,3,0,0,3,0,172,127941320,0,127941320,9998.2,101102.2,0.9005,41.3958,3147,76.02220515124722,1.162646,0,157,0,0.028086,0,3593371,0,0,21.315155,no,272708.91,-0.50995,Non signif,Non signif
7052,Pont-Saint-Martin,7,Valle d'Aosta/Vallée d'Aoste,2,45.59944,7.799438,3,0,1,2,0,328,100241087,0,100241087,6820.5,84229.6,0.865871,6.9213,3763,543.6839900018783,4.303689,0.201862,408,112,0.621804,0.029165,62330265,0,2923564,17.572597,no,176149.62,0.138853,High-Low,Coldspot 99%
16053,Caravaggio,16,Bergamo,3,45.49726,9.64374,11,0,5,6,0,546,189268492,0,189268492,25020.4,158102.9,0.92482,33.3888,16261,487.0195993866206,0,0.020996,0,0,0,0.000629,0,0,119018,21.203762,no,401320.4,-0.044734,Non signif,Non signif
24104,Tezze sul Brenta,24,Vicenza,5,45.686178,11.704184,15,0,6,9,0,782,262389042,0,262389042,30019.8,282181,0.892655,17.9347,12817,714.6481401974943,0,0,0,0,0,0,0,0,0,21.315155,no,559286.31,0.087619,Non signif,Non signif
42021,Jesi,42,Ancona,11,43.52198,13.244376,25,1,9,15,0,1613,548274366,0,548274366,44053.5,492426.2,0.900894,108.9049,40210,369.22121961454445,13.143381,0,346,0,0.120687,0,66169464,0,0,27.781362,no,1523180.85,-0.310035,Non signif,Non signif
25018,Domegge di Cadore,25,Belluno,5,46.460376,12.415824,2,0,0,2,0,105,42670856,0,42670856,605.7,26592.3,0.935586,50.357299999999995,2392,47.500560991157194,0.233482,0,0,0,0.004637,0,197844,0,0,17.91629,no,76450.34,-1.467111,Non signif,Non signif
16222,Urgnano,16,Bergamo,3,45.597197,9.694856,12,0,5,7,0,611,238562430,0,238562430,18923.3,243427.6,0.887092,14.7784,9908,670.4379364477887,0,1.167008,0,128,0,0.078967,0,0,18838593,21.203762,no,505842.09,-0.475135,Non signif,Non signif
24094,San Pietro Mussolino,24,Vicenza,5,45.586304,11.256077,4,0,0,3,1,635,107151774,87480156,194631930,19096,174240.9,0.919832,4.1081,1603,390.20471750931085,0,0,0,0,0,0,0,0,0,21.315155,no,414860.98,-0.698657,Non signif,Coldspot 95%
34014,Fidenza,34,Parma,8,44.866522,10.061194,30,0,15,12,3,2228,416956997,141078301,558035298,60967.5,509292.4,0.901323,95.118,26898,282.7855926323094,1.538994,13.508791,48,2925,0.01618,0.142021,6746297,2282624,59216814,33.475863,no,1868071.33,-0.014692,Non signif,Non signif
23005,Badia Calavena,23,Verona,5,45.566086,11.152393,2,0,1,1,0,106,17446215,0,17446215,1451.5,20283.7,0.889909,26.9386,2623,97.36957377146548,0.057709,0,1,0,0.002142,0,37374,0,0,20.167921,no,35185.39,-0.429845,Non signif,Coldspot 95%
72004,Altamura,72,Bari,16,40.82856,16.552731,44,1,13,29,1,2690,915999977,250306116,1166306093,128779.9,1100872.1,0.879995,431.37760000000003,70514,163.46235873165412,0.034099,2.170342,67,10,0.000079,0.005031,72407,19786,4608569,14.160402,no,1651536.33,0.027598,Non signif,Non signif
13012,Arosio,13,Como,3,45.716977,9.208043,6,0,4,2,0,225,77422308,0,77422308,5085.4,86511.2,0.879528,2.5822000000000003,5019,1943.6914259158855,0,0,0,0,0,0,0,0,0,12.029442,no,93134.72,-0.963264,Non signif,Coldspot 95%
68002,Alanno,68,Pescara,13,42.295082,13.971316,1,0,0,1,0,85,36815059,0,36815059,2013.4,31139.4,0.906934,32.528,3466,106.55435317265126,4.896644,0.273629,325,9,0.150536,0.008412,5542002,0,309692,27.533978,no,101366.5,-1.44184,Non signif,Non signif
75089,Tuglie,75,Lecce,16,40.073821,18.098125,1,0,1,0,0,11,4847654,0,4847654,581.4,6396,0.849548,8.5015,5213,613.1859083691113,0,0,0,0,0,0,0,0,0,14.108941,no,6839.53,0.017244,Non signif,Non signif
16070,Cene,16,Bergamo,3,45.78367,9.82546,3,0,0,2,1,496,30992913,144751000,175743913,11982,107639.4,0.893704,8.5993,4267,496.20317932855005,0.016123,0.180709,1,369,0.001875,0.021014,58109,271397,651297,21.203762,no,372643.21,-0.484558,Non signif,Non signif
20039,Pegognaga,20,Mantova,3,44.995988,10.858772,9,0,2,6,1,612,162220546,64623189,226843735,24634.2,260850.5,0.882916,46.569399999999995,7046,151.30106894226682,0,0.586898,0,1372,0,0.012603,0,0,2044409,21.044843,no,477389.07,0.2553,Non signif,Non signif
17069,Erbusco,17,Brescia,3,45.5985,9.972216,10,1,3,6,0,724,245919095,0,245919095,28491.1,273746.7,0.875352,16.24,8631,531.4655172413794,0,0,0,0,0,0,0,0,0,20.48295,no,503714.85,0.074365,Non signif,Non signif
23062,Rivoli Veronese,23,Verona,5,45.571982,10.811761,6,0,3,2,1,447,103105985,88224982,191330967,18715.9,227749.7,0.890086,18.4274,2210,119.93010408413559,0,1.074941,0,74,0,0.058334,0,0,6014568,20.167921,no,385874.79,-0.086765,Non signif,Non signif
60003,Alatri,60,Frosinone,12,41.726503,13.342303,1,0,1,0,0,42,5562453,0,5562453,770.2,7730.5,0.878331,96.9619,28763,296.6422893940816,10.439103,0.310452,1846,54,0.107662,0.003202,598864,0,17810,34.188464,no,19017.17,1.09371,Non signif,Non signif
58110,Valmontone,58,Roma,12,41.778819,12.917489,3,0,0,3,0,260,42064760,0,42064760,3679.5,32756.1,0.921554,40.9138,16073,392.850334117095,5.776247,0.041943,2108,1,0.141181,0.001025,5938741,0,43123,29.689549,no,124888.37,0.317511,Non signif,Non signif
64046,Manocalzati,64,Avellino,15,40.941865,14.849804,7,0,3,3,1,490,76390700,94036299,170426999,13545.2,205040.9,0.847792,8.7455,3198,365.67377508432907,0.323009,0.403151,70,116,0.036934,0.046098,2821438,3473166,3521467,37.737871,no,643155.21,0.347962,Non signif,Non signif
13165,Olgiate Comasco,13,Como,3,45.785326,8.967774,5,1,1,2,1,515,64725919,167122000,231847919,36379.7,356382,0.867044,10.9646,11633,1060.9598161355634,0,0.000978,0,0,0,0.000089,0,0,5773,12.029442,no,278900.11,0.564112,Non signif,Non signif
13099,Faloppio,13,Como,3,45.808891,8.971173,2,0,1,1,0,182,42184211,0,42184211,2985.4,41041.8,0.893148,4.1414,4744,1145.5063505094895,0.20722,0.001277,13,0,0.050036,0.000308,2110738,0,13007,12.029442,no,50745.25,-0.197281,Non signif,Non signif
13121,Lambrugo,13,Como,3,45.759191,9.241845,1,0,0,1,0,31,13446626,0,13446626,1344.3,13583.5,0.878037,1.8359999999999999,2529,1377.450980392157,0,0.021606,0,1,0,0.011768,0,0,158240,12.029442,no,16175.54,0.329051,Non signif,Coldspot 95%
15194,San Giorgio su Legnano,15,Milano,3,45.573771,8.913739,4,0,2,2,0,140,60545082,0,60545082,4412.3,51298.4,0.90908,2.1681,6716,3097.643097643098,0,0,0,0,0,0,0,0,0,15.050002,no,91120.36,-0.472398,Low-High,Hotspot 99%
13007,Alzate Brianza,13,Como,3,45.769778,9.182041,5,0,2,3,0,183,117373030,0,117373030,12688,97305.4,0.913081,7.5848,4985,657.2355236789368,0.000145,0.000984,0,0,0.000019,0.00013,2244,0,15227,12.029442,no,141193.21,-0.3102,Non signif,Non signif
3055,Cressa,3,Novara,1,45.647072,8.50815,3,0,2,1,0,159,38618472,0,38618472,5933.6,28915,0.937621,7.1036,1612,226.92719184638776,0,0.190173,0,7,0,0.026771,0,0,1033869,12.08995,no,46689.54,0.213304,Non signif,Non signif
15041,Busto Garolfo,15,Milano,3,45.545558,8.88327,5,0,2,3,0,352,69321455,0,69321455,6742.5,95362.1,0.885302,12.987400000000001,13851,1066.4952184424903,0,0,0,0,0,0,0,0,0,15.050002,no,104328.8,0.155605,Non signif,Non signif
97061,Osnago,97,Lecco,3,45.675678,9.391148,5,0,2,2,1,698,53392051,128092000,181484051,32592.3,314784.1,0.887088,4.4936,4783,1064.4027060708563,0,0.005051,0,0,0,0.001124,0,0,60015,14.425007,no,261790.87,0.048807,Non signif,Non signif
12006,Azzate,12,Varese,3,45.780222,8.793769,2,0,1,1,0,45,26428018,0,26428018,3819.4,34145,0.861285,4.5062999999999995,4714,1046.091028116193,0.029385,0.392879,33,224,0.006521,0.087184,172334,0,2304111,11.229804,no,29678.15,0.547712,Non signif,Non signif
15099,Dairago,15,Milano,3,45.565972,8.863174,1,0,1,0,0,24,10486707,0,10486707,1232.7,8228.7,0.915625,5.635599999999999,6420,1139.1865994747677,0,0,0,0,0,0,0,0,0,15.050002,no,15782.5,-0.074271,Non signif,Non signif
96077,Vigliano Biellese,96,Biella,1,45.564475,8.104537,6,0,2,4,0,393,112120492,0,112120492,8975.2,118894.3,0.892819,8.3979,7738,921.4208313983257,0.053715,0.454181,4,302,0.006396,0.054083,717150,0,6063778,19.06674,no,213777.23,-0.539849,Low-Low,Coldspot 99%
50028,Ponsacco,50,Pisa,9,43.620713,10.630829,9,0,7,2,0,183,81706212,0,81706212,6795.9,113328.1,0.865122,19.8831,15539,781.5179725495522,0.115483,3.201985,3,233,0.005808,0.161041,474558,0,13158012,28.10564,no,229640.53,-0.029653,Non signif,Hotspot 95%
25022,Fonzaso,25,Belluno,5,46.017903,11.799754,6,1,4,1,0,200,48395895,0,48395895,5404.5,52390.9,0.890728,27.618499999999997,3186,115.3574596737694,0,0,0,0,0,0,0,0,0,17.91629,no,86707.49,0.381499,Non signif,Non signif
28072,Rubano,28,Padova,5,45.428729,11.788274,18,1,8,7,2,1116,236613259,203836867,440450126,38411.4,493707.1,0.867846,14.512599999999999,16448,1133.3599768477047,0,4.051308,0,7136,0,0.279158,0,0,66052478,17.804557,no,784201.94,-0.088471,Non signif,Non signif
93021,Fiume Veneto,93,Pordenone,6,45.927943,12.732176,18,2,9,5,2,1763,252526855,183732000,436258855,42275.5,532689.8,0.861075,35.756,11729,328.02886228884665,0,3.155847,0,202,0,0.088261,0,0,22288179,22.312037,no,973382.38,-0.145534,Non signif,Coldspot 95%
108015,Carate Brianza,108,Monza e della Brianza,3,45.676549,9.237162,14,1,4,8,1,1165,301242162,95963071,397205233,38066.4,386312.9,0.8891,9.9168,17952,1810.2613746369796,0.006839,0.129287,7,170,0.00069,0.013037,207748,66180,3927345,13.279771,no,527479.47,-0.090635,Non signif,Non signif
4029,Bra,4,Cuneo,1,44.697678,7.854271,18,0,5,9,4,2355,343697255,437853295,781550550,70944.3,764818.9,0.87437,59.530699999999996,29645,497.97835402573804,0,0.366694,0,54,0,0.00616,0,0,2117088,16.396584,no,1281475.92,0.062819,Non signif,Non signif
17046,Cazzago San Martino,17,Brescia,3,45.580508,10.026215,23,0,9,12,2,1623,523528448,214193288,737721736,96481.5,645152.3,0.905787,22.3419,10933,489.3496076877974,0,0.215945,0,25,0,0.009665,0,0,5060149,20.48295,no,1511071.74,-0.17076,Non signif,Non signif
6177,Valenza,6,Alessandria,1,45.014025,8.645821,18,0,3,11,4,2992,401757643,1434553335,1836310978,182634.6,1594255.9,0.914607,48.4947,18804,387.7537132923804,0.233519,9.750982,21,119,0.004815,0.201073,1934604,6907878,80782674,20.84217,no,3827270.62,0.009041,Non signif,Non signif
58063,Montelibretti,58,Roma,12,42.140933,12.735332,2,0,2,0,0,37,8680287,0,8680287,442.1,22312.6,0.704154,45.4265,5326,117.24433975763047,0.678828,2.093776,69,72,0.014943,0.046092,129713,0,400088,29.689549,no,25771.38,0.524787,Non signif,Non signif
33023,Gossolengo,33,Piacenza,8,44.99996,9.613788,3,0,2,1,0,108,53720344,0,53720344,4772.8,61820.2,0.89042,31.099899999999998,5652,181.73691876822755,0,3.182547,0,59,0,0.102333,0,0,5497366,28.260932,no,151818.7,0.066898,Non signif,Non signif
61088,Sessa Aurunca,61,Caserta,15,41.236934,13.93473,3,0,0,2,1,390,34718604,61937093,96655697,6877.8,110764,0.90536,162.1774,21252,131.04168644952995,24.879423,12.600266,2383,406,0.153409,0.077694,5326136,9501688,2697439,28.435248,no,274842.87,0.125755,Non signif,Hotspot 95%
1059,Carmagnola,1,Torino,1,44.846947,7.717874,10,0,2,7,1,757,191023791,59261767,250285558,35265.5,303484.3,0.86199,95.71629999999999,28976,302.72795751611795,0,8.172737,0,138,0,0.085385,0,0,16310568,20.594868,no,515459.8,0.482146,Non signif,Non signif
30118,Tavagnacco,30,Udine,6,46.127394,13.2141,21,0,3,14,4,5071,333962707,449071583,783034290,81339,921648.9,0.870028,15.3659,14981,974.9510279254713,0,0.331669,0,14,0,0.021585,0,0,7208499,22.91097,no,1794007.52,-0.239552,Non signif,Non signif
16058,Casazza,16,Bergamo,3,45.749184,9.907258,4,0,1,3,0,171,137883926,0,137883926,12545.4,76994.2,0.943307,7.113200000000001,4004,562.8971489624922,0.429512,0.196437,94,239,0.060382,0.027616,8325761,0,3807781,21.203762,no,292365.79,0.084754,Non signif,Non signif
15157,Novate Milanese,15,Milano,3,45.531939,9.140832,17,0,7,9,1,2365,330553917,825955000,1156508917,56941.5,2933948.3,0.882961,5.462000000000001,20003,3662.2116440864147,0,0.074463,0,114,0,0.013633,0,0,4506415,15.050002,no,1740546.16,-0.121187,Non signif,Non signif
9002,Albenga,9,Savona,7,44.04925,8.213124,7,0,2,5,0,335,81534282,0,81534282,7491.3,176992.7,0.786953,36.575700000000005,24042,657.3216643837301,0.183314,4.501751,6,3836,0.005012,0.12308,408642,0,10035270,24.791781,no,202138.01,0.360744,Non signif,Hotspot 95%
13143,Mariano Comense,13,Como,3,45.697149,9.178344,13,0,8,5,0,488,264435043,0,264435043,17537,164512,0.908908,13.8029,24956,1808.025849640293,0.000109,0.001798,0,0,0.000008,0.00013,2088,0,34446,12.029442,no,318100.6,-0.628394,Low-Low,Coldspot 99%
26032,Giavera del Montello,26,Treviso,5,45.793974,12.169567,3,0,0,1,2,747,27026583,557875562,584902145,47830.2,450548,0.906376,20.188,5200,257.5787596592035,0,0,0,0,0,0,0,0,0,21.139592,no,1236459.26,-0.127622,Non signif,Non signif
1214,Rivalta di Torino,1,Torino,1,45.034045,7.518419,9,0,2,6,1,5112,102391659,5104005000,5206396659,362241.5,1701338.9,0.909283,25.108,20185,803.9270352079019,0.005316,1.001051,0,730,0.000212,0.03987,21679,1080647,4082335,20.594868,no,10722505.15,0.071534,Non signif,Non signif
19062,Offanengo,19,Cremona,3,45.378874,9.742361,3,0,1,1,1,884,32744927,191701080,224446007,11966.3,229602.4,0.813086,12.583699999999999,6031,479.2708027050868,0,0,0,0,0,0,0,0,0,21.210647,no,476064.5,0.109943,Non signif,Non signif
4025,Borgo San Dalmazzo,4,Cuneo,1,44.328652,7.487456,11,0,6,4,1,533,141918016,132474125,274392141,36333.3,243358.2,0.868816,22.340100000000003,12492,559.173862247707,0.187842,2.241382,2,101,0.008408,0.10033,1193288,1113881,14238633,16.396584,no,449909.38,0.212356,Non signif,Non signif
37030,Granarolo dell'Emilia,37,Bologna,8,44.55321,11.443208,23,0,10,11,2,4703,332550931,215148238,547699169,52047.3,841475.7,0.868392,34.3698,12032,350.07477494777396,0,2.87001,0,339,0,0.083504,0,0,27769277,38.815968,no,2125947.34,-0.007529,Non signif,Non signif
6140,Predosa,6,Alessandria,1,44.752637,8.658324,4,0,1,3,0,213,122516597,0,122516597,22664.5,128975.1,0.912219,33.007600000000004,2010,60.895066590724554,0.013863,4.063865,0,19,0.00042,0.123119,51456,0,15084129,20.84217,no,255351.18,0.606976,Non signif,Non signif
21051,Merano/Meran,21,Bolzano/Bozen,4,46.669555,11.159418,18,0,6,10,2,2015,378905379,117019863,495925242,36112.4,377466.6,0.891581,26.3402,40485,1537.0042748346634,3.339904,0,453,0,0.126799,0,48044722,14837970,0,10.80791,no,535991.55,-0.408932,Low-Low,Coldspot 99%
28001,Abano Terme,28,Padova,5,45.360314,11.789783,13,0,5,5,3,2662,172134309,875936890,1048071199,142738,645241.4,0.935885,21.4084,20101,938.9305132564788,0,15.221967,0,13568,0,0.711028,0,0,122392275,17.804557,no,1866044.36,-0.278859,Non signif,Non signif
53014,Manciano,53,Grosseto,9,42.587336,11.515988,1,0,0,1,0,163,90904411,0,90904411,3848.9,25214,0.975813,372.50660000000005,7309,19.621128860535624,167.603406,23.910372,1473,209,0.449934,0.064188,40900990,0,5834952,19.796812,no,179961.75,-1.701208,Low-Low,Coldspot 99%
82037,Geraci Siculo,82,Palermo,19,37.859137,14.154416,2,0,1,1,0,94,17108722,0,17108722,1243,23314.1,0.856095,113.34819999999999,1820,16.05671726591159,1.137375,0.463108,272,0,0.010034,0.004086,171675,0,69901,29.57954,no,50606.81,-0.226347,Low-High,Hotspot 99%
27027,Noventa di Piave,27,Venezia,5,45.661888,12.529942,16,0,7,7,2,966,315254959,167402136,482657095,49847.4,529986.7,0.893487,17.9963,6966,387.0795663553063,0,1.061272,0,56,0,0.058972,0,0,18591114,17.526854,no,845946.07,-0.06784,Non signif,Non signif
17038,Capriolo,17,Brescia,3,45.637256,9.933605,13,1,8,4,0,473,165028451,0,165028451,15346.9,152648,0.892523,10.601099999999999,9467,893.0205356047958,0.035566,0.382565,1,14,0.003355,0.036087,553660,0,5955430,20.48295,no,338026.95,-0.213951,Low-Low,Coldspot 99%
24028,Castelgomberto,24,Vicenza,5,45.585285,11.394497,7,0,1,5,1,804,148454814,82054045,230508859,19044.2,229192.5,0.908351,17.4372,6188,354.87348886289084,0.010795,0,0,0,0.000619,0,91905,50798,0,21.315155,no,491333.21,-0.543515,Non signif,Non signif
28012,Boara Pisani,28,Padova,5,45.108085,11.782711,1,0,1,0,0,19,21323296,0,21323296,860.5,10281.2,0.939526,16.6616,2493,149.62548614778893,0,0,0,0,0,0,0,0,0,17.804557,no,37965.18,-1.590487,Non signif,Non signif
65022,Campagna,65,Salerno,15,40.664729,15.107145,3,0,2,1,0,144,16885682,0,16885682,1007,45258.6,0.731469,136.3058,17169,125.95942359019205,30.052728,2.234639,1800,55,0.22048,0.016394,3722958,0,276829,25.585615,no,43203.06,0.575633,Non signif,Non signif
52005,Castellina in Chianti,52,Siena,9,43.469179,11.287286,2,0,0,1,1,162,58193580,126901186,185094766,9131,169094.8,0.890673,99.80059999999999,2852,28.576982503111207,11.459415,1.153649,103,8,0.114823,0.01156,6681968,14571188,672691,24.090373,no,445900.19,-0.926042,Non signif,Non signif
87050,Trecastagni,87,Catania,19,37.616116,15.079231,2,1,1,0,0,31,18367578,0,18367578,1191.3,8834.2,0.86859,19.1565,11074,578.0805470727951,0,0,0,0,0,0,0,0,0,36.827421,no,67643.05,-0.570578,Non signif,Non signif
15098,Cusano Milanino,15,Milano,3,45.552184,9.183685,10,1,7,2,0,416,129753700,0,129753700,7973.9,141121.9,0.846024,3.0818,18797,6099.3575183334415,0,0.022068,0,183,0,0.007161,0,0,929134,15.050002,no,195279.35,-0.146223,Non signif,Non signif
52037,Montalcino,52,Siena,9,43.0583,11.490066,5,0,0,5,0,645,450439974,0,450439974,26927.2,159270.6,0.957476,310.3127,5919,19.07430794807947,117.71988,16.750599,2178,124,0.379359,0.05398,170878406,0,24314633,24.090373,no,1085126.69,-1.422731,Non signif,Non signif
52015,Montepulciano,52,Siena,9,43.092723,11.780972,4,0,1,3,0,190,166455433,0,166455433,9887.5,58917.5,0.928573,165.331,13984,84.58183885659678,9.329798,29.460454,494,399,0.056431,0.178191,9393251,0,29660818,24.090373,no,400997.34,-0.588625,Non signif,Non signif
69027,Crecchio,69,Chieti,13,42.298544,14.326899,2,0,1,1,0,19,62032000,0,62032000,6360.9,20718.9,0.940911,19.2345,2842,147.7553354649198,0.809629,0,38,0,0.042093,0,2611085,0,0,28.116343,no,174411.3,-1.437108,Non signif,Non signif
18037,Casteggio,18,Pavia,3,45.014114,9.123578,3,0,0,2,1,376,31174649,125608129,156782778,10986.9,155649.7,0.913533,17.662,6712,380.02491224096934,0.611499,0.202239,17,73,0.034622,0.011451,1079338,4348842,356966,18.961299,no,297280.52,-1.041908,Non signif,Non signif
97051,Molteno,97,Lecco,3,45.78038,9.307444,7,0,1,4,2,490,152667646,135895444,288563090,26260.5,354316.7,0.878715,3.1194,3611,1157.5944091812528,0,0.652008,0,644,0,0.209017,0,0,31910151,14.425007,no,416252.46,0.346533,Non signif,Coldspot 95%
61100,Vitulazio,61,Caserta,15,41.164116,14.216925,6,0,1,4,1,695,77661530,7717397,85378927,12543.3,88369.2,0.912399,22.9702,7436,323.723781247007,0.537185,0.262623,409,2,0.023386,0.011433,1816206,180480,887920,28.435248,no,242777.1,0.815523,Non signif,Non signif
35034,Rio Saliceto,35,Reggio nell'Emilia,8,44.81001,10.803099,5,0,1,4,0,335,103804035,0,103804035,11085.2,89145.1,0.920477,22.5621,6136,271.96050013075023,0,3.75524,0,91,0,0.16644,0,0,17277162,36.618436,no,380114.14,-0.321235,Non signif,Non signif
69017,Casoli,69,Chieti,13,42.114637,14.290214,6,0,4,2,0,277,94632753,0,94632753,8429.7,90184.9,0.9015,67.03609999999999,5585,83.31331924142366,13.876282,2.181166,639,48,0.206997,0.032537,19588711,0,3079083,28.116343,no,266072.7,0.240585,Non signif,Non signif
31018,San Canzian d'Isonzo,31,Gorizia,6,45.798617,13.466138,1,0,0,1,0,215,5194325,0,5194325,450.8,20203.2,0.848204,33.8908,6227,183.7371794115217,0,16.212851,0,465,0,0.478385,0,0,2484887,23.340869,no,12124.01,1.630538,Non signif,Non signif
15144,Mesero,15,Milano,3,45.501314,8.854202,1,0,1,0,0,26,5262150,0,5262150,397.2,5842.8,0.900926,5.6398,4163,738.1467427922976,0,0,0,0,0,0,0,0,0,15.050002,no,7919.54,-0.056172,Non signif,Non signif
20030,Mantova,20,Mantova,3,45.169362,10.670616,39,1,9,26,3,2688,1159281048,193767256,1353048304,120354.6,1244400.1,0.860613,63.8072,49409,774.3483494025752,0,18.124546,0,6428,0,0.284052,0,0,329295795,21.044843,no,2847468.89,-0.025254,Non signif,Non signif
13101,Figino Serenza,13,Como,3,45.70978,9.128939,5,0,2,3,0,365,125448153,0,125448153,7829,107200.8,0.900781,4.9562,5171,1043.3396553811388,0.184771,0.145216,24,9,0.037281,0.0293,4676805,0,3675614,12.029442,no,150907.13,-0.397499,Non signif,Non signif
66044,Fossa,66,L'Aquila,13,42.292921,13.487868,1,0,0,1,0,25,18999551,0,18999551,1245,22441,0.86684,8.7067,705,80.97212491529513,0.631258,2.039476,23,56,0.072503,0.234242,1377516,0,4450495,47.395882,no,90050.05,-0.060265,Non signif,Non signif
39016,Russi,39,Ravenna,8,44.370054,12.030417,10,1,4,3,2,950,190011494,182354993,372366487,29105,348582.8,0.877041,46.2645,12309,266.0571280355348,0,6.960239,0,1363,0,0.150444,0,0,28586182,37.876303,no,1410386.58,-0.000454,Non signif,Non signif
24118,Villaverla,24,Vicenza,5,45.65121,11.494074,6,0,3,3,0,327,139690933,0,139690933,18538.1,93649.1,0.936049,15.7883,6138,388.76889848812095,0,0.382954,0,15,0,0.024256,0,0,3388281,21.315155,no,297753.39,0.009665,Non signif,Non signif
57059,Rieti,57,Rieti,12,42.414736,12.885888,10,0,5,4,1,1395,110404278,4003565,114407843,8728.6,121267.9,0.899429,206.4608,47436,229.75790077341557,1.736223,44.01524,22,3257,0.008409,0.213189,928440,33668,23537014,44.772003,no,512226.83,0.138107,Non signif,Non signif
37019,Castel Maggiore,37,Bologna,8,44.575685,11.36481,22,0,7,15,0,1188,486222095,0,486222095,37234.5,462116.6,0.879337,30.9009,18349,593.8014750379439,0,2.945565,0,452,0,0.095323,0,0,46348125,38.815968,no,1887318.13,-0.161941,Non signif,Non signif
3153,Vaprio d'Agogna,3,Novara,1,45.603513,8.553431,6,0,4,2,0,210,70804181,0,70804181,7525.9,79940.2,0.873062,10.0124,997,99.57652510886501,0,0.339294,0,4,0,0.033887,0,0,2399368,12.08995,no,85601.9,0.06678,Non signif,Non signif
14066,Tirano,14,Sondrio,3,46.215672,10.173178,3,0,2,1,0,106,53566443,0,53566443,5763.1,36157.1,0.924368,32.3749,9050,279.53754297310576,4.13212,0.627841,115,250,0.127633,0.019393,6836870,0,1038805,12.776609,no,68439.75,-0.383202,Non signif,Non signif
72019,Conversano,72,Bari,16,40.968396,17.113771,8,0,3,3,2,930,97279869,87299684,184579553,21699.4,162144.1,0.878138,128.4226,26171,203.78811829070585,0,0.278755,0,11,0,0.002171,0,0,211156,14.160402,no,261372.07,-0.111831,Non signif,Non signif
1219,Rivoli,1,Torino,1,45.069715,7.517676,23,0,10,12,1,1630,361373735,30047299,391421034,35843.8,387863.3,0.881492,29.5002,48629,1648.4295021728667,0,0.340103,0,14,0,0.011529,0,0,4166219,20.594868,no,806126.45,0.176474,Non signif,Non signif
4187,Roccabruna,4,Cuneo,1,44.47453,7.343726,1,0,0,1,0,123,27403995,0,27403995,3894.4,27195.4,0.931115,24.2992,1565,64.4054125238691,0.328958,2.58848,3,129,0.013538,0.106525,370990,0,2919219,16.396584,no,44933.19,0.302422,Non signif,Non signif
42007,Camerata Picena,42,Ancona,11,43.578135,13.352735,3,0,1,2,0,96,57131787,0,57131787,7639.2,40316.2,0.917006,11.8918,2552,214.6016582855413,0.802742,0,83,0,0.067504,0,3856614,0,0,27.781362,no,158719.88,-0.264339,Non signif,Non signif
19066,Palazzo Pignano,19,Cremona,3,45.390073,9.569557,8,0,3,3,2,856,169469597,282425730,451895327,60223.3,371835.2,0.90856,8.821,3786,429.20303820428524,0,0,0,0,0,0,0,0,0,21.210647,no,958499.21,-0.123184,Non signif,Non signif
60089,Villa Santa Lucia,60,Frosinone,12,41.51242,13.770011,2,0,1,1,0,176,24269897,0,24269897,828.6,17720.3,0.931954,17.7675,2605,146.61601238215846,3.613754,0,627,0,0.203391,0,4936285,0,0,34.188464,no,82975.05,0.737594,Non signif,Non signif
42004,Barbara,42,Ancona,11,43.581154,13.026481,4,0,2,2,0,311,77835757,0,77835757,9513.7,95439.9,0.896144,11.038800000000002,1335,120.93705837591041,1.909221,0,198,0,0.172955,0,13462121,0,0,27.781362,no,216238.33,0.187587,Non signif,Non signif
111041,Monastir,111,Sud Sardegna,20,39.38474,9.044841,5,0,4,0,1,411,28538385,3535223,32073608,2133.7,34324.5,0.92164,31.787300000000002,4640,145.97024597873994,0.252206,4.126787,15,53,0.007934,0.129825,226429,28049,3704997,15.448131,si,49547.73,-0.373846,Non signif,Non signif
88006,Modica,88,Ragusa,19,36.858921,14.761302,29,1,10,14,4,2330,389378418,276032578,665410996,51110.2,1122013.1,0.825606,292.3743,54530,186.50750083027134,1.604014,0,967,0,0.005486,0,2136195,1514361,0,23.45042,no,1560416.76,0.080212,Non signif,Non signif
69081,San Giovanni Teatino,69,Chieti,13,42.410541,14.20103,22,1,8,9,4,3778,359329928,1116191398,1475521326,168197.4,1609564.1,0.880571,17.7314,14380,810.9906719153591,1.123943,0.749351,153,17,0.063387,0.042261,22776902,70752197,15185729,28.116343,no,4148626.39,0.198913,Non signif,Non signif
108037,Renate,108,Monza e della Brianza,3,45.724378,9.279944,2,0,1,1,0,112,32815446,0,32815446,3953.3,31532.3,0.913235,2.8878,4087,1415.264214973336,0,0.23829,0,7,0,0.082516,0,0,2707803,13.279771,no,43578.16,-0.456748,Low-Low,Coldspot 99%
17021,Borgosatollo,17,Brescia,3,45.477262,10.240811,13,0,5,8,0,677,250059413,0,250059413,28790.8,218944.1,0.892035,8.42,9271,1101.0688836104514,0,0.625373,0,1092,0,0.074272,0,0,18572495,20.48295,no,512195.44,0.37861,Non signif,Non signif
16170,Ponte San Pietro,16,Bergamo,3,45.697819,9.587857,6,0,3,1,2,621,48674943,171116064,219791007,19261.9,334579,0.827036,4.5862,11502,2507.958658584449,0,0.224314,0,157,0,0.048911,0,0,2380723,21.203762,no,466039.61,0.444713,Non signif,Non signif
72037,Rutigliano,72,Bari,16,41.011159,17.005479,19,2,5,5,7,4264,104552499,1059113867,1163666366,137060.7,1560736.2,0.82407,53.853199999999994,18591,345.21625455868923,0,0.120753,0,351,0,0.002242,0,0,234434,14.160402,no,1647798.37,0.343255,Non signif,Hotspot 95%
17170,Salò,17,Brescia,3,45.605678,10.520069,7,0,1,5,1,764,167516438,113855511,281371949,35933.7,219581.2,0.853153,27.3056,10603,388.30862533692726,0.721947,10.644158,48,38,0.02644,0.389816,4429054,3010285,65300577,20.48295,no,576332.75,0.682216,Non signif,Non signif
1082,Chivasso,1,Torino,1,45.190959,7.887186,7,0,1,4,2,1106,73139527,343363573,416503100,51103.7,397614.4,0.89575,51.2385,26976,526.479112386194,0,9.566094,0,363,0,0.186697,0,0,13654958,20.594868,no,857782.63,0.08526,Non signif,Non signif
82021,Carini,82,Palermo,19,38.131172,13.181885,17,1,8,8,0,1017,178141584,0,178141584,14487.9,295429,0.816299,76.5951,38936,508.3353896006402,7.607771,0,328,0,0.099325,0,17693826,0,0,29.57954,no,526934.61,0.364214,Non signif,Non signif
4203,Saluzzo,4,Cuneo,1,44.644605,7.492601,14,0,9,4,1,646,161102788,588977245,750080033,97463.5,508497.8,0.876152,76.59140000000001,16958,221.40866990288725,0,2.652625,0,208,0,0.034633,0,0,5579547,16.396584,no,1229875.02,0.123892,Non signif,Non signif
25004,Arsiè,25,Belluno,5,45.983519,11.75778,2,0,0,2,0,68,37110651,0,37110651,4826.3,70800.3,0.819061,64.7633,2275,35.12791967055416,0.007699,0,0,0,0.000119,0,4412,0,0,17.91629,no,66488.52,0.208477,Non signif,Non signif
16051,Capriate San Gervasio,16,Bergamo,3,45.612578,9.528752,2,0,0,2,0,141,58275085,0,58275085,6849,46023,0.92668,5.7812,8173,1413.720334878572,0,0.467046,0,60,0,0.080787,0,0,4707871,21.203762,no,123565.1,-0.393962,Non signif,Non signif
14061,Sondrio,14,Sondrio,3,46.323362,10.258414,8,0,5,2,1,609,117489374,127278738,244768112,21613.9,149461,0.880605,20.875100000000003,21642,1036.7375485626415,5.971094,1.596314,372,180,0.286039,0.07647,33606550,36406691,8984385,12.776609,no,312730.65,-0.081004,Non signif,Non signif
26088,Vazzola,26,Treviso,5,45.837767,12.384064,23,1,7,13,2,1213,330740390,173493870,504234260,54665.4,480235.8,0.891714,26.159499999999998,6972,266.51885548271184,0,0,0,0,0,0,0,0,0,21.139592,no,1065930.64,-0.152812,Non signif,Non signif
42022,Loreto,42,Ancona,11,43.439498,13.607021,5,0,3,2,0,441,119659857,0,119659857,10198.8,102849.7,0.905052,17.895699999999998,12802,715.3673787557906,0.60347,0,223,0,0.033722,0,4035111,0,0,27.781362,no,332431.38,-0.35301,Non signif,Non signif
16128,Lovere,16,Bergamo,3,45.816882,10.075214,4,0,0,4,0,271,62020766,0,62020766,3629.7,74761.5,0.865002,7.9248,5224,659.1964465980213,0.80844,2.475103,654,135,0.102014,0.312324,6326982,0,19370556,21.203762,no,131507.35,-0.533011,Non signif,Non signif
17112,Monticelli Brusati,17,Brescia,3,45.63219,10.09857,9,1,1,7,0,714,278664522,0,278664522,26714.5,238659.2,0.908446,10.890899999999998,4516,414.65810906353016,0.172665,0.137048,5,219,0.015854,0.012584,4417965,0,3506635,20.48295,no,570787.14,-0.715042,Non signif,Non signif
18075,Gravellona Lomellina,18,Pavia,3,45.327664,8.76414,1,0,1,0,0,30,8878641,0,8878641,806.7,5252.7,0.94794,20.3448,2713,133.35102827258072,0,0.398839,0,0,0,0.019604,0,0,174057,18.961299,no,16835.06,-1.219892,Non signif,Non signif
14048,Piantedo,14,Sondrio,3,46.13419,9.42934,3,0,1,0,2,4786,6827241,741392925,748220166,147317.2,1639875.6,0.865758,6.8048,1384,203.3858452856807,0.236146,0.209409,22,37,0.034703,0.030774,236925,25728453,210100,12.776609,no,955971.67,0.614512,Non signif,Non signif
98056,Tavazzano con Villavesco,98,Lodi,3,45.334092,9.403652,1,0,0,1,0,20,15843234,0,15843234,1221.9,13724.2,0.904918,16.0686,6012,374.14584966954186,0,0.219498,0,34,0,0.01366,0,0,216419,19.574231,no,31011.91,-0.611162,Non signif,Non signif
77020,Pisticci,77,Matera,17,40.390527,16.556732,5,0,1,3,1,337,89141614,110676228,199817842,19663.2,159698.4,0.899658,233.6725,17602,75.32764873915416,0.663331,20.666686,463,53,0.002839,0.088443,253048,314179,7883948,22.969725,no,458976.09,0.321297,Non signif,Non signif
29030,Loreo,29,Rovigo,5,45.061995,12.188925,2,0,0,1,1,175,16597894,98959137,115557031,7861.1,118981.2,0.899068,39.8442,3459,86.81313716927433,0,0.71851,0,0,0,0.018033,0,0,299310,24.853738,no,287202.42,-0.694468,Non signif,Non signif
16019,Barbata,16,Bergamo,3,45.474977,9.77736,2,0,1,1,0,74,28342017,0,28342017,2227.7,21583.6,0.92276,7.980700000000001,712,89.21523174658864,0,0,0,0,0,0,0,0,0,21.203762,no,60095.74,-0.299976,Non signif,Non signif
93042,Sequals,93,Pordenone,6,46.165522,12.828776,3,0,0,3,0,299,51063557,0,51063557,6149.8,46148.2,0.925339,27.7049,2231,80.52727134911153,0.053793,0,0,0,0.001942,0,99147,0,0,22.312037,no,113933.2,-0.281261,Low-Low,Coldspot 99%
1284,Val della Torre,1,Torino,1,45.155147,7.445015,2,0,0,2,0,68,24674491,0,24674491,1967.1,35418.8,0.846645,36.5258,3892,106.55481878562551,0.194419,0.62531,94,81,0.005323,0.01712,131337,0,422419,20.594868,no,50816.79,-0.146681,Non signif,Non signif
72024,Grumo Appula,72,Bari,16,41.013531,16.708483,5,0,0,4,1,936,92334144,102070496,194404640,11426.2,130605.6,0.92933,81.3032,12710,156.3284101978766,0.034831,1.344179,0,231,0.000428,0.016533,39557,43728,1526553,14.160402,no,275284.79,-0.212074,Non signif,Non signif
20019,Ceresara,20,Mantova,3,45.26513,10.567035,4,0,2,2,0,370,156649254,0,156649254,7384.2,110660,0.933435,37.3088,2609,69.92988249421049,0,1.770746,0,1228,0,0.047462,0,0,7434869,21.044843,no,329665.89,-0.670329,Non signif,Non signif
13035,Cabiate,13,Como,3,45.674176,9.173743,8,0,5,2,1,669,112999246,22309295,135308541,15959.3,122399.9,0.91876,3.1784,7509,2362.5094387113013,0.022033,0.002758,0,5,0.006932,0.000868,783323,154650,98053,12.029442,no,162768.62,-0.024691,Non signif,Non signif
60085,Veroli,60,Frosinone,12,41.691272,13.417632,4,0,1,2,1,458,27122029,71173631,98295660,11821,93265.8,0.91669,119.6452,20414,170.62113649356598,31.263568,0.064783,1782,10,0.261302,0.000541,7087049,18597835,14685,34.188464,no,336057.76,-0.662292,Non signif,Non signif
99025,San Leo,99,Rimini,8,43.896961,12.343644,2,0,1,1,0,55,25100246,0,25100246,1880.3,26669.9,0.912117,53.1368,2883,54.25618403818069,22.134867,2.729953,487,42,0.416564,0.051376,10455854,0,1289549,28.763441,no,72196.94,-0.9552,Non signif,Non signif
20025,Gazzuolo,20,Mantova,3,45.069175,10.583113,3,0,2,1,0,26,48250054,0,48250054,2034.8,59662.6,0.856277,22.487399999999997,2214,98.4551348755303,0,1.304828,0,9,0,0.058025,0,0,2799702,21.044843,no,101541.48,-0.750815,Non signif,Non signif
23066,Roveredo di Guà,23,Verona,5,45.273751,11.444988,2,0,0,2,0,167,36846025,0,36846025,3227.6,41732.4,0.858025,10.1598,1597,157.18813362467765,0,0,0,0,0,0,0,0,0,20.167921,no,74310.77,0.097216,Non signif,Non signif
93032,Porcia,93,Pordenone,6,45.946555,12.601781,11,1,2,7,1,5231,188284966,756739893,945024859,109664.6,1278983.8,0.895592,29.5337,15280,517.3750664495136,0,0.719185,0,191,0,0.024351,0,0,4584990,22.312037,no,2108542.98,-0.1295,Non signif,Coldspot 99%
4022,Bernezzo,4,Cuneo,1,44.385329,7.436329,3,0,2,1,0,245,91678000,0,91678000,3933.7,85531.9,0.854987,25.8449,4121,159.4511876617824,0.004756,0.081304,0,13,0.000184,0.003146,16871,0,288405,16.396584,no,150320.6,-0.52849,Non signif,Non signif
16001,Adrara San Martino,16,Bergamo,3,45.699945,9.948935,7,0,1,6,0,718,195680164,0,195680164,35884.9,195781.8,0.913037,12.605699999999999,2239,177.61806167051415,1.154295,0,64,0,0.091569,0,17918294,0,0,21.203762,no,414915.56,0.614095,Non signif,Non signif
16153,Osio Sotto,16,Bergamo,3,45.616078,9.589053,11,0,4,4,3,1713,119927640,293746207,413673847,50651.3,444791.7,0.864298,7.5857,12474,1644.4098764781102,0.053578,0.07072,5,4,0.007063,0.009323,847052,2074737,1118062,21.203762,no,877144.17,0.103483,Non signif,Non signif
17132,Paitone,17,Brescia,3,45.553076,10.401255,5,0,2,1,2,505,42689878,160227904,202917782,19341.2,196661.8,0.907732,8.0035,2153,269.00730930218026,0.000679,0.225495,0,212,0.000085,0.028175,3622,13593,1202768,20.48295,no,415635.48,-0.236921,Non signif,Non signif
29014,Ceneselli,29,Rovigo,5,45.013695,11.369156,2,0,2,0,0,72,23607333,0,23607333,4088.4,17865.9,0.935048,28.618000000000002,1636,57.16681808651897,0,2.081946,0,41,0,0.07275,0,0,1717422,24.853738,no,58673.05,0.401726,Non signif,Non signif
12017,Brebbia,12,Varese,3,45.828539,8.650052,3,0,0,3,0,163,51965442,0,51965442,6450.7,36476.2,0.940588,6.8685,3239,471.57312368057075,0.028686,1.522756,1,36,0.004176,0.221701,217031,0,11520811,11.229804,no,58356.17,-0.298805,Non signif,Non signif
26026,Farra di Soligo,26,Treviso,5,45.905381,12.12543,7,0,4,3,0,287,82941729,0,82941729,8288,82867.6,0.885256,28.340300000000003,8798,310.44131501783676,0,0,0,0,0,0,0,0,0,21.139592,no,175335.43,-0.117557,Non signif,Non signif
23075,San Pietro di Morubio,23,Verona,5,45.242986,11.228187,3,0,0,3,0,150,48812244,0,48812244,2925.5,46896.7,0.908471,16.1172,2979,184.83359392450302,0,0,0,0,0,0,0,0,0,20.167921,no,98444.15,-0.700157,Non signif,Non signif
62076,Torrecuso,62,Benevento,15,41.18974,14.680055,4,0,3,1,0,210,54372470,0,54372470,3291.9,46265.4,0.911805,29.1554,3407,116.85656859449708,3.190452,0.953586,152,63,0.109429,0.032707,5949936,0,1778361,40.937916,no,222589.56,-0.226034,Non signif,Non signif
22032,Calceranica al Lago,22,Trento,4,46.004241,11.242883,2,0,1,0,1,411,8661000,287338000,295999000,24230,165769,0.924673,3.3945999999999996,1358,400.04713368290817,0.311169,0,139,0,0.091666,0,793918,26339091,0,14.82766,no,438897.24,-0.203932,Non signif,Non signif
27025,Musile di Piave,27,Venezia,5,45.617359,12.561887,5,0,3,2,0,201,61095686,0,61095686,4310.4,70545.3,0.869087,44.869099999999996,11461,255.43191193939708,0,26.275691,0,7741,0,0.585608,0,0,35778105,17.526854,no,107081.52,-0.216821,Low-Low,Coldspot 99%
50009,Castelfranco di Sotto,50,Pisa,9,43.699715,10.745178,19,0,14,5,0,537,264493552,0,264493552,21860.8,222514.8,0.891196,48.3252,13396,277.2052676450382,0.128648,5.918621,5,158,0.002662,0.122475,704116,0,32393805,28.10564,no,743376.04,-0.70468,Low-Low,Coldspot 99%
65037,Cava de' Tirreni,65,Salerno,15,40.700462,14.706263,18,0,7,8,3,1701,280083488,313487101,593570589,63589.1,481710.7,0.888587,36.5318,53130,1454.3493613783062,18.040176,0.545959,5894,723,0.493821,0.014945,138311154,154806565,4185781,25.585615,no,1518686.84,-0.020607,Non signif,Non signif
73026,Sava,73,Taranto,16,40.403424,17.558409,7,1,3,3,0,293,87028624,0,87028624,7153.7,69589,0.870453,44.569399999999995,16076,360.6959034674014,0,1.325114,0,12,0,0.029731,0,0,2587489,15.194153,no,132232.62,-0.108013,Non signif,Non signif
93004,Aviano,93,Pordenone,6,46.068544,12.589114,4,1,2,1,0,109,44816983,0,44816983,5844.4,55631.9,0.847221,113.3492,9080,80.10643215832137,4.553628,0,4,0,0.040173,0,1800453,0,0,22.312037,no,99995.82,0.738872,Non signif,Non signif
35012,Casalgrande,35,Reggio nell'Emilia,8,44.588009,10.737321,22,0,9,7,6,2930,352875201,1185405035,1538280236,151928.1,1098512.3,0.893859,37.707300000000004,19234,510.08690624892256,0.933883,1.358359,137,199,0.024767,0.036024,8739532,29358496,12711894,36.618436,no,5632941.57,-0.068044,Non signif,Non signif
17037,Capriano del Colle,17,Brescia,3,45.454869,10.130348,5,0,2,3,0,231,117546626,0,117546626,10981.6,69828.7,0.919738,13.9678,4644,332.4789873852718,0,0.11623,0,1,0,0.008321,0,0,978139,20.48295,no,240770.17,-0.681977,Non signif,Non signif
15172,Pessano con Bornago,15,Milano,3,45.548535,9.388324,8,0,3,3,2,695,106864317,210394523,317258840,43330.1,276942.9,0.907181,6.6625,9053,1358.799249530957,0,0.160402,0,101,0,0.024075,0,0,2572796,15.050002,no,477474.62,-0.13071,Non signif,Non signif
17091,Lograto,17,Brescia,3,45.484238,10.053276,7,0,2,4,1,407,120916373,121339822,242256195,38506.9,227855.2,0.881491,12.433699999999998,3815,306.8274125964114,0,0,0,0,0,0,0,0,0,20.48295,no,496212.15,0.367424,Non signif,Non signif
1150,Mercenasco,1,Torino,1,45.357182,7.882359,2,0,0,2,0,184,43265400,0,43265400,818.1,45603,0.901035,12.638499999999999,1231,97.40079914546823,0.000294,0.000294,0,0,0.000023,0.000023,1006,0,1006,20.594868,no,89104.52,-0.595573,Non signif,Non signif
28103,Villafranca Padovana,28,Padova,5,45.494851,11.797524,5,0,1,3,1,296,54758131,89746040,144504171,17570,166226.6,0.865883,23.9552,10458,436.56492118621424,0,0,0,0,0,0,0,0,0,17.804557,no,257283.28,0.507696,Non signif,Non signif
64079,Rocca San Felice,64,Avellino,15,40.95146,15.164394,1,0,0,1,0,110,22912457,0,22912457,2353.3,15520.3,0.945774,14.411900000000001,835,57.93823160027477,1.420868,0,1,0,0.09859,0,2258937,0,0,37.737871,no,86466.73,0.728507,Non signif,Non signif
24014,Breganze,24,Vicenza,5,45.708144,11.564767,5,0,2,1,2,1076,75698317,224225303,299923620,42214.1,367192.8,0.904753,21.7612,8586,394.555447309891,0,0,0,0,0,0,0,0,0,21.315155,no,639291.85,-0.051532,Non signif,Non signif
3023,Borgolavezzaro,3,Novara,1,45.319663,8.699539,1,0,0,1,0,94,93547272,0,93547272,11671.9,60394.7,0.938245,21.0915,2041,96.76884052817486,0,0.755228,0,1,0,0.035807,0,0,3349668,12.08995,no,113098.19,0.048725,High-Low,Coldspot 99%
97058,Olgiate Molgora,97,Lecco,3,45.730279,9.403347,2,0,2,0,0,91,17943225,0,17943225,2836.6,18688.6,0.919669,7.0911,6461,911.1421359168535,0.035173,0.003113,0,0,0.00496,0.000439,89001,0,7877,14.425007,no,25883.11,-0.108034,Non signif,Non signif
65135,Sarno,65,Salerno,15,40.810811,14.619839,8,0,2,5,1,943,169456029,204686459,374142488,35013.2,291239.6,0.908413,40.0013,31625,790.5993055225705,17.354034,0.576214,1077,478,0.433837,0.014405,73516253,88800508,2440994,25.585615,no,957266.55,-0.215519,Non signif,Non signif
36009,Cavezzo,36,Modena,8,44.8365,11.029435,4,0,2,1,1,335,28244143,207370701,235614844,33468,157603.7,0.923064,26.7723,7031,262.62218785834614,0,3.368085,0,191,0,0.125805,0,0,3553250,36.541065,no,860961.72,-0.496436,Non signif,Non signif
98003,Boffalora d'Adda,98,Lodi,3,45.359771,9.494156,2,0,2,0,0,25,21490573,0,21490573,1954.3,25842.7,0.845614,8.1304,1770,217.7014661025288,0,1.261094,0,1,0,0.155108,0,0,3333370,19.574231,no,42066.14,0.478394,Non signif,Non signif
41067,Urbino,41,Pesaro e Urbino,11,43.726261,12.636314,7,0,2,4,1,940,112523663,141766294,254289957,42563,216609,0.928655,226.49599999999998,14558,64.27486578129415,27.320747,0,552,0,0.120624,0,13573001,17100351,0,24.621765,no,626106.77,-0.414057,Non signif,Non signif
87051,Tremestieri Etneo,87,Catania,19,37.576488,15.07322,2,0,0,1,1,404,27458204,395387778,422845982,18985.8,381290.5,0.883717,6.5171,20356,3123.4751653342746,0,0,0,0,0,0,0,0,0,36.827421,no,1557232.7,0.330187,Non signif,Non signif
12025,Buguggiate,12,Varese,3,45.785997,8.80499,2,0,0,1,1,525,13789957,195012780,208802737,18607.2,125539.3,0.907747,2.5046,3102,1238.5211211371077,0.090522,0.355616,7,1,0.036142,0.141985,498401,7048210,1957969,11.229804,no,234481.39,0.307785,Non signif,Non signif
73003,Castellaneta,73,Taranto,16,40.630424,16.934678,3,1,1,0,1,865,4067486,13087775,17155261,3153.7,38817.6,0.79626,242.31900000000002,17069,70.44020485393222,6.715113,8.338738,818,240,0.027712,0.034412,112718,362687,139971,15.194153,no,26065.97,1.091293,High-High,Hotspot 99%
37047,Pianoro,37,Bologna,8,44.392964,11.342314,12,1,4,5,2,2391,192457585,1435831525,1628289110,92437.1,638904.7,0.911255,107.1306,17503,163.38002400807986,19.334393,1.855916,596,596,0.180475,0.017324,34733779,259131667,3334109,38.815968,no,6320361.8,-0.220974,Non signif,Non signif
35035,Rolo,35,Reggio nell'Emilia,8,44.886656,10.858208,2,0,1,1,0,79,49956323,0,49956323,2536.1,43134.3,0.914509,14.1733,4062,286.5952177686213,0,2.344658,0,39,0,0.165428,0,0,8264165,36.618436,no,182932.24,-0.810078,Non signif,Non signif
17134,Paratico,17,Brescia,3,45.659876,9.95507,4,0,1,2,1,277,46700415,80928303,127628718,8519.6,111615.4,0.889107,6.181699999999999,4780,773.2500768397043,0.064328,0.777085,0,105,0.010406,0.125707,485974,842156,5870584,20.48295,no,261421.26,-0.272746,Non signif,Non signif
75021,Collepasso,75,Lecce,16,40.07302,18.163073,1,0,0,1,0,50,18266890,0,18266890,4854.1,17807.7,0.916499,12.7893,5979,467.50017592831506,0.007031,0.138322,1,71,0.00055,0.010815,10042,0,197565,14.108941,no,25772.65,1.56579,Non signif,Non signif
15050,Carpiano,15,Milano,3,45.340572,9.272733,3,0,1,2,0,165,79294915,0,79294915,5146.4,51711.6,0.901052,17.2438,4177,242.23199062851575,0,0.013663,0,0,0,0.000792,0,0,62829,15.050002,no,119338.86,-0.728259,Non signif,Non signif
41065,Tavullia,41,Pesaro e Urbino,11,43.897756,12.75479,6,0,2,3,1,557,74257991,62013543,136271534,12980.9,133734.8,0.899093,42.0685,7961,189.23897928378716,5.253715,0,725,0,0.124885,0,9273692,7744547,0,24.621765,no,335524.58,-0.199489,Non signif,Non signif
42031,Morro d'Alba,42,Ancona,11,43.601097,13.213846,2,0,1,1,0,197,33378920,0,33378920,3716.3,41156.5,0.900355,19.4608,1873,96.24475869440106,1.77467,0,46,0,0.091192,0,3043892,0,0,27.781362,no,92731.19,-0.12713,Non signif,Non signif
40003,Bertinoro,40,Forlì-Cesena,8,44.148665,12.134235,6,0,0,5,1,892,110232562,65801100,176033662,26120,198182.3,0.915907,57.2542,10947,191.19994690345862,12.91665,6.329784,1143,1746,0.225602,0.110556,24868663,14844846,12186849,31.154462,no,548423.4,0.607758,Non signif,Non signif
15106,Gessate,15,Milano,3,45.554388,9.435192,12,0,4,7,1,878,324921825,58251150,383172975,42226.6,287579.9,0.90447,7.7595,8821,1136.8000515497133,0,0.099829,0,66,0,0.012865,0,0,4180246,15.050002,no,576675.41,0.431164,Non signif,Non signif
16037,Brembate,16,Bergamo,3,45.603928,9.555598,6,0,3,2,1,269,47583704,62084946,109668650,11354.5,153575.8,0.849794,5.535900000000001,8551,1544.6449538467095,0.038632,0.230378,164,323,0.006978,0.041615,332060,433257,1980209,21.203762,no,232538.79,0.427913,Non signif,Non signif
15076,Cesate,15,Milano,3,45.596474,9.077308,2,0,1,1,0,59,28156555,0,28156555,4281,24690.4,0.918043,5.7681,14377,2492.5018636986183,0,0.172722,0,72,0,0.029944,0,0,843130,15.050002,no,42375.62,-0.115419,Non signif,Non signif
4075,Costigliole Saluzzo,4,Cuneo,1,44.564534,7.485427,2,0,0,2,0,149,37319792,0,37319792,4118.8,29485.5,0.927607,15.3425,3343,217.89147792080823,0,1.217988,0,112,0,0.079387,0,0,2962689,16.396584,no,61191.71,-0.17513,Non signif,Non signif
13114,Guanzate,13,Como,3,45.723878,9.010799,6,0,1,4,1,771,111767857,113234000,225001857,17544.8,219681.4,0.886132,6.905399999999999,5834,844.8460625018103,0,0.076125,0,1,0,0.011024,0,0,1232127,12.029442,no,270664.68,-0.038228,Non signif,Non signif
1164,Nichelino,1,Torino,1,44.995518,7.646618,4,1,1,2,0,113,50119367,0,50119367,7214.3,52507.3,0.855747,20.563000000000002,47721,2320.721684579098,0,0.517799,0,702,0,0.025181,0,0,1262061,20.594868,no,103220.17,0.562088,Non signif,Non signif
15185,Rodano,15,Milano,3,45.477658,9.353461,11,3,2,5,1,2305,138066560,899710981,1037777541,165452.4,735771.9,0.857519,13.073,4631,354.2415665876233,0,0,0,0,0,0,0,0,0,15.050002,no,1561855.41,-0.092621,Non signif,Non signif
16240,Villa di Serio,16,Bergamo,3,45.722665,9.732378,4,0,2,1,1,710,50020216,69843670,119863886,9584.2,159429.4,0.869369,4.603,6777,1472.3006734738215,0.003418,0.091174,11,24,0.000743,0.019808,37143,51863,990776,21.203762,no,254156.53,0.409199,Non signif,Non signif
96004,Biella,96,Biella,1,45.566954,8.086912,19,0,6,12,1,1882,565213852,176528137,741741989,60058.9,454389.3,0.91032,46.6893,44324,949.3395703084003,1.723464,1.620436,100,139,0.036913,0.034707,20864004,6516266,19616762,19.06674,no,1414260.19,-0.207,Low-Low,Coldspot 99%
16016,Azzano San Paolo,16,Bergamo,3,45.661039,9.67518,14,0,8,4,2,1281,234195648,239117501,473313149,52698.1,516951.7,0.854262,4.2922,7617,1774.6144168491683,0,0.091782,0,585,0,0.021383,0,0,5007909,21.203762,no,1003601.92,0.56386,Non signif,Non signif
75034,Guagnano,75,Lecce,16,40.401227,17.949018,2,0,2,0,0,48,21146574,0,21146574,1082.4,16248,0.907769,38.0297,5681,149.38324520046174,0,1.042951,0,9,0,0.027425,0,0,579937,14.108941,no,29835.58,-0.552161,Non signif,Non signif
23012,Bovolone,23,Verona,5,45.25781,11.120366,6,0,3,3,0,390,106470819,0,106470819,14478.8,122638.9,0.872101,41.273500000000006,16078,389.54777278398967,0,0.707,0,117,0,0.01713,0,0,1823806,20.167921,no,214729.51,0.908952,Non signif,Non signif
89009,Floridia,89,Siracusa,19,37.086946,15.151894,5,0,0,5,0,178,71114048,0,71114048,5935.4,70818.3,0.906055,26.477600000000002,22694,857.1018521316131,0,0,0,0,0,0,0,0,0,32.507353,no,231172.95,-0.656932,Non signif,Non signif
98025,Crespiatica,98,Lodi,3,45.356672,9.575158,2,0,1,1,0,83,34200793,0,34200793,2970,40002.3,0.827098,7.032,2286,325.0853242320819,0,0,0,0,0,0,0,0,0,19.574231,no,66945.42,0.075108,Non signif,Non signif
71050,San Paolo di Civitate,71,Foggia,16,41.738336,15.260241,2,0,1,1,0,39,23937831,0,23937831,2088.7,20282.4,0.905377,91.162,5740,62.96483183782716,0,2.983637,0,2,0,0.032729,0,0,783460,37.634206,no,90088.13,0.577157,Non signif,Non signif
58046,Grottaferrata,58,Roma,12,41.788616,12.666741,5,0,5,0,0,74,40491108,0,40491108,3491,80566,0.787124,18.4032,20460,1111.7631716223266,0.392785,0,50,0,0.021343,0,864214,0,0,29.689549,no,120216.27,0.403561,High-High,Hotspot 99%
83048,Messina,83,Messina,19,38.193757,15.554208,47,3,20,21,3,3839,750047321,161829625,911876946,83787.9,1036977.4,0.850434,213.75369999999998,234293,1096.0886291091103,2.421127,0,697,0,0.011327,0,8495571,1832998,0,44.663628,no,4072773.23,-0.098847,Non signif,Non signif
108009,Biassono,108,Monza e della Brianza,3,45.630987,9.27512,13,0,9,2,2,1056,157293458,414064903,571358361,45316.1,545526,0.890111,4.8949,12164,2485.0354450550576,0,0.115413,0,38,0,0.023578,0,0,3708699,13.279771,no,758750.84,-0.116727,Non signif,Non signif
67041,Teramo,67,Teramo,13,42.658118,13.699625,24,1,11,11,1,1564,452793775,89870000,542663775,40457,636532.7,0.876479,152.8422,54338,355.51699726907884,34.210935,2.826369,1799,203,0.223832,0.018492,101349617,20115758,8373095,27.38232,no,1485939.3,-0.20929,Non signif,Non signif
3024,Borgomanero,3,Novara,1,45.698911,8.462367,16,0,5,9,2,1660,306910031,396777815,703687846,58704.6,506779.5,0.903675,32.2704,21719,673.031632703654,0,0.485494,0,599,0,0.015045,0,0,4617327,12.08995,no,850755.12,0.140465,Non signif,Non signif
1090,Collegno,1,Torino,1,45.077547,7.572426,10,1,3,3,3,1846,125080438,665588337,790668775,12678.3,404167.2,0.920045,18.0996,49597,2740.2263033437207,0,0.36269,0,63,0,0.020039,0,0,2506432,20.594868,no,1628371.9,-0.455915,Non signif,Non signif
17097,Maclodio,17,Brescia,3,45.476998,10.042715,5,0,2,3,0,142,95515949,0,95515949,11131.1,85753,0.906851,5.0958,1477,289.8465402880804,0,0,0,0,0,0,0,0,0,20.48295,no,195644.84,0.053139,Non signif,Non signif
50037,Vecchiano,50,Pisa,9,43.783342,10.384403,4,0,1,3,0,447,72736551,0,72736551,7586.8,92021.5,0.896971,67.5838,12082,178.77065213853024,2.025478,42.052931,199,4642,0.02997,0.622234,2179905,0,45259147,28.10564,no,204430.73,0.985755,High-High,Hotspot 99%
79096,Pianopoli,79,Catanzaro,18,38.953917,16.388125,2,0,0,2,0,194,66788563,0,66788563,5548.2,118160.2,0.848093,24.6504,2620,106.28630772725798,0.171359,1.509978,4,10,0.006952,0.061256,464285,0,4091182,52.451966,no,350319.14,0.200677,Non signif,Non signif
68021,Loreto Aprutino,68,Pescara,13,42.434634,13.983232,4,1,1,2,0,169,36540292,0,36540292,3595.5,35187.5,0.897345,59.500299999999996,7369,123.84811505152076,6.696383,1.206286,364,30,0.112544,0.020274,4112379,0,740804,27.533978,no,100609.96,0.215028,Non signif,Non signif
87008,Biancavilla,87,Catania,19,37.646276,14.861411,2,0,1,1,0,129,35563480,0,35563480,3642.8,33804.2,0.912087,70.2763,23948,340.76922091800503,0.491889,0.902905,192,1,0.006999,0.012848,248922,0,456917,36.827421,no,130971.12,0.832236,Non signif,Non signif
13110,Grandate,13,Como,3,45.775177,9.057838,5,0,2,2,1,631,66557424,112591745,179149169,16102.1,143612.4,0.908649,2.8251,2856,1010.9376659233302,0,0.016542,0,0,0,0.005855,0,0,389718,12.029442,no,215506.45,0.080485,Non signif,Non signif
34036,Soragna,34,Parma,8,44.926266,10.124178,3,0,0,0,3,2545,0,546936249,546936249,81032.5,448579.5,0.92813,45.387,4840,106.63846475863133,0,12.52334,0,745,0,0.275924,0,0,0,33.475863,no,1830916.3,-1.113995,Non signif,Non signif
79017,Caraffa di Catanzaro,79,Catanzaro,18,38.881287,16.485603,3,0,2,1,0,97,28571968,0,28571968,3006.7,38932.2,0.84292,25.0506,1814,72.41343520714075,1.523507,0.486214,284,6,0.060817,0.019409,1737667,0,554561,52.451966,no,149865.59,0.615965,Non signif,Non signif
108036,Ornago,108,Monza e della Brianza,3,45.598404,9.422214,4,0,2,2,0,203,74048591,0,74048591,5156.6,64625.9,0.902409,5.8845,5075,862.435211147931,0,0,0,0,0,0,0,0,0,13.279771,no,98334.84,-0.608026,Non signif,Non signif
81010,Gibellina,81,Trapani,19,37.807042,12.869539,1,0,1,0,0,9,4971212,0,4971212,394.8,10211.3,0.751799,46.5745,4016,86.22744205520188,0.148745,0.079727,0,0,0.003194,0.001712,15877,0,8510,16.86353,no,8383.22,-0.53224,Non signif,Non signif
16233,Verdello,16,Bergamo,3,45.604778,9.628954,5,0,2,3,0,257,68607169,0,68607169,9565.1,68113.5,0.905712,7.343999999999999,8082,1100.4901960784314,0,0.008472,0,0,0,0.001154,0,0,79145,21.203762,no,145473.01,-0.058909,Non signif,Non signif
51017,Cortona,51,Arezzo,9,43.275298,11.985062,9,1,3,4,1,422,75796613,73309707,149106320,12590.2,207511.5,0.838644,342.9686,22057,64.31200990411368,15.124376,4.522106,1378,65,0.044098,0.013185,3342511,3232843,999393,29.518286,no,440136.29,-0.050756,Non signif,Non signif
1062,Caselette,1,Torino,1,45.104746,7.480817,3,0,0,3,0,239,55478317,0,55478317,3679.5,41183.9,0.911709,14.3138,3047,212.87149464153472,0.02322,0.758091,0,4,0.001622,0.052962,89998,0,2938256,20.594868,no,114256.86,-0.061806,Non signif,Non signif
24024,Carrè,24,Vicenza,5,45.748384,11.459298,15,0,5,9,1,1143,193483782,71541710,265025492,22691.5,339085.4,0.8796,8.738999999999999,3588,410.57329213868866,0,0,0,0,0,0,0,0,0,21.315155,no,564905.95,0.060641,Non signif,Non signif
97057,Oggiono,97,Lecco,3,45.79188,9.346745,10,1,4,3,2,658,116049255,234487984,350537239,37694.4,376648.2,0.859061,7.9576,9075,1140.4192218759424,0.128748,0.968423,52,312,0.016179,0.121698,1877590,3793840,14122948,14.425007,no,505650.22,-0.174083,Non signif,Non signif
55004,Amelia,55,Terni,10,42.553528,12.416776,2,0,1,1,0,67,66654277,0,66654277,13140.3,58460.3,0.84724,132.4986,11828,89.26886774652712,8.570409,0.081886,426,2,0.064683,0.000618,4311400,0,41193,34.830185,no,232158.08,0.459937,Non signif,Non signif
57016,Cittaducale,57,Rieti,12,42.386834,12.948341,2,0,0,1,1,938,33585160,496848202,530433362,36936.9,205636,0.96641,71.25439999999999,6719,94.29593119863476,1.046826,4.264301,132,59,0.014691,0.059846,493413,7299389,2009942,44.772003,no,2374856.43,-0.873721,Non signif,Non signif
15027,Bollate,15,Milano,3,45.543835,9.117708,17,2,4,6,5,2493,123388210,1896580586,2019968796,344898.7,1487723.6,0.866963,13.1227,36486,2780.372941544042,0,0.434033,0,500,0,0.033075,0,0,4081062,15.050002,no,3040053.45,0.096199,Non signif,Non signif
18102,Mortara,18,Pavia,3,45.247922,8.736385,7,0,3,4,0,351,95233421,0,95233421,11238.9,115540.6,0.854386,51.970200000000006,15362,295.5924741486467,0,0.293521,0,18,0,0.005648,0,0,537866,18.961299,no,180574.94,-0.019185,Low-Low,Coldspot 99%
34025,Noceto,34,Parma,8,44.809901,10.17726,9,1,2,5,1,847,193190548,83664007,276854555,36321.1,258735.7,0.895286,79.1741,12993,164.10669650807526,1.294102,15.23743,37,7808,0.016345,0.192455,3157703,1367490,37180435,33.475863,no,926794.52,-0.002433,Non signif,Non signif
27020,Marcon,27,Venezia,5,45.554328,12.299382,11,0,3,5,3,1773,176290743,267178531,443469274,64913,424250.5,0.86052,25.547600000000003,17447,682.9212920196026,0,0.49549,0,26,0,0.019395,0,0,3419120,17.526854,no,777262.14,0.406812,Non signif,Hotspot 95%
30100,San Giorgio di Nogaro,30,Udine,6,45.832024,13.211145,14,0,6,5,3,1071,344716430,491468098,836184528,52143.6,757773.8,0.92335,25.937600000000003,7467,287.8832274381592,0,0.079923,0,5,0,0.003081,0,0,1062194,22.91097,no,1915779.87,-0.768682,Non signif,Non signif
40045,Savignano sul Rubicone,40,Forlì-Cesena,8,44.092512,12.399131,7,0,4,3,0,257,97528099,0,97528099,7302.8,83037.9,0.890123,23.3031,17744,761.4437564100914,0.018812,5.593418,18,1957,0.000807,0.240029,78732,0,23409565,31.154462,no,303843.54,-0.531173,Non signif,Non signif
27039,Stra,27,Venezia,5,45.416845,12.002304,2,0,2,0,0,53,9861684,0,9861684,429.1,7247.4,0.94708,8.8156,7635,866.0783157130542,0,0.208845,0,114,0,0.02369,0,0,233627,17.526854,no,17284.43,-0.570066,Non signif,Non signif
37036,Marzabotto,37,Bologna,8,44.340988,11.204782,3,0,2,1,0,218,34142253,0,34142253,7123,35925.3,0.916359,74.5274,6853,91.95275831439176,7.437184,3.922496,85,601,0.099791,0.052632,3407099,0,1796961,38.815968,no,132526.46,0.784981,Non signif,Non signif
23038,Grezzana,23,Verona,5,45.518531,11.016159,18,1,11,6,0,622,270103726,0,270103726,26855.2,237168.8,0.905249,49.4873,10805,218.33884653234264,0.26712,0,72,0,0.005398,0,1457952,0,0,20.167921,no,544743.07,-0.342475,Non signif,Non signif
54020,Fratta Todina,54,Perugia,10,42.857978,12.364672,1,0,1,0,0,19,3262298,0,3262298,294.8,4244,0.878008,17.4283,1821,104.48523378642783,0.511836,2.314161,21,107,0.029368,0.132782,95807,0,433174,38.922787,no,12697.77,-0.207416,Non signif,Non signif
17039,Carpenedolo,17,Brescia,3,45.364606,10.429385,14,0,4,8,2,1062,211919300,153966133,365885433,45853.7,381849.2,0.887726,29.8422,12957,434.1838068238937,0,1.120497,0,38,0,0.037547,0,0,7957019,20.48295,no,749441.3,-0.09341,Non signif,Non signif
15154,Nerviano,15,Milano,3,45.553647,8.970719,21,0,5,15,1,2147,625699930,204303015,830002945,74260,776622,0.883385,13.2585,17176,1295.4708300335633,0,0.752731,0,506,0,0.056773,0,0,35523154,15.050002,no,1249154.6,0.076994,Non signif,Non signif
28106,Due Carrare,28,Padova,5,45.290505,11.821753,9,0,6,2,1,508,77006186,101502654,178508840,25777.5,179604.4,0.881826,26.5648,9026,339.7729326025417,0,2.565198,0,567,0,0.096564,0,0,7436010,17.804557,no,317827.08,-0.109798,Non signif,Non signif
93040,San Quirino,93,Pordenone,6,46.036167,12.68004,13,0,8,3,2,752,146188406,153603147,299791553,25859.9,286351.4,0.900171,51.7593,4328,83.61782327040744,0,0,0,0,0,0,0,0,0,22.312037,no,668896.03,-0.293155,Non signif,Non signif
109035,Rapagnano,109,Fermo,11,43.161253,13.592905,2,0,2,0,0,60,23972103,0,23972103,2463.4,16555,0.93082,12.6458,2077,164.2442550095684,1.849685,0,146,0,0.146269,0,3506369,0,0,25.228384,no,60477.74,-0.036513,Non signif,Non signif
12078,Gorla Maggiore,12,Varese,3,45.664137,8.890948,5,0,3,2,0,237,113224851,0,113224851,11316.5,117166.8,0.912353,5.158099999999999,4984,966.2472615885696,0,0.160811,0,0,0,0.031176,0,0,3529943,11.229804,no,127149.29,-0.565324,Non signif,Non signif
28044,Legnaro,28,Padova,5,45.345648,11.963935,6,1,3,2,0,258,59688616,0,59688616,6623.5,66126.4,0.909846,14.914000000000001,8948,599.9731795628268,0,3.710855,0,707,0,0.248817,0,0,14851535,17.804557,no,106272.94,0.393592,Non signif,Non signif
36018,Lama Mocogno,36,Modena,8,44.307263,10.731777,1,0,0,1,0,53,13429611,0,13429611,1175.8,5895.5,0.968083,63.908,2708,42.373411779432935,23.265375,0.38039,1461,5,0.364045,0.005952,4888980,0,79935,36.541065,no,49073.23,-1.005942,Low-Low,Coldspot 99%
67017,Civitella del Tronto,67,Teramo,13,42.773446,13.672291,2,0,1,1,0,167,69014081,0,69014081,9300.7,45750.1,0.912259,77.7408,4918,63.26150489832881,13.029498,0.169111,308,0,0.167602,0.002175,11566884,0,150128,27.38232,no,188976.56,0.465085,Non signif,Non signif
15110,Grezzago,15,Milano,3,45.591865,9.495203,4,0,1,3,0,314,122236453,0,122236453,14701.5,116463.5,0.914594,2.4596,3019,1227.435355342332,0,0,0,0,0,0,0,0,0,15.050002,no,183965.89,-0.280364,Non signif,Non signif
97019,Castello di Brianza,97,Lecco,3,45.756471,9.345355,4,0,2,2,0,161,49338420,0,49338420,4363.7,50204.9,0.867009,3.5942000000000003,2612,726.7263925212842,0,0.007413,0,1,0,0.002062,0,0,101760,14.425007,no,71170.71,-0.370729,Non signif,Coldspot 95%
35008,Cadelbosco di Sopra,35,Reggio nell'Emilia,8,44.763319,10.595182,8,0,4,3,1,488,84245173,157481543,241726716,31967,221844.1,0.902602,43.5963,10691,245.2272325862516,0,8.097522,0,459,0,0.185739,0,0,15647593,36.618436,no,885165.42,0.99491,Non signif,Non signif
16154,Pagazzano,16,Bergamo,3,45.534277,9.671157,5,0,1,4,0,577,202749463,0,202749463,7757.5,162486.1,0.903113,5.235,2083,397.8987583572111,0,0,0,0,0,0,0,0,0,21.203762,no,429905.13,-0.902927,Non signif,Non signif
16028,Bolgare,16,Bergamo,3,45.635081,9.812858,9,0,4,4,1,746,120867682,87240763,208108445,26633.5,285032.4,0.886518,8.5911,6237,725.9838670251771,0,0.879474,0,222,0,0.10237,0,0,12373268,21.203762,no,441268.19,0.007338,Non signif,Non signif
30109,Sedegliano,30,Udine,6,46.014371,12.97743,4,0,2,2,0,191,89251503,0,89251503,11137.2,68068.9,0.884064,50.531400000000005,3766,74.52791729498885,0,0,0,0,0,0,0,0,0,22.91097,no,204483.85,0.835872,Non signif,Non signif
13095,Erba,13,Como,3,45.80958,9.231242,22,0,7,13,2,1192,378232778,206745046,584977824,50471,625672,0.86933,17.8019,16346,918.2165948578522,1.127062,0.117685,105,195,0.063311,0.006611,23946421,13089304,2500425,12.029442,no,703695.68,-0.246174,Non signif,Non signif
12067,Fagnano Olona,12,Varese,3,45.668948,8.872771,6,0,5,1,0,171,39966789,0,39966789,4246.6,71088.3,0.837044,8.681000000000001,12510,1441.0782167953,0,0.2049,0,22,0,0.023603,0,0,943347,11.229804,no,44881.92,0.836306,Non signif,Non signif
6091,Masio,6,Alessandria,1,44.869649,8.407741,2,0,0,2,0,120,38569082,0,38569082,4663.5,36127,0.909697,22.2322,1385,62.297028634143274,0.000241,0.964263,0,17,0.000011,0.043372,418,0,1672832,20.84217,no,80386.34,-0.145177,Non signif,Non signif
36004,Camposanto,36,Modena,8,44.790101,11.137808,3,0,1,2,0,117,27233518,0,27233518,2494.9,21751.7,0.924484,22.7075,3192,140.57029615765717,0,7.566569,0,545,0,0.333219,0,0,9074724,36.541065,no,99514.17,-0.746571,Non signif,Non signif
63079,Somma Vesuviana,63,Napoli,15,40.871615,14.436142,15,1,3,10,1,930,268187077,30867272,299054349,25766.3,365448.6,0.871452,30.6457,34981,1141.4651974012668,8.67703,4.124609,1482,4035,0.28314,0.13459,75934546,8739766,36095336,35.751904,no,1069176.25,-0.096386,Non signif,Non signif
60056,Pontecorvo,60,Frosinone,12,41.461618,13.666709,5,0,3,2,0,286,49202036,0,49202036,3549.1,74055.4,0.845207,88.8021,13125,147.8005587705696,4.778801,2.252135,595,257,0.053814,0.025361,2647761,0,1247827,34.188464,no,168214.2,0.323035,Non signif,Non signif
61043,Gricignano di Aversa,61,Caserta,15,40.980092,14.233711,9,0,4,4,1,7444,126564602,1679258000,1805822602,232629.1,3727819.7,0.831506,9.9777,12296,1232.3481363440471,0,0,0,0,0,0,0,0,0,28.435248,no,5134901.41,0.669749,Non signif,Non signif
12012,Besnate,12,Varese,3,45.700165,8.768315,5,0,2,3,0,142,78688745,0,78688745,6416.4,64839,0.902028,7.477,5558,743.3462618697338,0,0.015056,0,0,0,0.002014,0,0,158451,11.229804,no,88365.92,-0.638072,Low-Low,Coldspot 99%
17149,Pontevico,17,Brescia,3,45.274374,10.092471,5,0,2,3,0,304,109006852,0,109006852,9734.9,95324.9,0.891666,29.2075,7118,243.70452794658905,0,4.245481,0,347,0,0.145356,0,0,15844784,20.48295,no,223278.19,0.044458,Non signif,Non signif
98045,Pieve Fissiraga,98,Lodi,3,45.263268,9.458357,3,0,0,2,1,568,47220045,148248000,195468045,14465.4,150581.3,0.936279,12.2654,1780,145.12368124969427,0,0.071615,0,4,0,0.005839,0,0,275708,19.574231,no,382613.66,-0.430203,Non signif,Non signif
67047,Martinsicuro,67,Teramo,13,42.885144,13.915535,4,0,0,4,0,175,57367200,0,57367200,5646.2,66460.9,0.879739,14.6593,15992,1090.911571493864,1.29661,0.793462,134,986,0.08845,0.054127,5074109,0,3105107,27.38232,no,157084.7,-0.12378,Non signif,Non signif
26095,Zero Branco,26,Treviso,5,45.601701,12.165212,5,0,2,3,0,278,65921817,0,65921817,9528.2,101686.2,0.834963,26.0641,11329,434.6591672070012,0,0.195203,0,16,0,0.007489,0,0,493711,21.139592,no,139356.03,0.337338,Non signif,Non signif
42027,Montemarciano,42,Ancona,11,43.638863,13.30747,2,0,2,0,0,79,17984345,0,17984345,2068.2,22070,0.8777,22.3099,9872,442.49413937310345,0.463995,0,66,0,0.020798,0,374033,0,0,27.781362,no,49962.96,1.964279,Non signif,Non signif
28008,Bagnoli di Sopra,28,Padova,5,45.184841,11.883486,5,0,2,2,1,499,51252525,212455838,263708363,35888.2,358708.5,0.82057,34.9776,3612,103.26609029779058,0,0.723269,0,8,0,0.020678,0,0,1059803,17.804557,no,469521.06,0.704393,Non signif,Non signif
4211,Sant'Albano Stura,4,Cuneo,1,44.508934,7.722333,4,0,2,1,1,188,38120992,116835516,154956508,19371.2,102332.6,0.878507,27.4548,2391,87.0885965295686,0.000034,1.951022,0,28,0.000001,0.071063,47,145,2708994,16.396584,no,254075.74,-0.453268,Non signif,Non signif
24009,Asiago,24,Vicenza,5,45.875377,11.5107,3,1,1,0,1,182,3260863,208716078,211976941,13260.1,149152.1,0.776173,162.94639999999998,6441,39.52833569811914,0.251018,0,0,0,0.00154,0,5023,321526,0,21.315155,no,451832.14,-0.357979,Non signif,Non signif
16207,Stezzano,16,Bergamo,3,45.65138,9.65351,13,1,4,4,4,3693,138716362,1118161914,1256878276,104878.9,1673118.8,0.876186,9.373899999999999,13112,1398.7774565549025,0,0.006916,0,0,0,0.000738,0,0,102344,21.203762,no,2665054.75,0.382462,Non signif,Non signif
61055,Pastorano,61,Caserta,15,41.180816,14.198225,8,0,2,6,0,739,167675640,0,167675640,23486.9,170578.9,0.89125,14.0208,3057,218.03320780554606,0.704774,0,351,0,0.050266,0,8428437,0,0,28.435248,no,476789.85,0.497888,Non signif,Non signif
63066,San Gennaro Vesuviano,63,Napoli,15,40.8604,14.529168,4,0,1,3,0,125,58738594,0,58738594,3393.4,42522.1,0.928039,7.014500000000001,11910,1697.911469099722,0,0,0,0,0,0,0,0,0,35.751904,no,210001.66,0.066039,Non signif,Non signif
1066,Castellamonte,1,Torino,1,45.381955,7.712117,5,0,2,3,0,174,186773008,0,186773008,14268.1,111635.7,0.923052,38.7069,9977,257.7576607788276,0.108159,2.701189,0,186,0.002794,0.069786,521901,0,13034089,20.594868,no,384656.54,-0.614881,Low-Low,Coldspot 99%
90005,Ardara,90,Sassari,20,40.621761,8.810319,1,0,0,1,0,25,16487160,0,16487160,1928.7,22494.4,0.850584,38.1892,778,20.372251840834583,0.923432,0,44,0,0.02418,0,398667,0,0,12.837123,si,21164.77,0.365684,Non signif,Non signif
76089,Tito,76,Potenza,17,40.583615,15.675465,10,0,4,6,0,454,290074267,0,290074267,24820.9,172841.4,0.905107,71.2678,7355,103.20228770917582,2.249635,0,1779,0,0.031566,0,9156467,0,0,40.913322,no,1186790.18,-0.211363,Non signif,Non signif
67039,Sant'Omero,67,Teramo,13,42.786672,13.801764,7,0,2,5,0,470,145607682,0,145607682,12351.6,139483.3,0.854985,34.203,5317,155.45419992398325,1.177566,2.554036,64,135,0.034429,0.074673,5013088,0,10872943,27.38232,no,398707.61,0.267972,Non signif,Non signif
6018,Borghetto di Borbera,6,Alessandria,1,44.730892,8.945331,3,0,2,0,1,173,10165001,85522039,95687040,12127.1,84878.2,0.868806,39.3983,1988,50.4590299581454,1.41895,2.940969,16,48,0.036016,0.074647,366098,3080120,758788,20.84217,no,199432.56,0.40453,Non signif,Non signif
97071,Robbiate,97,Lecco,3,45.691134,9.441322,4,0,3,0,1,363,30597842,97364808,127962650,4504.5,135103.3,0.907915,4.7002999999999995,6337,1348.211816267047,0,0.122385,0,0,0,0.026038,0,0,796697,14.425007,no,184586.21,-0.333346,Non signif,Non signif
22042,Carisolo,22,Trento,4,46.168776,10.759159,1,0,1,0,0,35,17949711,0,17949711,1839.5,11493.8,0.930713,25.1228,965,38.411323578582,5.51524,0,39,0,0.219531,0,3940523,0,0,14.82766,no,26615.22,-0.845487,Low-Low,Coldspot 99%
16069,Cenate Sotto,16,Bergamo,3,45.698864,9.825711,8,0,3,3,2,843,887416033,267342942,1154758975,56441.4,367678.9,0.936236,4.6168000000000005,3825,828.4959279154392,0.121287,0,38,0,0.026271,0,23313123,7023311,0,21.203762,no,2448523.42,-0.321488,Non signif,Non signif
72032,Noicattaro,72,Bari,16,41.032287,16.987712,9,0,3,5,1,1044,69701024,6270990,75972014,7670.7,122931.2,0.78503,40.7932,26325,645.3281429257818,0,0.816506,0,415,0,0.020016,0,0,1395117,14.160402,no,107579.43,0.369081,High-High,Hotspot 99%
24067,Monticello Conte Otto,24,Vicenza,5,45.59518,11.580579,9,2,3,4,0,345,84536195,0,84536195,7235.1,122327.4,0.86195,10.241800000000001,9026,881.2903981721962,0,0.240534,0,117,0,0.023486,0,0,1985377,21.315155,no,180190.21,-0.088264,Non signif,Non signif
63080,Sorrento,63,Napoli,15,40.624906,14.374836,10,1,3,6,0,672,282045539,0,282045539,33364.3,211024.7,0.873312,9.9558,16405,1647.7832017517428,2.228691,0.137157,1508,555,0.223859,0.013777,63138307,0,3885626,35.751904,no,1008366.51,0.204707,Non signif,Non signif
80025,Caulonia,80,Reggio di Calabria,18,38.381377,16.409007,1,0,1,0,0,26,3261290,0,3261290,748.6,7894.6,0.749079,101.7581,7110,69.87158761808642,19.113118,9.869049,875,277,0.187829,0.096985,612565,0,316297,48.652369,no,15866.95,1.810258,Non signif,Non signif
34023,Montechiarugolo,34,Parma,8,44.693401,10.42248,8,0,1,6,1,1218,181882031,764986567,946868598,44881.6,865223.6,0.865299,48.202299999999994,10976,227.70697663804427,0,4.241808,0,107,0,0.088,0,0,16005640,33.475863,no,3169724.36,-0.173033,Non signif,Non signif
83005,Barcellona Pozzo di Gotto,83,Messina,19,38.148306,15.217552,8,0,3,5,0,274,161653079,0,161653079,12131.6,185384.6,0.872093,59.142700000000005,41389,699.8158690759806,0.557554,0.158536,10,8,0.009427,0.002681,1523947,0,433322,44.663628,no,722001.29,-0.491987,Non signif,Non signif
84021,Licata,84,Agrigento,19,37.101636,13.937615,4,0,0,3,1,989,59650296,76524171,136174467,12190.2,335389,0.76443,179.68099999999998,37008,205.96501577796207,1.161675,0,270,0,0.006465,0,385652,494745,0,20.102118,no,273739.52,-0.276619,Low-High,Hotspot 99%
49014,Portoferraio,49,Livorno,9,42.811582,10.313053,7,0,3,4,0,657,88905602,0,88905602,7993.6,120404.9,0.868688,48.4816,11955,246.58839642256032,0.007948,5.76969,0,1365,0.000164,0.119008,14575,0,10580463,23.707966,no,210777.1,-0.245566,Low-Low,Coldspot 99%
23017,Caldiero,23,Verona,5,45.414388,11.177392,5,0,1,4,0,373,117761557,0,117761557,10945,132082.5,0.877538,10.3728,7905,762.0893105043962,0,5.094163,0,947,0,0.491108,0,0,57833619,20.167921,no,237500.58,0.366758,Non signif,Non signif
61007,Bellona,61,Caserta,15,41.160016,14.232326,2,0,1,1,0,94,36572537,0,36572537,3440.5,61900.1,0.794364,11.7785,6106,518.402173451628,2.249465,0.600058,345,25,0.190981,0.050945,6984645,0,1863195,28.435248,no,103994.92,0.345881,Non signif,Non signif
92068,Selargius,92,Cagliari,20,39.25695,9.167554,3,0,2,1,0,253,21682195,0,21682195,2232,74560.5,0.734753,26.6746,28986,1086.6517211129687,0,1.870904,0,2355,0,0.070138,0,0,1520747,12.810064,si,27775.03,0.716675,Non signif,Non signif
63043,Marigliano,63,Napoli,15,40.924914,14.456867,8,0,4,4,0,262,94002202,0,94002202,7815.9,151310.7,0.81053,22.575599999999998,29879,1323.5085667712044,0,0.048627,0,23,0,0.002154,0,0,202477,35.751904,no,336075.77,0.270663,Non signif,Non signif
17075,Gardone Val Trompia,17,Brescia,3,45.687914,10.183724,6,0,4,1,1,1149,52162451,275640835,327803286,47361.6,358991.7,0.895097,26.656599999999997,11538,432.8383964946768,4.142289,0.210043,264,306,0.155394,0.00788,8105758,42833069,411019,20.48295,no,671437.83,-0.345375,High-Low,Coldspot 99%
103017,Cannobio,103,Verbano-Cusio-Ossola,1,46.061808,8.697639,1,0,0,1,0,49,17318267,0,17318267,1102.4,18382.2,0.86725,52.5343,5190,98.79259835954795,0.050129,12.80775,0,255,0.000954,0.243798,16525,0,4222156,17.575018,no,30436.89,-0.815261,Non signif,Non signif
7073,Verrès,7,Valle d'Aosta/Vallée d'Aoste,2,45.668718,7.690758,1,0,0,1,0,53,5168598,0,5168598,886.3,17200.3,0.687765,8.360800000000001,2642,315.99846904602424,4.273796,1.121204,328,105,0.511171,0.134102,2642036,0,693122,17.572597,no,9082.57,1.237273,Non signif,Non signif
52032,Siena,52,Siena,9,43.167225,11.467181,16,0,4,11,1,2066,372215259,238820871,611036130,59160.6,544338.9,0.865921,118.5324,53901,454.73642649604665,16.413714,2.586037,4521,256,0.138474,0.021817,51542319,33070599,8120669,24.090373,no,1472008.82,0.169402,Non signif,Coldspot 95%
92011,Capoterra,92,Cagliari,20,39.175313,8.97195,3,0,0,3,0,311,29702297,0,29702297,4259,45064.7,0.856354,68.48989999999999,23583,344.3281418136105,9.556061,5.835202,83,2629,0.139525,0.085198,4144216,0,2530576,12.810064,si,38048.83,1.05163,Non signif,Non signif
109034,Porto Sant'Elpidio,109,Fermo,11,43.258962,13.756983,14,1,9,4,0,670,229893041,0,229893041,16843.2,177262.5,0.882174,18.125799999999998,26408,1456.9287976254843,0.132395,0,23,0,0.007304,0,1679191,0,0,25.228384,no,579982.99,-0.107645,Low-Low,Coldspot 99%
43022,Loro Piceno,43,Macerata,11,43.16612,13.416403,1,0,0,1,0,80,12432946,0,12432946,948.4,12485.5,0.904631,32.5788,2357,72.34766166955198,6.196418,0,219,0,0.190198,0,2364720,0,0,27.736975,no,34485.23,-1.71527,Non signif,Non signif
109008,Grottazzolina,109,Fermo,11,43.111711,13.602981,5,0,2,3,0,194,102291591,0,102291591,20799.4,87409,0.894668,9.2619,3333,359.86136753797814,0.111539,0,16,0,0.012043,0,1231875,0,0,25.228384,no,258065.15,0.623368,High-Low,Coldspot 99%
34015,Fontanellato,34,Parma,8,44.881666,10.172179,11,0,5,3,3,818,148487367,211257846,359745213,28430.9,364130,0.8922,53.9762,7034,130.3166951360044,0,11.971655,0,1249,0,0.221795,0,0,32933766,33.475863,no,1204278.15,-0.308892,Non signif,Non signif
87045,Sant'Agata li Battiati,87,Catania,19,37.558273,15.080813,1,0,0,1,0,17,31017734,0,31017734,4997.2,50457.6,0.818934,3.1249000000000002,9518,3045.857467438958,0.018992,0,215,0,0.006078,0,188514,0,0,36.827421,no,114230.31,0.63198,Non signif,Non signif
23028,Colognola ai Colli,23,Verona,5,45.434631,11.186701,8,0,2,6,0,488,149809598,0,149809598,14330.5,227396.3,0.878409,20.897100000000002,8699,416.2778567361021,0,1.36534,0,169,0,0.065336,0,0,9788011,20.167921,no,302134.82,-0.013093,Non signif,Non signif
111102,Villaperuccio,111,Sud Sardegna,20,39.111832,8.670038,1,0,1,0,0,10,10024538,0,10024538,553.9,5539.8,0.912579,36.4289,1090,29.921298749070107,0,0,0,0,0,0,0,0,0,15.448131,si,15486.04,0.787099,Non signif,Non signif
33014,Castelvetro Piacentino,33,Piacenza,8,45.100335,9.986716,1,0,1,0,0,11,6788496,0,6788496,369.9,3093.1,0.948356,35.0553,5331,152.07400878041264,0,9.126587,0,243,0,0.260348,0,0,1767373,28.260932,no,19184.92,-1.300894,Non signif,Hotspot 95%
85007,Gela,85,Caltanissetta,19,37.066436,14.250244,17,0,6,9,2,1469,172078439,189025781,361104220,31033.8,356707.6,0.911155,279.0712,74858,268.2397897024129,0.09725,10.115102,4,102,0.000348,0.036246,59965,65871,6237086,20.302008,no,733114.08,0.436648,High-High,Hotspot 99%
54054,Trevi,54,Perugia,10,42.877497,12.747455,8,0,4,3,1,595,95853985,127795196,223649181,13923.2,161713.7,0.906694,71.1865,8363,117.48014019512128,0.403867,13.618795,2,729,0.005673,0.191311,543815,725029,18337968,38.922787,no,870504.93,-0.717262,Non signif,Non signif
63076,Saviano,63,Napoli,15,40.905613,14.505035,12,0,5,7,0,610,204435180,0,204435180,13027,253435.5,0.840521,13.877699999999999,16182,1166.043364534469,0,0.207565,0,285,0,0.014957,0,0,3057682,35.751904,no,730894.7,0.234132,Non signif,Non signif
96026,Gaglianico,96,Biella,1,45.537862,8.075022,5,0,1,2,2,1013,57605635,216740070,274345705,22006.2,368721.1,0.782386,4.4985,3775,839.1686117594754,0,0,0,0,0,0,0,0,0,19.06674,no,523087.83,0.24102,Low-Low,Coldspot 99%
21034,Gais/Gais,21,Bolzano/Bozen,4,46.833156,11.947484,1,0,0,1,0,149,25063546,0,25063546,3675.9,27790.1,0.916441,60.6154,3279,54.09516393523758,3.318905,0.77588,126,23,0.054753,0.0128,1372317,0,320815,10.80791,no,27088.46,0.444474,Non signif,Non signif
21012,Bronzolo/Branzoll,21,Bolzano/Bozen,4,46.404262,11.320055,1,0,1,0,0,43,10893977,0,10893977,1680.4,23318.9,0.773656,7.5396,2798,371.10722054220383,1.263839,0,28,0,0.167627,0,1826122,0,0,10.80791,no,11774.11,1.400345,Non signif,Non signif
75030,Galatone,75,Lecce,16,40.142922,18.070424,7,0,4,2,1,827,83552920,3834088,87387008,12042.4,83861.5,0.897746,47.076899999999995,15544,330.18316839044206,0.164532,0.654875,752,2807,0.003495,0.013911,292014,13400,1162284,14.108941,no,123293.81,0.11632,Non signif,Non signif
75028,Gagliano del Capo,75,Lecce,16,39.844218,18.369534,1,0,0,0,1,334,0,10033606,10033606,1153,8071,0.993437,16.598399999999998,5098,307.13803740119533,2.577141,0.141447,75,230,0.155264,0.008522,0,1557862,0,14.108941,no,14156.36,-0.22557,Low-High,Hotspot 99%
81007,Custonaci,81,Trapani,19,38.078163,12.675229,1,0,1,0,0,36,10606020,0,10606020,1035.7,6095.8,0.953381,69.9017,5571,79.69763253254212,3.245879,0,22,0,0.046435,0,492490,0,0,16.86353,no,17885.49,-1.130876,Non signif,Non signif
84017,Favara,84,Agrigento,19,37.316197,13.662417,6,0,5,1,0,143,47820758,0,47820758,5049.4,90175.5,0.837339,81.8759,32299,394.48726670485456,0.176836,0,190,0,0.00216,0,103284,0,0,20.102118,no,96129.85,0.642882,High-High,Hotspot 99%
47013,Pieve a Nievole,47,Pistoia,9,43.879112,10.796112,6,2,4,0,0,143,28977161,0,28977161,2506.3,58172.2,0.78406,12.667,9209,727.0071840214731,0.379103,2.230208,44,621,0.029928,0.176064,867240,0,5101847,29.709501,no,86089.7,0.612102,Non signif,Non signif
64011,Bisaccia,64,Avellino,15,41.012121,15.374753,1,0,1,0,0,7,12136698,0,12136698,696.3,13324.3,0.863439,102.1591,3815,37.343711916021185,31.031667,0,1130,0,0.303758,0,3686622,0,0,37.737871,no,45801.31,-0.135664,Non signif,Non signif
108019,Cesano Maderno,108,Monza e della Brianza,3,45.628189,9.14624,17,0,6,9,2,1915,339657570,1012120470,1351778040,147588,2261884.3,0.887191,11.513499999999999,38637,3355.799713379946,0,0.020393,0,118,0,0.001771,0,0,601610,13.279771,no,1795130.33,-0.09186,Non signif,Non signif
16174,Predore,16,Bergamo,3,45.680784,10.014361,2,0,0,2,0,152,65653391,0,65653391,12570.2,62631.5,0.916467,10.9558,1864,170.13819164278283,0.961584,3.562473,13,101,0.087769,0.325168,5762359,0,21348366,21.203762,no,139209.89,1.498064,Non signif,Non signif
76042,Lauria,76,Potenza,17,40.047351,15.836595,4,1,1,2,0,292,85914593,0,85914593,5412.2,59284.2,0.908343,176.63,12694,71.86774613599049,25.048529,0.222031,1898,13,0.141814,0.001257,12183854,0,107998,40.913322,no,351505.14,-0.514311,Non signif,Non signif
23089,Valeggio sul Mincio,23,Verona,5,45.353751,10.734546,4,0,1,2,1,579,142486806,52460280,194947086,11245.5,169476.9,0.896225,63.9591,15424,241.1541125500515,0,0.694739,0,19,0,0.010862,0,0,1547726,20.167921,no,393167.75,-0.650725,Non signif,Non signif
63036,Grumo Nevano,63,Napoli,15,40.938154,14.259269,3,0,1,2,0,210,71543074,0,71543074,5283.2,64686.5,0.890007,2.8802999999999996,17939,6228.170676665626,0,0.173532,0,747,0,0.060248,0,0,4310319,35.751904,no,255780.11,-0.319121,Non signif,Non signif
17048,Cellatica,17,Brescia,3,45.584106,10.180245,12,0,5,5,2,876,213419303,226240595,439659898,55077.2,393112.3,0.912783,6.5462,4903,748.984143472549,0.050307,0.804447,1,102,0.007685,0.122888,1640110,1738640,26226592,20.48295,no,900553.17,0.570083,Low-High,Hotspot 99%
15032,Bresso,15,Milano,3,45.53668,9.18773,10,0,5,4,1,5111,139267730,608158599,747426329,49293.1,1314821.5,0.890975,3.3824,26259,7763.4224219489115,0,0.028138,0,60,0,0.008319,0,0,1158561,15.050002,no,1124876.78,-0.675183,Non signif,Non signif
22188,Telve,22,Trento,4,46.071328,11.479592,1,0,0,1,0,30,19461064,0,19461064,1739.1,20169.3,0.874247,64.7483,2008,31.012397236684205,11.313732,0,19,0,0.174734,0,3400510,0,0,14.82766,no,28856.2,1.099824,Non signif,Non signif
30002,Amaro,30,Udine,6,46.374031,13.09536,3,0,1,1,1,2537,36612532,493197000,529809532,96213,358714.3,0.957993,33.2616,857,25.765447242465786,1.060068,1.098479,0,2,0.031871,0.033025,1166864,15718497,1209145,22.91097,no,1213845.04,-0.320956,Low-Low,Coldspot 99%
56042,Orte,56,Viterbo,12,42.460598,12.385606,2,1,0,1,0,51,44230352,0,44230352,2489.6,59082.5,0.894084,69.56,8795,126.43760782058654,2.57463,11.494144,504,496,0.037013,0.165241,1637102,0,7308655,19.086634,no,84420.85,0.317516,Non signif,Non signif
87018,Grammichele,87,Catania,19,37.214682,14.636542,1,0,1,0,0,13,10121171,0,10121171,194.3,26468.2,0.717862,31.0168,13267,427.73593665368446,0,0,0,0,0,0,0,0,0,36.827421,no,37273.66,-0.201241,Low-High,Hotspot 99%
17073,Gambara,17,Brescia,3,45.255246,10.293411,3,0,2,1,0,114,31447480,0,31447480,3619,40194.1,0.871275,31.586599999999997,4743,150.15861156313122,0,0,0,0,0,0,0,0,0,20.48295,no,64413.72,0.332594,Non signif,Non signif
15002,Abbiategrasso,15,Milano,3,45.398733,8.91623,8,0,4,3,1,751,165747219,8351552,174098771,16106.7,175430.7,0.856182,47.7783,32737,685.1855340185816,0,12.878594,0,19,0,0.269549,0,0,44677001,15.050002,no,262018.69,0.340797,Non signif,Non signif
67019,Colonnella,67,Teramo,13,42.872628,13.865016,2,0,1,1,0,62,34828638,0,34828638,3473.9,29947.5,0.888811,21.6348,3744,173.05452326806812,3.466231,1.606615,292,662,0.160216,0.074261,5580089,0,2586398,27.38232,no,95368.89,-0.264452,Non signif,Non signif
23081,Soave,23,Verona,5,45.42023,11.247722,7,0,3,3,1,669,67287755,160020838,227308593,20032.9,269468.7,0.875499,22.721,7108,312.83834338277364,0,0.824886,0,1185,0,0.036305,0,0,2442882,20.167921,no,458434.18,0.143333,Non signif,Non signif
19021,Casalmaggiore,19,Cremona,3,44.986386,10.41535,14,1,5,5,3,1008,156508533,333881859,490390392,63032.2,592625.3,0.883476,64.5342,15425,239.0205503438487,0,6.811578,0,305,0,0.10555,0,0,16519459,21.210647,no,1040149.73,-0.061059,Low-Low,Coldspot 99%
23007,Belfiore,23,Verona,5,45.379623,11.208976,8,0,2,5,1,7690,146675322,1398782000,1545457322,171404.5,2910126.6,0.883201,26.4478,3153,119.21596503300842,0,9.559819,0,1309,0,0.36146,0,0,53017246,20.167921,no,3116866.17,-0.122141,Non signif,Non signif
15096,Cuggiono,15,Milano,3,45.506239,8.815266,6,0,1,5,0,356,107957437,0,107957437,13822.7,116940.3,0.892755,14.9267,8290,555.3806266622897,0,1.728947,0,9,0,0.115829,0,0,12504618,15.050002,no,162475.96,0.273659,Non signif,Non signif
36034,Ravarino,36,Modena,8,44.72117,11.098403,3,0,2,0,1,197,18660206,67931815,86592021,9956.5,86126.8,0.908646,28.530700000000003,6132,214.9263775511992,0,7.049546,0,2938,0,0.247086,0,0,4610682,36.541065,no,316416.46,1.392528,Non signif,Non signif
41036,Montelabbate,41,Pesaro e Urbino,11,43.848864,12.787955,10,0,6,3,1,1221,127981795,214173081,342154876,21617.7,314375,0.902464,19.5653,6915,353.4318410655599,0.734207,0,212,0,0.037526,0,4802642,8037054,0,24.621765,no,842445.71,-0.262635,Non signif,Non signif
73015,Massafra,73,Taranto,16,40.588831,17.11699,12,1,2,8,1,822,221855943,31168625,253024568,28691.9,221553,0.900222,127.9957,32861,256.7351871976949,0,10.297715,0,2740,0,0.080454,0,0,17849110,15.194153,no,384449.4,0.636879,High-High,Hotspot 99%
23031,Dolcè,23,Verona,5,45.600689,10.852482,6,0,3,3,0,240,162389960,0,162389960,17147.5,171626.5,0.831358,30.9523,2575,83.1925252727584,1.180131,2.152633,2,113,0.038127,0.069547,6191508,0,11293700,20.167921,no,327506.79,-0.194485,Non signif,Non signif
26081,Silea,26,Treviso,5,45.65335,12.296098,16,0,4,10,2,1569,368004851,234428978,602433829,47979.3,515594.9,0.899593,18.9534,10163,536.2098620827926,0,0.683214,0,141,0,0.036047,0,0,13265486,21.139592,no,1273520.53,0.205402,Non signif,Non signif
26057,Pieve di Soligo,26,Treviso,5,45.899761,12.173081,16,0,5,10,1,1437,370607280,89718954,460326234,48137.2,543008.4,0.86786,19.0231,12057,633.8083698240561,0,0,0,0,0,0,0,0,0,21.139592,no,973110.87,-0.094089,Non signif,Non signif
16113,Ghisalba,16,Bergamo,3,45.594193,9.753914,7,0,3,4,0,181,106394399,0,106394399,9752.9,77883,0.919466,10.588299999999998,6170,582.7186611637375,0,0.75192,0,3,0,0.071014,0,0,7555517,21.203762,no,225596.15,-0.107254,Non signif,Non signif
26041,Meduna di Livenza,26,Treviso,5,45.806443,12.612685,4,0,1,3,0,409,106511742,0,106511742,15877.1,96181.4,0.911955,15.379000000000001,2912,189.34911242603548,0,6.198414,0,2171,0,0.403044,0,0,42928921,21.139592,no,225161.48,0.389535,Non signif,Non signif
97016,Casatenovo,97,Lecco,3,45.696378,9.311646,5,0,3,2,0,320,52683024,0,52683024,3017.5,52615.6,0.882846,12.664200000000001,13042,1029.832125203329,0.041456,0.020664,0,4,0.003273,0.001632,172457,0,85962,14.425007,no,75995.3,-1.060083,Non signif,Non signif
98031,Lodi,98,Lodi,3,45.26131,9.491678,13,0,3,7,3,2025,195888752,601468091,797356843,75338.7,672467.3,0.880167,41.3792,45252,1093.5929162477767,0,3.265419,0,611,0,0.078915,0,0,15458463,19.574231,no,1560764.69,-0.056982,Non signif,Non signif
37002,Argelato,37,Bologna,8,44.64157,11.34781,18,1,12,2,3,1218,242209439,486113222,728322661,70740.2,503957.7,0.873876,35.1038,9865,281.02370683515744,0,8.731125,0,941,0,0.248723,0,0,60243076,38.815968,no,2827054.91,-0.461602,Non signif,Coldspot 99%
44045,Monteprandone,44,Ascoli Piceno,11,42.919939,13.834816,5,0,2,3,0,267,73487817,0,73487817,7580.3,61039,0.918289,26.375799999999998,12678,480.66788495514834,2.82665,1.714615,156,105,0.107168,0.065007,7875565,0,4777232,32.834347,no,241292.45,-0.203066,Non signif,Non signif
93049,Vito d'Asio,93,Pordenone,6,46.227815,12.938303,1,0,0,1,0,67,21017617,0,21017617,4241.5,14502.6,0.951856,53.7152,734,13.664661027046348,4.722351,0.011719,20,2,0.087915,0.000218,1847756,0,4585,22.312037,no,46894.59,0.92193,High-Low,Coldspot 99%
108041,Sovico,108,Monza e della Brianza,3,45.648556,9.264837,4,0,2,0,2,1564,10962034,453315489,464277523,40667.7,339774.2,0.884332,3.263,8381,2568.49524977015,0,0.029855,0,32,0,0.00915,0,0,100298,13.279771,no,616549.93,-0.042832,Non signif,Non signif
15221,Trezzo sull'Adda,15,Milano,3,45.608718,9.519844,16,0,4,11,1,1597,288231512,5552343,293783855,22792.6,299372,0.901224,13.0536,12090,926.1812833241405,0.004152,0.750626,4,25,0.000318,0.057503,91679,1766,16574283,15.050002,no,442144.76,-0.389042,Non signif,Non signif
20017,Castiglione delle Stiviere,20,Mantova,3,45.389677,10.488874,21,0,7,8,6,3422,236835345,1370709890,1607545235,178948.9,1690203.4,0.868132,42.023,23570,560.8833257977774,0,0.439695,0,16,0,0.010463,0,0,2478055,21.044843,no,3383053.68,0.032358,Non signif,Non signif
37038,Minerbio,37,Bologna,8,44.624199,11.490697,3,0,0,2,1,407,68820290,80236061,149056351,21510.9,101213.8,0.914916,43.067,8760,203.40399842106484,0,6.450068,0,951,0,0.149768,0,0,10307092,38.815968,no,578576.65,1.066055,Non signif,Non signif
108017,Cavenago di Brianza,108,Monza e della Brianza,3,45.584917,9.416059,8,0,3,2,3,774,55151510,255191334,310342844,20892.2,311235.2,0.880536,4.3933,7350,1673.0020713358979,0,0.010577,0,22,0,0.002408,0,0,132779,13.279771,no,412128.2,0.043981,Non signif,Non signif
95041,Paulilatino,95,Oristano,20,40.084032,8.763937,1,0,1,0,0,40,12035565,0,12035565,1244,13098.4,0.902988,103.8488,2207,21.252051058847094,0,0.152649,0,0,0,0.00147,0,0,17691,13.76477,si,16566.68,0.314077,Non signif,Non signif
13029,Brenna,13,Como,3,45.742978,9.187142,3,0,0,3,0,171,42279454,0,42279454,4056,38377,0.921922,4.8312,2151,445.230998509687,0.730446,0.074459,39,0,0.151193,0.015412,6392378,0,651616,12.029442,no,50859.82,-0.593718,Non signif,Non signif
18060,Cura Carpignano,18,Pavia,3,45.212072,9.255463,2,0,2,0,0,64,26852003,0,26852003,2140.2,19537.5,0.928832,11.0871,4909,442.7668190960666,0,0.09477,0,18,0,0.008548,0,0,229525,18.961299,no,50914.89,-0.773035,Non signif,Non signif
1058,Carignano,1,Torino,1,44.906943,7.673225,4,0,2,2,0,179,58284776,0,58284776,6625.4,66018.7,0.888429,50.679700000000004,9334,184.17630727885128,0,15.494332,0,888,0,0.305731,0,0,17819436,20.594868,no,120036.73,-0.647791,Non signif,Hotspot 95%
56045,Ronciglione,56,Viterbo,12,42.290242,12.213806,1,0,0,1,0,47,42757409,0,42757409,4594.3,94359.1,0.757859,52.5267,8537,162.5268672884457,0.054138,0,83,0,0.001031,0,44069,0,0,19.086634,no,81609.5,0.667508,Non signif,Non signif
98044,Ossago Lodigiano,98,Lodi,3,45.245669,9.537059,2,0,1,1,0,213,58201274,0,58201274,4931.4,75115.4,0.891384,11.5252,1416,122.86120848228231,0,0.338429,0,6,0,0.029364,0,0,1709037,19.574231,no,113924.52,-0.758735,Non signif,Non signif
22153,Riva del Garda,22,Trento,4,45.884771,10.839694,7,0,1,5,1,871,266022116,215558878,481580994,58807.4,416971.8,0.94574,40.7288,17370,426.4795427314333,6.623767,5.319919,437,0,0.162631,0.130618,43263453,35056564,34747307,14.82766,no,714071.9,-0.799934,Non signif,Non signif
23064,Ronco all'Adige,23,Verona,5,45.337766,11.242452,7,0,2,5,0,418,107886133,0,107886133,13473.3,127783.3,0.884953,42.815,6001,140.16115847249796,0,0,0,0,0,0,0,0,0,20.167921,no,217583.9,0.026234,Non signif,Non signif
48015,Fiesole,48,Firenze,9,43.806669,11.293074,5,0,0,2,3,819,58164929,471018451,529183380,69402.6,389420.3,0.924531,42.192299999999996,14150,335.3692498394257,2.651219,0.305605,203,203,0.062837,0.007243,3654884,29597179,421297,35.050589,no,1854818.94,0.081817,Non signif,Non signif
27028,Pianiga,27,Venezia,5,45.456096,12.030173,11,0,1,9,1,921,216614809,79848975,296463784,31212.4,346396.4,0.894577,20.0704,12363,615.9817442602041,0,0.700053,0,591,0,0.03488,0,0,7555497,17.526854,no,519607.76,-0.183865,Non signif,Non signif
33039,Rottofreno,33,Piacenza,8,45.057464,9.547763,13,1,6,6,0,762,214806047,0,214806047,27362.6,242715.3,0.863726,35.1678,12220,347.4769533493707,0,6.220444,0,68,0,0.176879,0,0,37994671,28.260932,no,607061.91,-0.030556,Non signif,Non signif
47020,Serravalle Pistoiese,47,Pistoia,9,43.90585,10.83302,8,1,3,3,1,569,142724962,210417624,353142586,29041.1,276216.7,0.887712,42.0541,11689,277.9514958113478,11.685689,1.969717,967,572,0.277873,0.046838,39659380,58469327,6684908,29.709501,no,1049169.01,-0.158187,Non signif,Non signif
33042,Sarmato,33,Piacenza,8,45.059814,9.491398,5,0,3,2,0,116,85677181,0,85677181,7415.5,117121.2,0.846902,27.257600000000004,2845,104.3745597558112,0,7.900425,0,40,0,0.289843,0,0,24832933,28.260932,no,242131.7,0.536975,Non signif,Non signif
15237,Vignate,15,Milano,3,45.496573,9.376651,5,0,2,2,1,546,160687135,180659533,341346668,52190.3,235998.5,0.911668,8.5528,9269,1083.7386586848752,0,0,0,0,0,0,0,0,0,15.050002,no,513726.81,0.344226,Non signif,Non signif
19069,Pescarolo ed Uniti,19,Cremona,3,45.195148,10.187717,2,0,0,2,0,245,62482102,0,62482102,9337.1,60982.6,0.911166,16.543699999999998,1521,91.9383209318351,0,0.941582,0,1055,0,0.056915,0,0,3556159,21.210647,no,132528.58,-0.640311,Non signif,Non signif
15040,Bussero,15,Milano,3,45.536676,9.372003,6,1,4,0,1,224,28704269,107919235,136623504,15730.7,119599.8,0.820934,4.5864,8449,1842.185592185592,0,0.048844,0,0,0,0.01065,0,0,305693,15.050002,no,205618.4,0.289059,Non signif,Non signif
103053,Piedimulera,103,Verbano-Cusio-Ossola,1,46.024238,8.259263,3,0,1,2,0,295,89600477,0,89600477,9297.9,68086.1,0.868191,7.5657000000000005,1539,203.41805781355325,0.47826,0.117097,483,134,0.063214,0.015477,5664026,0,1386778,17.575018,no,157473,-0.092499,High-Low,Coldspot 99%
97037,Garbagnate Monastero,97,Lecco,3,45.772926,9.302566,9,0,4,4,1,678,96250573,104282963,200533536,24304.1,186802.3,0.892778,3.4966000000000004,2480,709.2604244122862,0,0,0,0,0,0,0,0,0,14.425007,no,289269.77,-0.47159,Non signif,Non signif
75083,Surbo,75,Lecce,16,40.396028,18.133422,6,0,3,3,0,392,95120499,0,95120499,4533.4,171413.2,0.786915,20.7833,15115,727.2666034749053,0,0.0746,0,180,0,0.003589,0,0,341427,14.108941,no,134204.95,-0.438788,Non signif,Non signif
22226,Ziano di Fiemme,22,Trento,4,46.286517,11.565976,2,0,0,1,1,637,24858759,167752787,192611546,17127.5,201258.3,0.908874,35.7472,1742,48.73108942798317,12.306373,0.225175,56,12,0.344261,0.006299,8557906,57750771,156588,14.82766,no,285597.84,0.119014,Non signif,Non signif
16084,Costa di Mezzate,16,Bergamo,3,45.661981,9.793957,10,0,5,5,0,470,198684443,0,198684443,26318.1,179900.1,0.907121,5.222899999999999,3374,646.0012636657797,0.035918,0.09094,3,225,0.006877,0.017412,1366357,0,3459450,21.203762,no,421285.76,0.816436,Non signif,Hotspot 99%
63002,Afragola,63,Napoli,15,40.926012,14.310831,15,1,6,7,1,799,204372182,89585490,293957672,21035.2,296116.4,0.853569,17.9119,64817,3618.655753995947,0,0,0,0,0,0,0,0,0,35.751904,no,1050954.66,0.293535,Non signif,Hotspot 95%
15125,Locate di Triulzi,15,Milano,3,45.357932,9.224641,9,1,5,3,0,325,113943151,0,113943151,13600.3,160552.1,0.840979,12.6104,10216,810.1249762101123,0,0.331319,0,21,0,0.026273,0,0,2993682,15.050002,no,171484.47,-0.109903,Non signif,Non signif
15222,Tribiano,15,Milano,3,45.413371,9.378952,9,0,2,6,1,2278,179467765,1125754025,1305221790,77641.2,891431.6,0.871857,6.9958,3487,498.4419222962349,0,0.158647,0,175,0,0.022677,0,0,4069874,15.050002,no,1964359.06,-0.023038,Non signif,Non signif
26077,San Zenone degli Ezzelini,26,Treviso,5,45.778944,11.840513,5,0,1,4,0,262,107113486,0,107113486,9954.5,184411.1,0.88436,19.9664,7435,372.375590992868,0,0,0,0,0,0,0,0,0,21.139592,no,226433.54,0.095655,Non signif,Non signif
97075,Sirone,97,Lecco,3,45.77268,9.322144,10,0,2,8,0,696,275195395,0,275195395,21272.3,226476.7,0.894904,3.2056999999999998,2337,729.013943912406,0.048803,0.316071,9,134,0.015224,0.098597,4189525,0,27133320,14.425007,no,396969.55,-0.43339,Non signif,Coldspot 95%
13192,Proserpio,13,Como,3,45.82828,9.245542,2,0,1,1,0,94,17514396,0,17514396,2696.8,16462.2,0.932231,2.2992,936,407.098121085595,0.004332,0,0,0,0.001884,0,32999,0,0,12.029442,no,21068.84,0.238749,Non signif,Non signif
13055,Cassina Rizzardi,13,Como,3,45.75055,9.0312,1,0,0,1,0,203,50318193,0,50318193,5907.3,29987.5,0.954761,3.5073000000000003,3351,955.4358053203318,0,0,0,0,0,0,0,0,0,12.029442,no,60529.98,-1.44578,Non signif,Non signif
12121,Solbiate Arno,12,Varese,3,45.719056,8.814344,10,0,6,4,0,318,178712996,0,178712996,12546,134153.1,0.902142,3.0348,4153,1368.4592065374982,0,0.115705,0,83,0,0.038126,0,0,6813624,11.229804,no,200691.2,-0.458459,Low-Low,Coldspot 99%
13004,Albese con Cassano,13,Como,3,45.797299,9.168256,4,0,2,2,0,196,107458471,0,107458471,9458.6,91582.2,0.896356,7.9507,4251,534.6699032789566,0.298476,0.070196,1,3,0.037541,0.008829,4034082,0,948741,12.029442,no,129266.54,-0.37464,Non signif,Non signif
96016,Cavaglià,96,Biella,1,45.407734,8.093429,4,0,2,2,0,269,100292750,0,100292750,11230.2,90310.9,0.913108,25.625100000000003,3653,142.5555412466683,0,0,0,0,0,0,0,0,0,19.06674,no,191225.58,-0.146553,Non signif,Non signif
23039,Illasi,23,Verona,5,45.465933,11.180021,3,0,1,2,0,80,49009686,0,49009686,867.8,58158,0.859275,25.0033,5243,209.692320613679,0,0,0,0,0,0,0,0,0,20.167921,no,98842.35,-0.638492,Non signif,Non signif
24073,Nove,24,Vicenza,5,45.725675,11.680058,2,0,1,1,0,79,36474651,0,36474651,4326.4,22299.4,0.947136,8.151299999999999,4966,609.2279759056838,0,0,0,0,0,0,0,0,0,21.315155,no,77746.28,0.088442,Non signif,Non signif
21037,Laces/Latsch,21,Bolzano/Bozen,4,46.617344,10.859539,6,0,3,3,0,313,79253303,0,79253303,7612.8,99033.7,0.877502,78.7059,5216,66.27203297338573,0.004634,0,0,0,0.000059,0,4666,0,0,10.80791,no,85656.26,-0.457425,Non signif,Non signif
34042,Traversetolo,34,Parma,8,44.639212,10.381795,12,0,5,7,0,537,233807287,0,233807287,19084.4,227384.1,0.897992,54.861000000000004,9474,172.69098266528133,5.438482,6.190666,100,351,0.099132,0.112843,23177790,0,26383457,33.475863,no,782690.07,-0.202983,Non signif,Non signif
50025,Peccioli,50,Pisa,9,43.548027,10.720848,2,0,1,1,0,61,12676094,0,12676094,399.5,28210.5,0.767428,92.5174,4724,51.06066534511346,13.1109,3.145264,237,42,0.141713,0.033996,1796365,0,430942,28.10564,no,35626.97,0.009745,Non signif,Non signif
21092,Sesto/Sexten,21,Bolzano/Bozen,4,46.702743,12.350544,2,0,1,1,0,114,17136413,0,17136413,2558.6,21861.9,0.87806,80.4157,1906,23.701839317446716,0.201746,0,7,0,0.002509,0,42992,0,0,10.80791,no,18520.88,0.083258,Low-Low,Coldspot 99%
18024,Broni,18,Pavia,3,45.062162,9.261191,2,0,2,0,0,46,28135476,0,28135476,1062.7,11552.5,0.940778,20.846999999999998,9411,451.4318606993813,0.002162,0.281535,0,34,0.000104,0.013505,2918,0,379965,18.961299,no,53348.52,-0.596753,Non signif,Non signif
4142,Monticello d'Alba,4,Cuneo,1,44.718182,7.948204,3,0,2,1,0,82,43006547,0,43006547,4087.9,45136.7,0.870872,10.2359,2341,228.70485252884453,0.053027,0.879504,2,226,0.00518,0.085923,222795,0,3695272,16.396584,no,70516.05,0.553006,Non signif,Non signif
75040,Martano,75,Lecce,16,40.203621,18.30198,3,1,0,2,0,225,39943432,0,39943432,2989.1,36264.4,0.907926,22.2481,9087,408.4393723508974,0,0,0,0,0,0,0,0,0,14.108941,no,56355.95,-0.39199,Non signif,Non signif
97038,Garlate,97,Lecco,3,45.80604,9.40197,2,0,1,1,0,71,18978103,0,18978103,1932.7,21018,0.881957,3.3023000000000002,2731,826.9993640795808,0.149303,1.649158,186,1235,0.045212,0.499397,858035,0,9477604,14.425007,no,27375.93,-0.210844,Non signif,Non signif
97013,Calolziocorte,97,Lecco,3,45.801472,9.432979,10,0,5,4,1,1139,132752777,240568144,373320921,30248.6,316619.1,0.907699,9.1004,13877,1524.8780273394575,1.012057,0.631065,923,87,0.11121,0.069345,14763458,26753623,9205709,14.425007,no,538515.69,-0.039814,Non signif,Non signif
75020,Cavallino,75,Lecce,16,40.312527,18.200425,6,0,4,2,0,171,82232993,0,82232993,6273,131226.3,0.796553,22.6547,12808,565.3572989269335,0,0.021629,0,0,0,0.000955,0,0,78510,14.108941,no,116022.04,-0.017346,Non signif,Non signif
65114,Sala Consilina,65,Salerno,15,40.398221,15.596369,8,1,3,3,1,306,83415322,55147730,138563052,14374.2,170822.9,0.84311,59.6969,12636,211.66928265956858,5.646027,6.438989,3940,24,0.094578,0.107861,7889273,5215775,8997290,25.585615,no,354522.09,0.016664,Non signif,Non signif
88005,Ispica,88,Ragusa,19,36.785832,14.907637,5,0,4,0,1,357,24932535,33126915,58059450,4365.6,91043.2,0.816681,113.75479999999999,16307,143.35219261077336,1.041015,0,303,0,0.009151,0,228167,303157,0,23.45042,no,136151.85,0.00733,Non signif,Non signif
85004,Caltanissetta,85,Caltanissetta,19,37.489941,14.063162,24,2,2,18,2,2402,472210086,218096898,690306984,60382.5,931779.4,0.838145,421.2528,62317,147.93254786674416,2.197564,0,115,0,0.005217,0,2463395,1137754,0,20.302008,no,1401461.81,0.585721,High-High,Hotspot 99%
47006,Larciano,47,Pistoia,9,43.82504,10.856367,9,0,3,6,0,609,155255423,0,155255423,15852.1,167130.4,0.888966,24.967100000000002,6307,252.61243796836635,1.77234,0.083612,120,1,0.070987,0.003349,11021120,0,519933,29.709501,no,461256.12,-0.087573,Non signif,Non signif
75059,Parabita,75,Lecce,16,40.051921,18.129526,4,0,4,0,0,85,29957362,0,29957362,3250.1,40280.3,0.840654,21.0923,9047,428.9242993888765,0,1.625642,0,59,0,0.077073,0,0,2308897,14.108941,no,42266.67,0.090654,Non signif,Non signif
28059,Ospedaletto Euganeo,28,Padova,5,45.222695,11.610901,3,0,2,1,0,126,32123605,0,32123605,3869,32892.2,0.900688,21.4785,5651,263.1003096119375,0,0,0,0,0,0,0,0,0,17.804557,no,57194.66,0.225184,Non signif,Non signif
10010,Carasco,10,Genova,7,44.349756,9.34565,4,0,3,1,0,125,88396055,0,88396055,12619.2,68110.7,0.910512,8.4581,3738,441.94322602002813,1.363414,1.125293,171,784,0.161196,0.133043,14249113,0,11760497,24.504626,no,216611.23,0.575829,Non signif,Non signif
24098,Sarego,24,Vicenza,5,45.408121,11.405559,12,0,3,9,0,595,208730150,0,208730150,23566.5,182191.3,0.913044,23.922600000000003,6735,281.532943743573,0,0,0,0,0,0,0,0,0,21.315155,no,444911.55,-0.140383,Non signif,Non signif
12046,Castiglione Olona,12,Varese,3,45.755476,8.866883,4,1,1,1,1,616,61449158,262387000,323836158,20122.6,156320.2,0.909028,6.900399999999999,7669,1111.3848472552318,0,0.088383,0,26,0,0.012808,0,0,787065,11.229804,no,363661.67,-0.79778,Non signif,Non signif
38006,Comacchio,38,Ferrara,8,44.696379,12.180427,5,0,5,0,0,62,57706741,0,57706741,6409.3,49362.1,0.858619,284.12669999999997,22188,78.09192166734067,0,8.734447,0,1300,0,0.030741,0,0,1773985,39.906082,no,230284.99,0.077147,Non signif,Non signif
80050,Melito di Porto Salvo,80,Reggio di Calabria,18,37.920384,15.777857,1,0,0,1,0,81,13748104,0,13748104,559.1,16192.4,0.858384,35.409,11240,317.43342088169675,1.538588,2.405493,100,291,0.043452,0.067935,597381,0,933971,48.652369,no,66887.78,-0.449712,Non signif,Non signif
35015,Castelnovo di Sotto,35,Reggio nell'Emilia,8,44.810863,10.563295,9,0,4,4,1,568,169408176,61676713,231084889,15582.5,228468.3,0.888233,35.0148,8459,241.58355895221447,0,4.32218,0,277,0,0.123439,0,0,20911518,36.618436,no,846196.71,-0.485042,Non signif,Non signif
18152,Spessa,18,Pavia,3,45.112728,9.34943,1,0,1,0,0,34,12365860,0,12365860,333.3,4482.5,0.971426,12.2316,575,47.00938552601458,0,7.092309,0,2,0,0.579835,0,0,7170158,18.961299,no,23447.28,-1.75389,Non signif,Non signif
34031,Sala Baganza,34,Parma,8,44.71395,10.226334,10,0,4,4,2,757,152208855,147765064,299973919,29116.8,291784.5,0.902554,30.755399999999998,5622,182.79716732671338,4.706628,1.539535,63,26,0.153034,0.050057,23293160,22613108,7619178,33.475863,no,1004188.59,-0.377172,Non signif,Non signif
17173,San Zeno Naviglio,17,Brescia,3,45.491572,10.217058,7,0,2,3,2,811,63473021,282978278,346451299,54437.5,283374.9,0.909124,6.2532000000000005,4746,758.9714066398003,0,0.10086,0,0,0,0.016129,0,0,1023778,20.48295,no,709634.46,0.292136,Non signif,Non signif
18149,Silvano Pietra,18,Pavia,3,45.04037,8.947606,1,0,1,0,0,9,2781116,0,2781116,224,4980.1,0.787682,13.6713,674,49.300359146533246,0,1.569326,0,6,0,0.11479,0,0,319244,18.961299,no,5273.36,0.648733,Non signif,Non signif
36022,Mirandola,36,Modena,8,44.887207,11.066106,28,0,10,14,4,2675,634660695,561823955,1196484650,99725.7,831566.4,0.928066,137.0908,23650,172.51339987803703,0,23.896389,0,416,0,0.174311,0,0,110628130,36.541065,no,4372082.29,-0.480888,Non signif,Non signif
87053,Viagrande,87,Catania,19,37.610166,15.096759,2,0,1,1,0,153,53625230,0,53625230,2233.6,25652.1,0.932025,10.0946,8677,859.568482158778,0,0,0,0,0,0,0,0,0,36.827421,no,197487.89,-0.821951,Non signif,Non signif
17117,Nave,17,Brescia,3,45.587727,10.289235,7,0,2,5,0,211,94843340,0,94843340,9039.8,92208.6,0.895378,27.2119,10843,398.465377279793,0.882513,0.443032,22,806,0.032431,0.016281,3075878,0,1544127,20.48295,no,194267.14,-0.297367,Non signif,Non signif
36027,Nonantola,36,Modena,8,44.677608,11.043624,9,0,4,5,0,377,193032090,0,193032090,11464.9,141830.7,0.885277,55.3209,15957,288.44433116597884,0,8.090924,0,787,0,0.146254,0,0,28231789,36.541065,no,705359.81,-0.723386,Non signif,Non signif
61062,Portico di Caserta,61,Caserta,15,41.056514,14.279428,3,1,1,1,0,144,23830940,0,23830940,2997,35263.1,0.810819,1.9125999999999999,7903,4132.07152567186,0,0,0,0,0,0,0,0,0,28.435248,no,67763.87,0.5083,Non signif,Non signif
92108,Elmas,92,Cagliari,20,39.268086,9.049631,15,0,4,10,1,1294,225701836,174018950,399720786,40939.4,413329.8,0.842784,13.6263,9546,700.5570110741727,0,2.020904,0,188,0,0.148309,0,0,33473631,12.810064,si,512044.9,0.462786,Non signif,Non signif
1265,Settimo Torinese,1,Torino,1,45.137335,7.771015,34,1,14,16,3,3292,464102122,444685612,908787734,101872.9,890605.1,0.877325,31.456500000000002,47220,1501.1205951075294,0,0.906457,0,10,0,0.028816,0,0,13373663,20.594868,no,1871636.33,-0.052472,Non signif,Non signif
11002,Arcola,11,La Spezia,7,44.114382,9.905967,7,0,1,5,1,567,123674849,87950000,211624849,24721.7,252552.7,0.897008,16.5381,10549,637.8604555541447,0.090961,4.623204,66,3764,0.0055,0.279549,680223,483733,34573141,28.212129,no,597038.75,0.645007,Non signif,Non signif
73005,Faggiano,73,Taranto,16,40.419823,17.386605,5,1,3,1,0,219,37628521,0,37628521,2287.9,38048.1,0.916678,21.0646,3499,166.1080675635901,0,2.099377,0,4,0,0.099664,0,0,3750199,15.194153,no,57173.35,-0.484082,Non signif,Non signif
59009,Gaeta,59,Latina,12,41.218312,13.56281,3,0,2,1,0,77,19101639,0,19101639,1558.7,15802.2,0.841801,29.199,20545,703.6199869858557,1.743138,0.281668,523,35,0.059699,0.009646,1140340,0,184264,21.481102,no,41032.43,-0.28748,Non signif,Non signif
27037,Scorzè,27,Venezia,5,45.571354,12.108383,13,1,4,6,2,2225,214859872,839687123,1054546995,105055.8,1286558.9,0.86641,33.2877,18848,566.215148538349,0,1.72808,0,1086,0,0.051913,0,0,11154121,17.526854,no,1848289.17,0.145447,Non signif,Non signif
88010,Santa Croce Camerina,88,Ragusa,19,36.827897,14.525538,5,3,1,1,0,93,25639047,0,25639047,1400.8,50774.3,0.709498,41.085699999999996,10955,266.63778394915994,0,0,0,0,0,0,0,0,0,23.45042,no,60124.64,0.621232,High-High,Hotspot 99%
69018,Castel Frentano,69,Chieti,13,42.197139,14.355214,2,0,2,0,0,28,8040735,0,8040735,619.5,17136.5,0.774873,21.8865,4385,200.35181504580447,6.833758,0,385,0,0.312236,0,2510609,0,0,28.116343,no,22607.61,0.020775,Non signif,Non signif
18085,Magherno,18,Pavia,3,45.223566,9.329355,1,0,0,1,0,21,16884281,0,16884281,1010.1,24194.5,0.831407,5.2532000000000005,1720,327.419477651717,0,0.089553,0,0,0,0.017047,0,0,287832,18.961299,no,32014.79,-0.570005,Non signif,Non signif
4012,Barge,4,Cuneo,1,44.727536,7.321021,4,0,1,3,0,231,46627251,0,46627251,3488.6,54074.4,0.871263,81.9936,7699,93.8975724934629,0.251245,2.034773,2,279,0.003064,0.024816,142875,0,1157113,16.396584,no,76452.76,-0.453119,Non signif,Non signif
42017,Fabriano,42,Ancona,11,43.335841,12.904619,21,1,12,6,2,1908,232349465,429686162,662035627,29808.1,640592.1,0.894391,272.0804,30809,113.23491144529338,8.743649,0,319,0,0.032136,0,7466845,13808510,0,27.781362,no,1839225.13,-0.341784,Non signif,Non signif
10014,Ceranesi,10,Genova,7,44.51127,8.878941,2,0,1,1,0,99,20743343,0,20743343,2978.8,37965.5,0.763569,30.695700000000002,3797,123.69810755252364,8.251041,0.076138,1067,104,0.268801,0.00248,5575835,0,51452,24.504626,no,50830.79,0.938302,Non signif,Hotspot 95%
111009,Carbonia,111,Sud Sardegna,20,39.165332,8.527834,3,0,1,2,0,141,44857526,0,44857526,2690.5,23103.6,0.9764,145.5439,28265,194.20257393130183,0.24987,0.222251,0,159,0.001717,0.001527,77011,0,68499,15.448131,si,69296.5,-0.240432,Non signif,Non signif
24066,Monteviale,24,Vicenza,5,45.560525,11.458072,1,0,0,1,0,49,21231566,0,21231566,967.5,39456,0.791469,8.4387,2811,333.10818016993136,0,0,0,0,0,0,0,0,0,21.315155,no,45255.41,-0.182179,Non signif,Non signif
61005,Aversa,61,Caserta,15,40.973212,14.204928,13,0,9,4,0,493,180605600,0,180605600,12546.9,179355.2,0.840964,8.8486,52794,5966.367560970098,0,0,0,0,0,0,0,0,0,28.435248,no,513556.51,0.491698,High-High,Hotspot 99%
81001,Alcamo,81,Trapani,19,37.97665,12.962674,6,1,3,2,0,196,79245432,0,79245432,6840.8,109024.5,0.792205,130.8951,45273,345.8723817774691,0.921985,0,111,0,0.007044,0,558181,0,0,16.86353,no,133635.78,0.265172,Non signif,Non signif
61091,Teano,61,Caserta,15,41.251084,14.067151,1,0,0,1,0,77,49012879,0,49012879,4823.1,42706.8,0.896666,89.4317,12303,137.5686697222573,7.544233,0.036875,297,1,0.084357,0.000412,4134603,0,20209,28.435248,no,139369.34,-0.389996,Low-High,Hotspot 99%
51025,Monte San Savino,51,Arezzo,9,43.331423,11.725351,7,0,3,4,0,380,124112999,0,124112999,11009.7,130539.1,0.877725,89.8732,8675,96.52488172224868,0.830459,0.143931,43,2,0.00924,0.001601,1146846,0,198766,29.518286,no,366360.3,-0.528367,Non signif,Non signif
65076,Montesano sulla Marcellana,65,Salerno,15,40.275889,15.701375,3,0,0,3,0,249,87972987,0,87972987,10519.2,54149.4,0.939518,110.22309999999999,6544,59.37049493255044,1.958898,0.14733,30,2,0.017772,0.001337,1563466,0,117589,25.585615,no,225084.29,-0.223652,Non signif,Non signif
7044,Morgex,7,Valle d'Aosta/Vallée d'Aoste,2,45.758022,7.035433,1,0,0,1,0,49,44279981,0,44279981,6201.1,52012.9,0.856737,43.628299999999996,2123,48.661075494575776,28.769824,1.44274,279,168,0.65943,0.033069,29199562,0,1464290,17.572597,no,77811.42,0.76907,High-Low,Coldspot 99%
93014,Cimolais,93,Pordenone,6,46.287639,12.438053,1,0,0,1,0,46,31812782,0,31812782,2770.8,18913.5,0.933562,100.86040000000001,363,3.599033912219265,6.510044,0,25,0,0.064545,0,2053359,0,0,22.312037,no,70980.8,-1.072408,Non signif,Non signif
75063,Racale,75,Lecce,16,39.963119,18.093826,4,0,2,1,1,446,20906326,12467237,33373563,2650.9,56760.2,0.812314,24.288200000000003,11011,453.3477161749326,0.246945,0.316054,158,2,0.010167,0.013013,212561,126758,272047,14.108941,no,47086.56,0.460193,Non signif,Hotspot 95%
17059,Cologne,17,Brescia,3,45.58152,9.941172,8,0,3,3,2,900,117452724,358788605,476241329,47960.5,378941.5,0.91391,13.7877,7534,546.4290635856597,0,0,0,0,0,0,0,0,0,20.48295,no,975482.73,0.036295,Non signif,Non signif
23050,Monteforte d'Alpone,23,Verona,5,45.417254,11.283666,3,0,1,2,0,182,49081776,0,49081776,5740.7,44165.7,0.893937,20.4708,8917,435.5960685464173,0,6.015701,0,3608,0,0.293867,0,0,14423534,20.167921,no,98987.74,0.352816,Non signif,Non signif
109013,Montappone,109,Fermo,11,43.136453,13.468481,2,0,1,1,0,64,8713655,0,8713655,804.9,7500.9,0.932574,10.4055,1682,161.64528374417375,1.775796,0,21,0,0.170659,0,1487067,0,0,25.228384,no,21983.14,-0.785724,Non signif,Non signif
19106,Tornata,19,Cremona,3,45.104373,10.430781,1,0,0,1,0,42,33241552,0,33241552,4510.1,23931.3,0.92994,10.1656,478,47.02132682773275,0,0,0,0,0,0,0,0,0,21.210647,no,70507.48,0.234381,Non signif,Non signif
26040,Maserada sul Piave,26,Treviso,5,45.749411,12.319333,6,0,3,3,0,336,64918045,0,64918045,7048.6,70440.7,0.888138,28.77,9374,325.8255126868266,0,0.058264,0,2,0,0.002025,0,0,131470,21.139592,no,137234.1,0.271386,Non signif,Non signif
16072,Chignolo d'Isola,16,Bergamo,3,45.667579,9.527651,6,0,0,2,4,1217,57686682,682250787,739937469,79119.7,672497.6,0.900276,5.5457,3417,616.1530555204934,0.002706,0.240439,0,279,0.000488,0.043356,28148,332901,2501060,21.203762,no,1568945.78,-0.309546,Non signif,Non signif
24006,Arcugnano,24,Vicenza,5,45.500472,11.535699,7,0,1,4,2,2261,78808692,838608271,917416963,34878.8,548189.1,0.916227,41.5688,7853,188.91572525548006,0,1.373153,0,135,0,0.033033,0,0,2603308,21.315155,no,1955488.49,0.13428,Non signif,Non signif
56043,Piansano,56,Viterbo,12,42.517932,11.828273,1,0,0,1,0,15,23621499,0,23621499,1110.6,19359.4,0.896819,26.605500000000003,1975,74.23277141944334,0.231116,0,1093,0,0.008687,0,205195,0,0,19.086634,no,45085.49,-1.490927,Non signif,Non signif
63024,Castellammare di Stabia,63,Napoli,15,40.694305,14.480481,21,0,9,12,0,1529,395615157,0,395615157,23636.5,432649.9,0.843826,17.813699999999997,65922,3700.6349045959014,7.888235,0.427685,3536,1819,0.442818,0.024009,175185690,0,9498233,35.751904,no,1414399.53,0.050625,Non signif,Non signif
63077,Scisciano,63,Napoli,15,40.916013,14.485735,2,0,2,0,0,64,16761184,0,16761184,1848.8,11629.3,0.937306,5.5004,6099,1108.8284488400843,0,0,0,0,0,0,0,0,0,35.751904,no,59924.42,-0.295814,Non signif,Non signif
93034,Prata di Pordenone,93,Pordenone,6,45.893311,12.596294,10,0,4,5,1,3118,166006406,716964295,882970701,164108,1113103.5,0.875055,22.961599999999997,8426,366.96049055814933,0,11.731972,0,5491,0,0.510939,0,0,84819111,22.312037,no,1970087.51,0.107874,Non signif,Non signif
49017,Rosignano Marittimo,49,Livorno,9,43.406786,10.473366,9,0,1,6,2,1685,230966412,518210640,749177052,98182.9,824346,0.8982,120.8196,31039,256.90368119080017,1.69545,5.957906,123,239,0.014033,0.049312,3241130,7272001,11389511,23.707966,no,1776146.44,0.736782,Non signif,Hotspot 95%
65025,Capaccio Paestum,65,Salerno,15,40.443862,15.040038,5,0,2,3,0,228,72279283,0,72279283,8797.7,97512.3,0.831921,113.0283,22802,201.7370870835003,10.320148,9.78623,1504,1026,0.091306,0.086582,6599523,0,6258094,25.585615,no,184930.99,0.167388,Non signif,Non signif
50038,Vicopisano,50,Pisa,9,43.699832,10.584695,3,0,2,1,0,103,33405362,0,33405362,3404.1,43099.2,0.842872,26.8537,8642,321.8178500541825,0,1.752813,0,213,0,0.065273,0,0,2180458,28.10564,no,93887.91,0.036413,Non signif,Non signif
40015,Gambettola,40,Forlì-Cesena,8,44.116946,12.338764,10,0,5,5,0,526,118497506,0,118497506,12921.9,221186.1,0.800602,7.7714,10704,1377.3580049926654,0,1.601846,0,1486,0,0.206121,0,0,24424783,31.154462,no,369172.6,0.693904,Non signif,Non signif
109024,Monte Urano,109,Fermo,11,43.202656,13.672885,8,0,6,2,0,199,85485531,0,85485531,8150.9,86485.6,0.88981,16.715899999999998,8218,491.6277316806155,0.282502,0,8,0,0.0169,0,1444722,0,0,25.228384,no,215666.18,-0.483609,Non signif,Non signif
1280,Trofarello,1,Torino,1,44.983646,7.745225,8,0,4,2,2,467,77500822,337606095,415106917,40736,317947.4,0.861214,12.3477,10901,882.8364796682783,0,0.046306,0,0,0,0.00375,0,0,290641,20.594868,no,854907.21,0.153517,Non signif,Non signif
60079,Torrice,60,Frosinone,12,41.629719,13.398401,2,0,0,1,1,286,49721930,73993428,123715358,4005.8,161909.8,0.877573,18.0601,4843,268.1601984485136,0.664432,0,161,0,0.03679,0,1829272,2722222,0,34.188464,no,422963.81,-0.696969,Non signif,Non signif
4105,La Morra,4,Cuneo,1,44.63848,7.932582,4,0,2,2,0,197,64914231,0,64914231,7523.2,75421.8,0.882928,24.1662,2781,115.0780842664548,0.019691,0.122809,1,5,0.000815,0.005082,52893,0,329884,16.396584,no,106437.16,0.279139,Non signif,Non signif
30004,Aquileia,30,Udine,6,45.769614,13.369798,1,0,0,1,0,162,68553197,0,68553197,8307.2,58057.7,0.924664,37.4387,3306,88.30434817448256,0,2.96143,0,222,0,0.079101,0,0,5422611,22.91097,no,157062.02,0.302593,Non signif,Non signif
53024,Scarlino,53,Grosseto,9,42.907402,10.851975,3,0,0,2,1,237,25052761,148815968,173868729,15476.6,132671.2,0.911546,88.2888,3884,43.99198992397677,2.110842,6.69418,21,623,0.023908,0.075821,598971,3557948,1899535,19.796812,no,344204.65,-0.039888,High-Low,Coldspot 99%
40046,Sogliano al Rubicone,40,Forlì-Cesena,8,44.004663,12.300541,1,0,0,1,0,69,89480972,0,89480972,11149.9,45024.3,0.957965,93.4306,3230,34.57111481677309,52.213747,1.210921,1568,69,0.558851,0.012961,50006495,0,1159731,31.154462,no,278773.15,1.356809,Non signif,Non signif
60068,Sant'Elia Fiumerapido,60,Frosinone,12,41.539107,13.866147,2,1,0,1,0,115,9198302,0,9198302,445.5,10181.1,0.886995,41.103699999999996,6048,147.14003848801934,13.143578,0,1077,0,0.319766,0,2941307,0,0,34.188464,no,31447.58,-0.279614,Non signif,Non signif
20068,Villimpenta,20,Mantova,3,45.144747,11.030232,2,0,1,1,0,180,8610749,0,8610749,711.5,12717.3,0.92584,14.845699999999999,2167,145.96819281003928,0,1.741987,0,469,0,0.117339,0,0,1010381,21.044843,no,18121.19,0.29637,Non signif,Non signif
22247,Tre Ville,22,Trento,4,46.074324,10.7711,1,0,0,1,0,61,25443932,0,25443932,3086.2,10855.1,0.968253,81.488,1418,17.401335165914,18.395255,0.136715,28,1,0.225742,0.001678,5743761,0,42688,14.82766,no,37727.4,,,
30080,Pradamano,30,Udine,6,46.033822,13.30263,2,0,1,1,0,65,29269700,0,29269700,3082.8,31567.7,0.891505,15.908900000000001,3617,227.35701399845368,0,0.223757,0,2,0,0.014065,0,0,411675,22.91097,no,67059.72,-0.492248,Non signif,Non signif
98054,Somaglia,98,Lodi,3,45.14672,9.637931,4,0,2,2,0,224,91138570,0,91138570,6680.3,63311.5,0.858039,20.8194,3797,182.37797438927154,0,0.653958,0,3,0,0.031411,0,0,2862753,19.574231,no,178396.74,0.12628,Non signif,Non signif
47017,Quarrata,47,Pistoia,9,43.8475,10.977701,7,0,6,1,0,170,71458204,0,71458204,7861.4,79212.4,0.871477,45.9134,26460,576.3023431068054,0.488163,16.973115,141,11933,0.010632,0.369677,759762,0,26416434,29.709501,no,212298.76,0.064487,Non signif,Non signif
15219,Trezzano Rosa,15,Milano,3,45.582777,9.486652,7,0,1,5,1,694,178231594,108722594,286954188,23643.3,240270.7,0.88994,3.4356999999999998,5183,1508.5717612131446,0,0.041189,0,12,0,0.011989,0,0,2136735,15.050002,no,431866.11,0.199852,Non signif,Non signif
48002,Barberino di Mugello,48,Firenze,9,44.000541,11.238381,6,0,3,3,0,332,70628199,0,70628199,7903.9,75363.9,0.872445,133.2892,10924,81.95712780930488,31.335284,0.524406,406,675,0.235092,0.003934,16604156,0,277876,35.050589,no,247556,-0.407507,Low-Low,Coldspot 99%
66077,Raiano,66,L'Aquila,13,42.102554,13.814304,1,0,0,1,0,59,11828000,0,11828000,610,16751,0.853966,28.993000000000002,2767,95.43682957955367,0.294821,0,54,0,0.010169,0,120275,0,0,47.395882,no,56059.85,-0.543383,Non signif,Non signif
36002,Bomporto,36,Modena,8,44.72977,11.038401,12,0,7,5,0,590,196608212,0,196608212,15095.3,205544.6,0.854894,38.8741,10170,261.61377369508233,0,2.692545,0,885,0,0.069263,0,0,13617716,36.541065,no,718427.34,-0.010536,Non signif,Coldspot 99%
53002,Campagnatico,53,Grosseto,9,42.883729,11.273537,1,0,0,1,0,120,11786437,0,11786437,3347.4,9895.2,0.975249,162.2518,2387,14.71170119530261,60.953654,18.053989,636,171,0.375673,0.111271,4427849,0,1311494,19.796812,no,23333.39,-0.785652,Low-Low,Coldspot 99%
21019,Castelrotto/Kastelruth,21,Bolzano/Bozen,4,46.547539,11.608297,5,0,2,3,0,342,109217230,0,109217230,15918.2,81645.8,0.931715,117.8986,6891,58.448531195451004,8.272216,0.026617,223,13,0.070164,0.000226,7663098,0,24657,10.80791,no,118041,-0.225153,Non signif,Non signif
65005,Altavilla Silentina,65,Salerno,15,40.530241,15.131031,3,0,1,2,0,113,59133817,0,59133817,7119,50823.8,0.905826,52.482600000000005,7083,134.95901498782453,3.810749,3.742868,246,216,0.07261,0.071316,4293692,0,4217209,25.585615,no,151297.51,0.074289,Non signif,Non signif
17009,Bagnolo Mella,17,Brescia,3,45.429079,10.18437,9,0,3,4,2,598,123903627,266852249,390755876,31775.3,385339.8,0.880375,31.3461,12677,404.420326611604,0,1.703831,0,314,0,0.054355,0,0,6734836,20.48295,no,800383.3,-0.056358,Non signif,Non signif
43057,Visso,43,Macerata,11,42.931232,13.087449,1,0,0,1,0,157,22821865,0,22821865,3445.9,38476.5,0.852599,100.3987,1076,10.717270243539009,9.696191,0.176031,39,122,0.096577,0.001753,2204064,0,40014,27.736975,no,63300.95,0.848528,Non signif,Non signif
2016,Borgosesia,2,Vercelli,1,45.716668,8.276857,7,0,3,3,1,882,101897136,89605090,191502226,23904.3,191744.3,0.906628,41.0907,12676,308.488295405043,0.835889,3.041433,114,1052,0.020343,0.074018,2072846,1822795,7542177,17.175786,no,328920.12,0.089674,Non signif,Non signif
75068,San Cesario di Lecce,75,Lecce,16,40.302961,18.159865,4,0,1,2,1,680,47077310,140340152,187417462,28000,247577.3,0.870846,8.089,8169,1009.8899740388181,0,0.05103,0,70,0,0.006309,0,0,296990,14.108941,no,264426.19,0.070488,Non signif,Non signif
9056,Savona,9,Savona,7,44.233424,8.252573,17,0,13,4,0,521,247618668,0,247618668,21852.2,259686.7,0.848129,65.3184,60632,928.2529884381737,2.50642,1.317332,487,10232,0.038372,0.020168,9501708,0,4993937,24.791781,no,613890.78,0.148644,Non signif,Non signif
20047,Quistello,20,Mantova,3,45.006579,10.98046,5,0,2,2,1,1044,90619838,128120847,218740685,21694.8,333669.5,0.870647,45.4362,5552,122.19331722283114,0,5.068618,0,108,0,0.111555,0,0,10109062,21.044843,no,460336.33,-0.198706,Non signif,Non signif
108008,Besana in Brianza,108,Monza e della Brianza,3,45.701804,9.288298,9,2,6,1,0,171,106485265,0,106485265,9330.3,93570.9,0.86741,15.758,15573,988.2599314633837,0,0.070704,0,3,0,0.004487,0,0,477785,13.279771,no,141410,0.08378,Non signif,Non signif
70078,Termoli,70,Campobasso,14,41.998327,14.993937,6,0,2,4,0,461,177831225,0,177831225,18587.8,102530.9,0.891489,55.6354,33583,603.6264680401327,0.711233,5.855099,32,223,0.012784,0.105241,2273363,0,18715052,35.851049,no,637543.6,0.06676,Non signif,Non signif
53012,Isola del Giglio,53,Grosseto,9,42.353169,10.896463,1,0,0,1,0,60,6381600,0,6381600,916,6279.2,0.92989,24.011799999999997,1439,59.92886830641602,6.367184,1.249891,150,94,0.265169,0.052053,1692202,0,332183,19.796812,no,12633.53,-0.158879,Low-Low,Coldspot 99%
1047,Caluso,1,Torino,1,45.304955,7.895722,2,1,0,1,0,18,14222387,0,14222387,244.4,25270.7,0.812729,39.4931,7502,189.9572330356442,0,1.79427,0,3,0,0.045432,0,0,646159,20.594868,no,29290.82,-0.149188,Non signif,Non signif
35028,Novellara,35,Reggio nell'Emilia,8,44.84297,10.727492,6,0,1,5,0,303,108557815,0,108557815,11788,127934.6,0.880219,58.107299999999995,13721,236.13212109321896,0,7.670022,0,157,0,0.131998,0,0,14329367,36.618436,no,397521.74,0.266412,Non signif,Non signif
98010,Casalpusterlengo,98,Lodi,3,45.179329,9.648396,4,1,1,2,0,181,61893444,0,61893444,6822.9,94739.2,0.778045,25.6126,15280,596.5813701069005,0,0.214747,0,213,0,0.008384,0,0,518941,19.574231,no,121151.66,0.763475,High-High,Hotspot 99%
56021,Civita Castellana,56,Viterbo,12,42.295226,12.40917,11,0,3,8,0,763,206190556,0,206190556,12899.6,140929.5,0.93758,84.2225,16262,193.08379589777078,0.402009,6.360313,259,76,0.004773,0.075518,984184,0,15571094,19.086634,no,393548.36,-0.87156,Non signif,Non signif
19098,Soresina,19,Cremona,3,45.286473,9.856965,3,0,1,1,1,157,54367073,63759509,118126582,8851.9,219510,0.830884,28.5685,8915,312.0569858410487,0,0,0,0,0,0,0,0,0,21.210647,no,250554.12,-0.019973,Non signif,Non signif
62008,Benevento,62,Benevento,15,41.247688,14.705941,18,2,7,7,2,977,219661056,248216483,467877539,72138.4,571022.3,0.868915,130.83620000000002,59789,456.97597453915654,1.921556,4.719081,173,547,0.014687,0.036069,3226103,3645489,7922871,40.937916,no,1915393.13,0.410488,Non signif,Non signif
69050,Miglianico,69,Chieti,13,42.359239,14.292074,2,0,1,1,0,130,27981195,0,27981195,3532.9,21541.8,0.935148,22.734699999999997,4754,209.10766361553047,2.298346,1.01681,155,68,0.101094,0.044725,2828736,0,1251460,28.116343,no,78672.89,-0.15358,Non signif,Non signif
1013,Avigliana,1,Torino,1,45.077944,7.39839,8,0,1,4,3,1428,102806160,116578870,219385030,26174.6,354896.3,0.858485,23.2175,12443,535.931947884139,0.77049,0.940486,135,462,0.033186,0.040508,3411699,3868756,4164434,20.594868,no,451820.57,0.749066,Non signif,Non signif
6175,Treville,6,Alessandria,1,45.096854,8.359536,1,0,1,0,0,15,4836256,0,4836256,203,2367.8,0.956939,4.6032,287,62.34793187347932,0.306215,0.001461,3,0,0.066522,0.000317,321718,0,1535,20.84217,no,10079.81,-0.580472,Non signif,Non signif
63014,Capri,63,Napoli,15,40.548775,14.228087,5,0,3,2,0,299,56961811,0,56961811,7156.4,41549.2,0.907789,4.0629,7159,1762.0418912599375,1.375701,0.06003,310,175,0.338601,0.014775,19287312,0,841620,35.751904,no,203649.32,0.479803,Non signif,Non signif
17148,Ponte di Legno,17,Brescia,3,46.258603,10.508662,2,0,1,1,0,74,53312937,0,53312937,6498,30114.2,0.913564,100.4349,1730,17.225088091888377,8.941412,1.155931,9,68,0.089027,0.011509,4746288,0,613592,20.48295,no,109200.62,-0.897606,Low-Low,Coldspot 99%
19111,Vaiano Cremasco,19,Cremona,3,45.371972,9.587158,5,0,0,5,0,556,198677958,0,198677958,17456.3,174676.4,0.920356,6.1517,3714,603.73555277403,0,0,0,0,0,0,0,0,0,21.210647,no,421408.8,0.077563,Non signif,Non signif
67037,Roseto degli Abruzzi,67,Teramo,13,42.677577,14.014464,12,1,5,4,2,1058,163387747,302589660,465977407,33812.1,391112.2,0.870626,53.2673,25588,480.36975780638403,5.415021,1.565481,187,189,0.101658,0.029389,16609591,30760511,4801828,27.38232,no,1275954.24,0.376851,Non signif,Non signif
90003,Alghero,90,Sassari,20,40.56002,8.315147,7,0,1,6,0,682,196335549,0,196335549,10777.2,146702.5,0.909548,225.3958,43979,195.11898624552896,25.336047,8.448214,164,424,0.112407,0.037482,22069474,0,7358987,12.837123,si,252038.35,-0.571413,Non signif,Non signif
17187,Toscolano-Maderno,17,Brescia,3,45.63453,10.609521,2,0,1,1,0,68,25048358,0,25048358,2477.9,33837.4,0.847784,58.172200000000004,7836,134.70351817534836,0.375643,20.698242,425,434,0.006457,0.35581,161748,0,8912453,20.48295,no,51306.43,0.280569,Non signif,Non signif
4246,Villanova Solaro,4,Cuneo,1,44.729938,7.574426,1,0,0,1,0,81,33231828,0,33231828,3971.1,30252.1,0.91272,14.788599999999999,760,51.39093626171511,0,1.764693,0,32,0,0.119328,0,0,3965485,16.396584,no,54488.85,0.380315,Non signif,Non signif
7022,Courmayeur,7,Valle d'Aosta/Vallée d'Aoste,2,45.787425,6.973062,3,0,0,3,0,197,170872589,0,170872589,17556.6,45722.8,0.982097,209.6089,2779,13.258024826235909,200.536842,15.158516,717,59,0.956719,0.072318,163477073,0,12357180,17.572597,no,300267.51,-0.952279,Non signif,Non signif
83041,Lipari,83,Messina,19,38.468185,14.95472,2,0,2,0,0,58,26044122,0,26044122,2289.7,20009.2,0.830751,89.7225,12819,142.87386107163755,13.378735,0,130,0,0.149112,0,3883501,0,0,44.663628,no,116322.5,0.44735,Non signif,Non signif
29040,Rosolina,29,Rovigo,5,45.075572,12.246084,3,0,3,0,0,64,20539072,0,20539072,2019.9,20173.3,0.873064,74.69409999999999,6456,86.4325294768931,0,0.008066,0,0,0,0.000108,0,0,2218,24.853738,no,51047.27,0.111782,Non signif,Non signif
18046,Certosa di Pavia,18,Pavia,3,45.257015,9.148114,1,0,0,1,0,37,38020000,0,38020000,4303,62093,0.813836,10.8581,5435,500.547978007202,0,0,0,0,0,0,0,0,0,18.961299,no,72090.86,1.041549,Non signif,Non signif
16202,Sorisole,16,Bergamo,3,45.744579,9.661195,4,1,1,2,0,204,76586477,0,76586477,8816.4,80866.4,0.899061,12.251700000000001,9042,738.0200298734053,2.068415,0.00415,99,0,0.168827,0.000339,12929848,0,25942,21.203762,no,162392.14,-0.003951,Non signif,Non signif
15213,Solaro,15,Milano,3,45.617526,9.081021,10,0,7,3,0,292,120685449,0,120685449,8825.2,191119.6,0.825562,6.6761,14163,2121.448150866524,0,0.086723,0,156,0,0.01299,0,0,1567712,15.050002,no,181631.63,0.000914,Non signif,Non signif
1063,Caselle Torinese,1,Torino,1,45.17749,7.646367,6,2,0,3,1,537,60137283,132759272,192896555,16906.6,115879.2,0.938512,23.5819,13935,590.919306756453,0,0.874484,0,76,0,0.037083,0,0,2230062,20.594868,no,397267.91,-0.832672,Non signif,Non signif
7020,Châtillon,7,Valle d'Aosta/Vallée d'Aoste,2,45.748786,7.612529,6,0,2,3,1,467,110286814,365205225,475492039,50135.8,197502.6,0.90945,39.6817,4654,117.28328171424107,32.440114,1.534651,645,108,0.817508,0.038674,90160372,298558256,4265235,17.572597,no,835562.98,-0.246045,Non signif,Non signif
60027,Colfelice,60,Frosinone,12,41.554919,13.603407,2,0,1,1,0,133,72333625,0,72333625,2786.3,39159.8,0.927981,14.5179,1907,131.35508579064467,0.40539,0.290799,17,0,0.027923,0.02003,2019805,0,1448870,34.188464,no,247297.55,-0.637914,Non signif,Non signif
15103,Gaggiano,15,Milano,3,45.406461,9.034418,9,0,5,4,0,359,107962140,0,107962140,12846.7,130422.8,0.874915,26.2563,9146,348.3354471117408,0,0,0,0,0,0,0,0,0,15.050002,no,162483.04,0.322002,Non signif,Non signif
23053,Nogara,23,Verona,5,45.179012,11.063733,6,0,1,3,2,619,93309619,150416873,243726492,27767.5,352996.4,0.875007,38.778400000000005,8457,218.08532585150493,0,0,0,0,0,0,0,0,0,20.167921,no,491545.67,0.251711,Non signif,Non signif
82019,Camporeale,82,Palermo,19,37.897145,13.093842,1,0,1,0,0,44,20012792,0,20012792,1039.9,4486.2,0.980218,38.721199999999996,3238,83.62344142226998,0.07621,0,42,0,0.001968,0,39389,0,0,29.57954,no,59196.92,-2.318158,Low-High,Hotspot 99%
54003,Bettona,54,Perugia,10,43.013614,12.484756,4,0,2,2,0,145,66820460,0,66820460,6468.4,61170.8,0.906873,45.0754,4357,96.66026258225106,0.612729,6.762842,21,499,0.013593,0.150034,908319,0,10025340,38.922787,no,260083.85,0.343,Non signif,Coldspot 95%
16055,Carobbio degli Angeli,16,Bergamo,3,45.665182,9.829158,8,0,2,6,0,378,187730812,0,187730812,14503.6,207282.7,0.878034,6.821000000000001,4700,689.0485266090016,0.025659,0.484704,1,146,0.003762,0.071061,706199,0,13340254,21.203762,no,398059.94,0.458876,Non signif,Non signif
17203,Visano,17,Brescia,3,45.318378,10.372376,3,0,1,1,1,388,64584403,202871269,267455672,20119.8,209699.3,0.907254,11.2239,1956,174.27097532943094,0,2.570633,0,760,0,0.229032,0,0,14791899,20.48295,no,547828.11,-0.683766,Non signif,Non signif
110010,Trinitapoli,110,Barletta-Andria-Trani,16,41.358853,16.087436,3,0,1,1,1,489,44495440,7253729,51749169,9421,39152.3,0.923363,148.7683,14649,98.468558153854,0,25.70792,0,16,0,0.172805,0,0,7689039,22.254355,no,115164.44,0.990848,Non signif,Non signif
38017,Ostellato,38,Ferrara,8,44.745678,11.943521,3,0,0,3,0,208,112205984,0,112205984,12042.4,110485.8,0.889505,173.3434,6030,34.786441248989,0,13.556084,0,177,0,0.078204,0,0,8774916,39.906082,no,447770.12,0.0906,Non signif,Non signif
17103,Manerbio,17,Brescia,3,45.355777,10.13517,17,0,6,8,3,1648,261033460,389742788,650776248,57353.7,757541.2,0.864533,27.8843,13109,470.1211793016142,0,1.150508,0,75,0,0.04126,0,0,10770257,20.48295,no,1332981.73,-0.226805,Non signif,Non signif
18167,Valeggio,18,Pavia,3,45.15066,8.859946,1,0,1,0,0,10,20901811,0,20901811,507.6,2268.9,0.990461,9.854,222,22.528922265070022,0,0,0,0,0,0,0,0,0,18.961299,no,39632.55,-3.208003,Low-Low,Coldspot 99%
98014,Castiglione d'Adda,98,Lodi,3,45.218912,9.694111,2,0,1,1,0,120,24730912,0,24730912,2891.5,23911.7,0.867126,12.978399999999999,4651,358.36466744745115,0,0.611033,0,23,0,0.047081,0,0,1164350,19.574231,no,48408.86,0.926868,Non signif,Non signif
43012,Cingoli,43,Macerata,11,43.373841,13.216313,2,0,0,2,0,67,87295433,0,87295433,3382.2,67527.8,0.893705,148.1993,10119,68.27967473530578,16.50873,0,397,0,0.111395,0,9724315,0,0,27.736975,no,242131.12,-1.776911,Non signif,Non signif
55023,Orvieto,55,Terni,10,42.718615,12.108791,7,0,5,2,0,235,88743355,0,88743355,9330.9,96397.5,0.855743,281.27009999999996,20253,72.00552067212264,14.074967,8.458265,351,457,0.050041,0.030072,4440784,0,2668662,34.830185,no,309094.75,-0.084393,Non signif,Non signif
61017,Carinola,61,Caserta,15,41.170677,14.015459,2,0,1,1,0,47,48749462,0,48749462,5334.4,45223.8,0.82046,59.2301,7248,122.37021379332468,4.101726,0.244677,190,4,0.069251,0.004131,3375934,0,201382,28.435248,no,138620.31,1.028025,High-High,Hotspot 99%
74008,Francavilla Fontana,74,Brindisi,16,40.530162,17.582677,6,0,3,3,0,236,119668222,0,119668222,11225.3,109126.3,0.862343,177.9409,36358,204.32626787882944,0.12222,1.803168,112,957,0.000687,0.010134,82195,0,1212661,13.243039,no,158477.1,-0.521853,Non signif,Non signif
86016,Regalbuto,86,Enna,19,37.653547,14.639636,2,0,1,1,0,77,43341882,0,43341882,1941.5,27025.1,0.892735,170.2949,7190,42.220876843640056,2.315319,0.31777,78,0,0.013596,0.001866,589274,0,80876,34.389868,no,149052.16,-1.657292,Non signif,Non signif
69069,Pretoro,69,Chieti,13,42.217225,14.141552,4,1,0,3,0,102,56408997,0,56408997,3391,97510.7,0.828585,26.1264,965,36.935819707269275,0.808744,0,55,0,0.030955,0,1746143,0,0,28.116343,no,158601.47,-0.217518,Non signif,Non signif
18072,Giussago,18,Pavia,3,45.284766,9.140749,1,0,0,0,1,340,0,12200379,12200379,1156.6,23795.5,0.870664,24.723000000000003,5186,209.76418719411072,0,0,0,0,0,0,0,0,0,18.961299,no,23133.5,1.149188,Non signif,Non signif
1133,Levone,1,Torino,1,45.318202,7.606187,1,0,1,0,0,42,6483381,0,6483381,351.9,5550.1,0.933769,5.3913,451,83.65329326878489,0.239783,0.000154,66,0,0.044476,0.000029,288354,0,185,20.594868,no,13352.44,-1.336971,Low-Low,Coldspot 99%
17062,Corte Franca,17,Brescia,3,45.637417,10.006468,10,0,2,7,1,736,624140642,126490011,750630653,61484.6,312616.3,0.930612,13.9735,7201,515.3325938383368,0.108311,0.417723,22,28,0.007751,0.029894,4837821,980446,18658024,20.48295,no,1537513.01,-0.239648,Non signif,Non signif
42023,Maiolati Spontini,42,Ancona,11,43.477658,13.121768,4,0,2,2,0,212,145558299,0,145558299,10501.2,71856.7,0.957309,21.492600000000003,6187,287.86652150042335,4.517641,0,124,0,0.210195,0,30595653,0,0,27.781362,no,404380.78,-0.228815,Non signif,Non signif
63005,Arzano,63,Napoli,15,40.91602,14.268018,13,0,7,4,2,1720,101370408,342996884,444367292,63507,389945.7,0.857342,4.7062,34217,7270.62173303302,0,0,0,0,0,0,0,0,0,35.751904,no,1588697.69,0.205686,Non signif,Non signif
2107,Quarona,2,Vercelli,1,45.757869,8.265721,6,0,5,0,1,2463,55352520,2739877000,2795229520,590212.1,1657121.1,0.90309,16.1563,4063,251.4808464809393,0.000454,1.116368,0,158,0.000028,0.069098,1555,76992,3824748,17.175786,no,4801026.39,0.01383,High-Low,Coldspot 99%
18171,Varzi,18,Pavia,3,44.82354,9.196904,1,0,1,0,0,2,2852608,0,2852608,115.3,4724.9,0.802761,57.6124,3194,55.43945400642917,7.028291,0.943216,85,2,0.121993,0.016372,347997,0,46702,18.961299,no,5408.92,-0.677137,Non signif,Non signif
46034,Villa Basilica,46,Lucca,9,43.927516,10.644575,8,0,3,5,0,209,161392185,0,161392185,21510.4,161205.5,0.885676,36.565799999999996,1574,43.045687500341856,4.287063,0.195435,511,34,0.117242,0.005345,18922011,0,862601,29.45658,no,475406.19,0.173135,Non signif,Non signif
88003,Comiso,88,Ragusa,19,36.950734,14.607455,7,0,4,3,0,214,96340054,0,96340054,9341.6,136618.7,0.840347,65.40180000000001,29845,456.3330061252136,0.1909,0,1,0,0.002919,0,281205,0,0,23.45042,no,225921.48,0.096286,Non signif,Non signif
35010,Campegine,35,Reggio nell'Emilia,8,44.781734,10.528419,2,0,0,1,1,174,27118499,78385398,105503897,8352.2,100646.4,0.863189,22.6237,5121,226.3555475010719,0,4.988384,0,391,0,0.220494,0,0,5979459,36.618436,no,386338.77,-0.879383,Non signif,Non signif
108034,Muggiò,108,Monza e della Brianza,3,45.593195,9.227138,12,0,4,8,0,558,163504861,0,163504861,17761.3,178339.6,0.881776,5.4765,23581,4305.852277914727,0,0,0,0,0,0,0,0,0,13.279771,no,217130.72,0.124537,Non signif,Non signif
50039,Volterra,50,Pisa,9,43.400337,10.860019,5,0,0,4,1,738,141991679,222673901,364665580,51690.4,305188.5,0.933975,252.845,10290,40.696869623682495,46.417338,7.651059,2025,415,0.18358,0.03026,26066862,40878521,4296651,28.10564,no,1024915.93,0.128795,Non signif,Non signif
28063,Piazzola sul Brenta,28,Padova,5,45.541496,11.784404,6,0,3,2,1,477,74146034,22215038,96361072,7540.5,82333,0.920856,40.9334,11189,273.34646034778444,0,6.111366,0,1023,0,0.1493,0,0,11070020,17.804557,no,171566.62,-0.17948,Non signif,Non signif
17056,Coccaglio,17,Brescia,3,45.563448,9.978272,10,1,2,4,3,849,97362799,336176954,433539753,45019.1,486928.7,0.871145,12.046700000000001,8650,718.0389650277668,0,0,0,0,0,0,0,0,0,20.48295,no,888017.3,-0.204994,Non signif,Non signif
72036,Putignano,72,Bari,16,40.85183,17.121294,18,0,7,8,3,1904,354827540,281576887,636404427,82345.5,504449.7,0.90929,100.1557,26679,266.3752537299425,0,2.180717,0,389,0,0.021773,0,0,7725755,14.160402,no,901174.26,0.367759,Non signif,Non signif
61048,Maddaloni,61,Caserta,15,41.039924,14.376687,12,0,4,7,1,816,140022025,72887533,212909558,18862.4,206062,0.858801,36.6729,39026,1064.1645465725373,2.559187,0.150426,240,107,0.069784,0.004102,9771317,5086394,574347,28.435248,no,605413.61,-0.041668,Non signif,Non signif
108012,Brugherio,108,Monza e della Brianza,3,45.550749,9.301222,20,1,7,9,3,1753,260413473,394361294,654774767,80641.3,672615.1,0.887465,10.4122,34868,3348.763949981752,0,0.117022,0,41,0,0.011239,0,0,2926769,13.279771,no,869525.92,-0.137729,Non signif,Non signif
28039,Galliera Veneta,28,Padova,5,45.66284,11.828488,9,0,2,6,1,697,177610978,78590598,256201576,26544.1,241403,0.897162,8.9543,7133,796.6005159532292,0,0,0,0,0,0,0,0,0,17.804557,no,456155.56,-0.104807,Non signif,Non signif
1002,Airasca,1,Torino,1,44.917042,7.484321,3,0,0,2,1,2690,19965215,644075010,664040225,56269.7,1044317.1,0.833092,15.7395,3726,236.729248070142,0,0.00022,0,0,0,0.000014,0,0,279,20.594868,no,1367582.07,0.423726,Non signif,Non signif
3068,Galliate,3,Novara,1,45.478267,8.696903,6,0,1,5,0,635,109498364,0,109498364,12333.8,115005.7,0.907925,29.369699999999998,15685,534.0538037501235,0,0.099413,0,1,0,0.003385,0,0,370639,12.08995,no,132382.98,-0.156552,Non signif,Non signif
18110,Pavia,18,Pavia,3,45.036855,9.137825,15,3,4,6,2,1491,220444767,119130220,339574987,36922.2,286529.9,0.898036,63.2447,72773,1150.6576835687417,0,12.019075,0,1524,0,0.190041,0,0,41893506,18.961299,no,643878.3,0.050678,Non signif,Non signif
33036,Ponte dell'Olio,33,Piacenza,8,44.867361,9.642268,1,0,0,1,0,50,9642858,0,9642858,1283.1,11968.2,0.898888,43.9154,4691,106.81902020703444,5.313802,2.425903,159,42,0.121001,0.05524,1166794,0,532675,28.260932,no,27251.62,0.467233,Non signif,Non signif
97056,Nibionno,97,Lecco,3,45.746479,9.268944,5,0,2,3,0,163,94776128,0,94776128,9006.5,114492.3,0.847229,3.5135,3696,1051.9425074711826,0,0.10607,0,1,0,0.030189,0,0,2861222,14.425007,no,136714.63,-0.016408,Non signif,Coldspot 99%
58043,Genzano di Roma,58,Roma,12,41.706989,12.691118,4,0,3,1,0,151,39640729,0,39640729,2861.2,79662.2,0.764898,17.9005,23892,1334.7113209128236,0.717295,0,324,0,0.040071,0,1588453,0,0,29.689549,no,117691.54,0.068951,Non signif,Non signif
16043,Calcinate,16,Bergamo,3,45.619721,9.798877,7,0,1,5,1,1375,177689094,240772049,418461143,37316.2,474105.7,0.93221,15.0834,5985,396.79382632562954,0,0.133408,0,4,0,0.008845,0,0,1571605,21.203762,no,887295.04,-0.057798,Non signif,Non signif
36008,Castelvetro di Modena,36,Modena,8,44.503462,10.9433,8,0,1,2,5,2007,91362436,2148178835,2239541271,141050.9,2125571.8,0.907249,49.7838,11303,227.04172843374752,1.218495,0.589655,38,200,0.024476,0.011844,2236163,52578252,1082125,36.541065,no,8183522.22,-0.727623,Non signif,Non signif
24078,Piovene Rocchette,24,Vicenza,5,45.758826,11.430127,5,0,2,3,0,396,150732908,0,150732908,16800.4,123660.8,0.915174,12.9067,8344,646.4859336623614,0.058857,0,21,0,0.00456,0,687371,0,0,21.315155,no,321289.53,-0.213271,Non signif,Non signif
4222,Sommariva del Bosco,4,Cuneo,1,44.768741,7.78533,2,0,1,1,0,136,16919504,0,16919504,2049.6,25045.9,0.874913,35.4161,6321,178.47814976804335,0,0.171934,0,30,0,0.004855,0,0,82139,16.396584,no,27742.21,0.155904,Non signif,Non signif
64066,Nusco,64,Avellino,15,40.88695,15.084004,5,0,1,2,2,483,71572465,387148751,458721216,39503.7,237597.3,0.895026,53.601400000000005,4153,77.47931957001123,2.221409,0.024127,115,23,0.041443,0.00045,2966186,16044650,32216,37.737871,no,1731116.21,-0.499062,Non signif,Non signif
18061,Dorno,18,Pavia,3,45.155085,8.951882,1,0,0,0,1,271,0,76178628,76178628,8625.7,68468.2,0.920146,30.566999999999997,4671,152.81185592305428,0,0,0,0,0,0,0,0,0,18.961299,no,144444.58,0.066652,Non signif,Coldspot 95%
42044,Sassoferrato,42,Ancona,11,43.432655,12.857263,5,0,4,1,0,214,55671848,0,55671848,4821.6,56912.2,0.90528,137.2341,7104,51.76555972604476,6.625556,0,100,0,0.048279,0,2687794,0,0,27.781362,no,154663.98,0.229569,Non signif,Non signif
90026,Codrongianos,90,Sassari,20,40.657261,8.679816,1,0,0,1,0,61,9541594,0,9541594,1004.6,13640.6,0.848704,30.391199999999998,1306,42.972965858538004,2.006197,0,37,0,0.066012,0,629864,0,0,12.837123,si,12248.66,0.573662,Non signif,Non signif
70071,San Polo Matese,70,Campobasso,14,41.459324,14.493428,1,0,0,1,0,44,50508826,0,50508826,2120.5,14865.5,0.967107,15.2848,483,31.600020935831676,0.454926,0.218823,15,6,0.029763,0.014316,1503309,0,723104,35.851049,no,181079.44,-1.643962,Non signif,Non signif
67030,Mosciano Sant'Angelo,67,Teramo,13,42.746847,13.888296,8,0,3,4,1,696,182133978,110700259,292834237,21568.1,349719.7,0.863313,48.448299999999996,9316,192.28744868240992,6.092645,0.671408,245,38,0.125756,0.013858,22904368,13921177,2524056,27.38232,no,801848.07,-0.200593,Non signif,Non signif
63026,Cercola,63,Napoli,15,40.857682,14.355158,5,1,1,3,0,493,94337927,0,94337927,12795.1,90894.3,0.90695,4.2291,18007,4257.879927171266,0,0.028041,0,61,0,0.00663,0,0,625507,35.751904,no,337276.05,0.051399,Non signif,Non signif
26009,Casale sul Sile,26,Treviso,5,45.597766,12.325734,13,0,5,7,1,708,146423383,95504172,241927555,29648.4,271480.6,0.896672,26.9186,13032,484.1262175596056,0,1.482984,0,136,0,0.055091,0,0,8066673,21.139592,no,511424.98,0.475205,Non signif,Hotspot 99%
28089,Teolo,28,Padova,5,45.365421,11.688606,6,0,3,2,1,398,86239551,89372714,175612265,25512.2,239217.2,0.894941,31.201,9014,288.90099676292425,0.827486,0.05542,71,116,0.026521,0.001776,2287171,2370266,153181,17.804557,no,312669.86,0.368437,Non signif,Non signif
88001,Acate,88,Ragusa,19,37.02504,14.492981,1,0,0,0,1,78,0,127926216,127926216,7687.9,89095.7,0.927376,102.47,11325,110.5201522396799,0.054998,0,0,0,0.000537,0,0,68661,0,23.45042,no,299992.35,-0.947097,Low-High,Hotspot 99%
78015,Belvedere Marittimo,78,Cosenza,18,39.617973,15.861853,3,0,0,3,0,238,22055244,0,22055244,1028,32783.3,0.799867,37.0857,9239,249.12567377722408,2.034784,1.063839,399,821,0.054867,0.028686,1210107,0,632676,50.996071,no,112473.08,0.262987,Non signif,Non signif
1043,Busano,1,Torino,1,45.329438,7.655732,6,0,2,3,1,470,164330053,87829728,252159781,21843.9,197005.7,0.920788,5.059200000000001,1642,324.55724225173935,0,0.057485,0,0,0,0.011362,0,0,1867195,20.594868,no,519319.74,-0.673335,Low-Low,Coldspot 99%
97049,Missaglia,97,Lecco,3,45.708717,9.335754,7,0,3,3,1,415,149557248,65141371,214698619,14632,179248,0.898058,11.519,8700,755.2738953034118,0.059034,0.115356,1,25,0.005125,0.010014,766470,333845,1497728,14.425007,no,309702.91,-0.65876,Non signif,Non signif
83068,Piraino,83,Messina,19,38.161243,14.861943,2,0,1,1,0,110,22530915,0,22530915,1691.9,19245.8,0.915407,16.9689,3919,230.95191792043087,0.604367,0,127,0,0.035616,0,802465,0,0,44.663628,no,100631.24,-0.024667,Non signif,Non signif
16098,Filago,16,Bergamo,3,45.637578,9.556352,8,0,1,5,2,775,120221150,328282483,448503633,52432.4,792974.8,0.894196,5.4233,3182,586.7276381538915,0.000816,0.164688,0,26,0.00015,0.030367,18089,49394,3650726,21.203762,no,950996.42,0.437282,Non signif,Non signif
89011,Lentini,89,Siracusa,19,37.284685,14.998778,1,0,1,0,0,39,14281106,0,14281106,2097,7619.4,0.954171,216.78490000000002,23526,108.52231866702893,0.428766,49.536657,247,61,0.001978,0.228506,28246,0,3263319,32.507353,no,46424.1,0.308244,Non signif,Hotspot 95%
17201,Villanuova sul Clisi,17,Brescia,3,45.60168,10.453872,3,0,2,1,0,129,36341869,0,36341869,3990.5,36261.9,0.899961,9.1013,5827,640.2382077285662,0.464367,0.14014,13,179,0.051022,0.015398,1854237,0,559585,20.48295,no,74438.87,-0.077581,Non signif,Non signif
24076,Pedemonte,24,Vicenza,5,45.503234,10.91872,1,0,0,1,0,30,22784458,0,22784458,3794.2,18688.8,0.921461,12.5962,740,58.7478763436592,0.878119,0,198,0,0.069713,0,1588373,0,0,21.315155,no,48565.43,2.019288,Non signif,Non signif
17142,Pian Camuno,17,Brescia,3,45.843752,10.157887,5,0,3,1,1,542,42659723,235449165,278108888,16470.5,153840.7,0.872057,10.9451,4682,427.7713314633946,4.519338,0.092695,578,6,0.41291,0.008469,17614614,97219245,361289,20.48295,no,569649.04,-0.153009,Non signif,Non signif
81004,Campobello di Mazara,81,Trapani,19,37.635838,12.744338,6,1,3,2,0,152,98685192,0,98685192,4806,100484.7,0.896687,65.8331,11769,178.77025386925422,0.026283,0,39,0,0.000399,0,39399,0,0,16.86353,no,166418.07,-0.626875,Non signif,Non signif
83108,Torrenova,83,Messina,19,38.089846,14.678879,4,0,0,4,0,406,110192654,0,110192654,11632.8,94699.9,0.903978,12.927,4446,343.93130656764913,0.076256,0,1,0,0.005899,0,650023,0,0,44.663628,no,492160.37,-0.004276,Non signif,Non signif
65013,Baronissi,65,Salerno,15,40.746938,14.769987,1,0,0,1,0,93,21409886,0,21409886,2228.2,16293.6,0.935953,17.9301,17051,950.9707140506746,9.438389,0.048075,624,57,0.526399,0.002681,11270145,0,57405,25.585615,no,54778.51,-0.516861,Non signif,Non signif
3066,Fontaneto d'Agogna,3,Novara,1,45.643469,8.480828,5,0,3,1,1,991,49723531,616479738,666203269,85548,311333.2,0.931349,21.1705,2660,125.64653645402801,0,1.257071,0,38,0,0.059378,0,0,2952505,12.08995,no,805436.45,-0.449515,Non signif,Non signif
4082,Dronero,4,Cuneo,1,44.465942,7.367256,5,0,2,1,2,966,65441941,299059709,364501650,63146.4,430041.8,0.880931,58.9583,7058,119.71172845892775,1.368947,1.107576,11,344,0.023219,0.018786,1519490,6943838,1229376,16.396584,no,597658.19,-0.15375,Non signif,Non signif
77029,Tursi,77,Matera,17,40.245213,16.469687,2,0,1,1,0,89,31608989,0,31608989,4145.7,29960.7,0.930278,159.93280000000001,4981,31.144330618859918,1.983531,10.593026,338,15,0.012402,0.066234,392023,0,2093597,22.969725,no,72604.98,0.037616,Non signif,Non signif
110001,Andria,110,Barletta-Andria-Trani,16,41.227646,16.295435,25,0,10,15,0,1412,367961710,0,367961710,39176.3,439594.2,0.857319,402.889,99857,247.85238614109593,0.461956,2.747252,4963,1362,0.001147,0.006819,421908,0,2509087,22.254355,no,818875.07,0.352804,Non signif,Non signif
12081,Grantola,12,Varese,3,45.949179,8.774329,1,0,0,1,0,57,21468102,0,21468102,2490.5,19500.5,0.915096,2.0456,1266,618.8893234258898,0.030745,0.020803,79,37,0.01503,0.01017,322662,0,218323,11.229804,no,24108.26,-0.091574,Non signif,Non signif
1034,Brandizzo,1,Torino,1,45.176606,7.838004,2,0,1,1,0,162,72018337,0,72018337,3341.6,47530,0.911449,6.2915,8743,1389.652706031948,0,1.293907,0,89,0,0.20566,0,0,14811258,20.594868,no,148320.81,-0.50386,Non signif,Non signif
12004,Arcisate,12,Varese,3,45.860392,8.859618,3,0,1,2,0,145,38457500,0,38457500,5751.7,39907.6,0.897969,12.126600000000002,9978,822.8192568403343,0.500719,1.01686,92,217,0.041291,0.083854,1587947,0,3224803,11.229804,no,43187.02,0.343157,Non signif,Non signif
15167,Pantigliate,15,Milano,3,45.439548,9.352631,5,0,1,4,0,404,77599296,0,77599296,5596.2,191932.3,0.830281,5.692200000000001,6058,1064.2633779557991,0,0.063942,0,0,0,0.011233,0,0,871694,15.050002,no,116786.96,0.272765,Non signif,Non signif
17177,Seniga,17,Brescia,3,45.242674,10.177973,3,0,0,3,0,226,68375621,0,68375621,10812.9,70297.4,0.895445,13.5721,1437,105.8789723034755,0,5.223893,0,59,0,0.384899,0,0,26317735,20.48295,no,140053.44,0.623454,Non signif,Non signif
24025,Cartigliano,24,Vicenza,5,45.713054,11.694064,10,0,5,5,0,559,249271212,0,249271212,27789.2,219421.1,0.867597,7.3772,3788,513.4739467548663,0,0,0,0,0,0,0,0,0,21.315155,no,531325.46,0.002092,Non signif,Non signif
43004,Belforte del Chienti,43,Macerata,11,43.162552,13.245376,1,0,0,0,1,163,0,171565523,171565523,22442.8,94587.8,0.946123,16.0548,1913,119.15439619303883,2.253145,0,155,0,0.140341,0,0,24077659,0,27.736975,no,475870.86,-0.179604,Non signif,Non signif
41026,Mercatino Conca,41,Pesaro e Urbino,11,43.870162,12.491148,1,0,1,0,0,16,7718542,0,7718542,704.8,10337.5,0.831346,13.9459,1038,74.43047777482988,6.550282,0.332034,166,71,0.469692,0.023809,3625340,0,183769,24.621765,no,19004.41,-0.178607,Non signif,Non signif
97026,Costa Masnaga,97,Lecco,3,45.767002,9.278316,5,0,1,3,1,925,101433327,218934261,320367588,32679.9,235589.7,0.921707,5.617999999999999,4839,861.3385546457815,0,0.078741,0,9,0,0.014016,0,0,1421673,14.425007,no,462130.47,-0.217092,Non signif,Non signif
35040,Scandiano,35,Reggio nell'Emilia,8,44.599345,10.687838,18,0,7,10,1,872,283709214,147906798,431616012,59767.5,452253.2,0.873171,50.048500000000004,25758,514.660779044327,5.909456,1.158727,269,442,0.118075,0.023152,33498848,17464034,6568459,36.618436,no,1580510.31,0.078072,Non signif,Non signif
19035,Crema,19,Cremona,3,45.362828,9.687457,9,0,3,5,1,719,296490159,131494214,427984373,48175.8,310427.5,0.881004,34.5188,34264,992.6185151279883,0,2.119698,0,37,0,0.061407,0,0,18206589,21.210647,no,907782.53,-0.347813,Non signif,Non signif
11028,Sesta Godano,11,La Spezia,7,44.293966,9.675716,2,0,2,0,0,42,16906464,0,16906464,1046.2,35445,0.767936,67.7769,1339,19.755993561228088,4.74217,1.218765,79,58,0.069967,0.017982,1182900,0,304012,28.212129,no,47696.73,-0.365987,Non signif,Non signif
3121,Pombia,3,Novara,1,45.65083,8.632293,1,0,0,1,0,16,18460297,0,18460297,507,16128.3,0.897358,12.296700000000001,2176,176.95804565452516,0.201946,0.231734,15,3,0.016423,0.018845,303169,0,347888,12.08995,no,22318.41,-1.629613,Non signif,Non signif
76098,Viggiano,76,Potenza,17,40.340711,15.900773,5,0,2,3,0,329,66678384,0,66678384,8910.7,72990.5,0.899094,89.6991,3347,37.31364082805736,9.331319,0,92,0,0.104029,0,6936494,0,0,40.913322,no,272803.42,0.719236,Non signif,Non signif
19099,Sospiro,19,Cremona,3,45.108571,10.157675,1,0,1,0,0,22,8971094,0,8971094,1279.5,8360.5,0.909901,18.9597,3057,161.23672842924728,0,0,0,0,0,0,0,0,0,21.210647,no,19028.27,0.519945,Non signif,Non signif
36019,Maranello,36,Modena,8,44.525522,10.866361,15,0,7,8,0,976,372169910,0,372169910,32039.7,264636,0.916108,32.5813,17590,539.880238050661,1.379796,0.593615,36,74,0.042349,0.01822,15761144,0,6780750,36.541065,no,1359948.47,-0.265065,Non signif,Coldspot 99%
108039,Seregno,108,Monza e della Brianza,3,45.649723,9.205392,30,0,20,6,4,1813,289291695,312503690,601795385,58972,843159.8,0.849573,13.0451,45131,3459.6131880936136,0,0,0,0,0,0,0,0,0,13.279771,no,799170.51,0.108664,Non signif,Non signif
91005,Bari Sardo,91,Nuoro,20,39.842053,9.644147,1,0,1,0,0,23,10722898,0,10722898,148.9,14171.6,0.830996,37.4264,3993,106.68939572066776,4.017411,0.7027,49,13,0.107342,0.018776,1151013,0,201328,14.344669,si,15381.64,-1.474734,Low-Low,Coldspot 99%
51016,Civitella in Val di Chiana,51,Arezzo,9,43.402527,11.735586,7,0,4,3,0,325,87885758,0,87885758,10248,118861.3,0.85722,100.1856,9035,90.18262105532133,0.533439,0.418777,3,2,0.005325,0.00418,467948,0,367364,29.518286,no,259423.69,0.155356,Non signif,Non signif
110003,Bisceglie,110,Barletta-Andria-Trani,16,41.240274,16.501011,8,1,4,3,0,229,72387207,0,72387207,4470.9,89632.1,0.842527,69.24510000000001,55385,799.8399886778991,0.094677,3.288436,76,2684,0.001367,0.04749,98973,0,3437654,22.254355,no,161093.06,-0.326568,Non signif,Non signif
28058,Noventa Padovana,28,Padova,5,45.414232,11.9508,8,0,4,4,0,470,137968220,0,137968220,9684.6,164053.8,0.850607,7.0837,11423,1612.5753490407556,0,0.254131,0,234,0,0.035875,0,0,4949673,17.804557,no,245646.31,0.595638,Non signif,Non signif
22049,Castelnuovo,22,Trento,4,46.052859,11.493282,1,0,0,1,0,127,27917674,0,27917674,2492.6,28796.3,0.90934,13.145199999999999,1035,78.73596445850957,4.449139,0.130209,35,4,0.338461,0.009905,9449047,0,276537,14.82766,no,41395.38,-0.844436,Non signif,Non signif
4210,San Michele Mondovì,4,Cuneo,1,44.377031,7.911036,2,0,0,1,1,118,81844067,223972051,305816118,25737.7,140313.8,0.949369,18.1122,1956,107.99350713883459,0.2733,0.90333,63,23,0.015089,0.049874,1234968,3379576,4081901,16.396584,no,501433.96,-0.539121,Non signif,Non signif
61052,Mondragone,61,Caserta,15,41.114112,13.893519,2,0,1,1,0,66,10186239,0,10186239,744.6,28897.8,0.702861,55.717600000000004,28797,516.8384855054776,4.203512,9.10679,118,858,0.075443,0.163445,768482,0,1664895,28.435248,no,28964.82,0.953805,Non signif,Non signif
14037,Livigno,14,Sondrio,3,46.537801,10.136316,5,0,4,1,0,190,61295753,0,61295753,5872.9,54058.8,0.872843,227.296,6550,28.817049134168663,25.516442,7.678333,698,526,0.112261,0.033781,6881113,0,2070644,12.776609,no,78315.19,-0.25731,Non signif,Non signif
4045,Casalgrasso,4,Cuneo,1,44.819641,7.624625,4,0,0,4,0,331,123534872,0,123534872,14428,153587.9,0.875225,17.8069,1444,81.09216090391928,0,2.712706,0,18,0,0.15234,0,0,18819322,16.396584,no,202554.99,0.27109,High-High,Hotspot 99%
17186,Torbole Casaglia,17,Brescia,3,45.50531,10.102464,13,2,7,2,2,571,148638890,237543695,386182585,30700.3,528392,0.866482,13.4395,6571,488.9318799062465,0,0.713878,0,41,0,0.053118,0,0,7895386,20.48295,no,791015.85,0.052087,Non signif,Non signif
1128,Lanzo Torinese,1,Torino,1,45.27335,7.477411,4,0,2,2,0,201,62184450,0,62184450,5871.8,49198.7,0.894002,10.2877,5011,487.08652079667957,0.148583,0.605516,20,166,0.014443,0.058858,898116,0,3660068,20.594868,no,128068.05,-0.046466,High-Low,Coldspot 99%
100004,Poggio a Caiano,100,Prato,9,43.816089,11.05465,2,0,2,0,0,70,16080653,0,16080653,2369.5,21331.3,0.868617,5.9996,10048,1674.7783185545702,0.033663,0.6725,2,1179,0.005611,0.112091,90227,0,1802493,30.888404,no,49670.57,0.750283,Non signif,Non signif
37034,Loiano,37,Bologna,8,44.266157,11.325534,1,0,0,1,0,145,32099075,0,32099075,5104.7,23988.4,0.948912,52.406400000000005,4288,81.82206753373633,14.001663,0.476768,301,7,0.267175,0.009098,8576060,0,292022,38.815968,no,124595.67,-0.239087,Non signif,Non signif
24043,Gambellara,24,Vicenza,5,45.462509,11.33984,7,0,2,4,1,454,143920893,403985804,547906697,20445.7,322642,0.899883,12.9968,3432,264.0650006155361,0,3.622805,0,282,0,0.278746,0,0,40117362,21.315155,no,1167871.63,-0.394497,Non signif,Coldspot 95%
69041,Gissi,69,Chieti,13,42.021227,14.545748,3,0,1,1,1,332,22057550,71354092,93411642,8517.4,89475.3,0.836871,36.6469,2706,73.8398063683422,12.052732,1.43528,524,24,0.328888,0.039165,7254467,23467517,863886,28.116343,no,262639.38,-0.240955,Non signif,Non signif
78093,Parenti,78,Cosenza,18,39.162192,16.410498,1,0,0,1,0,32,33358654,0,33358654,8130.2,24664,0.926653,37.6183,2130,56.62137842486237,0.441297,0.875076,253,97,0.011731,0.023262,391327,0,775988,50.996071,no,170116.03,1.273023,Non signif,Non signif
3049,Cerano,3,Novara,1,45.410966,8.780039,3,0,1,2,0,234,63617737,0,63617737,8777.6,117891.3,0.879388,32.6395,6813,208.7348151779286,0,0.651108,0,2,0,0.019948,0,0,1269076,12.08995,no,76913.53,0.292305,Non signif,Non signif
24029,Chiampo,24,Vicenza,5,45.544573,11.280896,19,1,7,8,3,1158,215740373,322357101,538097474,57151.5,451201.3,0.895083,22.604400000000002,12879,569.7563306258958,0.554683,0,21,0,0.024539,0,5293992,7910230,0,21.315155,no,1146963.11,-0.248165,Low-Low,Coldspot 99%
109022,Monterubbiano,109,Fermo,11,43.084754,13.719887,3,0,1,1,1,653,36139520,106787560,142927080,8308.2,121738.5,0.906347,32.2357,2164,67.1305416044944,5.464687,0,164,0,0.169523,0,6126474,18102929,0,25.228384,no,360581.92,0.353459,Non signif,Non signif
87005,Aci Sant'Antonio,87,Catania,19,37.606392,15.126895,8,0,4,3,1,694,120644793,147606980,268251773,23522.8,203378.6,0.88798,14.333499999999999,18076,1261.101615097499,0,0,0,0,0,0,0,0,0,36.827421,no,987902.1,-0.272953,Non signif,Non signif
109007,Francavilla d'Ete,109,Fermo,11,43.187355,13.540682,1,0,0,0,1,234,0,70137016,70137016,7559,78236.3,0.886079,10.2043,945,92.60801818841077,0.135129,0,3,0,0.013242,0,0,928780,0,25.228384,no,176944.36,0.139624,Non signif,Non signif
23040,Isola della Scala,23,Verona,5,45.273105,11.006889,9,0,5,3,1,961,122162363,361296038,483458401,41511.7,343991,0.887726,69.8305,11545,165.32890355933296,0,0,0,0,0,0,0,0,0,20.167921,no,975035.1,-0.098617,Low-High,Hotspot 99%
64008,Avellino,64,Avellino,15,40.996545,15.140569,29,1,8,17,3,3568,604108745,340578734,944687479,77467.3,763737.8,0.874695,30.550500000000003,54353,1779.1198180062518,0.507405,0.362411,77,357,0.016609,0.011863,10033479,5656580,7166353,37.737871,no,3565049.42,0.123613,Non signif,Non signif
16080,Colzate,16,Bergamo,3,45.816027,9.855865,3,0,1,1,1,443,21940924,143802941,165743865,2726.9,165366.2,0.88937,6.7486,1638,242.71700797202385,1.067006,0.469033,134,187,0.158108,0.069501,3469030,22736360,1524911,21.203762,no,351439.34,-0.41228,Non signif,Non signif
87042,San Gregorio di Catania,87,Catania,19,37.565254,15.111788,2,0,0,0,2,2282,0,666658693,666658693,31166.8,794465.6,0.880825,5.6491,11880,2102.9898567913474,0.011177,0,5,0,0.001979,0,0,1319014,0,36.827421,no,2455132.03,0.280423,Non signif,Non signif
93027,Montereale Valcellina,93,Pordenone,6,46.160509,12.662136,2,0,0,2,0,105,37525640,0,37525640,6585.7,34949.5,0.907411,67.88119999999999,4365,64.3035184999676,2.831282,0,60,0,0.041709,0,1565171,0,0,22.312037,no,83727.35,0.174259,High-Low,Coldspot 99%
52016,Monteriggioni,52,Siena,9,43.390059,11.223389,12,0,3,6,3,2083,151570164,218250057,369820221,41089.2,514993.4,0.888735,99.71700000000001,9937,99.65201520302455,2.188598,2.720132,127,167,0.021948,0.027279,3326676,4790173,4134609,24.090373,no,890910.7,0.031668,High-Low,Coldspot 99%
28038,Fontaniva,28,Padova,5,45.637629,11.752198,14,0,6,8,0,781,222650684,0,222650684,21328.6,222098.5,0.90521,20.6114,8061,391.0942488137633,0,0,0,0,0,0,0,0,0,17.804557,no,396419.68,-0.247474,Non signif,Non signif
56024,Fabrica di Roma,56,Viterbo,12,42.335126,12.299767,4,0,1,3,0,497,161146397,0,161146397,24301.8,96539.7,0.952555,34.786500000000004,8256,237.33344832046913,1.731389,0,910,0,0.049772,0,8020557,0,0,19.086634,no,307574.22,-0.23205,Non signif,Non signif
23077,Sant'Ambrogio di Valpolicella,23,Verona,5,45.522113,10.834443,10,0,4,4,2,747,346686256,267504214,614190470,47079.1,366706.2,0.913734,23.500300000000003,11818,502.88719718471674,0.224977,0.031294,95,6,0.009573,0.001332,3318955,2560916,461662,20.167921,no,1238694.51,-0.307723,Non signif,Non signif
58060,Monte Compatri,58,Roma,12,41.808918,12.737784,3,0,2,1,0,178,43259796,0,43259796,2292.4,43521.4,0.874255,24.5715,12134,493.8241458600411,0.112978,0.127408,1404,8,0.004598,0.005185,198905,0,224310,29.689549,no,128436.38,0.233054,High-High,Hotspot 99%
63001,Acerra,63,Napoli,15,40.946053,14.375008,13,0,3,7,3,1356,173626377,355509157,529135534,33681.6,490000,0.877721,54.712700000000005,59910,1094.9925702807575,0,0.017508,0,1,0,0.00032,0,0,55560,35.751904,no,1891760.3,0.011418,Non signif,Non signif
65130,Sant'Egidio del Monte Albino,65,Salerno,15,40.733842,14.597044,6,0,2,4,0,238,135242602,0,135242602,11583.2,166719,0.840134,7.2452,8906,1229.2276265665544,1.875971,0.333126,518,676,0.258926,0.045979,35017832,0,6218300,25.585615,no,346026.51,0.289193,Non signif,Non signif
17028,Breno,17,Brescia,3,45.956324,10.30404,3,0,2,0,1,207,32736390,115556000,148292390,14535.7,86847.4,0.923882,59.940799999999996,4821,80.42935696553934,10.825462,1.70008,1,69,0.180603,0.028363,5912276,20869710,928491,20.48295,no,303746.56,-0.225611,Non signif,Non signif
61057,Piedimonte Matese,61,Caserta,15,41.350819,14.368032,3,0,1,2,0,119,69978017,0,69978017,7359.7,69162.6,0.874705,41.4309,10986,265.1644062764748,8.499979,0.115979,3536,212,0.20516,0.002799,14356716,0,195892,28.435248,no,198984.23,0.609393,Non signif,Hotspot 95%
30116,Tarcento,30,Udine,6,46.215273,13.221658,5,1,3,1,0,118,77341856,0,77341856,2625.3,72189.5,0.903792,35.4198,8964,253.07878644148187,1.70878,0.445989,25,23,0.048244,0.012592,3731252,0,973851,22.91097,no,177197.7,-1.258961,Low-Low,Coldspot 99%
61082,Santa Maria a Vico,61,Caserta,15,41.026857,14.465186,2,1,0,1,0,28,20565268,0,20565268,3796.8,19785.1,0.916599,10.8352,14004,1292.4542232722977,3.508625,0.285872,614,582,0.323817,0.026384,6659389,0,542587,28.435248,no,58477.85,0.094407,Non signif,Non signif
15130,Magenta,15,Milano,3,45.465393,8.883843,15,0,3,11,1,1225,270627223,20144890,290772113,29603.8,427671,0.859371,21.992600000000003,23906,1087.0019915789856,0,1.857759,0,7,0,0.084472,0,0,22860424,15.050002,no,437612.09,0.572369,Non signif,Non signif
18020,Bosnasco,18,Pavia,3,45.064363,9.358477,2,0,2,0,0,23,19242699,0,19242699,1541.8,12212,0.92164,4.8372,623,128.79351691060944,0.236488,0,3,0,0.048889,0,940765,0,0,18.961299,no,36486.66,-0.842002,Non signif,Non signif
79039,Curinga,79,Catanzaro,18,38.826185,16.3134,1,0,1,0,0,43,8589515,0,8589515,920.9,11547.8,0.858267,52.526199999999996,6719,127.91711564895235,1.041986,2.458666,678,72,0.019837,0.046808,170394,0,402061,52.451966,no,45053.69,0.715673,Non signif,Non signif
84003,Aragona,84,Agrigento,19,37.403199,13.617948,8,0,4,4,0,441,129667932,0,129667932,11158.5,116981.2,0.88344,74.7026,9409,125.95277808269056,0.235545,0.094105,168,0,0.003153,0.00126,408856,0,163346,20.102118,no,260660.01,-0.001641,Low-High,Hotspot 99%
87038,Randazzo,87,Catania,19,37.877934,14.946248,4,0,2,1,1,392,32457495,31497907,63955402,9399.8,51652.5,0.882203,205.61669999999998,10763,52.3449700340488,0.766048,0,226,0,0.003726,0,120924,117349,0,36.827421,no,235531.25,0.556373,Non signif,Non signif
72033,Palo del Colle,72,Bari,16,41.057532,16.700782,3,0,1,0,2,368,30513222,197154951,227668173,22837.5,488666.1,0.833892,79.71390000000001,21488,269.56402835640955,0,0.553192,0,3,0,0.00694,0,0,211753,14.160402,no,322387.29,0.68741,Non signif,Non signif
87017,Giarre,87,Catania,19,37.726857,15.187688,2,0,2,0,0,56,14720820,0,14720820,684.2,34549,0.754204,27.3228,27546,1008.1690017128552,0.154721,0,6,0,0.005663,0,83360,0,0,36.827421,no,54212.98,0.090922,Non signif,Non signif
48012,Certaldo,48,Firenze,9,43.547853,11.041199,7,0,4,2,1,289,87359675,134641364,222001039,29134.8,166629.8,0.90458,75.2761,16023,212.8564046224499,18.850835,3.728253,605,569,0.250423,0.049528,21876835,33717237,4326725,35.050589,no,778126.73,-0.384738,Non signif,Non signif
5031,Castelnuovo Don Bosco,5,Asti,1,45.040849,7.963128,3,0,2,1,0,125,27426774,0,27426774,2718.5,32601,0.874134,21.6071,3195,147.8680618870649,1.521747,0.000334,77,0,0.070428,0.000015,1931616,0,424,21.748752,no,59649.81,-0.242664,Non signif,Coldspot 95%
18109,Parona,18,Pavia,3,45.282602,8.750845,2,0,1,1,0,97,50632472,0,50632472,3229.6,51253.3,0.835572,9.3013,1903,204.5950566049907,0,0,0,0,0,0,0,0,0,18.961299,no,96005.75,-0.254086,Low-Low,Coldspot 99%
65122,San Marzano sul Sarno,65,Salerno,15,40.775215,14.587362,3,0,0,2,1,215,66907167,88260388,155167555,22803.4,116688.9,0.923429,5.189500000000001,10499,2023.1236149918102,0,0.255307,0,79,0,0.049197,0,0,3291621,25.585615,no,397005.73,0.292763,Non signif,Non signif
83033,Gioiosa Marea,83,Messina,19,38.173269,14.895164,1,0,1,0,0,38,9392481,0,9392481,357,5761,0.932683,26.4827,6942,262.1333927431871,0.90074,0,123,0,0.034012,0,319461,0,0,44.663628,no,41950.23,0.296439,Non signif,Non signif
4232,Trinità,4,Cuneo,1,44.508277,7.757897,2,0,1,1,0,142,22517610,0,22517610,2530.4,21464.8,0.928168,28.3371,2232,78.76599934361667,0.01908,2.011803,0,50,0.000673,0.070995,15162,0,1598646,16.396584,no,36921.19,0.236628,Non signif,Non signif
65021,Camerota,65,Salerno,15,40.032501,15.372765,1,0,1,0,0,17,11489454,0,11489454,686.2,6459.1,0.934843,70.5781,7107,100.6969584049443,38.806067,0.685662,4588,41,0.549832,0.009715,6317264,0,111619,25.585615,no,29396.47,-0.859868,Non signif,Hotspot 95%
16172,Pontirolo Nuovo,16,Bergamo,3,45.569175,9.569345,9,0,2,6,1,636,157758992,79821078,237580070,16257.1,232982.8,0.914357,11.0978,4983,449.0079114779506,0,0,0,0,0,0,0,0,0,21.203762,no,503759.12,-0.367305,Non signif,Non signif
16031,Bonate Sotto,16,Bergamo,3,45.666784,9.561388,2,0,1,1,0,174,37258130,0,37258130,937.1,19460.6,0.922065,6.467899999999999,6704,1036.503347299742,0,0.455806,0,15,0,0.070472,0,0,2625656,21.203762,no,79001.25,-0.871144,Non signif,Non signif
87031,Nicolosi,87,Catania,19,37.614711,15.026349,1,0,1,0,0,18,3330603,0,3330603,76.7,4002.6,0.848835,42.651199999999996,7528,176.50148178714787,0,0,0,0,0,0,0,0,0,36.827421,no,12265.75,-0.03433,Non signif,Non signif
62009,Bonea,62,Benevento,15,41.075206,14.618001,1,0,1,0,0,10,3305405,0,3305405,274.7,1308.4,0.969908,11.4628,1415,123.44278884740203,4.735289,0,1062,0,0.413101,0,1365465,0,0,40.937916,no,13531.64,-0.636477,Non signif,Non signif
86014,Piazza Armerina,86,Enna,19,37.385946,14.367174,2,0,0,2,0,124,51539921,0,51539921,12894.7,48227.4,0.894503,304.5421,21775,71.50078757583927,0.224266,0,471,0,0.000736,0,37954,0,0,34.389868,no,177245.11,0.833373,High-High,Hotspot 99%
63073,Sant'Antimo,63,Napoli,15,40.945711,14.231429,9,0,6,3,0,284,96375446,0,96375446,7008.3,131405.2,0.830716,5.9048,33892,5739.737162986045,0,0.228339,0,936,0,0.03867,0,0,3726845,35.751904,no,344560.57,-0.02655,Non signif,Non signif
79069,Maida,79,Catanzaro,18,38.858841,16.364824,3,0,2,1,0,74,37592608,0,37592608,2444.1,43500.4,0.858403,58.33520000000001,4668,80.02029649336934,0.316186,4.381101,23,61,0.00542,0.075102,203758,0,2823287,52.451966,no,197180.62,-0.278072,Non signif,Non signif
1266,Settimo Vittone,1,Torino,1,45.54976,7.832216,3,0,1,2,0,274,58539524,0,58539524,6415.1,65225.2,0.855233,23.2591,1546,66.46860798569162,2.68791,0.416925,648,44,0.115564,0.017925,6765050,0,1049335,20.594868,no,120561.38,-0.475007,Low-Low,Coldspot 99%
44002,Acquaviva Picena,44,Ascoli Piceno,11,42.944936,13.815114,2,0,2,0,0,36,11853591,0,11853591,861.2,6555.5,0.947042,21.0627,3799,180.36623984579376,0.354265,0,45,0,0.01682,0,199372,0,0,32.834347,no,38920.49,-0.67616,Non signif,Non signif
26006,Caerano di San Marco,26,Treviso,5,45.78591,12.001038,9,0,5,3,1,438,98169597,156724000,254893597,17555.5,303365.7,0.863259,12.0887,8000,661.7750461174486,0,0,0,0,0,0,0,0,0,21.139592,no,538834.66,0.076706,High-High,Hotspot 99%
60048,Patrica,60,Frosinone,12,41.592217,13.243998,3,1,0,2,0,120,70766332,0,70766332,1780.6,37027.8,0.901457,27.3077,3161,115.75489697045155,4.387743,0.441942,76,9,0.160678,0.016184,11370583,0,1145267,34.188464,no,241939.22,-1.385952,Non signif,Non signif
16125,Lenna,16,Bergamo,3,45.943983,9.678696,2,0,0,2,0,113,23979417,0,23979417,3370.5,20881.7,0.937718,12.738399999999999,592,46.47365446209886,1.601982,0.331742,15,21,0.12576,0.026043,3015653,0,624488,21.203762,no,50845.38,-0.04814,Non signif,Non signif
26061,Possagno,26,Treviso,5,45.854879,11.88157,3,0,1,1,1,475,69249655,53352086,122601741,19049.8,109460.7,0.925786,12.1104,2181,180.0931430836306,0,0,0,0,0,0,0,0,0,21.139592,no,259175.08,0.607665,Non signif,Non signif
1027,Bollengo,1,Torino,1,45.470859,7.94202,1,0,0,1,0,200,50451224,0,50451224,5460.2,46563.7,0.934579,14.2236,2144,150.7353975083664,0.081975,0.001474,5,0,0.005763,0.000104,290766,0,5228,20.594868,no,103903.63,-1.083659,Non signif,Non signif
60074,Sora,60,Frosinone,12,41.720336,13.613958,6,0,3,3,0,309,90644642,0,90644642,5920.5,68841.6,0.886541,72.1339,25972,360.0526243555388,24.295173,0.277239,2370,116,0.336807,0.003843,30529713,0,348383,34.188464,no,309900.11,0.03663,Non signif,Non signif
1086,Ciriè,1,Torino,1,45.235277,7.600308,10,0,5,4,1,533,137340169,148229110,285569279,17737.2,213043.2,0.878794,17.7331,18639,1051.0852586406213,0,0.776103,0,36,0,0.043766,0,0,6010800,20.594868,no,588126.16,-0.137179,Low-Low,Coldspot 99%
58118,Ciampino,58,Roma,12,41.800289,12.600471,14,0,7,5,2,1486,198706084,139719952,338426036,27008.4,537329,0.831956,12.998299999999999,38645,2973.0810952201446,0,0.177846,0,1135,0,0.013682,0,0,2718746,29.689549,no,1004771.62,0.283206,Non signif,Hotspot 99%
90006,Arzachena,90,Sassari,20,41.079898,9.387612,5,0,2,2,1,874,90954227,870006165,960960392,45555.5,227231,0.918614,230.854,13756,59.587444878581266,0.024115,5.811894,0,283,0.000104,0.025176,9501,90881,2289830,12.837123,si,1233596.65,-0.231735,Non signif,Non signif
16193,Sarnico,16,Bergamo,3,45.670143,9.963513,6,0,2,4,0,588,126889574,0,126889574,13716.7,130038.8,0.885992,6.6622,6688,1003.8725946384077,0.030755,2.056276,11,386,0.004616,0.308648,585766,0,39164238,21.203762,no,269053.63,0.010832,Non signif,Non signif
25016,Cortina d'Ampezzo,25,Belluno,5,46.538333,12.137351,3,0,2,1,0,147,65612756,0,65612756,9747.4,29069.4,0.967123,252.80830000000003,5842,23.10841851315799,12.181841,0,286,0,0.048186,0,3161622,0,0,17.91629,no,117553.71,-0.821093,Non signif,Coldspot 95%
9012,Borghetto Santo Spirito,9,Savona,7,44.114446,8.235328,1,0,0,1,0,46,35708827,0,35708827,3961,13432.6,0.976155,5.3911,4802,890.7273098254531,0.235637,0.421507,20,1054,0.043709,0.078186,1560780,0,2791920,24.791781,no,88528.54,-0.058219,Non signif,Hotspot 95%
77021,Policoro,77,Matera,17,40.21046,16.676376,4,0,2,2,0,159,59742890,0,59742890,4505,87611.7,0.832943,67.6576,17694,261.522726197796,0,4.915601,0,145,0,0.072654,0,0,4340565,22.969725,no,137227.78,-0.045352,Non signif,Non signif
13222,Tavernerio,13,Como,3,45.802426,9.146436,3,0,1,2,0,213,60082645,0,60082645,3409.1,64577.2,0.884235,11.9055,5804,487.5057746419722,0.917736,0,21,0,0.077085,0,4631473,0,0,12.029442,no,72276.07,-0.66891,Non signif,Non signif
108010,Bovisio-Masciago,108,Monza e della Brianza,3,45.6109,9.151857,7,1,3,3,0,258,74522515,0,74522515,6247.2,68115.2,0.923151,4.9335,16929,3431.438127090301,0,0.054965,0,399,0,0.011141,0,0,830269,13.279771,no,98964.2,-0.428107,Non signif,Non signif
10034,Mezzanego,10,Genova,7,44.392008,9.407722,1,0,0,1,0,187,15927556,0,15927556,315.7,16889.9,0.938196,28.650199999999998,1541,53.78671004041857,10.753821,0.267471,342,112,0.375349,0.009336,5978391,0,148696,24.504626,no,39029.88,0.025009,Non signif,Non signif
73017,Montemesola,73,Taranto,16,40.56302,17.339228,1,0,0,1,0,102,31813302,0,31813302,3751.5,22003.2,0.947591,16.4329,3839,233.61670794564563,0.563117,1.137572,41,1,0.034268,0.069225,1090167,0,2202285,15.194153,no,48337.62,0.807198,Non signif,Non signif
26042,Miane,26,Treviso,5,45.944321,12.093856,4,0,2,2,0,198,51678060,0,51678060,5423.8,67760.5,0.862948,30.8841,3280,106.20351572491994,0,0,0,0,0,0,0,0,0,21.139592,no,109245.31,0.405416,Non signif,Non signif
26001,Altivole,26,Treviso,5,45.754003,11.955362,12,0,7,4,1,507,197406004,55966970,253372974,28098.6,296527.6,0.883575,21.947,6959,317.08206132956667,0,0,0,0,0,0,0,0,0,21.139592,no,535620.13,0.200359,Non signif,Hotspot 99%
111048,Nurri,111,Sud Sardegna,20,39.712048,9.229841,1,0,1,0,0,14,9139013,0,9139013,465.4,11557.6,0.85129,73.6734,2154,29.23714664994421,1.405007,0,15,0,0.019071,0,174288,0,0,15.448131,si,14118.07,-0.537803,Non signif,Non signif
1044,Bussoleno,1,Torino,1,45.139271,7.147717,1,0,1,0,0,19,1710787,0,1710787,116,2297.9,0.901725,37.0666,5981,161.35820388166167,11.118438,0.274449,4175,189,0.299958,0.007404,513165,0,12667,20.594868,no,3523.34,0.091656,Non signif,Non signif
1042,Burolo,1,Torino,1,45.48116,7.93392,2,1,1,0,0,25,5768324,0,5768324,618.9,4793.4,0.935425,5.4761,1160,211.82958674969413,0.030275,0.870891,5,25,0.005529,0.159035,31891,0,917365,20.594868,no,11879.79,-0.598348,Non signif,Coldspot 95%
10016,Cicagna,10,Genova,7,44.409323,9.235533,2,0,0,2,0,171,32245867,0,32245867,2700.4,24312,0.938249,11.283900000000001,2470,218.8959490956141,3.877795,0.242056,441,164,0.343657,0.021451,11081529,0,691721,24.504626,no,79017.29,-0.750042,Non signif,Non signif
26027,Follina,26,Treviso,5,45.953073,12.118137,3,0,3,0,0,75,19519992,0,19519992,1834.5,17916.4,0.903098,24.081799999999998,3814,158.37686551669728,0,0,0,0,0,0,0,0,0,21.139592,no,41264.47,-0.564197,Non signif,Non signif
37051,San Benedetto Val di Sambro,37,Bologna,8,44.215259,11.232914,2,0,1,1,0,86,28565112,0,28565112,4172.6,18157.8,0.946778,66.4726,4198,63.15384083065805,18.456826,0.750723,781,21,0.277661,0.011294,7931408,0,322606,38.815968,no,110878.25,0.306159,Non signif,Non signif
15142,Melzo,15,Milano,3,45.498585,9.424251,10,0,5,5,0,604,152702015,0,152702015,16110.9,232621.3,0.856414,9.8205,18493,1883.1016750674612,0,0.35766,0,149,0,0.03642,0,0,5561367,15.050002,no,229816.56,0.162485,Non signif,Non signif
17145,Polpenazze del Garda,17,Brescia,3,45.551185,10.504875,3,0,0,2,1,390,37734610,285025702,322760312,65531.9,443597.8,0.842944,9.1197,2672,292.9920940381811,0.011717,0,0,0,0.001285,0,48481,366201,0,20.48295,no,661108.33,1.743417,High-High,Hotspot 99%
72031,Noci,72,Bari,16,40.79468,17.123557,12,0,4,7,1,886,237432796,14155548,251588344,31242.2,180676.2,0.917234,150.5993,19115,126.92622077260651,0,0,0,0,0,0,0,0,0,14.160402,no,356259.21,0.232154,Non signif,Non signif
58059,Mentana,58,Roma,12,42.035022,12.642272,3,1,1,1,0,164,17652356,0,17652356,1170.6,42996.3,0.829049,24.268800000000002,23126,952.9107331223628,0.1641,0,100,0,0.006762,0,119361,0,0,29.689549,no,52409.05,-0.244912,Non signif,Non signif
16199,Serina,16,Bergamo,3,45.871941,9.729336,1,0,0,1,0,115,18548110,0,18548110,4006,22034.6,0.913741,27.338800000000003,2077,75.97261035597758,1.969445,0.000109,1,0,0.072038,0.000004,1336177,0,74,21.203762,no,39328.97,1.806068,Non signif,Non signif
23023,Cavaion Veronese,23,Verona,5,45.540293,10.770187,9,0,1,7,1,673,219389667,21980710,241370377,33448.5,297750.6,0.882124,12.9094,5924,458.8904209335833,0,0.0177,0,17,0,0.001371,0,0,300804,20.167921,no,486793.88,0.288784,Non signif,Non signif
16120,Grumello del Monte,16,Bergamo,3,45.637181,9.876759,13,0,7,5,1,717,172496528,104332220,276828748,29780.6,224487.7,0.908119,9.940900000000001,7427,747.1154523232302,0.035672,0.000104,3,0,0.003588,0.00001,618988,374387,1805,21.203762,no,586981.08,0.009942,Non signif,Non signif
48026,Marradi,48,Firenze,9,44.075738,11.612896,1,0,1,0,0,18,13005250,0,13005250,1809.4,12496.6,0.89457,154.0679,3062,19.87435409971837,11.294446,1.694186,71,352,0.073308,0.010996,953392,0,143010,35.050589,no,45584.17,0.8002,Non signif,Non signif
47005,Lamporecchio,47,Pistoia,9,43.81638,10.896283,2,0,0,2,0,70,70397971,0,70397971,4473.4,71787.6,0.863721,22.2522,7493,336.73075021795603,4.025597,0.639745,415,158,0.180908,0.02875,12735543,0,2023923,29.709501,no,209148.86,-0.43489,Non signif,Non signif
98028,Graffignana,98,Lodi,3,45.209188,9.452577,1,0,0,1,0,56,9659475,0,9659475,1156.2,9723.3,0.919466,10.9214,2612,239.1634772098815,0,0.241592,0,1,0,0.022121,0,0,213677,19.574231,no,18907.68,0.654898,Non signif,Non signif
17113,Montichiari,17,Brescia,3,45.415181,10.390675,38,1,10,25,2,2432,800890111,279193638,1080083749,143715.9,969267.6,0.883527,81.6625,25714,314.8813714985459,0,5.288283,0,1007,0,0.064758,0,0,51863873,20.48295,no,2212330.13,0.26608,Non signif,Non signif
65158,Bellizzi,65,Salerno,15,40.62018,14.948453,5,0,2,2,1,500,53609221,30884053,84493274,5698,111731.4,0.847325,8.0221,13619,1697.6851447875245,0,0.251683,0,155,0,0.031374,0,0,1681920,25.585615,no,216181.24,-0.428894,Non signif,Non signif
34013,Felino,34,Parma,8,44.696587,10.237205,8,0,4,3,1,462,182421183,54191631,236612814,14670.9,212171.6,0.900473,38.346399999999996,8873,231.3906911730958,5.610738,1.548469,155,151,0.146317,0.040381,26691357,7929168,7366364,33.475863,no,792081.82,-0.852589,Non signif,Non signif
3122,Prato Sesia,3,Novara,1,45.646849,8.372939,4,0,0,3,1,789,103214920,84878574,188093494,16025.9,195144.2,0.89596,12.126199999999999,1887,155.61346505912817,0,0.734813,0,35,0,0.060597,0,0,6254529,12.08995,no,227404.1,-0.62962,Non signif,Non signif
18159,Torre d'Isola,18,Pavia,3,45.217464,9.076149,3,0,2,1,0,235,74895442,0,74895442,8137.9,62566.4,0.902678,16.4388,2405,146.3002165608195,0,2.903438,0,31,0,0.176621,0,0,13228111,18.961299,no,142011.49,-0.649408,Non signif,Non signif
65050,Eboli,65,Salerno,15,40.617515,15.056944,12,0,7,4,1,1537,148962636,107243984,256206620,21180.7,300153.9,0.848087,137.5751,40058,291.1718763061048,3.30199,9.114311,439,594,0.024001,0.06625,3575306,2574002,9868732,25.585615,no,655520.39,-0.444066,Non signif,Non signif
35037,San Martino in Rio,35,Reggio nell'Emilia,8,44.732802,10.783988,5,0,1,3,1,663,66153853,82337000,148490853,11410.5,90358.3,0.925708,22.7179,8111,357.03123968324536,0,0.074007,0,4,0,0.003258,0,0,215506,36.618436,no,543750.27,-0.654831,Non signif,Non signif
38005,Codigoro,38,Ferrara,8,44.831581,12.109524,5,0,0,5,0,428,185800927,0,185800927,16726.6,114358.2,0.890598,170.011,11740,69.05435530642136,0,1.321039,0,2,0,0.00777,0,0,1443732,39.906082,no,741458.7,0.554838,Non signif,Non signif
24070,Mussolente,24,Vicenza,5,45.778952,11.801272,8,0,0,6,2,987,165516029,236623328,402139357,38763.9,499636.6,0.876212,15.431,7632,494.5888147236083,0,0,0,0,0,0,0,0,0,21.315155,no,857166.28,-0.07341,Non signif,Non signif
63034,Giugliano in Campania,63,Napoli,15,40.928687,14.200699,19,1,10,8,0,956,184121793,0,184121793,15056.4,227588,0.861813,94.6243,124361,1314.260713157191,0,0.093974,0,18,0,0.000993,0,0,182856,35.751904,no,658270.47,0.187558,Non signif,Non signif
48050,Vinci,48,Firenze,9,43.787397,10.927106,12,0,7,4,1,718,130968064,60556834,191524898,21425.6,357897.1,0.841543,54.1856,14650,270.36703478414927,5.905729,3.595141,329,4032,0.108991,0.066349,14274307,6600135,8689553,35.050589,no,671306.06,0.486064,Non signif,Non signif
11031,Vezzano Ligure,11,La Spezia,7,44.146775,9.876327,2,0,2,0,0,33,9842901,0,9842901,369.2,10331.8,0.810822,18.3716,7320,398.4410720895295,0.410487,5.184793,75,1044,0.022344,0.282218,219925,0,2777842,28.212129,no,27768.92,-0.136229,Non signif,Non signif
76063,Potenza,76,Potenza,17,40.518319,15.82096,16,0,7,6,3,2953,186026979,180683134,366710113,26228.7,690078.1,0.885934,175.43490000000003,67211,383.11077214396903,15.803055,0.745368,1449,107,0.090079,0.004249,16757182,16275812,790370,40.913322,no,1500332.89,0.192913,Non signif,Non signif
69057,Orsogna,69,Chieti,13,42.218939,14.279112,2,0,1,1,0,193,28208652,0,28208652,2965.2,22313.9,0.944689,25.446399999999997,3821,150.15876509054328,8.82256,0,588,0,0.346712,0,9780265,0,0,28.116343,no,79312.41,-0.079137,Non signif,Non signif
66036,Civitella Roveto,66,L'Aquila,13,41.916026,13.426898,1,0,1,0,0,48,4268462,0,4268462,245.7,5687,0.884721,45.45140000000001,3166,69.65682025196142,23.875629,0.002338,1155,0,0.5253,0.000051,2242224,0,220,47.395882,no,20230.75,-0.703061,Non signif,Non signif
23046,Marano di Valpolicella,23,Verona,5,45.556047,10.915684,4,0,0,3,1,359,65853252,133036351,198889603,15220.2,189285.7,0.912067,18.6223,3145,168.8835428491647,0.042598,0,2,0,0.002287,0,150638,304317,0,20.167921,no,401118.99,-0.324404,Non signif,Coldspot 99%
72029,Molfetta,72,Bari,16,41.199246,16.596828,21,0,8,10,3,7463,287950577,438828912,726779489,67278.3,802153.4,0.885511,58.9743,59470,1008.4053562314432,0,4.635946,0,2983,0,0.07861,0,0,22635679,14.160402,no,1029148.99,0.137883,Non signif,Non signif
13036,Cadorago,13,Como,3,45.724609,9.038219,7,0,0,5,2,1037,119465137,495769465,615234602,66354.2,462552.1,0.90376,7.193200000000001,7979,1109.2420619473946,0,0,0,0,0,0,0,0,0,12.029442,no,740092.89,-0.473064,Non signif,Non signif
30105,San Vito al Torre,30,Udine,6,45.895798,13.370587,3,0,3,0,0,62,19027185,0,19027185,1364.9,26405.5,0.858834,11.9226,1268,106.35264120242229,0,0,0,0,0,0,0,0,0,22.91097,no,43593.13,-0.40996,Non signif,Non signif
97059,Olginate,97,Lecco,3,45.800938,9.413279,10,0,5,4,1,721,162230125,54184502,216414627,26904.1,196609.2,0.894781,8.000499999999999,7024,877.9451284294732,0.174576,0.880879,352,599,0.021821,0.110103,3539965,1182340,17862022,14.425007,no,312178.25,-0.066006,Non signif,Non signif
12123,Somma Lombardo,12,Varese,3,45.683621,8.707087,4,0,1,2,1,477,39232998,91680536,130913534,11279.2,97076.2,0.918187,30.5055,17919,587.4022717214929,0,1.433813,0,34,0,0.047002,0,0,1844021,11.229804,no,147013.34,-0.275663,Non signif,Non signif
12016,Bodio Lomnago,12,Varese,3,45.791229,8.751004,4,0,1,3,0,378,72033429,0,72033429,9239.2,139875.6,0.807496,4.0386,2210,547.2193334323775,0,0.72271,0,7,0,0.178951,0,0,12890427,11.229804,no,80892.13,0.894135,Non signif,Non signif
16131,Madone,16,Bergamo,3,45.649957,9.547963,6,1,0,5,0,272,230929632,0,230929632,20749.5,178924.9,0.885852,3.0688999999999997,4068,1325.5563882824465,0,0.000905,0,0,0,0.000295,0,0,68100,21.203762,no,489657.69,-0.242319,Non signif,Non signif
12140,Vizzola Ticino,12,Varese,3,45.625599,8.696243,3,0,0,2,1,1624,68257078,57659000,125916078,11612.6,152422.7,0.907218,7.606,579,76.12411254272942,0,2.502897,0,4,0,0.329069,0,0,22461272,11.229804,no,141401.29,0.081955,Non signif,Non signif
10053,San Colombano Certenoli,10,Genova,7,44.399253,9.328805,1,0,0,1,0,46,18774351,0,18774351,2018.3,16203.2,0.920511,41.5754,2632,63.30666692322864,15.5694,1.365098,815,366,0.374486,0.032834,7030729,0,616442,24.504626,no,46005.85,-0.288848,Non signif,Non signif
84001,Agrigento,84,Agrigento,19,37.312299,13.57465,13,1,5,6,1,607,189635497,15634207,205269704,20251.6,259794.7,0.83694,245.3206,59329,241.8427152061425,2.524954,1.678492,757,180,0.010292,0.006842,1951817,160915,1297493,20.102118,no,412635.58,0.288581,High-High,Hotspot 99%
90047,Olbia,90,Sassari,20,40.923266,9.502744,15,0,7,7,1,1008,216381893,121232362,337614255,23344.6,364763.5,0.849221,383.642,60261,157.0761282654141,0.01947,14.834221,0,16909,0.000051,0.038667,10981,6153,8366802,12.837123,si,433399.56,-0.277294,Non signif,Non signif
28092,Torreglia,28,Padova,5,45.335667,11.73364,10,0,3,7,0,755,285745287,0,285745287,35765.1,209707.1,0.900466,18.8546,6119,324.5361874555811,0.194239,0.237793,33,73,0.010302,0.012612,2943731,0,3603801,17.804557,no,508756.83,-0.107538,Non signif,Non signif
95025,Marrubiu,95,Oristano,20,39.752143,8.637228,1,0,0,1,0,65,33825582,0,33825582,4522.2,42389.7,0.861204,61.235600000000005,4819,78.69605262298401,1.43147,2.632923,0,108,0.023376,0.042997,790722,0,1454385,13.76477,si,46560.13,0.624613,Non signif,Non signif
77008,Ferrandina,77,Matera,17,40.501218,16.454683,4,0,1,3,0,325,122157128,0,122157128,15668.1,108239.7,0.86903,218.1121,8593,39.397172371454865,1.678573,8.086031,64,2,0.007696,0.037073,940111,0,4528709,22.969725,no,280591.56,0.444104,Non signif,Non signif
31016,Ronchi dei Legionari,31,Gorizia,6,45.827808,13.501845,7,0,3,3,1,796,112544800,76185536,188730336,22256.3,168037.5,0.920842,17.1087,11971,699.7024905457458,0.013305,0,0,0,0.000778,0,87523,59248,0,23.340869,no,440513.01,0.660052,Non signif,Non signif
4059,Cavallermaggiore,4,Cuneo,1,44.709839,7.686329,6,0,1,4,1,489,80044910,118081543,198126453,17804.7,255255.6,0.8764,51.5954,5455,105.72647949235785,0,0.282229,0,1,0,0.00547,0,0,437849,16.396584,no,324859.7,0.328917,Non signif,Non signif
4244,Villafalletto,4,Cuneo,1,44.543734,7.540129,5,0,2,3,0,175,163469358,0,163469358,14564.3,109156.5,0.889282,29.7329,2911,97.90501431074668,0,0,0,0,0,0,0,0,0,16.396584,no,268033.9,-0.068427,Non signif,Non signif
98040,Montanaso Lombardo,98,Lodi,3,45.33577,9.468656,1,0,1,0,0,9,6696710,0,6696710,465.6,11812.3,0.799254,9.5213,2271,238.51784945333094,0,0.870452,0,2,0,0.091422,0,0,612224,19.574231,no,13108.29,0.082223,Non signif,Non signif
17130,Paderno Franciacorta,17,Brescia,3,45.589187,10.076411,5,0,3,2,0,235,76753991,0,76753991,7141.3,63515.3,0.897412,5.608099999999999,3661,652.8057630926696,0,0,0,0,0,0,0,0,0,20.48295,no,157214.82,0.507474,Non signif,Non signif
28082,Sant'Angelo di Piove di Sacco,28,Padova,5,45.345315,12.007022,5,0,4,0,1,302,20925981,67952945,88878926,12906.2,94674.9,0.878521,13.9651,7170,513.4227467042842,0,0.607888,0,102,0,0.043529,0,0,910889,17.804557,no,158244.99,0.114813,Non signif,Hotspot 95%
99020,Verucchio,99,Rimini,8,43.983611,12.421163,6,0,2,3,1,729,79985852,110110032,190095884,20854.8,216016.7,0.900192,27.3023,10012,366.7090318398084,3.252766,1.712422,247,32,0.119139,0.062721,9529426,13118388,5016776,28.763441,no,546781.18,0.074516,Non signif,Non signif
83064,Pace del Mela,83,Messina,19,38.179625,15.305332,5,0,3,2,0,229,56271471,0,56271471,2792.3,76065.3,0.85119,12.175799999999999,6266,514.6273756139227,0.025058,0,1,0,0.002058,0,115808,0,0,44.663628,no,251328.8,-0.057241,Non signif,Non signif
61024,Castel di Sasso,61,Caserta,15,41.192288,14.280644,1,0,0,1,0,51,14591519,0,14591519,2992.9,19646.5,0.858849,20.3234,1143,56.24058966511509,3.857729,0.092307,153,5,0.189817,0.004542,2769720,0,66273,28.435248,no,41491.35,1.612585,Non signif,Non signif
60046,Paliano,60,Frosinone,12,41.806023,13.058068,5,0,2,3,0,183,122656875,0,122656875,6030.9,152216.5,0.836392,70.6374,8163,115.5620110592972,1.993741,0.272332,82,6,0.028225,0.003855,3461991,0,472885,34.188464,no,419345.02,0.252262,Non signif,Non signif
21027,Curon Venosta/Graun im Vinschgau,21,Bolzano/Bozen,4,46.803738,10.555045,1,0,0,1,0,68,36239977,0,36239977,5794.8,15547.8,0.973972,209.6505,2381,11.35699652516927,0.011521,0,0,0,0.000055,0,1992,0,0,10.80791,no,39167.84,-0.75313,Low-Low,Coldspot 99%
1315,Volvera,1,Torino,1,44.956464,7.511052,2,0,2,0,0,62,18104685,0,18104685,1798.5,26123.4,0.84229,20.983,8675,413.42991945860933,0,0.55044,0,19,0,0.026233,0,0,474934,20.594868,no,37286.36,0.512442,Non signif,Non signif
78057,Frascineto,78,Cosenza,18,39.836404,16.261987,1,0,0,1,0,26,25569042,0,25569042,1088.5,24329.1,0.881068,29.1142,2074,71.2367161041691,1.75663,0.749653,112,138,0.060336,0.025749,1542730,0,658370,50.996071,no,130392.07,-1.366307,Non signif,Non signif
6167,Stazzano,6,Alessandria,1,44.727394,8.867728,1,0,0,1,0,65,34653151,0,34653151,1956.7,25399.1,0.92218,17.9134,2417,134.9269262116628,0.114714,1.354639,0,36,0.006404,0.075622,221912,0,2620525,20.84217,no,72224.69,-1.172269,Non signif,Non signif
3100,Momo,3,Novara,1,45.574889,8.556139,2,0,0,1,1,404,52420428,26218526,78638954,6271.3,65722.6,0.924123,23.5911,2509,106.35366727282747,0,1.873337,0,15,0,0.079409,0,0,4162635,12.08995,no,95074.11,-0.603503,Non signif,Non signif
67002,Ancarano,67,Teramo,13,42.836048,13.739392,6,0,1,2,3,884,77560467,219024231,296584698,32235,359358.8,0.885912,13.921199999999999,1890,135.76415826221879,1.920873,0.761468,72,13,0.137982,0.054698,10701937,30221370,4242437,27.38232,no,812117.71,-0.112386,Non signif,Non signif
43002,Apiro,43,Macerata,11,43.392256,13.131157,1,0,1,0,0,20,6590536,0,6590536,866.4,5636.5,0.923896,53.78,2234,41.53960580141317,8.759034,0,187,0,0.162868,0,1073387,0,0,27.736975,no,18280.15,0.31863,Non signif,Non signif
97074,Santa Maria Hoè,97,Lecco,3,45.744389,9.375011,2,0,2,0,0,40,20747132,0,20747132,2809,17496.9,0.91773,2.8345,2175,767.3310989592521,0.007856,0,2,0,0.002772,0,57502,0,0,14.425007,no,29927.75,-0.10614,Non signif,Non signif
37037,Medicina,37,Bologna,8,44.476674,11.638338,7,0,4,2,1,391,99928818,90248027,190176845,19540.5,152014.9,0.887515,159.1081,16768,105.38746927403444,0,17.302738,0,3398,0,0.108748,0,0,10867091,38.815968,no,738189.83,-0.669476,Non signif,Coldspot 95%
27022,Meolo,27,Venezia,5,45.619429,12.453057,6,0,1,4,1,392,71709996,66693955,138403951,13607.6,161486.7,0.887341,26.612399999999997,6345,238.42269017450514,0,8.095546,0,746,0,0.304202,0,0,21814326,17.526854,no,242578.59,-0.409042,Non signif,Non signif
42046,Serra de' Conti,42,Ancona,11,43.54331,13.037191,3,0,1,2,0,269,61741589,0,61741589,6086.1,50689.1,0.928123,24.543400000000002,3769,153.56470578648432,1.502122,0,64,0,0.061203,0,3778751,0,0,27.781362,no,171526.54,-0.543855,Non signif,Non signif
28006,Arre,28,Padova,5,45.216319,11.930495,3,0,1,2,0,342,119549197,0,119549197,16495.8,88608.2,0.92793,12.344100000000001,2143,173.60520410560508,0,0.621403,0,25,0,0.05034,0,0,6018116,17.804557,no,212852.05,-0.186982,Non signif,Non signif
23095,Villa Bartolomea,23,Verona,5,45.158717,11.353377,4,0,1,3,0,231,65158600,0,65158600,8771.5,58643.7,0.92309,52.989399999999996,5880,110.96558934428396,0,0,0,0,0,0,0,0,0,20.167921,no,131411.35,0.216382,Non signif,Non signif
34032,Salsomaggiore Terme,34,Parma,8,44.814762,9.979576,3,0,1,2,0,179,72749318,0,72749318,10424.9,63667.9,0.878854,81.5001,19710,241.84019406111156,13.035673,2.606216,834,526,0.159947,0.031978,11636014,0,2326383,33.475863,no,243534.62,0.431994,Non signif,Non signif
2062,Ghislarengo,2,Vercelli,1,45.528823,8.386128,1,0,0,1,0,84,17823479,0,17823479,1306.3,40887.8,0.790689,12.5031,870,69.58274347961705,0,1.60828,0,42,0,0.12863,0,0,2292643,17.175786,no,30613.23,0.495403,Non signif,Non signif
26093,Volpago del Montello,26,Treviso,5,45.778058,12.119815,5,0,1,4,0,422,111019592,0,111019592,7239.1,95821.7,0.869901,44.8228,10199,227.54044816477327,0,0,0,0,0,0,0,0,0,21.139592,no,234690.89,-0.191895,Non signif,Non signif
16158,Parre,16,Bergamo,3,45.874587,9.890855,3,0,0,2,1,461,71628119,130113358,201741477,9819.2,136081.9,0.914204,22.2797,2732,122.62283603459653,5.485344,1.458493,110,28,0.246204,0.065463,17635106,32034387,4688982,21.203762,no,427767.82,-1.036774,Non signif,Non signif
26022,Cordignano,26,Treviso,5,45.94897,12.41602,10,0,3,6,1,570,230557410,182550959,413108369,30691.7,217874.2,0.912689,26.245900000000002,7024,267.6227525061057,0.061159,0,2,0,0.00233,0,537252,425386,0,21.139592,no,873294.23,-0.321919,Non signif,Non signif
3098,Miasino,3,Novara,1,45.801972,8.429724,1,0,0,0,1,195,0,82624391,82624391,18481.8,81172.8,0.910896,5.521,795,143.99565296142003,0.281165,0.081659,119,5,0.050926,0.014791,0,4207768,0,12.08995,no,99892.48,0.880351,High-Low,Coldspot 99%
103050,Omegna,103,Verbano-Cusio-Ossola,1,45.879774,8.408022,6,0,3,3,0,490,86518910,0,86518910,7856.8,85666,0.887489,30.3724,15285,503.2529533392159,0.564339,0.273209,1533,334,0.018581,0.008995,1607578,0,778264,17.575018,no,152057.14,-0.471352,Low-Low,Coldspot 99%
67014,Castilenti,67,Teramo,13,42.533705,13.917011,4,0,1,2,1,245,46358440,63279869,109638309,15483.4,113377.7,0.876825,23.7946,1419,59.63537945584292,7.281362,0.645092,207,19,0.306009,0.027111,14186100,19364210,1256817,27.38232,no,300215.12,,,
32004,San Dorligo della Valle-Dolina,32,Trieste,6,45.612602,13.853506,4,0,0,4,0,311,59660653,0,59660653,5349.9,53434.2,0.927164,24.222199999999997,5754,237.55067665199695,0.101883,0.0022,4,0,0.004206,0.000091,250944,0,5419,23.184655,no,138321.16,-0.203866,Non signif,Non signif
56023,Corchiano,56,Viterbo,12,42.344926,12.355668,2,0,1,1,0,140,21383054,0,21383054,1407.8,20488.9,0.918557,33.0311,3793,114.8311742569881,0.056241,0,63,0,0.001703,0,36408,0,0,19.086634,no,40813.05,-1.008601,Non signif,Non signif
16060,Casnigo,16,Bergamo,3,45.815986,9.868556,9,0,4,4,1,535,226224222,107412209,333636431,34887,243705.3,0.903234,13.6221,3221,236.453997548102,6.205395,0.581393,109,51,0.455539,0.04268,103053909,48930428,9655279,21.203762,no,707434.74,-0.418999,Non signif,Non signif
12120,Sesto Calende,12,Varese,3,45.723955,8.634362,9,0,3,5,1,1016,138178032,54033521,192211553,26489.1,229534.3,0.889648,25.0383,11141,444.9583238478651,0.318992,4.800637,18,688,0.01274,0.191732,1760411,688396,26493115,11.229804,no,215849.81,0.785198,Non signif,Non signif
96007,Brusnengo,96,Biella,1,45.593865,8.251924,1,0,0,1,0,51,21297432,0,21297432,3205.6,19564.4,0.914581,10.453399999999998,2036,194.76916601297188,0.020861,0.000103,0,0,0.001996,0.00001,42502,0,210,19.06674,no,40607.26,0.090425,Non signif,Non signif
97078,Suello,97,Lecco,3,45.816781,9.311543,3,0,1,2,0,136,103146665,0,103146665,6240,65902.8,0.93497,2.6291,1766,671.7127534137156,0.143126,0,16,0,0.054439,0,5615218,0,0,14.425007,no,148789.14,-0.773885,Non signif,Non signif
20054,Sabbioneta,20,Mantova,3,44.998436,10.488587,5,0,1,2,2,496,47543168,192754379,240297547,21650.6,249950,0.902306,37.2706,4159,111.589295584187,0,0,0,0,0,0,0,0,0,21.044843,no,505702.41,-0.513797,Low-Low,Coldspot 99%
4152,Novello,4,Cuneo,1,44.587706,7.927116,3,0,1,2,0,175,78743545,0,78743545,5733.7,64818.7,0.911898,11.7057,983,83.97618254354715,3.403555,0.038852,135,1,0.29076,0.003319,22895511,0,261355,16.396584,no,129112.51,-1.30834,Non signif,Non signif
3025,Borgo Ticino,3,Novara,1,45.689268,8.60183,3,0,2,1,0,159,55812447,0,55812447,5093.3,54113.2,0.905598,13.374,5089,380.51443098549424,0,0,0,0,0,0,0,0,0,12.08995,no,67476.97,-0.20602,Non signif,Non signif
108016,Carnate,108,Monza e della Brianza,3,45.647281,9.379087,3,0,1,2,0,227,31262978,0,31262978,4981.2,37047.8,0.907181,3.4703,7327,2111.344840503703,0,0.090103,0,53,0,0.025964,0,0,811713,13.279771,no,41516.52,1.60905,High-High,Hotspot 99%
65132,San Valentino Torio,65,Salerno,15,40.793011,14.598039,5,1,2,2,0,144,104652962,0,104652962,11746.4,105083.4,0.869768,9.1565,10937,1194.4520286135532,0,0.180486,0,39,0,0.019711,0,0,2062840,25.585615,no,267761.04,0.375972,Non signif,Non signif
92066,Sarroch,92,Cagliari,20,39.067234,9.009445,2,0,0,1,1,1347,27651046,1670740524,1698391570,374730.9,1752013.4,0.867853,67.8304,5283,77.88543190074067,0.049099,0.036271,0,18,0.000724,0.000535,20015,1209365,14786,12.810064,si,2175650.53,1.556944,Non signif,Non signif
60052,Piedimonte San Germano,60,Frosinone,12,41.498319,13.752311,4,0,2,2,0,216,63246584,0,63246584,3673.8,41919.5,0.921503,17.3247,6469,373.3975191489607,2.290523,0,2200,0,0.132211,0,8361920,0,0,34.188464,no,216230.36,-0.639556,Non signif,Non signif
90071,Thiesi,90,Sassari,20,40.524859,8.716419,2,0,1,0,1,218,9835735,80691731,90527466,10562,117473.7,0.862348,63.2454,2936,46.422348502816014,9.619141,0,32,0,0.152092,0,1495940,12272594,0,12.837123,si,116211.22,0.403849,Non signif,Non signif
90075,Tula,90,Sassari,20,40.732465,8.983921,1,0,0,1,0,23,13791632,0,13791632,939.1,15716.9,0.865774,66.1864,1544,23.328055310456527,0.150004,0.121752,3,192,0.002266,0.00184,31257,0,25370,12.837123,si,17704.49,-0.125444,Non signif,Non signif
82043,Isola delle Femmine,82,Palermo,19,38.198295,13.247344,2,0,0,1,1,213,24337666,79893442,104231108,14991.1,140712.2,0.890169,3.5664,7249,2032.581875280395,1.164998,0,141,0,0.326659,0,7950127,26097942,0,29.57954,no,308310.82,0.113934,Non signif,Non signif
111035,Iglesias,111,Sud Sardegna,20,39.31254,8.534111,1,0,0,1,0,152,24482643,0,24482643,2552.1,19756,0.941758,208.2333,26784,128.62496056106298,16.065816,0.487267,1116,112,0.077153,0.00234,1888908,0,57290,15.448131,si,37821.11,-0.324913,Non signif,Non signif
67032,Notaresco,67,Teramo,13,42.654145,13.894698,4,0,1,3,0,344,133098718,0,133098718,21056.9,145197.2,0.859358,38.1508,6702,175.67128343311282,6.754793,0.515385,395,13,0.177055,0.013509,23565804,0,1798051,27.38232,no,364455.17,0.966408,Non signif,Non signif
20046,Quingentole,20,Mantova,3,45.039077,11.045796,1,0,1,0,0,26,2025194,0,2025194,178.6,2561.5,0.894752,14.379000000000001,1179,81.99457542249112,0,3.052815,0,67,0,0.212311,0,0,429970,21.044843,no,4261.99,1.274678,Non signif,Non signif
109017,Montegiorgio,109,Fermo,11,43.132253,13.536383,5,0,2,3,0,357,95368190,0,95368190,5076,67043,0.912817,47.4466,6723,141.6961383955858,0.773556,0,33,0,0.016304,0,1554856,0,0,25.228384,no,240598.53,-0.70846,Non signif,Non signif
64072,Pietradefusi,64,Avellino,15,41.044191,14.883407,3,0,1,2,0,102,43876447,0,43876447,4012.7,38674.2,0.90794,9.2417,2320,251.03606479327397,0.280987,0,22,0,0.030404,0,1334031,0,0,37.737871,no,165580.37,-0.33953,Non signif,Non signif
21093,Silandro/Schlanders,21,Bolzano/Bozen,4,46.628069,10.773476,4,0,3,1,0,260,76488867,0,76488867,14886.6,110299.7,0.889095,115.1732,6181,53.66699891988762,3.598748,0,225,0,0.031246,0,2390002,0,0,10.80791,no,82668.48,0.265095,High-Low,Coldspot 99%
99005,Misano Adriatico,99,Rimini,8,43.977495,12.698695,9,0,3,6,0,499,165487077,0,165487077,19992.3,207937.8,0.847915,22.3453,13330,596.5460298138757,0.404383,2.14125,41,576,0.018097,0.095826,2994820,0,15857885,28.763441,no,475997.78,0.49831,Non signif,Non signif
11001,Ameglia,11,La Spezia,7,44.065929,9.95741,2,0,0,0,2,803,0,1065887000,1065887000,162049,902644,0.916793,14.173499999999999,4366,308.0396514622359,0.865194,3.363627,20,2080,0.061043,0.237318,0,65065018,0,28.212129,no,3007094.12,0.931021,Non signif,Non signif
17077,Gavardo,17,Brescia,3,45.584627,10.438237,10,0,4,6,0,508,162360983,0,162360983,14281.6,188595.7,0.905389,29.7964,12197,409.34475305741637,0.398045,0.643249,67,490,0.013359,0.021588,2168953,0,3505072,20.48295,no,332563.19,-0.233316,Non signif,Non signif
22183,Storo,22,Trento,4,45.849075,10.579914,6,0,2,3,1,368,61829239,83966248,145795487,24135.3,174834.2,0.87847,62.9407,4596,73.02111352431733,29.535939,0.316168,262,6,0.469266,0.005023,29014368,39402517,310585,14.82766,no,216180.58,0.189401,Non signif,Non signif
69033,Fossacesia,69,Chieti,13,42.244633,14.482904,1,0,1,0,0,46,10944405,0,10944405,1648.8,11670.8,0.909036,30.141199999999998,6358,210.94050668188396,0.467703,1.898202,54,31,0.015517,0.062977,169825,0,689246,28.116343,no,30771.66,0.44664,Non signif,Non signif
98048,San Martino in Strada,98,Lodi,3,45.271532,9.528032,4,0,3,0,1,466,10605023,107703839,118308862,15967.1,77138.7,0.884609,13.148599999999998,3744,284.7451439697002,0,0.245254,0,1,0,0.018652,0,0,197810,19.574231,no,231580.5,0.127072,Non signif,Non signif
16132,Mapello,16,Bergamo,3,45.708965,9.547513,5,0,3,2,0,242,103784732,0,103784732,15417.5,98674.8,0.899699,8.6574,6840,790.0755423106243,0.028918,0.000526,1,0,0.00334,0.000061,346668,0,6306,21.203762,no,220062.67,0.054822,Non signif,Non signif
20041,Piubega,20,Mantova,3,45.227309,10.534508,4,0,1,2,1,223,29165529,68724795,97890324,11100.9,112237.5,0.85766,16.5879,1681,101.33892777265355,0,0.535121,0,33,0,0.03226,0,0,940872,21.044843,no,206008.65,0.687051,Non signif,Non signif
19046,Gadesco-Pieve Delmona,19,Cremona,3,45.167703,10.114948,6,0,1,4,1,435,115576213,65183359,180759572,19056.7,231878.6,0.856441,17.1015,2002,117.06575446598251,0,0.12325,0,210,0,0.007207,0,0,832954,21.210647,no,383402.74,0.402072,Non signif,Non signif
17045,Castrezzato,17,Brescia,3,45.512505,9.977855,6,0,3,3,0,324,118351638,0,118351638,12922.1,127256.7,0.873515,13.6323,7196,527.8639701297653,0,0.028212,0,1,0,0.002069,0,0,244928,20.48295,no,242419.07,0.306831,Non signif,Non signif
27014,Fiesso d'Artico,27,Venezia,5,45.417348,12.033181,8,1,3,4,0,394,119001997,0,119001997,17366,127776.8,0.857406,6.310499999999999,8341,1321.765311781951,0,0.061805,0,3,0,0.009794,0,0,1165505,17.526854,no,208573.07,0.411272,High-High,Hotspot 99%
34012,Corniglio,34,Parma,8,44.4759,10.088926,1,0,0,1,0,18,33208831,0,33208831,1112.6,22300,0.913383,165.6999,1863,11.243217406890407,45.808944,3.175585,745,16,0.276457,0.019165,9180823,0,636437,33.475863,no,111169.43,-1.311249,Low-Low,Coldspot 99%
96050,Pray,96,Biella,1,45.676196,8.208714,1,0,0,1,0,59,32832129,0,32832129,3358.4,44627.9,0.850227,9.1847,2129,231.79853451936373,0,0.602034,0,298,0,0.065547,0,0,2152064,19.06674,no,62600.17,0.460498,Non signif,Non signif
83079,San Marco d'Alunzio,83,Messina,19,38.073514,14.699355,1,0,0,1,0,74,11095289,0,11095289,1894.2,10408.4,0.928087,26.141,1925,73.6391109750966,2.014364,0,97,0,0.077058,0,854977,0,0,44.663628,no,49555.59,0.736843,Non signif,Non signif
12118,Samarate,12,Varese,3,45.628182,8.784305,3,0,1,2,0,167,109550455,0,109550455,11690.9,85310.6,0.919443,16.014200000000002,16018,1000.2372894056523,0,0.069558,0,33,0,0.004344,0,0,475835,11.229804,no,123023.02,-0.297354,Low-Low,Coldspot 99%
18180,Villanterio,18,Pavia,3,45.219467,9.364356,3,0,1,2,0,164,77063804,0,77063804,9950,85099.1,0.877515,14.7676,3065,207.54895853083778,0,0.232061,0,45,0,0.015714,0,0,1210996,18.961299,no,146122.99,0.278035,Non signif,Non signif
63051,Ottaviano,63,Napoli,15,40.849818,14.490127,7,0,1,6,0,425,309899238,0,309899238,14400.8,169177.4,0.904254,20.021900000000002,23710,1184.2032973893586,5.410662,3.153238,619,7572,0.270237,0.157489,83746299,0,48805860,35.751904,no,1107948.79,-0.137215,Non signif,Non signif
20055,San Benedetto Po,20,Mantova,3,45.041924,10.928295,2,0,1,1,0,118,35525671,0,35525671,1598.5,39127,0.771561,69.94149999999999,7040,100.65554785070381,0,11.301686,0,224,0,0.161588,0,0,5740511,21.044843,no,74763.22,0.372205,Non signif,Non signif
4095,Garessio,4,Cuneo,1,44.202931,8.019253,2,0,1,0,1,169,4445611,69336621,73782232,14473.4,121466.2,0.853675,131.2852,3132,23.856459067739546,10.388039,1.011466,174,155,0.079126,0.007704,351762,5486312,34251,16.396584,no,120977.66,1.621301,High-High,Hotspot 99%
13154,Montano Lucino,13,Como,3,45.790331,9.027521,5,0,4,1,0,211,90271867,0,90271867,8270.5,65029.6,0.896444,5.2232,5240,1003.2164190534538,0.00212,0,7,0,0.000406,0,36640,0,0,12.029442,no,108592.02,-0.282942,Non signif,Non signif
88011,Scicli,88,Ragusa,19,36.79357,14.706964,1,0,1,0,0,35,41095860,0,41095860,1741.9,8878.3,0.979244,138.7236,27051,194.99926472496387,2.04307,0,1726,0,0.014728,0,605245,0,0,23.45042,no,96371.52,-1.141786,Non signif,Non signif
23009,Bonavigo,23,Verona,5,45.257573,11.279332,1,0,0,1,0,211,48348634,0,48348634,2498.5,42204,0.912962,17.9949,2013,111.86502842472034,0,0,0,0,0,0,0,0,0,20.167921,no,97509.14,-0.783873,Non signif,Non signif
15122,Liscate,15,Milano,3,45.481549,9.409012,5,0,1,3,1,442,78053686,15206783,93260469,10950.1,90185.2,0.90613,9.4069,4090,434.7872306498421,0,0,0,0,0,0,0,0,0,15.050002,no,140357.02,0.272186,Non signif,Non signif
3040,Casalino,3,Novara,1,45.102415,8.248872,2,0,1,0,1,328,12242755,87104024,99346779,10328.6,86765.2,0.912819,39.4918,1537,38.91947189036711,0,0,0,0,0,0,0,0,0,12.08995,no,120109.76,-0.709725,Non signif,Non signif
63025,Castello di Cisterna,63,Napoli,15,40.915112,14.406233,3,0,3,0,0,36,16479786,0,16479786,1082.6,26060,0.819396,3.9213999999999998,7907,2016.3717039832713,0,0,0,0,0,0,0,0,0,35.751904,no,58918.37,-0.626669,Non signif,Non signif
58122,Fonte Nuova,58,Roma,12,41.996254,12.623621,3,0,1,1,1,469,21591790,46261335,67853125,1687.8,39471.7,0.925343,19.9407,33193,1664.585495995627,0.500397,0,143,0,0.025094,0,541830,1160894,0,29.689549,no,201452.87,-1.026578,Non signif,Non signif
1299,Vigone,1,Torino,1,44.843067,7.494438,4,0,1,3,0,273,68515034,0,68515034,5541.6,76438.2,0.872436,41.1549,5168,125.57435445111032,0,4.930279,0,205,0,0.119798,0,0,8207971,20.594868,no,141105.81,-0.047393,Non signif,Non signif
28067,Ponso,28,Padova,5,45.195057,11.588255,3,0,2,1,0,81,53305539,0,53305539,3304.4,50476.1,0.914575,10.849,2445,225.3663932159646,0,0,0,0,0,0,0,0,0,17.804557,no,94908.15,-0.813927,Non signif,Non signif
1160,Montalto Dora,1,Torino,1,45.490759,7.862818,1,0,1,0,0,12,3310521,0,3310521,129.6,2612.8,0.913939,7.3568,3430,466.23531970421925,0,1.792237,0,793,0,0.243616,0,0,806497,20.594868,no,6817.97,-0.803356,Low-Low,Coldspot 99%
58023,Castel Madama,58,Roma,12,41.976936,12.86919,4,0,2,2,0,229,62938141,0,62938141,4619.3,59420.3,0.898158,28.8034,7328,254.41440941000022,0.064348,0.64115,72,16,0.002234,0.02226,140606,0,1400973,29.689549,no,186860.5,-0.335808,Non signif,Non signif
43054,Treia,43,Macerata,11,43.310556,13.311475,11,1,5,4,1,856,130867144,228177772,359044916,39568.8,386071,0.877849,93.5371,9309,99.52200784501551,2.413319,0,62,0,0.025801,0,3376459,5887137,0,27.736975,no,995881.98,0.20351,Non signif,Non signif
43041,Pollenza,43,Macerata,11,43.267775,13.347792,7,1,4,2,0,233,77230311,0,77230311,8337.7,75464.1,0.891539,39.5503,6549,165.58660743407762,1.712369,0,122,0,0.043296,0,3343762,0,0,27.736975,no,214213.52,-0.231311,Non signif,Non signif
101010,Crotone,101,Crotone,18,39.187389,16.878282,15,0,8,7,0,1238,248079509,0,248079509,18230.4,177565,0.912106,181.99810000000002,63941,351.32784353243244,9.043807,10.515427,809,1922,0.049692,0.057778,12327509,0,14333457,41.916345,no,1039858.64,-0.006315,Non signif,Non signif
37013,Castel d'Aiano,37,Bologna,8,44.275859,10.999408,2,0,1,1,0,52,44076318,0,44076318,1703.9,39366.1,0.859042,45.2612,1865,41.20527073961804,6.724051,0.036894,354,1,0.148561,0.000815,6548024,0,35928,38.815968,no,171086.49,-1.111309,Non signif,Non signif
54011,Citerna,54,Perugia,10,43.498407,12.115516,2,0,0,1,1,89,60319028,70032093,130351121,6716.7,179565.9,0.840617,23.529,3463,147.1800756513239,0.786395,0.760007,31,25,0.033422,0.032301,2016005,2340639,1948357,38.922787,no,507362.89,-0.473782,Low-Low,Coldspot 99%
23076,San Pietro in Cariano,23,Verona,5,45.520913,10.886377,8,0,3,5,0,323,116374985,0,116374985,6986.6,119541.6,0.867331,20.2361,12906,637.7711120225736,0,0.011886,0,6,0,0.000587,0,0,68355,20.167921,no,234704.15,-0.607063,Non signif,Non signif
64099,Serino,64,Avellino,15,40.856714,14.870566,2,0,2,0,0,65,12282872,0,12282872,2056.6,19979.9,0.816888,52.500299999999996,6968,132.72305110637464,19.957104,0.531947,1286,151,0.380133,0.010132,4669127,0,124453,37.737871,no,46352.94,0.904483,Non signif,Non signif
69056,Mozzagrogna,69,Chieti,13,42.212756,14.444745,3,0,0,3,0,189,83879513,0,83879513,8850.7,144568.3,0.831717,14.103499999999999,2444,173.2903180061687,1.456447,0.416769,99,5,0.103268,0.029551,8662110,0,2478703,28.116343,no,235838.52,0.357741,Non signif,Non signif
24019,Caltrano,24,Vicenza,5,45.770615,11.460801,2,0,1,0,1,215,6367629,111123196,117490825,23166.4,143048.1,0.80479,22.7115,2517,110.82491248926755,0,0,0,0,0,0,0,0,0,21.315155,no,250433.52,0.825602,Non signif,Non signif
50020,Montescudaio,50,Pisa,9,43.326278,10.626995,2,0,1,1,0,63,33945331,0,33945331,2775.1,73977.1,0.765361,20.2362,2198,108.61723050770401,1.5815,3.024393,48,259,0.078152,0.149455,2652896,0,5073286,28.10564,no,95405.52,0.939134,Non signif,Non signif
33048,Ziano Piacentino,33,Piacenza,8,45.001462,9.40156,1,0,0,1,0,72,72626444,0,72626444,10686.6,62008.6,0.908742,32.7766,2527,77.09768554395514,8.900371,0.41011,188,0,0.271546,0.012512,19721457,0,908722,28.260932,no,205249.1,0.264817,Non signif,Non signif
20058,San Giovanni del Dosso,20,Mantova,3,44.966893,11.081617,1,0,0,1,0,46,27798612,0,27798612,2049.2,27383.4,0.886179,15.396500000000001,1245,80.86253369272237,0,1.271421,0,38,0,0.082579,0,0,2295570,21.044843,no,58501.74,-0.762059,Non signif,Non signif
14050,Piuro,14,Sondrio,3,46.330143,9.420908,1,0,0,1,0,38,27219693,0,27219693,1288.3,28670.2,0.877885,84.2546,1932,22.930498750216607,11.524781,0.366303,96,55,0.136785,0.004348,3723251,0,118340,12.776609,no,34777.54,-1.10613,Non signif,Non signif
14051,Poggiridenti,14,Sondrio,3,46.174795,9.92605,2,0,0,2,0,140,70919672,0,70919672,7759.3,79278.1,0.861471,2.8989,1906,657.4907723619305,0.070567,0.126903,74,68,0.024343,0.043776,1726375,0,3104598,12.776609,no,90611.29,-0.680248,Non signif,Non signif
33040,San Giorgio Piacentino,33,Piacenza,8,44.954163,9.736869,1,0,0,1,0,10,13575978,0,13575978,886.4,12611.1,0.884896,49.194799999999994,5673,115.31706603136918,0.005677,2.932875,0,59,0.000115,0.059618,1567,0,809367,28.260932,no,38366.98,-1.108997,Non signif,Non signif
97006,Barzanò,97,Lecco,3,45.733474,9.312813,3,0,1,0,2,2006,5111962,1414092014,1419203976,139239.6,1493066.2,0.897422,3.6195999999999997,5101,1409.271742734004,0.000651,0,3,0,0.00018,0,919,254330,0,14.425007,no,2047202.75,-0.108449,Low-Low,Coldspot 99%
34039,Tizzano Val Parma,34,Parma,8,44.520544,10.199199,3,0,1,2,0,42,76325542,0,76325542,2186.1,58424.9,0.904397,78.3876,2083,26.573080436191436,33.556673,1.647119,871,11,0.428086,0.021012,32673934,0,1603790,33.475863,no,255506.34,-1.424674,Low-Low,Coldspot 99%
24005,Altissimo,24,Vicenza,5,45.614739,11.251258,1,0,1,0,0,17,3598515,0,3598515,252.5,9142,0.742033,15.086300000000001,2227,147.6173747042018,0.017944,0,0,0,0.001189,0,4280,0,0,21.315155,no,7670.29,0.229679,Non signif,Coldspot 95%
97068,Pescate,97,Lecco,3,45.833482,9.393945,2,0,2,0,0,38,12848200,0,12848200,1625.5,24612.8,0.783579,2.1001,2231,1062.330365220704,0.146199,0.975036,53,175,0.069615,0.464281,894431,0,5965172,14.425007,no,18533.54,0.777513,Non signif,Non signif
109029,Ortezzano,109,Fermo,11,43.030052,13.605986,3,0,1,2,0,146,54277717,0,54277717,4435.6,49066.3,0.90634,7.075,765,108.12720848056537,0.029174,0,1,0,0.004124,0,223816,0,0,25.228384,no,136933.91,-0.553079,Non signif,Non signif
28056,Montagnana,28,Padova,5,45.233321,11.465778,7,0,3,4,0,410,121256373,0,121256373,10911.9,151525.5,0.865802,45.0285,9026,200.45082558823856,0,0,0,0,0,0,0,0,0,17.804557,no,215891.6,0.130732,Non signif,Non signif
14040,Mazzo di Valtellina,14,Sondrio,3,46.2586,10.256656,1,0,0,1,0,72,41393822,0,41393822,4421.6,59155.5,0.840865,15.3247,999,65.18887808570477,0.48207,0.146756,0,0,0.031457,0.009576,1302128,0,396405,12.776609,no,52887.27,-0.39079,Non signif,Non signif
4019,Bene Vagienna,4,Cuneo,1,44.543336,7.828335,3,0,1,1,1,513,25291435,83281520,108572955,13911.2,143638,0.822096,48.968,3642,74.37510210749878,0.506354,0.989662,12,41,0.010341,0.02021,261526,861173,511150,16.396584,no,178022.56,0.674036,Non signif,Non signif
54052,Todi,54,Perugia,10,42.782443,12.406255,9,0,5,4,0,391,133504349,0,133504349,10219.1,118545.2,0.884766,222.8592,16606,74.51341474796644,28.568367,12.27398,993,405,0.12819,0.055075,17113950,0,7352758,38.922787,no,519636.13,-0.179784,Non signif,Non signif
27017,Fossò,27,Venezia,5,45.38565,12.048577,6,0,3,3,0,249,56903351,0,56903351,7078.8,102644,0.824985,10.1824,7041,691.4872721558769,0,0.712454,0,230,0,0.069969,0,0,3981480,17.526854,no,99733.68,0.596897,Non signif,Hotspot 95%
81006,Castelvetrano,81,Trapani,19,37.682851,12.795534,5,0,3,2,0,134,51294442,0,51294442,3906.8,51801.2,0.864114,209.76,31503,150.18592677345538,0.055601,9.842553,0,27,0.000265,0.046923,13597,0,2406885,16.86353,no,86500.54,-0.337872,Non signif,Non signif
24063,Monte di Malo,24,Vicenza,5,45.660464,11.362566,5,0,2,3,0,287,112495776,0,112495776,14823.9,97587.1,0.906689,23.7489,2838,119.50027159152634,0,0,0,0,0,0,0,0,0,21.315155,no,239786.49,0.782747,Non signif,Non signif
83049,Milazzo,83,Messina,19,38.220805,15.241513,5,0,1,4,0,430,91253481,0,91253481,7506.3,91878.9,0.868471,24.702600000000004,31231,1264.279873373653,0.568267,0,58,0,0.023004,0,2099226,0,0,44.663628,no,407571.15,0.297968,Non signif,Non signif
68024,Montesilvano,68,Pescara,13,42.513603,14.15162,10,1,6,2,1,974,202372231,49286734,251658965,21983.9,227066.7,0.865183,23.5746,54194,2298.830096799097,1.0276,0.64444,339,269,0.043589,0.027336,8821261,2148374,5532088,27.533978,no,692917.23,0.45869,High-High,Hotspot 99%
24051,Longare,24,Vicenza,5,45.474634,11.611049,3,0,1,2,0,160,24572965,0,24572965,2089.5,20445.3,0.930129,22.7744,5684,249.5784740761557,0,3.420166,0,298,0,0.150176,0,0,3690267,21.315155,no,52377.66,-0.228623,Non signif,Non signif
108013,Burago di Molgora,108,Monza e della Brianza,3,45.59666,9.377706,6,0,2,2,2,456,40007668,177594776,217602444,24592.7,282516,0.7772,3.4332,4230,1232.0866829779798,0,0.029097,0,17,0,0.008475,0,0,339072,13.279771,no,288971.07,0.818143,High-High,Hotspot 99%
99027,Talamello,99,Rimini,8,43.90499,12.285898,2,0,0,2,0,147,54053630,0,54053630,5467.5,64333.2,0.882687,10.5888,1097,103.60003022061045,5.386579,0.223909,202,9,0.508705,0.021146,27497370,0,1143009,28.763441,no,155476.84,0.230627,Non signif,Non signif
46009,Castelnuovo di Garfagnana,46,Lucca,9,44.110022,10.411786,4,0,2,1,1,272,25439274,84681415,110120689,20903.4,116599.6,0.867613,28.4829,5936,208.40574520150687,10.949877,1.21924,1067,960,0.384437,0.042806,9779795,32554658,1088954,29.45658,no,324377.89,0.283528,Non signif,Non signif
58065,Monterotondo,58,Roma,12,42.051799,12.618397,18,0,12,5,1,864,213290309,84494713,297785022,19361.7,368981.9,0.852618,40.935900000000004,41144,1005.0835574642306,0.278817,7.34695,87,6383,0.006811,0.179474,1452734,575499,38280171,29.689549,no,884110.29,0.053738,Non signif,Non signif
17057,Collebeato,17,Brescia,3,45.581315,10.210271,2,0,1,1,0,140,62920511,0,62920511,5129.4,37159.1,0.952512,5.2699,4654,883.1287121197746,0,0.039044,0,4,0,0.007409,0,0,466170,20.48295,no,128879.77,-0.541943,Non signif,Non signif
97048,Merate,97,Lecco,3,45.698679,9.411648,13,0,5,8,0,1112,302579741,0,302579741,35383.7,383910.2,0.882945,11.0636,14891,1345.9452619400558,0.093349,0,22,0,0.008437,0,2553013,0,0,14.425007,no,436471.49,0.336243,Non signif,Non signif
35022,Gattatico,35,Reggio nell'Emilia,8,44.795684,10.444557,5,0,3,2,0,329,88683246,0,88683246,5817.8,78133.4,0.892901,42.1453,5744,136.29040486127752,0,2.098403,0,114,0,0.04979,0,0,4415515,36.618436,no,324744.17,-0.52751,Non signif,Non signif
65151,Tramonti,65,Salerno,15,40.699733,14.641537,1,0,0,1,0,75,23696220,0,23696220,3438,12568.5,0.95817,24.8264,4122,166.0329326845616,21.036161,0.027571,2612,5,0.84733,0.001111,20078525,0,26316,25.585615,no,60628.24,0.15036,Non signif,Non signif
2061,Gattinara,2,Vercelli,1,45.614242,8.371138,2,0,1,1,0,72,28999183,0,28999183,3729.2,31157.2,0.884654,33.666399999999996,7987,237.23950288715162,0,2.404725,0,8,0,0.071428,0,0,2071355,17.175786,no,49808.38,-0.232054,Non signif,Non signif
15159,Opera,15,Milano,3,45.373069,9.211149,11,0,3,8,0,445,244812363,0,244812363,19938.7,176165.6,0.911722,7.6386,13858,1814.2067918204907,0,0.019524,0,3,0,0.002556,0,0,625732,15.050002,no,368442.66,-0.213615,Non signif,Non signif
29004,Badia Polesine,29,Rovigo,5,45.094056,11.493462,7,0,2,2,3,1192,77057489,276203038,353260527,24500.7,307390.1,0.902051,44.5348,10348,232.35761696471076,0,0,0,0,0,0,0,0,0,24.853738,no,877984.47,-0.548759,Non signif,Non signif
39009,Cotignola,39,Ravenna,8,44.383843,11.940217,9,0,3,4,2,999,111634592,296472859,408107451,39179.1,372298.3,0.903875,35.1395,7479,212.83740519927719,0,3.945611,0,1709,0,0.112284,0,0,12534802,37.876303,no,1545760.14,0.169885,Non signif,Non signif
47009,Monsummano Terme,47,Pistoia,9,43.870744,10.814016,8,0,4,4,0,337,135498454,0,135498454,10600.8,140348.7,0.874195,32.6237,21141,648.0258217185666,1.903977,3.158757,234,85,0.058362,0.096824,7907930,0,13119502,29.709501,no,402559.15,-0.414152,Non signif,Non signif
44054,Offida,44,Ascoli Piceno,11,42.934821,13.691044,6,0,1,5,0,249,130401712,0,130401712,15485.3,131145.7,0.905779,49.6033,4962,100.03366711488954,6.087594,0,393,0,0.122726,0,16003626,0,0,32.834347,no,428165.5,0.203775,Non signif,Non signif
40049,Tredozio,40,Forlì-Cesena,8,44.081042,11.744208,1,0,0,1,0,70,10358561,0,10358561,1176.3,10277.3,0.901607,62.202600000000004,1165,18.729120647689967,20.937565,0.499217,148,115,0.336603,0.008026,3486720,0,83134,31.154462,no,32271.54,0.112029,Non signif,Non signif
1187,Pertusio,1,Torino,1,45.356788,7.638501,2,0,2,0,0,53,26248305,0,26248305,1591.6,10199,0.962097,4.0042,763,190.54992258128965,0.074059,0.000004,15,0,0.018495,0.000001,485471,0,26,20.594868,no,54058.04,-0.935112,Low-Low,Coldspot 99%
67028,Montorio al Vomano,67,Teramo,13,42.582706,13.632519,7,0,1,5,1,558,225295481,86683459,311978940,27423.4,255203.3,0.914918,53.5657,8013,149.59199637081193,8.063768,0.750457,370,214,0.15054,0.01401,33915929,13049308,3156396,27.38232,no,854270.71,0.216165,Non signif,Non signif
1176,Ozegna,1,Torino,1,45.34929,7.742524,2,0,1,1,0,235,33430730,0,33430730,1964.1,39894.6,0.870127,5.4059,1225,226.60426570968755,0,1.595009,0,144,0,0.29505,0,0,9863726,20.594868,no,68850.15,0.030461,Low-Low,Coldspot 99%
19002,Agnadello,19,Cremona,3,45.444374,9.557056,2,1,1,0,0,20,5757155,0,5757155,397.6,6504.4,0.84465,12.0777,3866,320.09405764342546,0,0,0,0,0,0,0,0,0,21.210647,no,12211.3,-0.330191,Non signif,Non signif
15179,Pregnana Milanese,15,Milano,3,45.515849,9.008012,7,0,4,1,2,832,42333504,156660926,198994430,28031.6,218999.9,0.892951,5.0745,7352,1448.8126909055081,0,0.48423,0,71,0,0.095424,0,0,4039640,15.050002,no,299486.66,0.037877,Non signif,Non signif
48011,Cerreto Guidi,48,Firenze,9,43.758922,10.879013,9,0,3,5,1,595,183374549,79165996,262540545,36069,221365.9,0.906976,49.3191,11010,223.24008345651077,6.7765,9.643017,465,2749,0.137401,0.195523,25195870,10877497,35853937,35.050589,no,920220.09,-0.080862,Non signif,Non signif
43029,Montefano,43,Macerata,11,43.411159,13.438376,3,0,1,2,0,149,35797756,0,35797756,5464.4,36324.7,0.904902,33.9417,3458,101.88057757861274,2.924144,0,130,0,0.086152,0,3084047,0,0,27.736975,no,99292.15,0.257042,Non signif,Non signif
10009,Campomorone,10,Genova,7,44.507337,8.89011,3,0,2,1,0,101,55550560,0,55550560,6159.6,89466.9,0.873473,25.9063,6849,264.3758468017432,8.62243,0.137538,892,445,0.332831,0.005309,18488970,0,294921,24.504626,no,136124.57,0.18596,Non signif,Hotspot 95%
57052,Poggio Catino,57,Rieti,12,42.294999,12.691922,1,0,0,1,0,23,13300819,0,13300819,2811,14761.9,0.894538,14.9816,1288,85.97212580765739,0.337908,0,24,0,0.022555,0,299998,0,0,44.772003,no,59550.43,1.502448,Non signif,Non signif
15085,Corbetta,15,Milano,3,45.465937,8.92009,3,0,0,2,1,364,81040088,152340938,233381026,21229.4,181546.2,0.921919,18.687,18302,979.3974420720286,0,0,0,0,0,0,0,0,0,15.050002,no,351238.49,-0.852886,Non signif,Non signif
76060,Pietragalla,76,Potenza,17,40.747522,15.880648,3,0,0,3,0,414,41761481,0,41761481,3798.3,60120.1,0.900606,66.0988,4064,61.48371831258662,1.717662,0,445,0,0.025986,0,1085226,0,0,40.913322,no,170860.09,0.45368,Non signif,Non signif
16178,Ranica,16,Bergamo,3,45.726338,9.714663,1,0,1,0,0,27,7309840,0,7309840,582.2,5654.6,0.940651,4.0614,5945,1463.780962229773,0.157478,0.209976,132,177,0.038774,0.0517,283434,0,377922,21.203762,no,15499.61,-0.126185,Non signif,Non signif
24064,Montegalda,24,Vicenza,5,45.443775,11.673211,2,0,1,1,0,69,18843476,0,18843476,2928.5,24795,0.872342,17.413,3431,197.03669672084075,0,0.0866,0,15,0,0.004973,0,0,93714,21.315155,no,40165.16,0.783445,Non signif,Non signif
80092,Stilo,80,Reggio di Calabria,18,38.476612,16.467263,1,0,0,1,0,56,11174092,0,11174092,1088.9,9975.7,0.905005,78.1096,2573,32.940893308889045,2.240289,5.477077,282,71,0.028681,0.07012,320488,0,783532,48.652369,no,54364.6,-1.127321,Non signif,Non signif
52009,Chianciano Terme,52,Siena,9,43.058255,11.828429,2,0,2,0,0,36,16292060,0,16292060,1003.4,26696.6,0.803127,36.5849,7050,192.7024537445777,5.427484,0.051105,964,64,0.148353,0.001397,2416978,0,22758,24.090373,no,39248.18,-0.372874,Non signif,Non signif
41057,Sant'Angelo in Vado,41,Pesaro e Urbino,11,43.663161,12.405361,1,0,0,1,0,91,39602353,0,39602353,5254.1,37719.7,0.912202,67.3387,4073,60.48527815357291,1.50484,0,18,0,0.022347,0,885007,0,0,24.621765,no,97507.98,0.039809,Non signif,Non signif
13010,Appiano Gentile,13,Como,3,45.734637,8.979101,2,0,1,0,1,528,10084139,128120917,138205056,9896.5,121431.8,0.897699,12.8078,7750,605.1000171770328,0,0,0,0,0,0,0,0,0,12.029442,no,166252.97,0.150543,Non signif,Non signif
57001,Accumoli,57,Rieti,12,42.694141,13.247683,1,0,0,1,0,37,20690629,0,20690629,2333.2,20159.2,0.895322,87.37299999999999,628,7.187575109015372,1.291748,0,1,0,0.014784,0,305896,0,0,44.772003,no,92636.09,-0.71895,Non signif,Non signif
41066,Urbania,41,Pesaro e Urbino,11,43.668257,12.524113,7,0,2,5,0,432,133409403,0,133409403,20043.9,162092.3,0.881819,77.5341,7076,91.26307005562714,8.069864,0,189,0,0.104081,0,13885448,0,0,24.621765,no,328477.5,0.878275,Non signif,Non signif
111065,San Sperate,111,Sud Sardegna,20,39.358739,9.006741,2,0,1,0,1,322,12724993,85474458,98199451,4632.7,90422.1,0.913636,26.2417,8318,316.9764153999169,0,0.772671,0,207,0,0.029444,0,0,374680,15.448131,si,151699.8,-0.620216,Non signif,Non signif
76043,Lavello,76,Potenza,17,41.045625,15.790762,4,1,1,2,0,159,55720997,0,55720997,2758,90896.6,0.813961,134.6651,13411,99.5877922342166,0.542928,10.426888,70,251,0.004032,0.077428,224650,0,4314381,40.913322,no,227973.11,-0.092224,Non signif,Non signif
65052,Fisciano,65,Salerno,15,40.772812,14.799443,13,0,2,8,3,1025,327741347,443579215,771320562,99647.5,950332.8,0.892512,31.688000000000002,13967,440.76622065135064,12.284285,0.421782,630,191,0.387664,0.01331,127053399,171959527,4362390,25.585615,no,1973471.07,0.24551,Non signif,Non signif
83080,San Pier Niceto,83,Messina,19,38.158918,15.351874,1,0,0,1,0,71,14903890,0,14903890,1781,10195.8,0.953747,36.6803,2770,75.51737581208441,0.383332,0.161843,108,8,0.010451,0.004412,155755,0,65760,44.663628,no,66566.18,0.016263,Non signif,Non signif
41014,Fermignano,41,Pesaro e Urbino,11,43.676758,12.645373,4,0,1,2,1,938,71502103,115530666,187032769,15382.9,231944.4,0.898473,43.7029,8482,194.0832301746566,2.754223,0,51,0,0.063022,0,4506171,7280918,0,24.621765,no,460507.7,-0.136597,Non signif,Non signif
65134,Sapri,65,Salerno,15,40.075078,15.629775,1,0,1,0,0,38,4717351,0,4717351,532,10130.7,0.814228,14.201300000000002,6716,472.91445149387727,5.976248,0.125686,30,182,0.420824,0.00885,1985175,0,41750,25.585615,no,12069.63,1.707494,Non signif,Non signif
52006,Castelnuovo Berardenga,52,Siena,9,43.346341,11.503334,2,0,1,1,0,121,15214254,0,15214254,2168.5,20418.6,0.882363,177.1106,9086,51.30127728097584,14.958286,4.260202,327,142,0.084457,0.024054,1284955,0,365962,24.090373,no,36651.71,0.693129,Non signif,Non signif
16129,Lurano,16,Bergamo,3,45.565677,9.640155,3,0,2,1,0,191,42428226,0,42428226,3446.8,28206.1,0.947799,4.047,2841,702.0014825796887,0,0,0,0,0,0,0,0,0,21.203762,no,89963.8,-0.821997,Low-Low,Coldspot 99%
79060,Gizzeria,79,Catanzaro,18,38.979987,16.203296,3,0,2,1,0,220,29060118,0,29060118,2060.4,48740.7,0.815514,37.1944,5296,142.38702600391457,0.054414,1.425234,42,320,0.001463,0.038319,42514,0,1113540,52.451966,no,152426.03,0.445565,Non signif,Non signif
37017,Castello d'Argile,37,Bologna,8,44.681321,11.296169,13,0,6,7,0,696,290832688,0,290832688,23198.7,256202.5,0.901134,29.070999999999998,6583,226.44559870661485,0,9.513898,0,749,0,0.327264,0,0,95179131,38.815968,no,1128895.23,-0.525515,Low-Low,Coldspot 99%
72010,Bitetto,72,Bari,16,41.041408,16.748699,1,0,0,1,0,76,21035077,0,21035077,777.9,9323.1,0.960317,33.9457,12006,353.6824988142828,0,1.247613,0,23,0,0.036753,0,0,773106,14.160402,no,29786.52,-0.955835,Non signif,Non signif
19096,Solarolo Rainerio,19,Cremona,3,45.081572,10.35628,2,0,0,2,0,266,100739150,0,100739150,9196.3,79144,0.911865,11.4256,925,80.95854922279793,0,0.145952,0,1,0,0.012774,0,0,1286854,21.210647,no,213674.25,-0.200351,Non signif,Non signif
65100,Positano,65,Salerno,15,40.628658,14.485495,2,0,0,2,0,141,15250720,0,15250720,3870.4,17242.5,0.934498,8.6533,3913,452.1974275709845,7.674085,0.007921,2096,28,0.886839,0.000915,13524935,0,13960,25.585615,no,39019.9,1.152407,Non signif,Non signif
87019,Gravina di Catania,87,Catania,19,37.560369,15.061763,2,0,1,1,0,116,43896382,0,43896382,3460.3,20619.4,0.95325,5.150499999999999,25399,4931.365886807107,0,0,0,0,0,0,0,0,0,36.827421,no,161659.05,0.396169,Non signif,Non signif
23042,Lavagno,23,Verona,5,45.447398,11.134941,4,0,2,1,1,482,70565261,103994245,174559506,8264.9,180069.1,0.891346,14.6375,8410,574.5516652433818,0,1.531463,0,2219,0,0.104626,0,0,7382961,20.167921,no,352050.24,-0.163927,Non signif,Non signif
4130,Mondovì,4,Cuneo,1,44.390028,7.820472,17,0,2,13,2,1806,431411489,195158222,626569711,58242.1,588702.9,0.886501,87.053,22444,257.8199487668432,3.057657,3.729753,268,436,0.035124,0.042845,15152934,6854754,18483663,16.396584,no,1027360.28,0.053358,Non signif,Non signif
18068,Gambolò,18,Pavia,3,45.25903,8.85906,4,0,4,0,0,107,29267119,0,29267119,2451.7,35491.8,0.878449,51.7038,9916,191.784743094318,0,5.155492,0,13,0,0.099712,0,0,2918284,18.961299,no,55494.26,0.010178,High-Low,Coldspot 99%
2142,Stroppiana,2,Vercelli,1,45.230246,8.453732,1,0,0,1,0,50,63226352,0,63226352,4024.3,48567.7,0.907027,18.3143,1208,65.95938692715528,0,0.142167,0,0,0,0.007763,0,0,490802,17.175786,no,108596.23,-2.524896,Non signif,Non signif
108054,Lentate sul Seveso,108,Monza e della Brianza,3,45.678405,9.11817,5,0,1,3,1,702,114894310,63922799,178817109,11389.8,159996.8,0.864704,13.9774,15878,1135.976648017514,0,0.031939,0,35,0,0.002285,0,0,262539,13.279771,no,237465.03,0.183273,Non signif,Non signif
68006,Cappelle sul Tavo,68,Pescara,13,42.464742,14.101977,1,0,0,1,0,181,73514937,0,73514937,6868.8,34768.3,0.978743,5.4128,4016,741.9450192137157,0,0.067518,0,5,0,0.012474,0,0,917008,27.533978,no,202415.86,-0.253998,Low-High,Hotspot 99%
25056,Sospirolo,25,Belluno,5,46.142372,12.074176,1,0,1,0,0,31,6618502,0,6618502,1256.8,4637.8,0.958368,65.859,3116,47.3131994108626,0.001384,0,0,0,0.000021,0,139,0,0,17.91629,no,11857.9,0.873389,Non signif,Non signif
58074,Palestrina,58,Roma,12,41.838966,12.891249,7,0,1,6,0,483,109456895,0,109456895,8082.8,140528.6,0.873182,47.0173,21872,465.190472443122,4.548185,0,696,0,0.096734,0,10588235,0,0,29.689549,no,324972.58,0.785463,Non signif,Non signif
18005,Arena Po,18,Pavia,3,45.096606,9.362846,6,0,4,2,0,245,110748205,0,110748205,10851.4,111978.5,0.903601,22.489099999999997,1588,70.61198536179751,0,6.088737,0,67,0,0.270742,0,0,29984156,18.961299,no,209992.99,-0.290158,Non signif,Non signif
77012,Grottole,77,Matera,17,40.60102,16.37928,1,0,0,1,0,60,39553671,0,39553671,3637.8,15531.6,0.965104,117.15280000000001,2116,18.06188157688079,9.669273,5.396926,133,7,0.082536,0.046067,3264585,0,1822135,22.969725,no,90853.69,-1.708549,Non signif,Non signif
51011,Castiglion Fibocchi,51,Arezzo,9,43.527965,11.763176,2,0,1,1,0,265,62863287,0,62863287,8583.2,103388.1,0.872824,25.4632,2147,84.3177605328474,0.596131,0,4,0,0.023411,0,1471722,0,0,29.518286,no,185561.65,0.553264,Non signif,Non signif
19109,Trescore Cremasco,19,Cremona,3,45.401573,9.624958,4,0,2,1,1,382,33740806,92507056,126247862,12985.7,140296.2,0.861804,5.917999999999999,2870,484.9611355187564,0,0,0,0,0,0,0,0,0,21.210647,no,267779.88,0.49946,Non signif,Non signif
63070,San Sebastiano al Vesuvio,63,Napoli,15,40.843565,14.36995,2,0,1,1,0,94,22048660,0,22048660,1133.3,32172.1,0.815906,2.6464999999999996,9057,3422.2558095597965,0.063298,0.002402,0,0,0.023918,0.000908,527352,0,20012,35.751904,no,78828.16,1.209909,High-High,Hotspot 99%
13131,Locate Varesino,13,Como,3,45.688851,8.930679,2,0,0,2,0,125,100063942,0,100063942,14567.1,70576.3,0.907646,6.0363999999999995,4311,714.1673845338281,0,0.000315,0,0,0,0.000052,0,0,5222,12.029442,no,120371.34,0.191567,Non signif,Non signif
6165,Spigno Monferrato,6,Alessandria,1,44.543141,8.333946,1,0,0,0,1,178,0,80039818,80039818,7011.8,64975.6,0.921743,54.8553,1015,18.503225759407023,1.595385,2.292119,10,59,0.029084,0.041785,0,2327839,0,20.84217,no,166820.35,1.136782,Non signif,Non signif
12057,Crosio della Valle,12,Varese,3,45.759974,8.770432,3,1,2,0,0,46,16023200,0,16023200,1313,15341.1,0.890901,1.4406999999999999,610,423.40528909557855,0,0,0,0,0,0,0,0,0,11.229804,no,17993.74,-0.445749,Non signif,Non signif
2104,Prarolo,2,Vercelli,1,45.282293,8.478118,1,0,1,0,0,12,10686238,0,10686238,1729.1,13748.2,0.857856,11.539000000000001,733,63.523702227229386,0,0.294728,0,10,0,0.025542,0,0,272947,17.175786,no,18354.45,0.640084,Non signif,Non signif
20064,Sustinente,20,Mantova,3,45.069272,11.019604,1,0,0,1,0,60,11954973,0,11954973,1041.4,18082.6,0.862095,26.273400000000002,2023,76.99802842418568,0,6.703162,0,63,0,0.255131,0,0,3050086,21.044843,no,25159.05,1.712431,Non signif,Non signif
47002,Agliana,47,Pistoia,9,43.903816,11.003396,10,0,6,4,0,317,157093610,0,157093610,14201.7,182242.6,0.875264,11.6802,17789,1523.004743069468,0,9.340189,0,12311,0,0.79966,0,0,125621480,29.709501,no,466717.28,-0.250729,Non signif,Non signif
40008,Cesenatico,40,Forlì-Cesena,8,44.199928,12.396969,14,0,7,6,1,809,148067196,50404321,198471517,27206.1,285596.1,0.843296,45.1641,25959,574.7706696247684,0,21.05338,0,9681,0,0.466153,0,0,69021965,31.154462,no,618327.33,0.399581,Non signif,Non signif
14009,Bormio,14,Sondrio,3,46.469244,10.372216,2,0,2,0,0,45,45729645,0,45729645,4954.8,25275.1,0.896656,41.440799999999996,4194,101.20460994961488,16.561096,3.132885,130,120,0.399633,0.075599,18275058,0,3457118,12.776609,no,58426.98,-0.925132,Low-Low,Coldspot 99%
30043,Gemona del Friuli,30,Udine,6,46.277007,13.140105,3,0,1,1,1,272,52618366,62968953,115587319,14546,172198.4,0.827214,56.0581,10869,193.8881267827486,2.722407,0.405261,83,10,0.048564,0.007229,2555360,3058026,380394,22.91097,no,264821.76,0.527631,High-Low,Coldspot 99%
15243,Vittuone,15,Milano,3,45.487969,8.952442,6,0,4,1,1,544,91636100,19792362,111428462,12947.6,102034.5,0.885191,6.133500000000001,9152,1492.1333659411428,0,0,0,0,0,0,0,0,0,15.050002,no,167699.86,0.073437,Non signif,Non signif
64084,San Michele di Serino,64,Avellino,15,40.877296,14.856309,2,0,2,0,0,32,11358551,0,11358551,1334.5,16458.2,0.861147,4.466,2490,557.5459023734885,0.094802,0.15093,31,107,0.021227,0.033795,241114,0,383866,37.737871,no,42864.75,0.445467,Non signif,Non signif
97023,Colico,97,Lecco,3,46.116215,9.314998,6,0,0,5,1,699,178019029,143782330,321801359,28164.1,248750.2,0.910565,35.0644,7853,223.9593433796101,8.129734,14.334247,891,968,0.231852,0.408798,41273980,33336150,72773774,14.425007,no,464198.69,-0.107009,Non signif,Non signif
63042,Mariglianella,63,Napoli,15,40.929513,14.435833,3,1,1,1,0,84,70915965,0,70915965,5274.1,30939.7,0.953528,3.2624,7924,2428.8867091711622,0,0,0,0,0,0,0,0,0,35.751904,no,253538.08,-0.431909,Non signif,Non signif
74002,Carovigno,74,Brindisi,16,40.707185,17.656848,2,0,1,1,0,126,47230458,0,47230458,5453,20146.8,0.952455,106.62110000000001,17120,160.56859289577764,0.270145,0.743449,26,175,0.002534,0.006973,119667,0,329329,13.243039,no,62547.48,0.514839,Non signif,Non signif
48037,Rufina,48,Firenze,9,43.826668,11.490078,4,1,1,2,0,146,19940585,0,19940585,2190.1,32023.8,0.84304,45.8804,7266,158.36827926522,9.206024,1.248723,417,1424,0.200653,0.027217,4001131,0,542721,35.050589,no,69892.93,0.232399,Non signif,Non signif
1269,Strambino,1,Torino,1,45.381457,7.88572,3,0,1,2,0,290,67173312,0,67173312,7697.9,64327.4,0.915677,22.469,6253,278.29453914281896,0,7.298296,0,38,0,0.324816,0,0,21818982,20.594868,no,138342.55,0.165098,Non signif,Coldspot 95%
56039,Nepi,56,Viterbo,12,42.242824,12.34557,3,0,2,1,0,92,92920567,0,92920567,9475.6,44132.9,0.934615,83.711,9549,114.07103009162476,0.084827,0,0,0,0.001013,0,94159,0,0,19.086634,no,177354.08,-0.642908,Non signif,Non signif
75088,Tricase,75,Lecce,16,39.93042,18.355332,5,0,3,2,0,182,58100207,0,58100207,8925.3,87149.1,0.82911,43.3304,17525,404.4504551077304,0.340911,0.517188,50,38,0.007868,0.011936,457116,0,693479,14.108941,no,81973.24,0.564384,Low-High,Hotspot 99%
46013,Forte dei Marmi,46,Lucca,9,43.959589,10.169939,3,0,0,3,0,244,69377997,0,69377997,9901.9,37300.5,0.957258,8.8804,7335,825.9763073735418,0,0.368049,0,277,0,0.041445,0,0,2875378,29.45658,no,204363.85,0.171185,Non signif,Non signif
75087,Trepuzzi,75,Lecce,16,40.405472,18.07062,2,0,0,1,1,537,27718035,40465253,68183288,5952.1,76702.2,0.905703,23.433400000000002,14512,619.2870006059726,0.279535,0.12935,0,0,0.011929,0.00552,330646,482707,153001,14.108941,no,96199.4,0.045905,Non signif,Non signif
102047,Vibo Valentia,102,Vibo Valentia,18,38.626656,16.098693,8,0,3,5,0,493,103024155,0,103024155,9273.9,144689.6,0.809117,46.5718,33642,722.3684719078927,5.710884,14.631836,645,7589,0.122625,0.314178,12633375,0,32367925,39.815188,no,410192.61,0.396743,Non signif,Non signif
12085,Jerago con Orago,12,Varese,3,45.708033,8.793964,3,0,3,0,0,85,19938121,0,19938121,1651.4,31936.6,0.846543,3.8743,5140,1326.6912732622668,0,0.030396,0,14,0,0.007846,0,0,156425,11.229804,no,22390.12,0.369548,High-Low,Coldspot 99%
17102,Manerba del Garda,17,Brescia,3,45.556043,10.562593,1,0,1,0,0,25,9304306,0,9304306,1060.2,7531,0.921837,36.6321,5357,146.2378624212098,0,25.390502,0,10,0,0.693122,0,0,6449016,20.48295,no,19057.96,,,
46011,Coreglia Antelminelli,46,Lucca,9,44.063653,10.525509,1,0,0,1,0,50,16738591,0,16738591,2577,24205,0.853552,52.9412,5220,98.59995617779725,12.825446,2.430528,551,167,0.242258,0.04591,4055063,0,768468,29.45658,no,49306.17,1.002289,Non signif,Non signif
93017,Cordenons,93,Pordenone,6,46.003731,12.718653,4,0,1,3,0,195,67291361,0,67291361,9467.9,54812.5,0.924385,56.3401,18210,323.2156137458045,0,0,0,0,0,0,0,0,0,22.312037,no,150140.73,0.075657,High-Low,Coldspot 99%
6113,Murisengo,6,Alessandria,1,45.083776,8.137233,1,0,0,1,0,85,13736714,0,13736714,1924.6,10370.2,0.955584,15.310699999999999,1401,91.50463401412085,0.000063,0.793812,0,52,0.000004,0.051847,57,0,712206,20.84217,no,28630.29,-0.280678,Non signif,Coldspot 95%
96031,Massazza,96,Biella,1,45.491362,8.164524,1,0,1,0,0,10,10629145,0,10629145,839,7589.7,0.915692,11.6096,562,48.40821389195149,0,0,0,0,0,0,0,0,0,19.06674,no,20266.31,-0.333627,Low-Low,Coldspot 99%
47016,Ponte Buggianese,47,Pistoia,9,43.840935,10.747548,5,0,5,0,0,104,32217109,0,32217109,3001.8,50761.9,0.822186,29.534699999999997,8919,301.9837682454875,0,4.154608,0,44,0,0.140669,0,0,4531939,29.709501,no,95715.42,0.209129,Non signif,Non signif
61083,Santa Maria Capua Vetere,61,Caserta,15,41.079922,14.256397,8,0,7,1,0,189,71002740,0,71002740,7300.5,87639.5,0.856153,15.920399999999999,32893,2066.0913042385873,0,0.64709,0,0,0,0.040645,0,0,2885930,28.435248,no,201898.05,0.217815,Non signif,Non signif
71004,Apricena,71,Foggia,16,41.783938,15.443744,3,0,1,2,0,130,25603174,0,25603174,2487.3,22523.2,0.894826,172.50529999999998,13174,76.36866809309628,3.234936,5.853834,4,586,0.018753,0.033934,480128,0,868824,37.634206,no,96355.51,-0.427364,Non signif,Non signif
11027,Sarzana,11,La Spezia,7,44.111872,9.958746,6,2,3,1,0,267,21699957,0,21699957,2181.6,34253.2,0.791929,34.5155,22133,641.2481348959162,0.422633,7.519798,35,3172,0.012245,0.217867,265710,0,4727711,28.212129,no,61220.2,0.711355,Non signif,Non signif
19026,Castelverde,19,Cremona,3,45.188771,9.99557,7,0,5,1,1,356,78026564,126116143,204142707,15089.4,357863.2,0.854929,30.8913,5685,184.03239747113264,0,0.003252,0,0,0,0.000105,0,0,8214,21.210647,no,432999.88,0.396097,Non signif,Non signif
52011,Chiusi,52,Siena,9,43.016047,11.947524,8,0,6,2,0,294,83270184,0,83270184,6863.8,103294.5,0.87353,58.1479,8558,147.17642425607804,11.98904,13.430769,2324,852,0.206182,0.230976,17168798,0,19233414,24.090373,no,200600.98,-0.150757,Non signif,Non signif
34030,Roccabianca,34,Parma,8,45.009369,10.219378,5,0,3,2,0,112,50061231,0,50061231,6244.2,70325.8,0.863427,40.463,2970,73.40039048019177,0,11.999457,0,161,0,0.296554,0,0,14845849,33.475863,no,167584.29,0.325091,Non signif,Non signif
80052,Monasterace,80,Reggio di Calabria,18,38.453679,16.552009,1,0,0,1,0,29,17456664,0,17456664,1859.2,13635.2,0.915411,15.7336,3510,223.0894391620481,0.990201,3.140241,298,457,0.062935,0.199588,1098643,0,3484144,48.652369,no,84930.81,-0.419712,Non signif,Non signif
1168,None,1,Torino,1,44.933143,7.540121,1,0,0,0,1,406,0,40471355,40471355,2702.1,54196.8,0.89587,24.6425,8015,325.2510905955159,0,1.671186,0,835,0,0.067817,0,0,0,20.594868,no,83350.22,-0.533653,Non signif,Coldspot 95%
9052,Quiliano,9,Savona,7,44.292536,8.412652,2,0,2,0,0,39,12772195,0,12772195,1074.7,19803.6,0.83221,49.919399999999996,7137,142.97046839505285,5.183216,0.578581,313,787,0.103832,0.01159,1326159,0,148034,24.791781,no,31664.55,0.313101,Non signif,Hotspot 95%
96012,Candelo,96,Biella,1,45.546208,8.112599,1,0,1,0,0,11,6715082,0,6715082,243.8,30559.8,0.594237,15.121199999999998,7548,499.16673279898424,0,0.41469,0,6,0,0.027424,0,0,184157,19.06674,no,12803.47,0.520507,High-Low,Coldspot 99%
63021,Casavatore,63,Napoli,15,40.899211,14.27663,5,0,2,2,1,314,50680323,224770979,275451302,28309.4,152658.4,0.913123,1.5267,18752,12282.701251064387,0,0,0,0,0,0,0,0,0,35.751904,no,984790.86,-0.061719,Non signif,Non signif
72038,Ruvo di Puglia,72,Bari,16,41.114087,16.486397,9,0,6,3,0,282,113003718,0,113003718,13129.5,110757.5,0.886216,223.8292,25328,113.1577113263149,0.234939,2.501951,483,148,0.00105,0.011178,118613,0,1263150,14.160402,no,160017.81,-0.455467,Non signif,Non signif
68030,Pianella,68,Pescara,13,42.396011,14.04627,1,0,0,1,0,71,17644632,0,17644632,1374.8,16515.8,0.905985,47.0492,8652,183.89260603793477,1.86415,0.037958,224,3,0.039621,0.000807,699103,0,14235,27.533978,no,48582.69,-0.515647,Non signif,Non signif
52012,Colle di Val d'Elsa,52,Siena,9,43.422646,11.126394,5,0,1,3,1,489,74074061,48347687,122421748,10533,111033.6,0.906872,92.06139999999999,21651,235.1799994351596,7.835294,0.536539,830,130,0.085109,0.005828,6304402,4114844,431708,24.090373,no,294918.56,-0.536668,Low-Low,Coldspot 99%
52002,Asciano,52,Siena,9,43.234857,11.55946,1,0,0,1,0,123,45926631,0,45926631,9152.5,36651.7,0.933196,215.635,7076,32.814710042432814,44.235479,4.205039,265,246,0.205141,0.019501,9421414,0,895603,24.090373,no,110638.97,0.799863,Non signif,Non signif
3120,Pogno,3,Novara,1,45.759039,8.383426,3,0,1,0,2,489,10516375,254868083,265384458,26361.8,192043.4,0.936986,9.8654,1423,144.24149046161332,0,0,0,0,0,0,0,0,0,12.08995,no,320848.49,-0.208594,Low-Low,Coldspot 99%
3051,Colazza,3,Novara,1,45.792573,8.500326,2,0,1,1,0,50,43085216,0,43085216,2061.3,26323.1,0.91772,3.1618,447,141.3751660446581,0.0018,0.010025,0,0,0.000569,0.003171,24528,0,136609,12.08995,no,52089.81,-0.768139,Non signif,Coldspot 95%
79138,Soveria Mannelli,79,Catanzaro,18,39.08289,16.371898,1,0,0,1,0,62,14990120,0,14990120,885.6,7632.7,0.931148,20.496100000000002,3034,148.02816145510607,0.028595,1.302532,12,18,0.001395,0.06355,20913,0,952626,52.451966,no,78626.13,-2.035884,Non signif,Non signif
13202,Rovello Porro,13,Como,3,45.654152,9.041161,3,1,1,1,0,78,14832251,0,14832251,1589.6,19767.3,0.838132,5.5317,6122,1106.712222282481,0,0.089813,0,56,0,0.016236,0,0,240817,12.029442,no,17842.37,0.542145,Non signif,Non signif
8055,Sanremo,8,Imperia,7,43.819825,7.774883,8,0,3,5,0,547,136191460,0,136191460,12962.3,140143.1,0.88309,55.9586,54529,974.4525417004714,2.67778,0.779255,840,1940,0.047853,0.013926,6517153,0,1896543,29.468433,no,401334.89,-0.132677,Non signif,Hotspot 95%
110007,San Ferdinando di Puglia,110,Barletta-Andria-Trani,16,41.302632,16.070465,4,0,1,3,0,440,46728077,0,46728077,4249.2,110241.5,0.77395,41.2305,13828,335.38278701446745,0.030868,5.537059,0,29,0.000749,0.134295,34984,0,6275357,22.254355,no,103990.32,0.50504,Non signif,Hotspot 95%
20035,Moglia,20,Mantova,3,44.937174,10.913395,4,0,2,2,0,110,66867572,0,66867572,6084.5,71660.4,0.854049,31.8493,5487,172.28008150885577,0,0.698399,0,22,0,0.021928,0,0,1466288,21.044843,no,140721.75,0.109264,Non signif,Non signif
12072,Gavirate,12,Varese,3,45.842826,8.717671,7,0,3,4,0,506,184891091,0,184891091,22927.7,154453.4,0.916466,12.0088,9374,780.5942308973418,0.17921,2.557467,85,257,0.014923,0.212966,2759171,0,39375530,11.229804,no,207629.08,0.242018,Non signif,Non signif
35021,Fabbrico,35,Reggio nell'Emilia,8,44.872091,10.810062,5,0,2,2,1,1865,100820400,603677983,704498383,45108.6,557085,0.927882,23.633499999999998,6609,279.6454185795587,0,6.025762,0,128,0,0.254967,0,0,25705872,36.618436,no,2579762.86,-0.645752,Non signif,Non signif
21072,Renon/Ritten,21,Bolzano/Bozen,4,46.562935,11.441435,5,0,1,2,2,1901,79057203,697561350,776618553,93802.4,774123.1,0.910941,111.3617,7892,70.86817101391233,1.161737,0,36,0,0.010432,0,824733,7277034,0,10.80791,no,839362.36,-0.10611,Non signif,Non signif
16150,Orio al Serio,16,Bergamo,3,45.676227,9.692956,7,1,0,5,1,508,145488299,79779527,225267826,17863.2,207166.5,0.906557,3.0418000000000003,1734,570.0572029719244,0,0,0,0,0,0,0,0,0,21.203762,no,477652.53,-0.367079,Non signif,Non signif
23068,Salizzole,23,Verona,5,45.24279,11.084444,3,0,0,3,0,168,60009573,0,60009573,4354.7,89221,0.845478,30.6958,3804,123.92574879951003,0,0,0,0,0,0,0,0,0,20.167921,no,121026.83,0.29222,Non signif,Non signif
22167,San Michele all'Adige,22,Trento,4,46.192907,11.133577,2,0,1,1,0,41,30963303,0,30963303,1276.4,37463.4,0.871641,5.3159,3151,592.7500517315976,0.034446,0.072427,2,2,0.00648,0.013625,200636,0,421863,14.82766,no,45911.33,-1.034296,Non signif,Non signif
88002,Chiaramonte Gulfi,88,Ragusa,19,37.031342,14.701285,4,0,0,3,1,265,78115001,102280141,180395142,18816.6,122138.3,0.892554,127.3759,8126,63.795427549481495,0.110274,0,244,0,0.000866,0,67627,88548,0,23.45042,no,423034.19,0.090569,Non signif,Non signif
4144,Morozzo,4,Cuneo,1,44.423932,7.713335,1,0,1,0,0,33,4354015,0,4354015,757.9,7336.8,0.857787,22.1922,2044,92.10443308910338,0,0.336299,0,5,0,0.015154,0,0,65980,16.396584,no,7139.1,2.042419,Non signif,Non signif
15181,Rescaldina,15,Milano,3,45.615974,8.948931,7,0,1,4,2,701,185047066,387464652,572511718,48406.4,330643.1,0.936603,8.03,14185,1766.5006226650064,0,0.009083,0,0,0,0.001131,0,0,209313,15.050002,no,861630.25,-0.789655,Non signif,Non signif
33002,Alseno,33,Piacenza,8,44.898364,9.961374,2,0,0,2,0,251,73156312,0,73156312,7856.5,66037.7,0.907818,55.2703,4695,84.9461645766352,0.381589,3.887532,11,473,0.006904,0.070337,505075,0,5145576,28.260932,no,206746.56,-0.179668,Non signif,Non signif
4148,Neive,4,Cuneo,1,44.72605,8.115186,3,0,2,1,0,186,105764877,0,105764877,8431.1,51173.4,0.950156,21.3032,3461,162.4638551954636,4.199988,0.925055,190,81,0.197153,0.043423,20851854,0,4592659,16.396584,no,173418.27,-0.426221,Non signif,Non signif
66042,Fagnano Alto,66,L'Aquila,13,42.25418,13.597459,1,0,0,1,0,71,27567354,0,27567354,1504.4,14138.9,0.948824,24.644099999999998,416,16.8803080656222,0.425582,0.67842,5,0,0.017269,0.027529,476064,0,758893,47.395882,no,130657.91,0.454329,Non signif,Non signif
6191,Cassano Spinola,6,Alessandria,1,44.766166,8.863175,2,0,0,1,1,573,135870483,325390858,461261341,52490.7,517359.7,0.906345,17.1266,1852,108.13588219494821,0.8318559999999999,2.952961,0,36,0.048571,0.17242,6599365,15804558,23426730,20.84217,no,961368.74,0.004568,Non signif,Non signif
41029,Mondolfo,41,Pesaro e Urbino,11,43.750769,13.096891,7,0,4,3,0,338,79620852,0,79620852,9595.8,102315.5,0.868056,22.8222,14265,625.0492941083683,0.193182,0,211,0,0.008465,0,673963,0,0,24.621765,no,196040.59,0.176491,Non signif,Non signif
13170,Orsenigo,13,Como,3,45.777379,9.181741,4,0,2,2,0,184,48761411,0,48761411,6361.3,67803.9,0.865703,4.4608,2769,620.7406743185079,0,0.063534,0,26,0,0.014243,0,0,694496,12.029442,no,58657.26,0.818159,Non signif,Non signif
16038,Brembate di Sopra,16,Bergamo,3,45.716763,9.579416,9,0,3,4,2,812,99394043,128447630,227841673,20705.8,228055.4,0.899399,4.138999999999999,7868,1900.9422565837162,0,0.299959,0,232,0,0.072471,0,0,7203222,21.203762,no,483110.05,-0.103752,Non signif,Non signif
93026,Meduno,93,Pordenone,6,46.216779,12.785867,1,0,0,0,1,709,0,181598419,181598419,18369.1,186046,0.895288,31.590999999999998,1541,48.77971574182521,0.922046,0,6,0,0.029187,0,0,5300310,0,22.312037,no,405183.07,-0.064277,Low-Low,Coldspot 99%
14015,Castione Andevenno,14,Sondrio,3,46.172794,9.800247,4,0,4,0,0,78,52213024,0,52213024,5442.8,38253.9,0.91403,17.0332,1575,92.4664772326985,0.583902,0.536114,8,11,0.03428,0.031475,1789874,0,1643387,12.776609,no,66710.54,-0.260746,Non signif,Non signif
35016,Castelnovo ne' Monti,35,Reggio nell'Emilia,8,44.435562,10.403295,2,0,1,1,0,93,24354401,0,24354401,2636.4,25154.2,0.907304,96.6817,10473,108.3245329778024,26.368245,1.186165,790,26,0.272733,0.012269,6642237,0,298798,36.618436,no,89182.01,0.482887,High-Low,Coldspot 99%
17015,Berlingo,17,Brescia,3,45.50298,10.043665,3,0,1,1,1,311,21288193,177178000,198466193,12434.3,99410.1,0.910226,4.5926,2749,598.5716152070722,0,0,0,0,0,0,0,0,0,20.48295,no,406517.31,-0.544159,Non signif,Non signif
25053,Sedico,25,Belluno,5,46.11098,12.097154,8,0,1,7,0,632,152647557,0,152647557,20752,157878.4,0.913232,91.2043,10119,110.94871623377406,1.112248,0,3,0,0.012195,0,1861556,0,0,17.91629,no,273487.78,-0.143577,Non signif,Non signif
21062,Parcines/Partschins,21,Bolzano/Bozen,4,46.683848,11.07352,2,0,0,2,0,194,58904892,0,58904892,7279.1,82314.9,0.879558,55.398199999999996,3725,67.24045185583648,0,0,0,0,0,0,0,0,0,10.80791,no,63663.88,0.107862,High-Low,Coldspot 99%
21040,Laives/Leifers,21,Bolzano/Bozen,4,46.422819,11.334771,9,0,1,7,1,1568,329188022,283092379,612280401,35842.7,403412.9,0.929919,24.108600000000003,17954,744.7135047244551,3.681112,0,368,0,0.152689,0,50263308,43225022,0,10.80791,no,661747.16,-0.11472,Non signif,Non signif
43025,Mogliano,43,Macerata,11,43.186461,13.48097,2,0,1,1,0,156,29761445,0,29761445,2187.2,25620.8,0.910256,29.2586,4576,156.39846062354314,2.196662,0,196,0,0.075077,0,2234414,0,0,27.736975,no,82549.25,-0.510084,Non signif,Non signif
20034,Medole,20,Mantova,3,45.324254,10.514405,4,0,1,3,0,296,102304756,0,102304756,6548.4,100247.4,0.890601,25.729,4055,157.60425978467876,0,0.095767,0,42,0,0.003722,0,0,380793,21.044843,no,215298.75,-0.541306,Low-Low,Coldspot 99%
1109,Front,1,Torino,1,45.280852,7.663618,2,0,0,1,1,179,58697704,70063220,128760924,18850.8,101650.8,0.925833,10.9484,1670,152.53370355485734,0.029641,1.315666,5,18,0.002707,0.12017,158914,189685,7053686,20.594868,no,265181.42,-0.035272,Low-Low,Coldspot 99%
41007,Cagli,41,Pesaro e Urbino,11,43.545737,12.651788,7,0,2,4,1,502,70162591,119943712,190106303,23468.5,194770.2,0.877509,226.46189999999999,8546,37.73703214536309,3.394369,0,160,0,0.014989,0,1051646,1797800,0,24.621765,no,468075.28,0.078694,Non signif,Non signif
15224,Truccazzano,15,Milano,3,45.483874,9.468553,5,0,0,4,1,655,73524775,69120443,142645218,24015.8,178258.6,0.879699,21.9842,5913,268.9658936872845,0,1.448221,0,233,0,0.065876,0,0,4843484,15.050002,no,214681.08,0.477928,Non signif,Non signif
75039,Maglie,75,Lecce,16,40.118463,18.298853,6,1,2,3,0,248,64820089,0,64820089,7080.7,75345.3,0.853441,22.664299999999997,14196,626.359516949564,0,0.235743,0,312,0,0.010402,0,0,674227,14.108941,no,91454.28,-0.087286,Non signif,Non signif
42006,Camerano,42,Ancona,11,43.531268,13.551574,13,1,4,7,1,918,181520468,57754506,239274974,24820.3,318911.4,0.855632,20.0044,7218,360.82061946371795,2.217107,0,933,0,0.110831,0,20118089,6400988,0,27.781362,no,664738.46,0.011213,Non signif,Non signif
53006,Castiglione della Pescaia,53,Grosseto,9,42.76393,10.879092,4,0,2,2,0,182,94936546,0,94936546,5789.1,34965.3,0.956242,209.2834,7289,34.82837148096791,30.366063,44.596753,692,2092,0.145095,0.213093,13774858,0,20230280,19.796812,no,187944.09,-1.161025,Low-Low,Coldspot 99%
75090,Ugento,75,Lecce,16,39.926319,18.157428,2,0,1,1,0,248,46370136,0,46370136,5042.8,40849.5,0.86666,100.3978,12412,123.6282069925835,0.033102,0.000058,22,0,0.00033,0.000001,15289,0,27,14.108941,no,65423.35,-0.45148,Non signif,Hotspot 95%
37024,Crevalcore,37,Bologna,8,44.72057,11.149804,4,0,0,4,0,310,53926172,0,53926172,5118.8,67891.3,0.897419,102.7541,13501,131.39135080741303,0,4.191567,0,1073,0,0.040792,0,0,2199768,38.815968,no,209319.66,-0.071166,Non signif,Coldspot 99%
27021,Martellago,27,Venezia,5,45.546645,12.157678,4,0,0,3,1,765,88874714,10899015,99773729,12641.6,85488.9,0.927826,20.1709,21502,1065.9911059992367,0,0.385339,0,57,0,0.019104,0,0,1697837,17.526854,no,174871.96,0.192968,Non signif,Non signif
108043,Triuggio,108,Monza e della Brianza,3,45.661364,9.267441,5,0,3,2,0,194,101711925,0,101711925,7651.2,138219.6,0.868715,8.3379,8763,1050.9840607347176,0,0.105124,0,40,0,0.012608,0,0,1282381,13.279771,no,135071.11,0.143092,Non signif,Non signif
78012,Aprigliano,78,Cosenza,18,39.241693,16.341796,1,1,0,0,0,4,5307424,0,5307424,292.1,1714.8,0.960652,122.4251,2821,23.042660369483055,1.094644,0.00108,566,0,0.008941,0.000009,47455,0,47,50.996071,no,27065.78,-0.837104,Non signif,Non signif
2049,Crescentino,2,Vercelli,1,45.190454,8.099929,2,0,1,1,0,94,15729781,0,15729781,1216.4,25378.6,0.847523,48.224,7814,162.03550099535502,0,8.996828,0,1525,0,0.186563,0,0,2934600,17.175786,no,27017.14,-0.949476,Non signif,Non signif
16011,Arcene,16,Bergamo,3,45.575577,9.614054,4,0,1,3,0,201,84006092,0,84006092,5840.3,102686.2,0.872051,4.347300000000001,4868,1119.7754928346328,0,0,0,0,0,0,0,0,0,21.203762,no,178124.52,-0.444573,Non signif,Non signif
108029,Macherio,108,Monza e della Brianza,3,45.640116,9.269371,2,0,1,1,0,146,44656109,0,44656109,3504.8,37931.4,0.907011,3.1826,7411,2328.5992584679193,0,0.015106,0,4,0,0.004746,0,0,211957,13.279771,no,59302.29,0.005902,Non signif,Non signif
17162,Roccafranca,17,Brescia,3,45.4643,9.914056,3,1,1,1,0,62,50309866,0,50309866,8573.7,89099.6,0.819652,19.1325,4777,249.6798641055795,0,0.963795,0,11,0,0.050375,0,0,2534347,20.48295,no,103049.45,0.951416,Non signif,Hotspot 95%
35006,Brescello,35,Reggio nell'Emilia,8,44.901224,10.515728,10,0,2,6,2,1163,129089993,542702342,671792335,57857.7,732942.3,0.87542,24.043200000000002,5601,232.95567977640246,0,5.544579,0,108,0,0.230609,0,0,29769318,36.618436,no,2459998.43,0.066023,Non signif,Coldspot 95%
29046,Taglio di Po,29,Rovigo,5,45.005777,12.210798,3,0,0,3,0,222,53800562,0,53800562,4252.2,69169.9,0.865357,78.6797,8271,105.1224140407246,0,14.50752,0,379,0,0.184387,0,0,9920128,24.853738,no,133714.51,-0.328564,Non signif,Non signif
3079,Grignasco,3,Novara,1,45.684099,8.337853,3,0,0,3,0,201,65355385,0,65355385,8550.5,54863.4,0.925326,14.333900000000002,4506,314.35966485045935,0.010554,1.830722,0,93,0.000736,0.12772,48121,0,8347173,12.08995,no,79014.34,-0.127714,Non signif,Non signif
51033,San Giovanni Valdarno,51,Arezzo,9,43.56493,11.530595,6,0,4,2,0,319,58589494,0,58589494,8735.2,89011.5,0.836703,21.45,16812,783.7762237762238,2.451808,1.641419,97,342,0.114303,0.076523,6696979,0,4483446,29.518286,no,172946.14,1.229503,Non signif,Coldspot 95%
33010,Caorso,33,Piacenza,8,45.0496,9.874375,4,0,1,2,1,487,78376625,224504402,302881027,25807.1,263809.7,0.884941,40.983599999999996,4736,115.55841848934698,0,10.273793,0,278,0,0.250681,0,0,19647499,28.260932,no,855970.02,0.176862,Non signif,Non signif
43015,Corridonia,43,Macerata,11,43.248458,13.509212,12,1,7,2,2,1130,114821389,222313903,337135292,50175.6,364654.7,0.901219,61.9653,15362,247.91294482557174,0.580646,0,125,0,0.009371,0,1075934,2083193,0,27.736975,no,935111.31,0.304662,Non signif,Non signif
7049,Pollein,7,Valle d'Aosta/Vallée d'Aoste,2,45.727967,7.352221,4,0,2,1,1,344,43739432,73055366,116794798,12914.3,159547.3,0.83083,15.3297,1527,99.61055989353999,9.095936,1.409027,431,71,0.593354,0.091915,25952959,43347680,4020303,17.572597,no,205238.79,0.650956,High-Low,Coldspot 99%
1309,Vinovo,1,Torino,1,44.94839,7.633929,7,0,3,3,1,602,54172586,111470805,165643391,21341.1,221602.8,0.871773,17.694300000000002,15042,850.1042708668892,0,1.591273,0,83,0,0.089931,0,0,4871816,20.594868,no,341140.38,0.258438,Non signif,Non signif
93010,Casarsa della Delizia,93,Pordenone,6,45.955937,12.842693,2,0,1,1,0,159,75713433,0,75713433,11951.8,65334.2,0.878098,20.4663,8404,410.626249004461,0,1.204567,0,592,0,0.058856,0,0,4456199,22.312037,no,168932.09,0.373337,Non signif,Non signif
42043,Santa Maria Nuova,42,Ancona,11,43.49406,13.311672,2,0,1,1,0,109,19074528,0,19074528,2100.4,42738.8,0.727623,18.2872,4146,226.7159543287108,3.681013,0,274,0,0.201289,0,3839494,0,0,27.781362,no,52991.64,0.449824,Non signif,Non signif
18095,Montebello della Battaglia,18,Pavia,3,45.000959,9.103454,1,0,1,0,0,43,12296880,0,12296880,1735.8,10807.5,0.921402,15.741800000000001,1596,101.38611848708533,0.224067,0,7,0,0.014234,0,175032,0,0,18.961299,no,23316.48,1.069711,Non signif,Non signif
3036,Carpignano Sesia,3,Novara,1,45.534635,8.418519,1,0,0,1,0,17,15639876,0,15639876,2710.2,27067.8,0.810263,14.655899999999999,2507,171.0573898566448,0,0.496006,0,0,0,0.033843,0,0,529307,12.08995,no,18908.53,1.696365,Non signif,Non signif
6011,Balzola,6,Alessandria,1,45.183005,8.402652,1,0,0,0,1,110,0,89098518,89098518,4033.5,71634,0.90346,16.62,1371,82.49097472924187,0,2.532759,0,411,0,0.152392,0,0,0,20.84217,no,185700.65,-1.216459,Non signif,Non signif
2133,Santhià,2,Vercelli,1,45.366259,8.172627,2,0,1,1,0,27,18633256,0,18633256,1761.2,29718.4,0.796361,53.1302,8496,159.9090536079292,0,1.069775,0,12,0,0.020135,0,0,375180,17.175786,no,32004.08,0.348727,Non signif,Non signif
2007,Asigliano Vercellese,2,Vercelli,1,45.261578,8.408501,1,0,0,1,0,10,13216690,0,13216690,1640.9,27189.2,0.77194,26.315900000000003,1438,54.64377049616391,0,0.077572,0,40,0,0.002948,0,0,38959,17.175786,no,22700.7,0.799412,Non signif,Non signif
2090,Palazzolo Vercellese,2,Vercelli,1,45.186255,8.232632,2,0,2,0,0,33,9472175,0,9472175,1108.7,8047.7,0.925369,13.9398,1201,86.15618588501987,0,4.848351,0,2,0,0.347806,0,0,3294483,17.175786,no,16269.21,-0.301381,Non signif,Non signif
16183,Romano di Lombardia,16,Bergamo,3,45.518376,9.755087,9,0,4,5,0,362,104906101,0,104906101,13828.9,171732.7,0.853711,19.383399999999998,20486,1056.8837252494404,0,0.775222,0,13,0,0.039994,0,0,4195627,21.203762,no,222440.4,0.326799,Non signif,Non signif
14027,Dubino,14,Sondrio,3,46.153343,9.461512,3,0,1,1,1,341,53529875,144747507,198277382,20383.7,164783.2,0.902857,13.2394,3715,280.6018399625361,0.924609,0.557714,191,2,0.069838,0.042125,3738402,10108830,2254963,12.776609,no,253331.26,0.044402,Non signif,Non signif
49012,Piombino,49,Livorno,9,42.923166,10.526819,6,0,3,2,1,475,108373552,21862549,130236101,10563.3,107970.3,0.899688,129.8803,33855,260.66308747361995,9.48238,22.874645,387,609,0.073009,0.176121,7912202,1596154,19086856,23.707966,no,308763.31,0.050663,Non signif,Non signif
65056,Giffoni Valle Piana,65,Salerno,15,40.718112,14.942347,2,0,0,2,0,90,34597345,0,34597345,2690.6,37586,0.875223,88.61399999999999,11899,134.2790078317196,51.986297,0.457137,714,202,0.58666,0.005159,20296881,0,178479,25.585615,no,88519.43,-0.525433,Non signif,Non signif
16209,Suisio,16,Bergamo,3,45.655902,9.500154,3,0,0,3,0,278,123439104,0,123439104,14457.5,109575.9,0.89195,4.5411,3780,832.3974367444011,0.016398,0.202052,0,2,0.003611,0.044494,445741,0,5492308,21.203762,no,261737.33,0.628378,Non signif,Non signif
29038,Pontecchio Polesine,29,Rovigo,5,45.019111,11.811926,1,1,0,0,0,4,1962063,0,1962063,66.7,5959.9,0.693133,11.531400000000001,2218,192.34438142810063,0,0,0,0,0,0,0,0,0,24.853738,no,4876.46,-0.134015,Non signif,Non signif
3006,Armeno,3,Novara,1,45.822457,8.439199,2,0,0,2,0,122,35904344,0,35904344,4429.7,31517.9,0.919325,31.5158,2216,70.31393777089588,0.170467,0.181029,72,73,0.005409,0.005744,194204,0,206237,12.08995,no,43408.17,-0.224836,High-Low,Coldspot 99%
40020,Mercato Saraceno,40,Forlì-Cesena,8,43.956744,12.195766,9,0,3,5,1,638,134719053,148089893,282808946,27696.3,262304.7,0.87673,99.3319,6837,68.82985224283438,50.0742,2.920696,1784,375,0.50411,0.029403,67913216,74653590,3961199,31.154462,no,881076.04,0.242984,Non signif,Non signif
14044,Montagna in Valtellina,14,Sondrio,3,46.178495,9.90295,3,0,1,1,1,257,24028058,250048630,274076688,7383.9,194929.2,0.826171,44.9745,3041,67.6160935641308,2.374397,1.479205,62,59,0.052794,0.03289,1268544,13201141,790279,12.776609,no,350177.07,-0.731083,Non signif,Non signif
69035,Francavilla al Mare,69,Chieti,13,42.420643,14.28701,4,0,2,1,1,549,63817209,33485416,97302625,14911.4,93580.8,0.933064,23.0894,25663,1111.4624026609613,1.33066,0.228,136,23,0.057631,0.009875,3677835,1929790,630173,28.116343,no,273579.4,1.025791,Non signif,Non signif
13053,Casnate con Bernate,13,Como,3,45.760483,9.074278,8,0,3,4,1,939,150691422,330985000,481676422,27512,361497.2,0.846344,5.2221,4943,946.5540682867046,0,0.004801,0,5,0,0.000919,0,0,138540,12.029442,no,579429.86,0.157856,Non signif,Non signif
35018,Canossa,35,Reggio nell'Emilia,8,44.55356,10.411914,2,0,0,2,0,263,97826577,0,97826577,8484.8,72369.3,0.933152,53.0831,3762,70.87001324338631,13.543885,1.634338,333,133,0.255145,0.030788,24959957,0,3011913,36.618436,no,358225.62,-0.374299,Low-Low,Coldspot 99%
59028,Sezze,59,Latina,12,41.498414,13.059217,3,0,1,2,0,203,67704166,0,67704166,8602.3,94271.6,0.862099,100.4728,24954,248.365726843484,8.352624,0.661634,1299,342,0.083133,0.006585,5628463,0,445846,21.481102,no,145436.01,-0.01524,Non signif,Non signif
108005,Barlassina,108,Monza e della Brianza,3,45.656416,9.130101,3,0,1,2,0,73,41157300,0,41157300,4803.8,78107.7,0.765871,2.7560000000000002,7015,2545.3555878084176,0,0.013191,0,19,0,0.004786,0,0,196991,13.279771,no,54655.95,0.990396,Non signif,Non signif
3058,Cureggio,3,Novara,1,45.674869,8.459727,2,0,2,0,0,80,20224496,0,20224496,2310,19776.5,0.896313,8.5069,2630,309.16079888090843,0.01323,0.203289,0,3,0.001555,0.023897,31453,0,483304,12.08995,no,24451.32,-0.038105,Non signif,Non signif
63008,Boscoreale,63,Napoli,15,40.77404,14.477432,1,0,1,0,0,10,3699165,0,3699165,99.2,4020.4,0.865053,11.3467,27927,2461.2442384129304,0,0.133902,0,790,0,0.011801,0,0,43654,35.751904,no,13225.22,-0.937542,Non signif,Non signif
19102,Spino d'Adda,19,Cremona,3,45.398872,9.492255,6,0,1,5,0,321,131614270,0,131614270,14117.3,135014.6,0.888125,20.0199,6873,343.30840813390677,0,0.638374,0,972,0,0.031887,0,0,4196781,21.210647,no,279162.38,-0.116949,Non signif,Non signif
86012,Nicosia,86,Enna,19,37.747452,14.397271,1,0,1,0,0,31,4125753,0,4125753,668,6097.9,0.848806,218.50889999999998,13588,62.18511008018438,2.531564,0,646,0,0.011586,0,47799,0,0,34.389868,no,14188.41,0.829241,High-High,Hotspot 99%
12125,Taino,12,Varese,3,45.764344,8.615061,1,0,0,1,0,93,56755592,0,56755592,8310.9,52828.2,0.919795,7.6312,3725,488.12768634028726,0.030679,0.026041,8,1,0.00402,0.003412,228169,0,193675,11.229804,no,63735.42,-0.192742,Non signif,Non signif
15082,Colturano,15,Milano,3,45.37977,9.337852,1,0,1,0,0,7,10175304,0,10175304,1122.5,15512.7,0.831536,4.1644,2105,505.47497838824324,0,0.057308,0,0,0,0.013761,0,0,140026,15.050002,no,15313.83,1.291053,Non signif,Non signif
43006,Caldarola,43,Macerata,11,43.138534,13.224835,1,0,0,1,0,81,39798802,0,39798802,3200,41330.9,0.900951,29.222199999999997,1758,60.1597415663434,0.571883,0,13,0,0.01957,0,778869,0,0,27.736975,no,110389.84,0.018634,Non signif,Non signif
4143,Moretta,4,Cuneo,1,44.763839,7.537125,5,1,1,1,2,1213,26657600,340878503,367536103,33078.5,487002.3,0.851904,23.9937,4103,171.00322167902408,0,3.831887,0,121,0,0.159704,0,0,4257322,16.396584,no,602633.66,0.47675,Non signif,Non signif
17160,Remedello,17,Brescia,3,45.279498,10.371743,3,0,1,1,1,545,23674357,227341132,251015489,21337.8,172653.9,0.870243,21.4628,3384,157.6681514061539,0,0.191743,0,3,0,0.008934,0,0,211500,20.48295,no,514153.77,0.704751,Non signif,Coldspot 95%
5097,San Damiano d'Asti,5,Asti,1,44.833445,8.063534,2,0,1,1,0,37,51655940,0,51655940,10962.9,67736.4,0.882056,47.8663,8347,174.3815586331093,0.892954,1.40954,26,40,0.018655,0.029447,963650,0,1521135,21.748752,no,112345.22,0.403893,Non signif,Non signif
54009,Castiglione del Lago,54,Perugia,10,43.127141,12.04525,3,0,1,2,0,163,90292549,0,90292549,8690.1,63259.5,0.916414,205.26330000000002,15479,75.41046061327086,2.34352,0.282583,146,8,0.011417,0.001377,1030883,0,124304,38.922787,no,351443.76,-0.086711,Non signif,Non signif
15206,Senago,15,Milano,3,45.576272,9.124548,8,1,3,3,1,706,143668323,56343210,200011533,21822.7,152210.6,0.93019,8.5992,21500,2500.2325797748626,0,0.173056,0,145,0,0.020125,0,0,2891277,15.050002,no,301017.4,-0.528004,Non signif,Non signif
54025,Lisciano Niccone,54,Perugia,10,43.246844,12.14305,2,0,0,2,0,165,102829854,0,102829854,10124.6,49472.6,0.95388,35.1825,607,17.252895615718042,2.654068,0.249661,35,7,0.075437,0.007096,7757192,0,729698,38.922787,no,400242.45,0.290503,Non signif,Non signif
91095,Tortolì,91,Nuoro,20,39.926604,9.659155,2,0,1,1,0,71,28412882,0,28412882,2568.3,33692.2,0.88174,40.2856,11081,275.06106400301843,1.31377,2.85623,34,597,0.032611,0.0709,926584,0,2014460,14.344669,si,40757.34,-0.421394,Non signif,Coldspot 95%
87003,Aci Catena,87,Catania,19,37.60257,15.14196,2,0,0,2,0,128,67185818,0,67185818,2137.8,25056.1,0.963985,8.534500000000001,29418,3446.950612220985,0.021589,0,65,0,0.00253,0,169954,0,0,36.827421,no,247428.04,-0.673515,Non signif,Non signif
12040,Cassano Magnago,12,Varese,3,45.675221,8.825584,9,0,5,4,0,419,166769944,0,166769944,13783.1,152329.1,0.855007,12.3443,21757,1762.5138727995916,0,0.601037,0,171,0,0.048689,0,0,8119934,11.229804,no,187279.38,0.269837,Non signif,Non signif
2150,Tronzano Vercellese,2,Vercelli,1,45.341258,8.173027,3,0,2,0,1,348,35020939,70403000,105423939,10745.2,81467.1,0.925524,44.75149999999999,3483,77.8297934147459,0,0,0,0,0,0,0,0,0,17.175786,no,181073.9,-0.320014,Non signif,Non signif
1041,Buriasco,1,Torino,1,44.87364,7.41032,2,0,0,2,0,180,45950128,0,45950128,2925.6,52707.3,0.889386,14.687100000000001,1370,93.27913611264306,0,1.174145,0,72,0,0.079944,0,0,3673435,20.594868,no,94633.68,-0.660596,Non signif,Non signif
111057,Portoscuso,111,Sud Sardegna,20,39.207031,8.380931,2,0,0,2,0,262,223280333,0,223280333,2163.5,37665.1,0.981887,38.0905,5104,133.99666583531328,0.822818,2.917618,17,29,0.021602,0.076597,4823226,0,17102603,15.448131,si,344926.39,-1.920874,Non signif,Non signif
74007,Fasano,74,Brindisi,16,40.834432,17.358399,12,0,6,6,0,558,189534466,0,189534466,17778.3,240948,0.884833,131.717,39683,301.2747025820509,0.01167,5.157494,1,910,0.000089,0.039156,16793,0,7421387,13.243039,no,251001.24,0.316278,Non signif,Non signif
1189,Pianezza,1,Torino,1,45.105847,7.543418,12,0,3,9,0,674,266295631,0,266295631,31908.1,243501.3,0.898845,16.4636,15309,929.8695303578804,0.018858,0.086737,33,116,0.001145,0.005268,305025,0,1402955,20.594868,no,548432.33,-0.164319,Non signif,Non signif
37035,Malalbergo,37,Bologna,8,44.718674,11.532212,5,0,3,2,0,176,97536152,0,97536152,4970.9,82039.8,0.910168,53.8171,9087,168.8496778904846,0,36.012165,0,3350,0,0.669158,0,0,65267136,38.815968,no,378596.02,-0.701487,Non signif,Non signif
65115,Salento,65,Salerno,15,40.248604,15.190058,1,0,1,0,0,45,18596011,0,18596011,1082,8711.8,0.959905,23.785500000000003,1957,82.27701751066826,2.396274,1.338936,85,21,0.100745,0.056292,1873458,0,1046809,25.585615,no,47579.04,-1.298422,Non signif,Non signif
39013,Massa Lombarda,39,Ravenna,8,44.447386,11.826091,3,0,1,2,0,304,87897625,0,87897625,10663.7,96169.6,0.921354,37.2485,10646,285.8101668523565,0,8.983575,0,1985,0,0.24118,0,0,21199106,37.876303,no,332923.71,-0.099609,Non signif,Non signif
15059,Cassano d'Adda,15,Milano,3,45.526333,9.521491,7,1,1,5,0,465,125243269,0,125243269,10770,143280.5,0.855466,18.601300000000002,19057,1024.4982877540815,0,1.34643,0,30,0,0.072384,0,0,9065565,15.050002,no,188491.15,0.450571,Non signif,Non signif
10055,Sant'Olcese,10,Genova,7,44.490864,8.97054,3,0,1,1,1,456,41368057,111714738,153082795,29489.8,163219.4,0.906449,21.901999999999997,5911,269.8840288558123,10.23584,0.185152,1835,405,0.467347,0.008454,19333249,52209578,349711,24.504626,no,375123.67,1.074721,Non signif,Non signif
6169,Tagliolo Monferrato,6,Alessandria,1,44.638346,8.665851,1,0,0,1,0,120,56869770,0,56869770,5997.7,30672.2,0.955893,26.2115,1567,59.78291971081396,4.02183,0.070118,36,2,0.153438,0.002675,8725962,0,152131,20.84217,no,118528.94,-1.687136,Non signif,Non signif
6021,Bosco Marengo,6,Alessandria,1,44.825551,8.677248,5,0,4,1,0,114,76496078,0,76496078,9949.2,74700.6,0.865122,44.5303,2374,53.3120145159588,0,0.62122,0,3,0,0.013951,0,0,1067159,20.84217,no,159434.43,-0.348125,Non signif,Non signif
62057,San Bartolomeo in Galdo,62,Benevento,15,41.409682,15.015391,2,0,1,1,0,59,33854048,0,33854048,4258,28250.8,0.901588,82.6732,4743,57.37046588253509,18.918575,0.93139,190,10,0.228836,0.011266,7747013,0,381397,40.937916,no,138591.42,0.237828,Low-High,Hotspot 99%
1146,Mathi,1,Torino,1,45.255172,7.541984,3,0,0,1,2,1086,18804292,629943876,648748168,86071.7,509710.3,0.91398,7.0707,3894,550.723407866265,0.000486,0.542289,0,0,0.000069,0.076695,1293,43299,1442200,20.594868,no,1336088.28,0.383264,High-Low,Coldspot 99%
2148,Trino,2,Vercelli,1,45.19394,8.296987,1,0,0,1,0,20,17850097,0,17850097,1153.7,17670.1,0.885189,70.60640000000001,7085,100.34501121711345,0,2.714503,0,9,0,0.038446,0,0,686257,17.175786,no,30658.94,-1.128247,Non signif,Non signif
35039,Sant'Ilario d'Enza,35,Reggio nell'Emilia,8,44.760505,10.449892,12,0,4,5,3,817,181158943,267938905,449097848,37042,563166.8,0.856199,20.2335,11263,556.6510984258779,0,0.669158,0,28,0,0.033072,0,0,5991250,36.618436,no,1644526.06,-0.17436,Non signif,Non signif
44036,Montefiore dell'Aso,44,Ascoli Piceno,11,43.051895,13.75279,1,0,0,1,0,27,18256535,0,18256535,3649.6,45007,0.767265,28.2079,2053,72.78102942792623,2.355871,0,76,0,0.083518,0,1524752,0,0,32.834347,no,59944.14,2.215873,Non signif,Non signif
87011,Caltagirone,87,Catania,19,37.237201,14.513202,3,0,0,3,0,252,66329401,0,66329401,5351.6,37691.5,0.955358,383.3793,38295,99.88802212326017,0.526596,0,2242,0,0.001374,0,91108,0,0,36.827421,no,244274.08,-0.817235,Low-High,Hotspot 99%
75082,Surano,75,Lecce,16,40.028322,18.345131,3,0,1,1,1,549,16435616,107908497,124344113,22325.1,94569.2,0.867495,8.9885,1637,182.12159982199478,0,0,0,0,0,0,0,0,0,14.108941,no,175436.38,0.857233,Non signif,Non signif
16157,Palosco,16,Bergamo,3,45.587549,9.835698,2,0,1,1,0,64,31643237,0,31643237,3040.6,35609.8,0.903292,10.793800000000001,5808,538.0866793900201,0,1.12161,0,236,0,0.103912,0,0,3288126,21.203762,no,67095.57,-0.462191,Non signif,Non signif
58015,Campagnano di Roma,58,Roma,12,42.141078,12.383669,4,0,3,1,0,204,47140290,0,47140290,5218.2,57753.4,0.85057,46.9379,11561,246.30415932540654,0.086037,0,157,0,0.001833,0,86408,0,0,29.689549,no,139957.39,0.149287,Non signif,Non signif
58064,Monte Porzio Catone,58,Roma,12,41.816426,12.715341,1,0,0,1,0,63,5260997,0,5260997,155.2,4316,0.964041,9.1252,8718,955.3763205190023,0,0,0,0,0,0,0,0,0,29.689549,no,15619.66,-0.23833,Low-High,Hotspot 99%
38014,Mesola,38,Ferrara,8,44.920782,12.229224,1,0,1,0,0,20,6360634,0,6360634,359.3,12289.7,0.787398,84.3073,6778,80.3963595086072,0,5.132215,0,346,0,0.060875,0,0,387204,39.906082,no,25382.8,-0.726803,Non signif,Non signif
20065,Suzzara,20,Mantova,3,44.991873,10.74309,12,0,3,7,2,1046,206777425,340966045,547743470,67978.9,428919,0.900724,61.101099999999995,21154,346.2130796335909,0,8.435832,0,67,0,0.138064,0,0,28548416,21.044843,no,1152717.52,-0.374346,Non signif,Non signif
16142,Mozzanica,16,Bergamo,3,45.476076,9.689258,4,0,1,3,0,96,95189564,0,95189564,11783.6,54174.7,0.931971,9.4648,4551,480.8342490068464,0,3.407746,0,2418,0,0.360044,0,0,34272447,21.203762,no,201837.68,0.549808,Non signif,Non signif
87033,Paternò,87,Catania,19,37.56707,14.905352,5,0,1,4,0,351,53986185,0,53986185,5074.5,96332.7,0.825523,144.6824,47827,330.5654315936147,0.204203,10.436317,15,37,0.001411,0.072133,76195,0,3894164,36.827421,no,198817.2,,,
63084,Torre del Greco,63,Napoli,15,40.787921,14.368281,10,0,5,4,1,701,125293660,74009150,199302810,16683.1,174460.5,0.907982,30.6333,85332,2785.5960670251,1.494521,0.71285,26,1867,0.048787,0.02327,6112760,3610719,2915637,35.751904,no,712545.5,-0.119299,Non signif,Non signif
67004,Atri,67,Teramo,13,42.580137,13.976412,2,0,0,2,0,221,115845954,0,115845954,10095,82947.2,0.925083,92.1829,10635,115.36846855544792,25.071373,1.023154,854,34,0.271974,0.011099,31507114,0,1285794,27.38232,no,317213.1,0.396611,Non signif,Non signif
16203,Sotto il Monte Giovanni XXIII,16,Bergamo,3,45.705467,9.503737,2,0,2,0,0,69,79521356,0,79521356,1623,11780.9,0.963988,5.0234,4505,896.8029621371979,0.037093,0.019031,13,6,0.007384,0.003788,587189,0,301264,21.203762,no,168615.19,-1.074854,Non signif,Non signif
1260,Scalenghe,1,Torino,1,44.891741,7.492521,1,0,0,0,1,246,0,72533381,72533381,3668,106514.4,0.846763,31.6773,3279,103.51260997622904,0,0.001543,0,0,0,0.000049,0,0,0,20.594868,no,149381.54,-0.76348,Non signif,Non signif
58115,Lariano,58,Roma,12,41.725114,12.831276,1,1,0,0,0,3,2503249,0,2503249,38.5,1778.4,0.908232,22.534699999999997,13448,596.7685391862328,1.818337,0,17,0,0.080691,0,201989,0,0,29.689549,no,7432.03,-0.822575,Non signif,Non signif
36021,Medolla,36,Modena,8,44.846673,11.0676,10,0,3,4,3,1529,189968854,540323740,730292594,61985.2,541989.3,0.921745,26.996399999999998,6253,231.62347572268897,0,2.407158,0,1177,0,0.089166,0,0,16938742,36.541065,no,2668566.88,-0.036238,Non signif,Non signif
76091,Tramutola,76,Potenza,17,40.31661,15.791071,2,0,0,2,0,137,20698669,0,20698669,2111.5,21387.3,0.916148,36.6472,3033,82.76212098059334,0.450169,0.477465,484,16,0.012284,0.013029,254260,0,269677,40.913322,no,84685.13,0.233089,Non signif,Non signif
13102,Fino Mornasco,13,Como,3,45.742876,9.047639,2,0,1,1,0,107,25255947,0,25255947,2507.7,15995.9,0.944868,7.2395000000000005,9865,1362.6631673458112,0.000685,0.030948,0,7,0.000095,0.004275,2390,0,107966,12.029442,no,30381.49,0.071986,Non signif,Non signif
4165,Pianfei,4,Cuneo,1,44.372031,7.711435,2,0,0,2,0,80,28435102,0,28435102,4653.7,42976.4,0.851832,15.3105,2129,139.05489696613435,0.141422,0.729597,5,47,0.009237,0.047653,262653,0,1355029,16.396584,no,46623.85,1.452538,Non signif,Non signif
30078,Povoletto,30,Udine,6,46.118179,13.298797,5,0,2,2,1,302,65818653,66882765,132701418,14885.6,127652.3,0.903428,38.4137,5425,141.22565647151927,0.014774,0.032076,0,0,0.000385,0.000835,25314,25723,54960,22.91097,no,304031.82,0.369388,Non signif,Coldspot 95%
1193,Piobesi Torinese,1,Torino,1,44.932943,7.610123,6,0,3,3,0,324,97971142,0,97971142,9340.5,90470.9,0.873367,19.6491,3783,192.52790204131486,0,0.734095,0,26,0,0.03736,0,0,3660225,20.594868,no,201770.27,0.116489,Non signif,Non signif
43024,Matelica,43,Macerata,11,43.25656,13.010514,4,0,3,1,0,224,109844070,0,109844070,7487.1,60187.3,0.914979,81.1013,9665,119.17194915494574,3.216921,0,46,0,0.039665,0,4357016,0,0,27.736975,no,304674.22,-0.362991,Non signif,Non signif
8019,Chiusanico,8,Imperia,7,43.972565,7.99088,2,0,0,2,0,145,58154962,0,58154962,2756.8,92446.4,0.828113,13.507,578,42.792626045754055,1.68097,0.089352,16,14,0.124452,0.006615,7237488,0,384709,29.468433,no,171373.56,-0.76112,Non signif,Hotspot 95%
33027,Monticelli d'Ongina,33,Piacenza,8,45.089511,9.933165,4,0,2,1,1,220,50307289,111960790,162268079,25810.1,218918.5,0.795619,46.3337,5287,114.10701066394438,0,16.238328,0,198,0,0.350465,0,0,17630931,28.260932,no,458584.72,1.505296,Non signif,Non signif
89014,Pachino,89,Siracusa,19,36.715209,15.091477,1,0,1,0,0,14,10391265,0,10391265,981.5,8663.9,0.904131,50.983599999999996,22237,436.1598631716866,0.031517,0,1,0,0.000618,0,6424,0,0,32.507353,no,33779.25,0.579549,Non signif,Non signif
99023,Novafeltria,99,Rimini,8,43.895727,12.290398,1,0,1,0,0,14,10225538,0,10225538,506.7,17301.8,0.812812,41.8388,7119,170.1530636633938,19.743595,1.660383,3509,73,0.471897,0.039685,4825398,0,405803,28.763441,no,29412.17,0.138551,Non signif,Non signif
60026,Cervaro,60,Frosinone,12,41.481158,13.905113,3,0,3,0,0,39,22082189,0,22082189,979.9,18378.2,0.903089,39.4097,8093,205.35553429739377,5.651013,0,1334,0,0.143391,0,3166397,0,0,34.188464,no,75495.61,-0.514504,Non signif,Non signif
15044,Cambiago,15,Milano,3,45.572544,9.426842,9,0,3,4,2,733,164532358,127061396,291593754,38857.9,338071.1,0.896485,7.1803,6954,968.4832110078967,0,0.037262,0,71,0,0.005189,0,0,853837,15.050002,no,438848.66,-0.080448,Non signif,Non signif
17044,Casto,17,Brescia,3,45.69455,10.321243,3,0,0,2,1,516,38113973,474290479,512404452,38948.7,738008.4,0.820611,21.3365,1710,80.14435357251658,2.812964,0.287093,297,1,0.131838,0.013455,5024874,62529564,512842,20.48295,no,1049555.47,-0.230554,Low-Low,Coldspot 99%
42030,Monte San Vito,42,Ancona,11,43.600562,13.26817,2,1,0,1,0,92,19472099,0,19472099,2347.2,25176,0.78624,21.8139,6787,311.13189296732816,0.615547,0,35,0,0.028218,0,549466,0,0,27.781362,no,54096.14,0.063365,Non signif,Non signif
24120,Zermeghedo,24,Vicenza,5,45.474991,11.369496,8,0,5,3,0,259,82828963,0,82828963,7089.3,90474,0.865355,2.971,1393,468.8657017839111,0,0,0,0,0,0,0,0,0,21.315155,no,176551.22,-0.046686,Non signif,Coldspot 95%
51018,Foiano della Chiana,51,Arezzo,9,43.252454,11.81876,4,0,0,4,0,201,102381762,0,102381762,10832.2,139565.1,0.860546,40.7652,9470,232.3059864786632,2.454126,0.010392,188,1,0.060201,0.000255,6163535,0,26099,29.518286,no,302213.41,0.725426,Non signif,Non signif
16067,Cazzano Sant'Andrea,16,Bergamo,3,45.812733,9.884704,5,0,3,2,0,309,118010044,0,118010044,9054.2,92923.7,0.908222,2.0244,1670,824.9357834420075,0.194753,0.058476,41,25,0.096203,0.028886,11352900,0,3408790,21.203762,no,250225.69,-0.072468,Non signif,Non signif
64006,Atripalda,64,Avellino,15,40.920812,14.833499,7,0,3,4,0,493,181113982,0,181113982,16037.1,145701.9,0.882419,8.593200000000001,10968,1276.3580505515988,0.18224,0.390365,32,1104,0.021207,0.045427,3840969,0,8227501,37.737871,no,683485.61,-0.389738,Non signif,Non signif
13034,Bulgarograsso,13,Como,3,45.747076,9.006438,5,1,3,1,0,168,51351707,0,51351707,6322.2,41305.7,0.921455,3.7733999999999996,4054,1074.3626437695448,0,0.002366,0,0,0,0.000627,0,0,32199,12.029442,no,61773.24,-0.728126,Non signif,Non signif
17174,Sarezzo,17,Brescia,3,45.66187,10.195876,16,2,9,3,2,635,259795408,154240690,414036098,38883.5,417424,0.894977,17.6793,13337,754.3850718071416,0.425244,0.313228,324,879,0.024053,0.017717,6248915,3709984,4602852,20.48295,no,848068.07,-0.409847,Low-Low,Coldspot 99%
20031,Marcaria,20,Mantova,3,45.120575,10.532783,5,0,2,1,2,590,57409311,331806710,389216021,53002.3,566791.5,0.828453,89.7903,6591,73.40436550495988,0,9.37293,0,266,0,0.104387,0,0,5992779,21.044843,no,819099,0.430987,Non signif,Non signif
16030,Bonate Sopra,16,Bergamo,3,45.68338,9.559751,4,1,1,2,0,258,64404489,0,64404489,11248.4,71120.5,0.87712,6.151,10020,1629.0034140790117,0.000303,0.268155,0,127,0.000049,0.043595,3173,0,2807736,21.203762,no,136561.74,0.540456,Non signif,Non signif
1191,Pinerolo,1,Torino,1,44.887309,7.331945,13,0,4,8,1,914,203691177,126177060,329868237,27129.6,294471.2,0.878991,50.3384,35947,714.1069243360934,0.321136,1.827383,18,329,0.00638,0.036302,1299457,804952,7394391,20.594868,no,679359.28,-0.214723,Non signif,Non signif
17061,Concesio,17,Brescia,3,45.605184,10.216967,11,0,7,2,2,414,123133315,256729786,379863101,22276.3,470436.3,0.842331,19.075,15672,821.5989515072084,0.069169,0.150522,6,10,0.003626,0.007891,446501,930943,971653,20.48295,no,778071.69,-0.054231,Non signif,Non signif
18086,Marcignago,18,Pavia,3,45.253065,9.079349,2,0,0,2,0,142,30563033,0,30563033,4407.1,43801.6,0.833789,10.117799999999999,2472,244.32188815750462,0,0,0,0,0,0,0,0,0,18.961299,no,57951.48,0.996951,Non signif,Non signif
13064,Cermenate,13,Como,3,45.70008,9.080088,7,1,1,4,1,1005,117159580,1416537710,1533697290,89870.2,851631.4,0.895732,8.183200000000001,9187,1122.6659497507087,0.00001,0.008717,0,0,0.000001,0.001065,143,1731,124802,12.029442,no,1844952.25,-0.348246,Non signif,Non signif
26063,Preganziol,26,Treviso,5,45.60253,12.235314,7,2,3,2,0,339,157142723,0,157142723,8873.9,78220.2,0.853507,23.1039,16957,733.9453512177598,0,0,0,0,0,0,0,0,0,21.139592,no,332193.3,-0.297348,Non signif,Non signif
30067,Ovaro,30,Udine,6,46.482943,12.865389,1,0,0,1,0,155,73246002,0,73246002,9116.9,47860.5,0.940579,57.904700000000005,1875,32.38079119656953,4.569756,0.016424,93,1,0.078919,0.000284,5780470,0,20775,22.91097,no,167813.7,0.159044,High-Low,Coldspot 99%
27013,Eraclea,27,Venezia,5,45.577034,12.673818,6,0,3,2,1,251,50502990,131389775,181892765,20501.6,152398.9,0.884567,95.4549,12276,128.60523660912116,0,56.022224,0,3918,0,0.586897,0,0,29640069,17.526854,no,318800.8,-0.214165,Non signif,Non signif
17144,Polaveno,17,Brescia,3,45.661484,10.123964,7,0,3,3,1,493,87053800,115752073,202805873,25407.8,207632.7,0.900439,9.2012,2535,275.50754249445725,0.717618,0,111,0,0.077992,0,6789481,9027711,0,20.48295,no,415406.25,0.03882,High-Low,Coldspot 99%
15026,Boffalora sopra Ticino,15,Milano,3,45.467278,8.830608,1,0,1,0,0,14,13238362,0,13238362,1878.7,10841.7,0.90227,7.654400000000001,4127,539.1670150501672,0,1.631362,0,16,0,0.213127,0,0,2821457,15.050002,no,19923.74,0.276621,Non signif,Non signif
17020,Borgo San Giacomo,17,Brescia,3,45.346975,9.968467,4,1,2,0,1,110,26749955,56388999,83138954,8036.3,121669.7,0.817612,29.5304,5455,184.72489366889712,0,1.770486,0,38,0,0.059955,0,0,1603785,20.48295,no,170293.1,-0.018667,Non signif,Non signif
17122,Offlaga,17,Brescia,3,45.386133,10.117457,4,0,2,1,1,242,54181969,100102579,154284548,17089.6,202427.5,0.885755,23.0337,4103,178.13030472742113,0,2.48927,0,145,0,0.108071,0,0,5855488,20.48295,no,316020.27,0.305112,Non signif,Non signif
21083,San Martino in Passiria/St. Martin in Passeier,21,Bolzano/Bozen,4,46.783939,11.226799,2,0,1,0,1,283,5001322,133294556,138295878,18774.8,48942.9,0.956002,29.9917,3233,107.79649036233357,0.40523,0,11,0,0.013511,0,67575,1800997,0,10.80791,no,149468.94,0.261594,Non signif,Non signif
1261,Scarmagno,1,Torino,1,45.384456,7.841119,2,1,1,0,0,51,11316668,0,11316668,511.4,10186.4,0.884358,8.031,833,103.72307309176938,0.010499,0.010466,0,0,0.001307,0.001303,14794,0,14748,20.594868,no,23306.53,-0.347453,Low-Low,Coldspot 99%
93029,Pasiano di Pordenone,93,Pordenone,6,45.849754,12.626509,11,0,4,6,1,998,198842151,77775624,276617775,19667,319622.2,0.882571,45.5965,7736,169.66214512078778,0,1.508551,0,53,0,0.033085,0,0,6578652,22.312037,no,617190.61,-0.524422,Non signif,Non signif
61002,Alife,61,Caserta,15,41.32612,14.334026,5,0,0,5,0,272,109851377,0,109851377,9634,128899.6,0.855066,64.3183,7638,118.75313868681232,8.154589,5.635254,893,260,0.126785,0.087615,13927495,0,9624639,28.435248,no,312365.12,-0.125883,Non signif,Non signif
81012,Mazara del Vallo,81,Trapani,19,37.653729,12.588691,10,0,4,6,0,280,158345180,0,158345180,18054.1,178054.3,0.851098,274.63689999999997,51488,187.4766282316761,0.033174,0.276521,5,15,0.000121,0.001007,19127,0,159431,16.86353,no,267025.88,0.01649,Non signif,Coldspot 95%
14045,Morbegno,14,Sondrio,3,46.132419,9.569474,6,2,1,2,1,353,52773706,126659320,179433026,11966.7,105998.4,0.893436,14.816199999999998,12407,837.3942036419595,0.193891,0.603117,221,215,0.013086,0.040707,690619,1657517,2148238,12.776609,no,229254.57,-0.346251,Non signif,Non signif
42013,Cerreto d'Esi,42,Ancona,11,43.316789,12.987124,1,0,0,0,1,270,0,74348000,74348000,6159,56852,0.933977,16.9132,3700,218.76404228649812,1.115341,0,204,0,0.065945,0,0,4902879,0,27.781362,no,206548.87,-0.024846,Non signif,Non signif
48010,Castelfiorentino,48,Firenze,9,43.605607,10.971248,3,0,3,0,0,46,14821606,0,14821606,520.7,24846.9,0.841867,66.4375,17283,260.13922859830666,2.791571,2.215109,81,133,0.042018,0.033341,622774,0,494171,35.050589,no,51950.6,-0.572469,Non signif,Non signif
59008,Formia,59,Latina,12,41.259308,13.608021,3,1,0,2,0,132,47704764,0,47704764,1007.5,49584.5,0.876508,74.1703,38032,512.7658914686876,12.619541,0.445795,1414,123,0.170143,0.00601,8116621,0,286726,21.481102,no,102475.09,-0.825705,Non signif,Non signif
93037,Sacile,93,Pordenone,6,45.95386,12.503368,13,0,6,6,1,816,192201832,141129837,333331669,33636.8,238618.3,0.915157,32.740700000000004,19905,607.9589013063251,0,0,0,0,0,0,0,0,0,22.312037,no,743730.86,0.188372,Non signif,Non signif
87030,Motta Sant'Anastasia,87,Catania,19,37.513391,14.967072,4,0,1,3,0,201,61204573,0,61204573,6194.9,48767.2,0.931158,35.7069,12189,341.3625937843946,0.184479,0.570424,1038,0,0.005166,0.015975,316212,0,977754,36.827421,no,225400.66,-0.050247,Non signif,Non signif
22062,Cles,22,Trento,4,46.365262,11.033245,6,0,1,4,1,1097,157229350,161694000,318923350,31585.7,278516.9,0.890067,39.166199999999996,7009,178.95532372300607,2.051196,0,121,0,0.052372,0,8234350,8468171,0,14.82766,no,472888.69,-0.208665,High-Low,Coldspot 99%
5017,Canelli,5,Asti,1,44.719278,8.287138,10,0,3,6,1,1004,343350145,138956507,482306652,27337,239411.8,0.922462,23.433000000000003,10430,445.09879230145515,0.037585,0.660726,2,117,0.001604,0.028196,550711,222877,9681234,21.748752,no,1048956.77,-0.692516,Non signif,Non signif
16187,Rovetta,16,Bergamo,3,45.892989,9.983457,3,0,1,1,1,529,39547672,163591228,203138900,18427.3,137334.6,0.940861,24.534299999999998,4168,169.88461052485704,4.484939,1.743804,54,147,0.182803,0.071076,7229426,29904936,2810897,21.203762,no,430730.88,0.067377,Non signif,Non signif
27044,Cavallino-Treporti,27,Venezia,5,45.479217,12.515257,4,0,1,3,0,303,153860098,0,153860098,24500.4,88257.4,0.883324,44.7145,13563,303.32442496281965,0,0.021154,0,2,0,0.000473,0,0,72790,17.526854,no,269668.35,-0.111736,Non signif,Non signif
86009,Enna,86,Enna,19,37.566757,14.280747,3,0,3,0,0,49,17700146,0,17700146,840.9,17377,0.872115,358.74910000000006,27243,75.9388664668427,2.12537,0.635098,504,0,0.005924,0.00177,104863,0,31335,34.389868,no,60870.57,0.117,Non signif,Hotspot 95%
22009,Baselga di Pinè,22,Trento,4,46.131281,11.256837,1,0,0,0,1,1248,0,17265289,17265289,2779.8,30483.9,0.961147,41.07149999999999,5075,123.56500249564786,6.102614,0,85,0,0.148585,0,0,2565365,0,14.82766,no,25600.38,1.474491,Non signif,Non signif
98043,Ospedaletto Lodigiano,98,Lodi,3,45.168767,9.578661,3,0,1,1,1,59,17849328,59008234,76857562,7121.3,87824.8,0.84417,8.4969,1989,234.08537231225506,0,0,0,0,0,0,0,0,0,19.574231,no,150442.77,0.431743,Non signif,Hotspot 99%
6141,Quargnento,6,Alessandria,1,44.944966,8.487386,2,0,1,1,0,96,44899495,0,44899495,2640.1,82658.8,0.817148,36.1656,1409,38.95967438671003,0,0.00809,0,0,0,0.000224,0,0,10044,20.84217,no,93580.29,-0.41531,Non signif,Non signif
14033,Grosio,14,Sondrio,3,46.29893,10.274516,1,0,1,0,0,30,12236421,0,12236421,2900.7,7649.2,0.955297,126.91760000000001,4431,34.91241561454046,9.656611,4.509196,43,47,0.076086,0.035529,931016,0,434742,12.776609,no,15634,1.480333,Non signif,Coldspot 95%
4046,Castagnito,4,Cuneo,1,44.755443,8.031335,2,0,1,0,1,308,10218301,21082866,31301167,3460.4,41566.9,0.870726,7.1149000000000004,2165,304.2909949542509,1.354388,0.015745,49,0,0.190359,0.002213,1945150,4013321,22613,16.396584,no,51323.22,1.213859,Non signif,Non signif
51015,Chiusi della Verna,51,Arezzo,9,43.695024,11.938632,4,0,2,2,0,200,58433375,0,58433375,8397.6,64283.1,0.880542,102.3293,2000,19.54474427167976,42.351166,1.330765,212,39,0.413871,0.013005,24183900,0,759910,29.518286,no,172485.31,1.010977,Non signif,Non signif
30107,Sauris,30,Udine,6,46.465366,12.708717,1,0,0,1,0,45,19321332,0,19321332,936.2,14262.4,0.917616,41.4929,405,9.760706048504684,1.407198,0,35,0,0.033914,0,655267,0,0,22.91097,no,44267.05,-1.51135,Low-Low,Coldspot 99%
71056,Torremaggiore,71,Foggia,16,41.687477,15.292956,6,0,5,1,0,101,44036860,0,44036860,4570.6,91861.6,0.789736,210.0144,17069,81.27537921209212,0.073999,7.722275,8,331,0.000352,0.03677,15516,0,1619245,37.634206,no,165729.23,0.637381,Non signif,Non signif
48022,Impruneta,48,Firenze,9,43.685345,11.254664,4,0,3,1,0,169,47349971,0,47349971,5514.2,46299.7,0.886351,48.719300000000004,14618,300.0453618996989,10.459661,0.645635,1418,454,0.214692,0.013252,10165677,0,627488,35.050589,no,165964.44,-0.202863,Non signif,Non signif
3032,Cameri,3,Novara,1,45.499674,8.660451,6,0,0,3,3,1573,41945408,826953729,868899137,88756,753904.7,0.907567,39.9858,10907,272.7718340010704,0,0.642913,0,3,0,0.016079,0,0,674421,12.08995,no,1050494.75,-0.209408,Non signif,Non signif
51014,Chitignano,51,Arezzo,9,43.662352,11.881338,1,0,1,0,0,30,9123014,0,9123014,1297.1,10604,0.88204,14.8938,910,61.09924935207938,2.972674,0.483471,20,11,0.199591,0.032461,1820875,0,296144,29.518286,no,26929.57,0.662105,Non signif,Non signif
73009,Laterza,73,Taranto,16,40.629524,16.799689,2,0,1,0,1,649,43843374,30033172,73876546,8142.6,43532,0.964359,161.1661,15171,94.13269912220994,0,0.044967,0,1,0,0.000279,0,0,12233,15.194153,no,112249.15,0.276406,Low-High,Hotspot 99%
44071,Spinetoli,44,Ascoli Piceno,11,42.889126,13.772983,7,0,5,1,1,398,64569696,203916023,268485719,26771.6,370745.1,0.862488,12.583699999999999,7132,566.7649419487115,0.395221,0.790613,50,275,0.031407,0.062828,2027965,6404467,4056807,32.834347,no,881555.32,0.368178,Non signif,Non signif
67035,Pineto,67,Teramo,13,42.607771,14.067103,3,0,0,2,1,559,125630432,133974785,259605217,21327.6,216223.8,0.888938,38.109899999999996,14915,391.36812219397063,7.082973,4.589771,626,7348,0.185857,0.120435,23349234,24900086,15130318,27.38232,no,710859.31,-0.550718,Low-High,Hotspot 99%
98027,Galgagnano,98,Lodi,3,45.357971,9.445355,1,0,1,0,0,27,18586402,0,18586402,1388.1,9683.4,0.949984,6.011,1263,210.1147895524871,0,0.21083,0,0,0,0.035074,0,0,651900,19.574231,no,36381.45,-0.42543,Non signif,Non signif
73008,Grottaglie,73,Taranto,16,40.536193,17.434221,3,0,1,2,0,209,25833773,0,25833773,2891.2,30275.6,0.891895,102.12370000000001,31890,312.2683569044208,0.001612,4.450714,0,63,0.000016,0.043582,408,0,1125877,15.194153,no,39252.23,0.012795,Non signif,Non signif
29007,Bosaro,29,Rovigo,5,45.0008,11.766536,2,0,0,2,0,151,42563665,0,42563665,5882.8,50455.8,0.894401,6.1228,1486,242.69941856666884,0,0,0,0,0,0,0,0,0,24.853738,no,105786.62,0.199035,Non signif,Non signif
54057,Valfabbrica,54,Perugia,10,43.158897,12.600896,2,1,0,1,0,88,29743579,0,29743579,5075.2,20836.5,0.841165,92.3039,3402,36.85651418845791,12.281922,1.296248,319,59,0.13306,0.014043,3957669,0,417697,38.922787,no,115770.3,0.256146,Non signif,Coldspot 95%
35032,Reggiolo,35,Reggio nell'Emilia,8,44.918534,10.804211,10,0,4,3,3,1619,140391243,889291608,1029682851,79997.8,677729.1,0.880233,42.684799999999996,9110,213.4249194092511,0,0.809838,0,4,0,0.018973,0,0,2663575,36.618436,no,3770537.51,0.060497,Non signif,Non signif
15007,Arconate,15,Milano,3,45.540664,8.848162,3,0,2,1,0,65,31870558,0,31870558,4793.9,31455.3,0.888501,8.4212,6645,789.0799411010306,0,0,0,0,0,0,0,0,0,15.050002,no,47965.2,-0.191712,Non signif,Non signif
91012,Bortigali,91,Nuoro,20,40.282855,8.836225,2,0,0,2,0,97,25080998,0,25080998,2087.2,51837.8,0.781087,67.3281,1335,19.828273781675108,8.266119,0,35,0,0.122774,0,3079287,0,0,14.344669,si,35977.86,-0.072235,Non signif,Non signif
18164,Tromello,18,Pavia,3,45.20913,8.871731,2,0,1,1,0,70,9074133,0,9074133,353.3,12303.6,0.865118,35.4987,3795,106.90532329352907,0,1.729392,0,673,0,0.048717,0,0,442065,18.961299,no,17205.74,-1.507017,Low-Low,Coldspot 99%
51001,Anghiari,51,Arezzo,9,43.540966,12.054582,4,0,4,0,0,89,35607517,0,35607517,3330.8,39353.4,0.882191,130.9213,5536,42.28494523045524,6.901113,2.491677,113,67,0.052712,0.019032,1876941,0,677678,29.518286,no,105107.29,0.200259,High-Low,Coldspot 99%
58073,Olevano Romano,58,Roma,12,41.860621,13.03309,1,0,1,0,0,13,1783112,0,1783112,96.5,5961,0.695232,26.1602,6664,254.73811362298454,1.482601,0.000371,191,0,0.056674,0.000014,101056,0,25,29.689549,no,5293.98,1.038742,Non signif,Non signif
26035,Istrana,26,Treviso,5,45.678616,12.099794,6,0,3,1,2,835,30453462,763865727,794319189,29919.5,371021.6,0.920989,26.478,9197,347.3449656318453,0,0.553882,0,19,0,0.020919,0,0,637043,21.139592,no,1679158.34,-0.522026,Non signif,Non signif
73002,Carosino,73,Taranto,16,40.465824,17.397605,1,0,1,0,0,31,9512943,0,9512943,464.6,6925.5,0.930047,10.9349,7028,642.7127820098949,0,1.003948,0,711,0,0.091811,0,0,873396,15.194153,no,14454.11,-0.986745,Non signif,Non signif
64032,Flumeri,64,Avellino,15,41.077821,15.147747,3,0,1,2,0,154,50043164,0,50043164,5382.4,40506.9,0.904082,34.5506,2944,85.20836107043003,4.123928,0.616437,329,14,0.119359,0.017842,5973106,0,892849,37.737871,no,188852.25,0.1623,Non signif,Non signif
72016,Cassano delle Murge,72,Bari,16,40.89101,16.768619,2,0,1,1,0,99,21862831,0,21862831,2786.2,21176.9,0.905488,90.1989,14765,163.69379227462863,0.044971,0.544525,5,299,0.000499,0.006037,10900,0,131985,14.160402,no,30958.65,-0.223117,Non signif,Non signif
21115,Vipiteno/Sterzing,21,Bolzano/Bozen,4,46.896324,11.43194,4,0,0,1,3,1305,51496339,626208367,677704706,43288.5,587385.2,0.85336,32.9653,6956,211.0097587463181,0,1.571004,0,860,0,0.047656,0,0,2454125,10.80791,no,732457.16,0.31852,Non signif,Non signif
79131,Settingiano,79,Catanzaro,18,38.911388,16.513903,2,0,2,0,0,76,25921873,0,25921873,3652.7,19387,0.927897,14.3496,3159,220.1455092824887,1.057011,0.571617,80,138,0.073661,0.039835,1909440,0,1032599,52.451966,no,135965.32,0.328696,Non signif,Non signif
4212,Santa Vittoria d'Alba,4,Cuneo,1,44.698641,7.937334,4,0,1,2,1,633,31604460,158978241,190582701,26251.4,276493.2,0.872731,10.076,2831,280.9646685192537,0,0.436377,0,52,0,0.043309,0,0,1368743,16.396584,no,312490.53,1.27089,Non signif,Non signif
82044,Lascari,82,Palermo,19,38.000053,13.941459,1,0,1,0,0,14,12361987,0,12361987,1310.8,19407.4,0.817208,10.3268,3619,350.44737963357477,0.014632,0.022163,105,0,0.001417,0.002146,17516,0,26531,29.57954,no,36566.19,0.766984,Non signif,Non signif
61021,Casapulla,61,Caserta,15,41.075314,14.289728,7,0,3,4,0,309,107598662,0,107598662,7494.6,136373.2,0.829652,2.9044,8597,2959.9917366753893,0.121961,0,3,0,0.041992,0,4518262,0,0,28.435248,no,305959.47,0.15135,Non signif,Non signif
43003,Appignano,43,Macerata,11,43.363732,13.346596,2,0,1,0,1,267,5082451,93136847,98219298,9096.1,120830.1,0.886905,22.6725,4195,185.0259124490021,4.221015,0,148,0,0.186173,0,946217,17339598,0,27.736975,no,272430.62,-0.069197,Non signif,Hotspot 95%
69091,Torino di Sangro,69,Chieti,13,42.18814,14.540819,1,0,0,1,0,137,40970119,0,40970119,4174.5,31026.6,0.926406,32.1181,3049,94.93089566319303,7.405178,2.363399,662,140,0.230561,0.073585,9446107,0,3014772,28.116343,no,115192.99,0.122561,Non signif,Non signif
4192,Roccavione,4,Cuneo,1,44.314628,7.482432,1,0,0,1,0,148,101296832,0,101296832,6088.1,54290.1,0.947232,19.1495,2648,138.28037285568814,0.499679,1.296278,2,12,0.026094,0.067693,2643197,0,6857038,16.396584,no,166092.2,-0.211425,Non signif,Non signif
63032,Frattamaggiore,63,Napoli,15,40.941426,14.272209,14,2,4,7,1,883,200172638,6920885,207093523,13563.6,255172.2,0.864595,5.3697,29934,5574.613106877479,0,0,0,0,0,0,0,0,0,35.751904,no,740398.78,0.025664,Non signif,Non signif
15247,Zibido San Giacomo,15,Milano,3,45.36,9.106028,6,0,1,5,0,270,87502769,0,87502769,12197.7,90509.6,0.901996,24.5783,6872,279.5962291940452,0,0,0,0,0,0,0,0,0,15.050002,no,131691.69,0.430308,Non signif,Non signif
111066,San Vito,111,Sud Sardegna,20,39.443245,9.540751,1,0,0,1,0,92,32649003,0,32649003,3976,21032.5,0.941927,231.642,3632,15.679367299539807,2.279397,6.712206,41,1288,0.00984,0.028977,321272,0,946058,15.448131,si,50436.61,-0.289615,Non signif,Non signif
12080,Gornate Olona,12,Varese,3,45.739598,8.859798,1,0,1,0,0,48,11887373,0,11887373,1294.4,12211.8,0.909779,4.6958,2194,467.22603177307377,0.002252,0.118915,0,7,0.00048,0.025324,5701,0,301032,11.229804,no,13349.29,0.509961,Non signif,Non signif
12128,Travedona-Monate,12,Varese,3,45.805066,8.674199,1,0,1,0,0,30,12224460,0,12224460,1873.7,17573.4,0.865723,9.5969,4120,429.30529650199543,0,0,0,0,0,0,0,0,0,11.229804,no,13727.83,0.994219,Non signif,Non signif
84011,Canicattì,84,Agrigento,19,37.358942,13.850364,5,0,2,3,0,290,67629310,0,67629310,6235.3,113699.5,0.80123,91.8608,35722,388.8709874070333,0.009959,0,0,0,0.000108,0,7332,0,0,20.102118,no,135949.24,0.036731,High-High,Hotspot 99%
17152,Pralboino,17,Brescia,3,45.267999,10.217413,4,0,1,2,1,603,121951022,250109798,372060820,39044.2,240814.1,0.918357,17.1625,2938,171.18718135469774,0,1.096188,0,6,0,0.063871,0,0,7789148,20.48295,no,762090.31,-0.153639,Non signif,Non signif
74011,Oria,74,Brindisi,16,40.497327,17.64131,1,0,0,1,0,96,22668817,0,22668817,2216.7,17924.6,0.93027,83.6682,15094,180.40306831030188,0,3.103307,0,19,0,0.037091,0,0,840801,13.243039,no,30020.4,-0.26651,Non signif,Non signif
4202,Salmour,4,Cuneo,1,44.578037,7.791833,3,0,2,1,0,100,45912452,0,45912452,6712.7,33458,0.924757,12.6962,719,56.631117972306676,0.085782,0.659235,2,3,0.006757,0.051924,310208,0,2383949,16.396584,no,75280.74,0.057656,Non signif,Non signif
85020,Sutera,85,Caltanissetta,19,37.525228,13.731316,1,0,0,1,0,31,19643527,0,19643527,732.5,16063.9,0.900812,35.5841,1352,37.99449754244171,1.259664,0,107,0,0.0354,0,695374,0,0,20.302008,no,39880.3,-1.449508,Low-High,Hotspot 99%
26014,Cavaso del Tomba,26,Treviso,5,45.8584,11.90898,5,0,3,2,0,284,41960209,0,41960209,4234.1,53071.7,0.874412,18.9733,2914,153.58424733704734,0,0,0,0,0,0,0,0,0,21.139592,no,88702.17,0.273809,Non signif,Hotspot 95%
23037,Gazzo Veronese,23,Verona,5,45.130336,11.096079,4,0,3,0,1,744,28400412,120814342,149214754,19050,172758.5,0.862952,56.6595,5347,94.37075865477104,0,0.033144,0,1,0,0.000585,0,0,16613,20.167921,no,300935.14,0.089342,Non signif,Non signif
51020,Loro Ciuffenna,51,Arezzo,9,43.592286,11.633007,1,0,1,0,0,9,4043802,0,4043802,224.9,3657.8,0.897944,86.5233,5862,67.75053656067209,20.346519,0.021383,422,9,0.235157,0.000247,950926,0,999,29.518286,no,11936.61,-0.88554,Non signif,Non signif
70032,Limosano,70,Campobasso,14,41.67633,14.622428,1,0,1,0,0,24,7952674,0,7952674,340.1,7717.6,0.880432,28.266599999999997,744,26.320816794379233,16.117287,0.718245,129,5,0.570188,0.02541,4534522,0,202075,35.851049,no,28511.17,-1.104625,Non signif,Non signif
6142,Quattordio,6,Alessandria,1,44.89635,8.404941,1,0,0,0,1,272,0,27633828,27633828,4084.2,40121.5,0.953951,17.734,1624,91.57550468027517,0,0.008558,0,0,0,0.000483,0,0,0,20.84217,no,57594.89,1.650627,Non signif,Non signif
3047,Cavallirio,3,Novara,1,45.663368,8.394526,4,0,2,2,0,174,74379755,0,74379755,10617.3,85328,0.896706,8.3262,1335,160.33724868487425,0,0,0,0,0,0,0,0,0,12.08995,no,89924.75,0.578675,Non signif,Non signif
63087,Villaricca,63,Napoli,15,40.921611,14.189828,5,0,2,3,0,303,102842861,0,102842861,6537.8,123058.7,0.892934,6.8812,31223,4537.4353310469105,0.051704,0.095474,9,34,0.007514,0.013875,772741,0,1426905,35.751904,no,367682.81,0.389358,Non signif,Non signif
41025,Mercatello sul Metauro,41,Pesaro e Urbino,11,43.647355,12.336648,1,0,1,0,0,25,8420185,0,8420185,472.8,13183.2,0.839488,68.3583,1361,19.90979881009329,0.39507,0,1,0,0.005779,0,48664,0,0,24.621765,no,20731.98,0.45297,Non signif,Non signif
27001,Annone Veneto,27,Venezia,5,45.79551,12.68422,2,0,1,1,0,85,21004264,0,21004264,1277.9,19999.5,0.891474,25.9352,3932,151.60862457201026,0,0.002046,0,0,0,0.000079,0,0,1657,17.526854,no,36813.87,-0.996682,Non signif,Hotspot 95%
24013,Bolzano Vicentino,24,Vicenza,5,45.60071,11.622101,3,1,0,1,1,281,9566602,81265729,90832331,10330.6,165647.9,0.799844,19.837,6480,326.66229772647074,0,0,0,0,0,0,0,0,0,21.315155,no,193610.52,0.941841,Non signif,Non signif
103042,Masera,103,Verbano-Cusio-Ossola,1,46.139979,8.323415,3,0,2,1,0,99,36642850,0,36642850,4804.9,31667.3,0.920367,20.354,1483,72.86037142576399,4.322666,0.666946,537,9,0.212374,0.032767,7781999,0,1200688,17.575018,no,64399.88,0.085245,High-Low,Coldspot 99%
97028,Cremella,97,Lecco,3,45.74168,9.299885,1,0,1,0,0,30,6521093,0,6521093,504,3792.9,0.954649,1.8932,1724,910.6275089795056,0,0,0,0,0,0,0,0,0,14.425007,no,9406.68,-0.854399,Low-Low,Coldspot 99%
6173,Ticineto,6,Alessandria,1,45.098026,8.555658,1,0,1,0,0,40,15202456,0,15202456,1677.6,10280.3,0.944494,8.089500000000001,1335,165.02874096050434,0,0.90676,0,19,0,0.112091,0,0,1704058,20.84217,no,31685.22,0.424715,Non signif,Non signif
37027,Gaggio Montano,37,Bologna,8,44.196956,10.932908,5,0,0,4,1,650,115369824,113836000,229205824,24130.7,179027.8,0.900553,58.67060000000001,4846,82.59673499163124,18.07917,0.570908,1710,192,0.308147,0.009731,35550866,35078223,1122633,38.815968,no,889684.59,-0.415482,Non signif,Non signif
22002,Albiano,22,Trento,4,46.144906,11.193479,2,0,1,1,0,44,22261340,0,22261340,1873.9,20204.5,0.908214,9.964400000000001,1482,148.7294769378989,0.60997,0,17,0,0.061215,0,1362726,0,0,14.82766,no,33008.36,-1.121966,Non signif,Non signif
1308,Villastellone,1,Torino,1,44.918612,7.744347,8,0,4,4,0,297,112774373,0,112774373,15516.2,140706.6,0.848825,19.877,4688,235.850480454797,0,0.15985,0,103,0,0.008042,0,0,906927,20.594868,no,232257.33,1.007358,Non signif,Non signif
108025,Lazzate,108,Monza e della Brianza,3,45.672326,9.08522,2,0,1,0,1,345,5633048,89031800,94664848,9971.3,61288.6,0.933361,5.3149,7799,1467.3841464561892,0,0.142056,0,13,0,0.026728,0,0,150559,13.279771,no,125712.75,-1.021698,Non signif,Non signif
15114,Inzago,15,Milano,3,45.540475,9.482052,5,0,3,2,0,207,45689140,0,45689140,5927.7,53135.3,0.871758,12.205599999999999,10949,897.0472569967884,0,0.077247,0,8,0,0.006329,0,0,289158,15.050002,no,68762.17,0.077595,Non signif,Non signif
3073,Ghemme,3,Novara,1,45.598346,8.420904,2,0,0,1,1,248,22591017,130039279,152630296,11755.9,133511,0.892935,20.644499999999997,3573,173.07273123592242,0,1.455517,0,15,0,0.070504,0,0,1592754,12.08995,no,184529.27,-0.526609,Non signif,Non signif
1199,Pont-Canavese,1,Torino,1,45.420526,7.596855,2,0,1,1,0,103,29821867,0,29821867,2133.8,28128.6,0.907406,19.0611,3307,173.49470911962058,0.341222,0.724156,28,107,0.017901,0.037991,533856,0,1132972,20.594868,no,61417.74,-0.592995,Low-Low,Coldspot 99%
94052,Venafro,94,Isernia,14,41.483425,14.045112,6,0,2,4,0,328,72245100,0,72245100,8391.7,117984.1,0.825206,46.453100000000006,11209,241.29713625140192,9.447007,0.668849,1773,125,0.203367,0.014398,14692237,0,1040212,43.903663,no,317182.45,0.733471,Non signif,Non signif
93018,Cordovado,93,Pordenone,6,45.845777,12.880665,3,1,1,1,0,108,31745472,0,31745472,3719.3,41509.7,0.822494,12.019,2736,227.63957067975704,0,0,0,0,0,0,0,0,0,22.312037,no,70830.62,0.100273,Non signif,Non signif
12030,Cantello,12,Varese,3,45.819946,8.894712,2,0,1,1,0,55,21362909,0,21362909,4682.8,24937.8,0.889971,9.1335,4747,519.7350413313626,0.088543,0.06122,0,0,0.009694,0.006703,207099,0,143191,11.229804,no,23990.13,0.560701,Non signif,Non signif
16071,Cerete,16,Bergamo,3,45.854348,10.011019,4,0,3,1,0,114,48667161,0,48667161,8771.1,58681,0.873534,14.070699999999999,1597,113.49826234657836,0.380373,0.369905,1,1,0.027033,0.026289,1315619,0,1279412,21.203762,no,103192.69,0.147058,Non signif,Non signif
16194,Scanzorosciate,16,Bergamo,3,45.710782,9.735055,5,1,0,3,1,1260,202913089,900929000,1103842089,103887.8,730226.5,0.90424,10.689300000000001,10076,942.6248678585126,0,0.033682,0,54,0,0.003151,0,0,639379,21.203762,no,2340560.46,0.057365,Non signif,Non signif
21067,Prato allo Stelvio/Prad am Stilfserjoch,21,Bolzano/Bozen,4,46.603767,10.581909,4,0,0,4,0,220,65556003,0,65556003,9671.7,57002,0.894871,51.0025,3606,70.70241654820842,0.534415,0.011361,4,0,0.010478,0.000223,686910,0,14603,10.80791,no,70852.34,0.314561,High-Low,Coldspot 99%
60043,Isola del Liri,60,Frosinone,12,41.679248,13.573077,2,0,2,0,0,64,16777475,0,16777475,845.4,15788.7,0.913606,16.014300000000002,11482,716.9841953753831,0.847971,0.303433,194,322,0.052951,0.018948,888382,0,317893,34.188464,no,57359.61,-1.266064,Non signif,Non signif
29015,Ceregnano,29,Rovigo,5,45.049471,11.870854,1,0,1,0,0,33,5088374,0,5088374,283.3,3616.5,0.953251,30.1704,3552,117.73128629385093,0,0,0,0,0,0,0,0,0,24.853738,no,12646.51,0.052326,Non signif,Non signif
72035,Polignano a Mare,72,Bari,16,40.996118,17.219586,6,0,2,4,0,654,63478437,0,63478437,6153.1,91019.9,0.84628,63.0876,18022,285.6662799028652,0.126669,0.699859,943,329,0.002008,0.011093,127454,0,704195,14.160402,no,89888.02,0.015604,Non signif,Non signif
101012,Cutro,101,Crotone,18,39.035445,16.979263,2,0,2,0,0,41,32309871,0,32309871,3387.5,22365.6,0.91418,133.6883,10462,78.25666120371042,1.330006,2.314817,143,32,0.009949,0.017315,321437,0,559446,41.916345,no,135431.17,-0.325023,Non signif,Non signif
24099,Schiavon,24,Vicenza,5,45.697709,11.644283,2,0,0,2,0,29,45290138,0,45290138,3860.4,36820.8,0.879268,12.0021,2629,219.04500045825313,0,0,0,0,0,0,0,0,0,21.315155,no,96536.63,-0.263148,Non signif,Non signif
19010,Camisano,19,Cremona,3,45.443275,9.74576,2,0,1,1,0,154,83454394,0,83454394,10727.5,56623,0.946855,10.9507,1266,115.60904782342682,0,0,0,0,0,0,0,0,0,21.210647,no,177012.17,-0.345709,Non signif,Non signif
18143,Santa Maria della Versa,18,Pavia,3,44.986177,9.300198,2,0,2,0,0,25,11114302,0,11114302,386.4,10109.6,0.881452,18.476300000000002,2292,124.05081103900672,9.385899,0.199572,179,123,0.507997,0.010802,5646028,0,120051,18.961299,no,21074.16,-0.692508,Non signif,Non signif
98049,San Rocco al Porto,98,Lodi,3,45.081966,9.697165,3,0,0,2,1,409,135821720,84150249,219971969,21157.5,224596,0.900022,30.566599999999998,3513,114.9293673486747,0,16.115104,0,18,0,0.527213,0,0,71606955,19.574231,no,430578.21,0.111826,Non signif,Non signif
50035,Santa Maria a Monte,50,Pisa,9,43.698064,10.692998,5,0,3,1,1,177,23040286,62687058,85727344,4266.6,101126.2,0.8805,38.0357,13061,343.3879223992197,0.950384,1.61438,297,56,0.024987,0.042444,575699,1566338,977918,28.10564,no,240942.18,-0.252796,Non signif,Non signif
63037,Ischia,63,Napoli,15,40.734205,13.947125,5,1,3,1,0,169,120222580,0,120222580,3233.7,49128.8,0.883825,8.1403,20118,2471.4076876773584,3.271773,0.235268,3665,464,0.401923,0.028902,48320208,0,3474629,35.751904,no,429818.62,-0.939131,Non signif,Non signif
23002,Albaredo d'Adige,23,Verona,5,45.317046,11.274488,2,0,0,2,0,131,50875122,0,50875122,5542.2,56364.7,0.875461,28.253600000000002,5190,183.69340544213833,0,0,0,0,0,0,0,0,0,20.167921,no,102604.55,0.346324,Non signif,Non signif
48018,Firenzuola,48,Firenze,9,44.119079,11.379227,3,0,0,3,0,143,86251222,0,86251222,6984.5,62943.4,0.920096,271.992,4599,16.908585546633724,82.485455,4.405233,527,95,0.303264,0.016196,26156914,0,1396941,35.050589,no,302315.62,-0.061444,Non signif,Non signif
40009,Civitella di Romagna,40,Forlì-Cesena,8,44.007171,11.941346,2,0,1,1,0,103,33062197,0,33062197,3717.1,32325.7,0.874067,117.9308,3758,31.866145230932037,56.955042,2.040392,841,140,0.482953,0.017302,15967490,0,572029,31.154462,no,103003.49,0.873245,Non signif,Non signif
86003,Assoro,86,Enna,19,37.627905,14.423886,1,0,0,1,0,98,10946946,0,10946946,1759.2,14979.9,0.870776,112.1515,5090,45.385037204139046,2.247272,4.125106,80,3,0.020038,0.036782,219353,0,402646,34.389868,no,37646.4,1.326459,High-High,Hotspot 99%
83039,Librizzi,83,Messina,19,38.096866,14.95834,1,0,0,1,0,98,15444521,0,15444521,1046.7,18053.6,0.885454,23.3867,1635,69.91153091286928,1.067026,0,300,0,0.045625,0,704661,0,0,44.663628,no,68980.83,0.23976,Non signif,Non signif
16066,Cavernago,16,Bergamo,3,45.625097,9.76164,2,0,1,1,0,40,31387841,0,31387841,4757.4,27474.6,0.916909,7.6517,2587,338.09480246219795,0,0.391383,0,1,0,0.05115,0,0,1605482,21.203762,no,66554.03,0.501623,Non signif,Hotspot 95%
56052,Tuscania,56,Viterbo,12,42.420214,11.870261,1,0,0,1,0,73,26385157,0,26385157,1486.4,40929.8,0.828876,208.6945,8369,40.1016797280235,2.865989,2.422733,188,6,0.013733,0.011609,362346,0,306305,19.086634,no,50360.38,-0.336912,Non signif,Non signif
16006,Almenno San Bartolomeo,16,Bergamo,3,45.742681,9.582251,2,0,0,1,1,173,32339474,145135787,177475261,26791.5,142386.7,0.906863,10.6066,6247,588.9729036637565,0.335628,0.096884,21,1,0.031643,0.009134,1023328,4592578,295399,21.203762,no,376314.31,0.315757,Non signif,Non signif
83007,Brolo,83,Messina,19,38.155362,14.829575,4,0,0,3,1,605,97284991,24461915,121746906,19358.2,125881.5,0.909178,7.6647,5767,752.410400928934,0.394176,0,191,0,0.051427,0,5003119,1258014,0,44.663628,no,543765.85,0.865345,Non signif,Non signif
41049,Piobbico,41,Pesaro e Urbino,11,43.589272,12.50943,2,0,1,1,0,90,18772674,0,18772674,1849.2,17519.9,0.921857,48.1982,1997,41.43308256324925,1.198636,0,16,0,0.024869,0,466856,0,0,24.621765,no,46221.64,-0.148202,Non signif,Non signif
42035,Ostra,42,Ancona,11,43.612527,13.158061,6,0,2,4,0,475,137055439,0,137055439,10739.9,107224.1,0.890702,47.2525,6746,142.76493307232423,3.758848,0,103,0,0.079548,0,10902504,0,0,27.781362,no,380758.67,-0.458097,Non signif,Non signif
42008,Castelbellino,42,Ancona,11,43.486758,13.144668,1,0,0,1,0,145,69007529,0,69007529,7276.1,56197.5,0.924345,6.0472,5009,828.3172377298584,0.594873,0,98,0,0.098372,0,6788384,0,0,27.781362,no,191712.31,-0.72234,Non signif,Non signif
28027,Casale di Scodosia,28,Padova,5,45.187494,11.468636,1,0,1,0,0,24,4682539,0,4682539,251.6,9704.3,0.788469,21.3155,4847,227.39321151274893,0,0,0,0,0,0,0,0,0,17.804557,no,8337.05,-0.263801,Non signif,Non signif
65102,Praiano,65,Salerno,15,40.611107,14.53134,1,0,1,0,0,31,3706425,0,3706425,220.2,3194.2,0.942713,2.6706,2019,756.009885419007,2.028813,0.000527,789,0,0.759684,0.000197,2815713,0,731,25.585615,no,9483.12,,,
64115,Vallesaccarda,64,Avellino,15,41.06276,15.251783,1,0,0,1,0,48,32852022,0,32852022,3022.2,27378,0.898718,14.125399999999999,1326,93.87344783156584,2.857441,0,114,0,0.202291,0,6645668,0,0,37.737871,no,123976.54,1.717052,Non signif,Non signif
28094,Tribano,28,Padova,5,45.21001,11.832142,7,0,3,3,1,1424,79228695,225670783,304899478,19685.4,270362,0.886079,19.2266,4376,227.60134397137298,0,0.570073,0,109,0,0.02965,0,0,2349149,17.804557,no,542860.02,-0.640557,Non signif,Non signif
21113,Villabassa/Niederdorf,21,Bolzano/Bozen,4,46.739482,12.170006,1,0,1,0,0,18,11626597,0,11626597,865.7,9021.3,0.918223,18.0327,1605,89.00497429669434,0,0.047132,0,14,0,0.002614,0,0,30388,10.80791,no,12565.92,-0.614119,Low-Low,Coldspot 99%
38018,Poggio Renatico,38,Ferrara,8,44.765974,11.490111,4,0,0,3,1,442,87510678,32110111,119620789,12895.3,116033.7,0.909457,80.2335,9791,122.03132108159309,0,80.232226,0,9674,0,0.999984,0,0,87509288,39.906082,no,477359.7,0.79553,Non signif,Non signif
76065,Rapone,76,Potenza,17,40.846719,15.501158,1,0,0,1,0,111,19245760,0,19245760,2283.7,17486.7,0.934296,29.5093,952,32.26101601867886,1.671211,0,24,0,0.056633,0,1089952,0,0,40.913322,no,78740.8,-0.235137,Non signif,Non signif
71028,Lucera,71,Foggia,16,41.508273,15.337646,7,0,4,3,0,130,100912224,0,100912224,8695.9,109071.9,0.875409,339.79269999999997,33085,97.36818948729623,1.72482,7.476981,3173,341,0.005076,0.022005,512240,0,2220527,37.634206,no,379775.14,0.109139,Non signif,Non signif
92003,Assemini,92,Cagliari,20,39.291538,9.001542,10,0,2,5,3,1454,143174490,331843629,475018119,46656.3,378838.6,0.917804,118.1742,26901,227.6385200830638,15.536405,16.897847,1,1519,0.13147,0.142991,18823202,43627602,20472663,12.810064,si,608501.27,-0.182169,Non signif,Non signif
7031,Gressan,7,Valle d'Aosta/Vallée d'Aoste,2,45.719173,7.285097,1,0,0,1,0,137,56902884,0,56902884,7531.4,16142.5,0.995011,25.303800000000003,3378,133.49773551798543,11.469232,0.936354,551,239,0.453261,0.037004,25791872,0,2105662,17.572597,no,99993.14,-0.244388,Low-Low,Coldspot 99%
97045,Malgrate,97,Lecco,3,45.8526,9.375298,2,0,1,1,0,111,16642224,0,16642224,805.7,27397.8,0.812882,1.8954,4271,2253.3502163131793,0.024405,0.373399,11,26,0.012876,0.197003,214284,0,3278564,14.425007,no,24006.42,-0.041066,Non signif,Non signif
4009,Bagnolo Piemonte,4,Cuneo,1,44.760336,7.31392,3,0,2,1,0,119,36788158,0,36788158,5102.2,41909.6,0.836655,63.25149999999999,5969,94.36930349477879,2.738812,0,16,0,0.0433,0,1592940,0,0,16.396584,no,60320.01,0.460876,Non signif,Non signif
78053,Figline Vegliaturo,78,Cosenza,18,39.225192,16.330296,4,0,3,1,0,81,58763097,0,58763097,4493.4,49546.2,0.899301,4.1647,1129,271.08795351405865,0.085027,0.063951,2,1,0.020416,0.015355,1199714,0,902336,50.996071,no,299668.71,-0.401805,Non signif,Non signif
16078,Colere,16,Bergamo,3,45.974292,10.082757,1,0,1,0,0,33,9637180,0,9637180,684.8,7303.9,0.923356,18.6271,1122,60.23481916132946,6.43007,0.682999,49,31,0.3452,0.036667,3326752,0,353366,21.203762,no,20434.45,-0.988875,Non signif,Non signif
6075,Frugarolo,6,Alessandria,1,44.837151,8.681548,1,0,1,0,0,7,14224694,0,14224694,783.4,8442.8,0.927314,27.0579,1961,72.474212706825,0,0.972712,0,35,0,0.035949,0,0,511367,20.84217,no,29647.35,-1.608102,Non signif,Non signif
3052,Comignago,3,Novara,1,45.714871,8.564029,2,0,2,0,0,22,6321212,0,6321212,481.5,9611.7,0.852173,4.4493,1261,283.4153687096847,0,0,0,0,0,0,0,0,0,12.08995,no,7642.31,-0.272509,Non signif,Non signif
48035,Reggello,48,Firenze,9,43.683088,11.536896,5,0,1,2,2,1078,26705525,107893430,134598955,9460.4,150811.8,0.89865,121.68379999999999,16543,135.95071817283812,32.022537,3.399182,1816,383,0.263162,0.027935,7027876,28393437,746007,35.050589,no,471777.27,0.060295,Non signif,Non signif
16047,Calvenzano,16,Bergamo,3,45.494981,9.601286,3,0,2,1,0,128,47456365,0,47456365,4989.9,45707.9,0.859474,6.7241,4240,630.5676596124389,0,0,0,0,0,0,0,0,0,21.203762,no,100625.35,-0.062264,Non signif,Non signif
21107,Val di Vizze/Pfitsch,21,Bolzano/Bozen,4,46.948993,11.577499,3,0,1,2,0,188,35876183,0,35876183,2362.5,54004.4,0.8394,142.1227,3071,21.60808934814776,0,1.729866,0,479,0,0.012172,0,0,436672,10.80791,no,38774.66,-0.306317,Non signif,Non signif
27041,Torre di Mosto,27,Venezia,5,45.690543,12.71042,7,0,3,4,0,300,90430479,0,90430479,11754.2,149266.2,0.81885,37.9986,4770,125.53094061360154,0,3.939331,0,46,0,0.10367,0,0,9374966,17.526854,no,158496.18,0.996235,Non signif,Non signif
97025,Cortenova,97,Lecco,3,45.999922,9.383165,4,0,0,3,1,428,116706410,277322993,394029403,50097.3,243863.4,0.905858,11.769,1177,100.008496898632,3.260351,0.507023,227,121,0.277029,0.043081,32331027,76826434,5027856,14.425007,no,568387.69,,,
4085,Envie,4,Cuneo,1,44.682235,7.371123,1,0,0,1,0,125,27844759,0,27844759,3562.2,35545.6,0.880956,24.9309,2011,80.6629524004348,0.378149,0.007574,11,0,0.015168,0.000304,422346,0,8459,16.396584,no,45655.89,0.629687,Non signif,Non signif
30037,Fagagna,30,Udine,6,46.11344,13.084572,4,0,2,1,1,460,67763059,63776209,131539268,11842.8,197509.7,0.857429,37.187,6296,169.3064780702934,0,0.033428,0,0,0,0.000899,0,0,60913,22.91097,no,301369.22,-0.25052,Non signif,Coldspot 99%
96076,Verrone,96,Biella,1,45.503662,8.119023,6,0,2,2,2,1233,44138455,135147451,179285906,16099.7,169548,0.913282,8.5861,1254,146.05001106439477,0,0.06498,0,18,0,0.007568,0,0,334042,19.06674,no,341839.78,-0.580901,Low-Low,Coldspot 99%
1015,Bairo,1,Torino,1,45.386587,7.755447,3,0,0,3,0,144,58743970,0,58743970,2908.8,53341.5,0.873041,7.086,802,113.18092012418853,0,0.346519,0,4,0,0.048902,0,0,2872693,20.594868,no,120982.43,-0.961096,Low-Low,Coldspot 99%
65118,San Cipriano Picentino,65,Salerno,15,40.720003,14.870013,2,0,1,1,0,157,21252884,0,21252884,998.7,17709.9,0.932422,17.3875,6571,377.91516894320637,5.286504,0.142885,659,12,0.30404,0.008218,6461737,0,174650,25.585615,no,54376.81,0.384973,Non signif,Non signif
33008,Calendasco,33,Piacenza,8,45.087265,9.596063,3,0,1,2,0,156,62158981,0,62158981,5924.2,42036.9,0.926286,36.9417,2459,66.56434327602683,0,13.899152,0,373,0,0.376246,0,0,23387043,28.260932,no,175667.08,0.438922,Non signif,Non signif
75065,Salice Salentino,75,Lecce,16,40.385662,17.963748,3,0,3,0,0,90,45474120,0,45474120,4286.5,22591,0.948169,59.8731,8253,137.84153484619972,0,0.139709,0,1,0,0.002333,0,0,106110,14.108941,no,64159.17,-0.465991,Non signif,Non signif
13111,Grandola ed Uniti,13,Como,3,46.050863,9.189892,1,0,0,1,0,58,22914848,0,22914848,1758.2,13257.6,0.94039,16.8994,1298,76.80746061990367,1.481971,0.001679,8,0,0.087694,0.000099,2009488,0,2277,12.029442,no,27565.28,0.511358,Non signif,Non signif
82027,Cefalù,82,Palermo,19,38.034957,14.024456,2,0,0,2,0,188,44515140,0,44515140,4632.4,36615.5,0.892411,66.2418,14298,215.84558390623445,1.860732,0.14529,837,0,0.02809,0.002193,1250430,0,97636,29.57954,no,131673.74,-0.267754,Non signif,Non signif
68025,Moscufo,68,Pescara,13,42.428144,14.054309,2,0,1,1,0,91,34518545,0,34518545,2634.8,31269.5,0.898843,20.256800000000002,3168,156.39192764898698,0.673265,0.525827,152,19,0.033236,0.025958,1147275,0,896034,27.533978,no,95043.28,-0.393905,Non signif,Non signif
13238,Veniano,13,Como,3,45.71558,8.983074,2,0,0,2,0,212,83576401,0,83576401,7981.6,73294.8,0.912713,3.1517,3041,964.8760986134467,0,0,0,0,0,0,0,0,0,12.029442,no,100537.75,-0.216286,Non signif,Non signif
63075,San Vitaliano,63,Napoli,15,40.927213,14.480134,5,0,1,4,0,131,92136148,0,92136148,5039.4,158446.1,0.803696,5.3697,6469,1204.7227964318304,0,0.06001,0,0,0,0.011176,0,0,1029683,35.751904,no,329404.28,0.006457,Non signif,Coldspot 95%
24084,Recoaro Terme,24,Vicenza,5,45.705171,11.224935,2,0,1,1,0,192,64278017,0,64278017,6702.8,53428.9,0.903537,60.1526,6306,104.83337378600426,2.130244,0,328,0,0.035414,0,2276342,0,0,21.315155,no,137009.59,-0.111742,Non signif,Non signif
1101,Favria,1,Torino,1,45.331154,7.690617,2,0,0,2,0,176,144413148,0,144413148,24851.8,90371.6,0.939265,14.8502,5186,349.22088591399444,0,0,0,0,0,0,0,0,0,20.594868,no,297416.97,-0.019737,Low-Low,Coldspot 99%
18034,Casorate Primo,18,Pavia,3,45.312366,9.016846,2,1,0,1,0,87,7471040,0,7471040,1204.4,17286.7,0.798065,9.736,8680,891.5365653245685,0,0,0,0,0,0,0,0,0,18.961299,no,14166.06,0.932306,Non signif,Non signif
23092,Veronella,23,Verona,5,45.324969,11.322261,7,1,2,3,1,503,172799459,97490045,270289504,29446.8,246088.3,0.894107,20.880399999999998,5116,245.0144633244574,0,1.824463,0,123,0,0.087377,0,0,15098668,20.167921,no,545117.75,-0.118365,Non signif,Non signif
15019,Bernate Ticino,15,Milano,3,45.479342,8.818039,6,0,3,3,0,287,89513493,0,89513493,11924.8,113982.1,0.877647,12.1626,3054,251.09762715208922,0,3.012723,0,26,0,0.247704,0,0,22172838,15.050002,no,134717.83,0.390796,Non signif,Non signif
67008,Campli,67,Teramo,13,42.726231,13.686284,1,0,0,1,0,93,22537567,0,22537567,2458.1,15152.8,0.951431,73.4251,7110,96.83337169442058,11.956255,0.213094,527,24,0.162836,0.002902,3669929,0,65408,27.38232,no,61713.09,-0.256109,Non signif,Non signif
42018,Falconara Marittima,42,Ancona,11,43.629397,13.396676,3,1,1,1,0,109,54534837,0,54534837,5368.9,52698.7,0.919096,25.816300000000002,26063,1009.5559781998194,1.518095,0,1164,0,0.058804,0,3206852,0,0,27.781362,no,151505.2,-0.39823,Non signif,Non signif
13028,Bregnano,13,Como,3,45.698661,9.060961,7,0,3,4,0,263,119694721,0,119694721,7854.3,161107.6,0.853859,6.1738,6493,1051.7023551135444,0,0.005121,0,0,0,0.000829,0,0,99284,12.029442,no,143986.07,0.423237,Non signif,Non signif
48030,Montespertoli,48,Firenze,9,43.64355,11.075141,6,0,3,3,0,242,73285434,0,73285434,9305.8,92104.5,0.869217,124.9739,13497,107.9985500972603,45.236983,1.551646,2568,338,0.361971,0.012416,26527234,0,909894,35.050589,no,256869.77,-0.163196,Non signif,Non signif
23054,Nogarole Rocca,23,Verona,5,45.291882,10.883788,6,0,3,2,1,457,55743141,89955931,145699072,13309.2,301696.6,0.855276,29.1379,3638,124.85457085102222,0,0.029781,0,1,0,0.001022,0,0,56973,20.167921,no,293844.74,-0.203595,Non signif,Non signif
21028,Dobbiaco/Toblach,21,Bolzano/Bozen,4,46.735636,12.223958,2,0,1,1,0,83,36789759,0,36789759,3677.5,46238.4,0.881152,125.4175,3346,26.678892499053163,0,0.175944,0,59,0,0.001403,0,0,51611,10.80791,no,39762.04,-0.384506,Non signif,Coldspot 95%
63020,Casandrino,63,Napoli,15,40.935864,14.248805,7,0,3,4,0,228,86096281,0,86096281,13555.2,121856.9,0.856537,3.1881,14125,4430.538565289671,0,0.902186,0,5286,0,0.282985,0,0,24363997,35.751904,no,307810.6,0.394739,Non signif,Non signif
109023,Monte San Pietrangeli,109,Fermo,11,43.189355,13.575383,3,0,2,0,1,314,27501309,139194868,166696177,6983.6,119358.2,0.915294,18.4512,2408,130.50641692681234,0.95232,0,98,0,0.051613,0,1419422,7184251,0,25.228384,no,420547.51,-1.036255,Non signif,Non signif
20001,Acquanegra sul Chiese,20,Mantova,3,45.162475,10.43468,2,0,1,1,0,39,27033516,0,27033516,1686.5,23861.7,0.901636,28.0146,2895,103.33897324966267,0,3.458267,0,19,0,0.123445,0,0,3337157,21.044843,no,56891.61,-0.812136,Non signif,Non signif
30013,Buja,30,Udine,6,46.206677,13.118557,2,0,0,2,0,132,63149578,0,63149578,3985.9,59022.2,0.879367,25.506,6484,254.21469458166706,0.006337,4.256676,0,219,0.000248,0.166889,15690,0,10538983,22.91097,no,144681.81,-0.425542,Low-Low,Coldspot 99%
22136,Peio,22,Trento,4,46.362886,10.673244,2,0,1,1,0,68,38269183,0,38269183,5721.5,21488.8,0.953371,162.3271,1832,11.285854302824358,57.471449,0,93,0,0.354047,0,13549096,0,0,14.82766,no,56744.24,-0.253125,Low-Low,Coldspot 99%
1181,Pavone Canavese,1,Torino,1,45.437559,7.851715,1,0,1,0,0,19,5612016,0,5612016,646.1,16190.6,0.700573,11.5402,3861,334.5695915148784,0,1.353655,0,6,0,0.117299,0,0,658284,20.594868,no,11557.87,0.673545,High-Low,Coldspot 99%
109033,Porto San Giorgio,109,Fermo,11,43.182656,13.793386,2,0,2,0,0,54,14932873,0,14932873,1406.4,10284,0.917498,8.7933,16068,1827.3003309337792,0.652001,0,52,0,0.074147,0,1107235,0,0,25.228384,no,37673.23,-0.685194,Non signif,Non signif
48052,Figline e Incisa Valdarno,48,Firenze,9,43.630795,11.462946,1,0,1,0,0,24,17624724,0,17624724,585.3,9575.7,0.927408,97.9,23460,239.632277834525,9.613352,4.286828,636,2293,0.098196,0.043788,1730671,0,771748,35.050589,no,61775.7,,,
19113,Vescovato,19,Cremona,3,45.175073,10.164574,4,0,4,0,0,63,30013746,0,30013746,2379,32198.8,0.882099,17.436700000000002,3938,225.8454868180332,0,1.338761,0,1222,0,0.076778,0,0,2304406,21.210647,no,63661.1,-0.768195,Non signif,Non signif
20024,Gazoldo degli Ippoliti,20,Mantova,3,45.200277,10.579383,8,0,0,2,6,3992,54663423,4339419599,4394083022,375338.3,6098902.2,0.853403,13.031600000000001,2970,227.90754780686945,0,0,0,0,0,0,0,0,0,21.044843,no,9247278.65,0.132125,Non signif,Coldspot 95%
7065,Saint-Vincent,7,Valle d'Aosta/Vallée d'Aoste,2,45.750386,7.647884,3,0,1,1,1,560,6632406,111909622,118542028,20574.4,88363.2,0.860567,20.5724,4621,224.62133732573741,11.376128,0.473527,412,73,0.55298,0.023018,3667589,61883795,152662,17.572597,no,208309.12,0.289142,Non signif,Non signif
75014,Carmiano,75,Lecce,16,40.344826,18.043021,2,0,1,1,0,190,28826222,0,28826222,2692,28035.3,0.83443,24.241,12068,497.834247762056,0.003878,0.00481,0,0,0.00016,0.000198,4612,0,5720,14.108941,no,40670.75,0.067902,Non signif,Non signif
26002,Arcade,26,Treviso,5,45.785053,12.219408,2,0,2,0,0,92,31466924,0,31466924,4609.1,20844.1,0.944537,8.2725,4550,550.0151103052281,0,0,0,0,0,0,0,0,0,21.139592,no,66519.79,0.347016,Non signif,Non signif
76100,Paterno,76,Potenza,17,40.378311,15.732769,1,0,0,1,0,61,12760493,0,12760493,1884.1,10001.8,0.936888,40.7377,3327,81.6688227366788,0.353669,0.265335,99,5,0.008682,0.006513,110782,0,83112,40.913322,no,52207.42,0.595057,Non signif,Non signif
17053,Cigole,17,Brescia,3,45.308636,10.189375,5,0,3,2,0,206,76306438,0,76306438,8260.8,93074.5,0.846017,9.9311,1544,155.47119654418947,0,0.39476,0,4,0,0.03975,0,0,3033171,20.48295,no,156298.09,0.201358,Non signif,Non signif
6171,Terruggia,6,Alessandria,1,45.082255,8.443238,3,0,2,1,0,88,32389092,0,32389092,4789.9,39393.5,0.852877,7.2665,932,128.2598224729925,0.074878,0.028979,3,2,0.010305,0.003988,333755,0,129169,20.84217,no,67505.9,0.791962,Non signif,Coldspot 95%
22147,Predazzo,22,Trento,4,46.312361,11.602694,1,0,0,1,0,129,81090130,0,81090130,5941.8,60251.9,0.918667,109.9664,4540,41.28533806690044,28.591382,0.050777,187,13,0.260001,0.000462,21083521,0,37443,14.82766,no,120237.68,-0.890753,Non signif,Non signif
51012,Castiglion Fiorentino,51,Arezzo,9,43.341715,11.92378,2,0,0,2,0,144,25484280,0,25484280,1895.2,28017.4,0.895614,111.58319999999999,13228,118.54831193226221,6.972806,16.178933,129,396,0.06249,0.144994,1592506,0,3695076,29.518286,no,75225.23,0.019278,Non signif,Non signif
72039,Sammichele di Bari,72,Bari,16,40.887987,16.949456,2,0,1,1,0,70,12637898,0,12637898,1191.1,17359.1,0.798681,34.2345,6454,188.52327330616777,0,0.115014,0,35,0,0.00336,0,0,42458,14.160402,no,17895.77,-0.006307,Non signif,Non signif
16042,Brusaporto,16,Bergamo,3,45.670846,9.761354,8,0,1,5,2,1357,105813993,125685804,231499797,27335.7,249229.3,0.879068,4.994800000000001,5600,1121.1660126531592,0.003708,0.061421,0,1,0.000742,0.012297,78553,93306,1301193,21.203762,no,490866.65,0.541351,Non signif,Hotspot 95%
61013,Capodrise,61,Caserta,15,41.04414,14.303337,2,0,1,0,1,67,10036474,115878927,125915401,20321.7,120088.3,0.850756,3.4647,10133,2924.639939965942,0,0,0,0,0,0,0,0,0,28.435248,no,358043.57,0.090463,Non signif,Non signif
27010,Cona,27,Venezia,5,45.180071,12.078695,7,0,3,4,0,324,80819990,0,80819990,8373.2,73849.7,0.9166,65.1121,2939,45.13753971995989,0,0.857932,0,6,0,0.013176,0,0,1064903,17.526854,no,141652.02,-0.721448,Non signif,Non signif
97044,Lomagna,97,Lecco,3,45.667978,9.376047,5,0,0,3,2,902,50164708,550321527,600486235,47056.4,478369.6,0.901707,3.9136,5000,1277.5960752248568,0,0.074642,0,3,0,0.019072,0,0,956765,14.425007,no,866201.82,-0.195453,Non signif,Non signif
25039,Pieve di Cadore,25,Belluno,5,46.428709,12.375297,2,0,0,2,0,161,23833645,0,23833645,1724.4,39853,0.809721,67.1682,3788,56.39573488644924,0.339876,0,0,0,0.00506,0,120600,0,0,17.91629,no,42701.05,-0.360623,Non signif,Non signif
23006,Bardolino,23,Verona,5,45.54756,10.724214,9,0,5,2,2,748,105961032,650396633,756357665,60090.9,616071.3,0.876509,57.326499999999996,7147,124.67183588741682,0.112308,41.074209,3,211,0.001959,0.716496,207588,1274188,75920658,20.167921,no,1525416.19,-0.39403,Non signif,Non signif
19001,Acquanegra Cremonese,19,Cremona,3,45.168436,9.890147,2,0,2,0,0,79,25769887,0,25769887,2716.7,17299.9,0.897751,9.2162,1179,127.92691130834834,0,0.677677,0,8,0,0.073531,0,0,1894887,21.210647,no,54659.6,0.367174,Non signif,Hotspot 95%
73029,Statte,73,Taranto,16,40.563225,17.209799,1,0,0,1,0,144,12669771,0,12669771,339.7,34363.9,0.729675,67.3211,13808,205.10657134241717,0.192085,0.039045,4,0,0.002853,0.00058,36150,0,7348,15.194153,no,19250.64,0.122397,High-High,Hotspot 99%
58039,Frascati,58,Roma,12,41.808245,12.680368,4,0,2,1,1,371,36895190,28496310,65391500,8144.3,119289.4,0.865711,22.4752,22450,998.8787641489286,0.03549,0,9,0,0.001579,0,58260,44998,0,29.689549,no,194144.41,0.090104,High-High,Hotspot 99%
63074,Sant'Antonio Abate,63,Napoli,15,40.723709,14.546538,8,0,4,4,0,452,136672921,0,136672921,19013,121581.5,0.868503,7.932,19704,2484.11497730711,0.311191,0.102995,315,334,0.039232,0.012985,5362000,0,1774663,35.751904,no,488631.72,0.629259,Non signif,Non signif
10015,Chiavari,10,Genova,7,44.316449,9.323338,8,0,5,3,0,446,204183033,0,204183033,10010.7,153791.2,0.800861,12.2312,27410,2240.9902544312904,3.161891,1.791854,1653,13814,0.25851,0.146499,52783414,0,29912534,24.504626,no,500342.89,0.147383,Non signif,Non signif
16235,Viadanica,16,Bergamo,3,45.684342,9.962284,3,0,0,2,1,374,26172738,92221772,118394510,18349.4,88836.7,0.931472,5.4484,1135,208.31803832317743,0.022559,0,0,0,0.00414,0,108368,381843,0,21.203762,no,251040.9,0.751594,Non signif,Non signif
27031,Quarto d'Altino,27,Venezia,5,45.580451,12.3705,7,0,4,2,1,427,129138344,53873711,183012055,22584.1,198713.6,0.861546,28.329,8094,285.7142857142857,0,13.179767,0,887,0,0.465239,0,0,60080246,17.526854,no,320762.57,0.453505,Non signif,Non signif
26007,Cappella Maggiore,26,Treviso,5,45.96954,12.361669,1,0,0,1,0,53,20279889,0,20279889,3491.2,18553,0.917663,11.089300000000001,4692,423.1105660411387,0.040586,0,4,0,0.00366,0,74223,0,0,21.139592,no,42870.86,0.73545,Non signif,Coldspot 95%
8063,Vallecrosia,8,Imperia,7,43.788827,7.643411,2,0,1,1,0,127,22173712,0,22173712,3719.7,47136,0.803343,3.6814999999999998,6972,1893.7932907782156,0.636276,0.149557,351,779,0.172831,0.040624,3832297,0,900783,29.468433,no,65342.46,0.81948,Non signif,Hotspot 95%
21077,San Candido/Innichen,21,Bolzano/Bozen,4,46.732863,12.282416,2,0,0,2,0,242,130951652,0,130951652,20729,57180.4,0.9671,79.8479,3352,41.97981412159869,0,0,0,0,0,0,0,0,0,10.80791,no,141531.37,-1.123623,Non signif,Coldspot 95%
46003,Barga,46,Lucca,9,44.073918,10.484263,4,0,3,1,0,205,89276943,0,89276943,7161.5,85655,0.871404,66.4671,9898,148.91577938559075,13.398073,3.468631,1063,285,0.201575,0.052186,17995956,0,4658978,29.45658,no,262979.34,0.159448,Non signif,Non signif
13046,Carimate,13,Como,3,45.702976,9.110641,1,0,1,0,0,35,11956702,0,11956702,1964,9944.4,0.91486,5.171900000000001,4530,875.8870047758076,0.014927,0.290887,0,15,0.002886,0.056244,34509,0,672490,12.029442,no,14383.25,0.740278,Non signif,Non signif
79142,Squillace,79,Catanzaro,18,38.779485,16.512205,1,0,1,0,0,6,3362400,0,3362400,448.7,5216.1,0.83144,34.3266,3652,106.3897968339422,2.206681,2.001116,237,16,0.064285,0.058296,216151,0,196016,52.451966,no,17636.45,0.560227,Non signif,Non signif
64050,Mirabella Eclano,64,Avellino,15,41.044919,14.998744,3,0,1,2,0,150,37729842,0,37729842,2353.5,48647,0.826735,33.959,7573,223.0042109602756,1.269524,0.224799,131,1,0.037384,0.00662,1410493,0,249761,37.737871,no,142384.39,0.385736,Non signif,Non signif
12091,Lozza,12,Varese,3,45.775675,8.857734,3,0,2,1,0,127,31526416,0,31526416,3153.9,111612.8,0.753103,1.71,1246,728.6549707602339,0,0.073443,0,15,0,0.042949,0,0,1354032,11.229804,no,35403.55,0.600242,Non signif,Non signif
50008,Cascina,50,Pisa,9,43.676674,10.549224,10,1,3,6,0,598,197767248,0,197767248,14599.9,190405.9,0.873571,78.60979999999999,45212,575.1445748494463,0,26.5109,0,4539,0,0.337247,0,0,66696363,28.10564,no,555837.5,0.163735,Non signif,Non signif
79081,Montepaone,79,Catanzaro,18,38.721458,16.498972,3,0,0,3,0,235,53741182,0,53741182,2719.9,50076.7,0.882821,16.8502,5390,319.8775088722982,0.224005,0.692353,60,245,0.013294,0.041089,714430,0,2208156,52.451966,no,281883.06,-0.191856,Non signif,Non signif
16171,Pontida,16,Bergamo,3,45.732311,9.498642,4,0,1,3,0,209,62322246,0,62322246,10058.1,61578.5,0.918942,10.3778,3358,323.575324249841,0.020412,0.058582,0,0,0.001967,0.005645,122581,0,351805,21.203762,no,132146.61,0.314153,Non signif,Non signif
96035,Mongrando,96,Biella,1,45.527732,8.010583,2,0,1,1,0,38,25778065,0,25778065,809.1,22076.1,0.901266,16.5028,3800,230.26395520760113,0.159024,1.328641,10,177,0.009636,0.08051,248402,0,2075393,19.06674,no,49150.37,-1.21855,Low-Low,Coldspot 99%
19050,Grontardo,19,Cremona,3,45.201873,10.150773,2,0,1,1,0,100,26583194,0,26583194,2012.8,24206.7,0.911027,12.2584,1493,121.79403511061803,0,0.184184,0,1,0,0.015025,0,0,399416,21.210647,no,56384.67,-0.22831,Non signif,Non signif
91024,Fonni,91,Nuoro,20,40.118804,9.251971,3,0,3,0,0,54,21130488,0,21130488,1738.2,26194.9,0.885631,112.26790000000001,3892,34.667077588518175,20.735947,0.041608,1,145,0.184701,0.000371,3902814,0,7831,14.344669,si,30310.99,0.231982,Non signif,Non signif
21106,Valdaora/Olang,21,Bolzano/Bozen,4,46.759829,12.030987,5,0,1,3,1,286,148271149,63560989,211832138,28584.6,149752.5,0.91063,49.0767,3174,64.6742751652006,0.000046,0.021811,0,0,0.000001,0.000444,139,60,65896,10.80791,no,228946.27,-0.477029,Non signif,Coldspot 95%
28095,Urbana,28,Padova,5,45.194131,11.445349,1,0,0,1,0,104,8799771,0,8799771,721.7,12743.7,0.89643,17.0223,2138,125.59994830310826,0,0,0,0,0,0,0,0,0,17.804557,no,15667.6,-0.632978,Non signif,Non signif
84018,Grotte,84,Agrigento,19,37.402853,13.70067,1,0,0,1,0,103,22326034,0,22326034,3556.9,15284.7,0.955872,23.976399999999998,5600,233.56300362022657,0.092098,0.2009,2,0,0.003841,0.008379,85759,0,187071,20.102118,no,44880.06,0.902848,High-High,Hotspot 99%
65032,Castelnuovo Cilento,65,Salerno,15,40.219535,15.177151,2,0,0,2,0,123,11335462,0,11335462,1361.8,27232.1,0.742987,18.0596,2819,156.09426565372434,1.573969,1.02269,90,12,0.087154,0.056629,987933,0,641911,25.585615,no,29002.48,0.27705,Non signif,Non signif
29024,Fratta Polesine,29,Rovigo,5,45.029282,11.64501,2,0,0,2,0,142,23231181,0,23231181,1981,62318.8,0.742141,20.968000000000004,2615,124.71384967569628,0,0,0,0,0,0,0,0,0,24.853738,no,57738.17,0.563934,Non signif,Non signif
21029,Egna/Neumarkt,21,Bolzano/Bozen,4,46.316916,11.27257,7,0,3,4,0,309,138694695,0,138694695,11152,184686.4,0.851536,23.569699999999997,5278,223.93157316385023,5.431327,1.191743,429,25,0.230437,0.050563,31960366,0,7012751,10.80791,no,149899.98,-0.103292,Non signif,Non signif
17138,San Paolo,17,Brescia,3,45.370576,10.026767,3,0,0,2,1,251,47896313,57611758,105508071,8481.8,126339.5,0.873927,18.817899999999998,4518,240.09055208073167,0,0,0,0,0,0,0,0,0,20.48295,no,216111.65,-0.11402,Non signif,Non signif
80069,Rosarno,80,Reggio di Calabria,18,38.487283,15.976495,1,0,1,0,0,12,6864565,0,6864565,1043.9,9089.1,0.841905,39.558,14776,373.52747863896053,0.016552,0.879193,118,373,0.000418,0.022225,2872,0,152568,48.652369,no,33397.73,1.122551,Non signif,Non signif
75080,Sternatia,75,Lecce,16,40.222125,18.225226,1,1,0,0,0,5,13858683,0,13858683,49.8,1624.1,0.986887,16.7648,2261,134.86590952471846,0,0,0,0,0,0,0,0,0,14.108941,no,19553.13,-1.995391,Non signif,Non signif
100002,Carmignano,100,Prato,9,43.814065,11.01903,2,0,1,1,0,124,16875215,0,16875215,1911,22707.1,0.880077,38.4281,14663,381.56973672911226,2.564988,1.729704,133,1438,0.066748,0.045011,1126382,0,759578,30.888404,no,52124.85,0.579102,Non signif,Non signif
17192,Urago d'Oglio,17,Brescia,3,45.515978,9.869661,1,0,1,0,0,13,8220588,0,8220588,1204.5,10725.4,0.857612,10.680299999999999,3757,351.76914506146835,0,1.077025,0,37,0,0.100842,0,0,828982,20.48295,no,16838.19,0.318029,Non signif,Non signif
22005,Andalo,22,Trento,4,46.166136,11.003402,3,0,2,1,0,96,104813134,0,104813134,11582.5,31159.2,0.958382,11.3784,1102,96.85017225620474,1.171523,0,4,0,0.10296,0,10791587,0,0,14.82766,no,155413.35,-1.321647,Non signif,Non signif
2042,Cigliano,2,Vercelli,1,45.308356,8.021025,1,0,0,1,0,20,13180237,0,13180237,944.1,16797.7,0.827617,25.3081,4493,177.5320944677791,0,0.062547,0,2,0,0.002471,0,0,32574,17.175786,no,22638.09,0.03065,Non signif,Non signif
30083,Premariacco,30,Udine,6,46.060687,13.394778,2,0,1,1,0,103,16723936,0,16723936,2130.2,20534.1,0.885599,39.8856,4071,102.06691136650822,0.052287,0.087256,9,1,0.001311,0.002188,21924,0,36586,22.91097,no,38316.16,0.177294,High-Low,Coldspot 99%
80029,Condofuri,80,Reggio di Calabria,18,38.004659,15.857397,2,0,2,0,0,35,16853703,0,16853703,2550.1,17146.1,0.89575,60.29560000000001,5053,83.80379331161808,0.692167,6.850331,54,146,0.01148,0.113612,193473,0,1914791,48.652369,no,81997.26,0.053499,Non signif,Non signif
22092,Giovo,22,Trento,4,46.185824,11.146814,1,0,0,1,0,84,12794752,0,12794752,3309.3,13045.1,0.934021,20.813200000000002,2521,121.12505525339687,4.697872,0.020292,89,0,0.225716,0.000975,2887980,0,12474,14.82766,no,18971.62,0.757696,Non signif,Non signif
30121,Tolmezzo,30,Udine,6,46.429503,13.056167,1,0,0,1,0,61,14299814,0,14299814,1273.9,14367.6,0.903568,64.6235,10191,157.69805101859228,4.423768,0.336581,207,57,0.068454,0.005208,978886,0,74478,22.91097,no,32762.26,-0.484806,Low-Low,Coldspot 99%
34035,Solignano,34,Parma,8,44.613057,9.97548,3,0,0,1,2,626,37847601,284477618,322325219,49549,232972,0.942412,73.1363,1767,24.160369064336038,25.77584,3.755428,364,57,0.352436,0.051348,13338844,100260056,1943412,33.475863,no,1079011.49,0.177545,Non signif,Non signif
10008,Campo Ligure,10,Genova,7,44.537644,8.698153,2,0,1,1,0,91,32911189,0,32911189,1789.5,15933.9,0.957458,23.7405,2885,121.52229312777742,4.060707,0.284491,51,509,0.171046,0.011983,5629313,0,394387,24.504626,no,80647.64,-0.367395,Non signif,Non signif
44023,Grottammare,44,Ascoli Piceno,11,42.990497,13.86876,4,0,2,2,0,153,54182764,0,54182764,7810.1,66859.5,0.864107,17.995,16166,898.3606557377049,0.591801,0,203,0,0.032887,0,1781907,0,0,32.834347,no,177905.57,0.401957,Non signif,Hotspot 95%
30072,Pasian di Prato,30,Udine,6,46.048513,13.187597,2,0,1,1,0,143,21230709,0,21230709,4230.9,30895.9,0.866009,15.414200000000001,9363,607.4269180366156,0,0.01154,0,2,0,0.000749,0,0,15895,22.91097,no,48641.61,1.49039,Non signif,Non signif
16063,Castel Rozzone,16,Bergamo,3,45.552277,9.619855,2,0,0,1,1,406,27159662,43433361,70593023,6655.5,71729.4,0.918964,1.7066,2849,1669.4011484823627,0,0,0,0,0,0,0,0,0,21.203762,no,149683.76,-0.638751,Non signif,Coldspot 95%
111087,Soleminis,111,Sud Sardegna,20,39.347963,9.181708,1,0,1,0,0,8,6169441,0,6169441,634.5,11284.2,0.795891,12.7939,1869,146.0852437489741,0,0.000127,0,0,0,0.00001,0,0,61,15.448131,si,9530.63,-0.256953,Non signif,Hotspot 95%
79072,Marcellinara,79,Catanzaro,18,38.928093,16.493077,3,0,1,2,0,41,60247165,0,60247165,6330.4,43031.8,0.892345,20.905700000000003,2257,107.96098671654141,1.418214,1.004627,22,22,0.067839,0.048055,4087085,0,2895188,52.451966,no,316008.22,-0.53231,Non signif,Non signif
3097,Mezzomerico,3,Novara,1,45.618687,8.605518,1,0,1,0,0,32,8398490,0,8398490,1403.6,9006.7,0.900676,7.7188,1235,159.99896356946675,0,0,0,0,0,0,0,0,0,12.08995,no,10153.73,1.522714,Non signif,Non signif
91070,Ottana,91,Nuoro,20,40.233499,9.044599,2,0,2,0,0,49,45263039,0,45263039,1764.9,20050.9,0.941747,45.07149999999999,2303,51.09659097212208,0,1.511562,0,6,0,0.033537,0,0,1517986,14.344669,si,64928.33,-0.61698,Non signif,Non signif
26075,Santa Lucia di Piave,26,Treviso,5,45.849186,12.284264,5,0,1,4,0,334,142437362,0,142437362,17002.8,117896.9,0.888716,19.8101,9160,462.3903968177849,0,0,0,0,0,0,0,0,0,21.139592,no,301106.77,-0.128094,Non signif,Non signif
46021,Montecarlo,46,Lucca,9,43.851186,10.667621,3,0,1,1,1,317,22757070,128039243,150796313,6147.1,161193.8,0.90514,15.671800000000001,4397,280.56764379331025,1.200959,0.424013,172,190,0.076632,0.027056,1743916,9811884,615711,29.45658,no,444194.37,0.520445,Non signif,Non signif
22180,Spormaggiore,22,Trento,4,46.217752,11.048268,1,0,0,1,0,50,20501243,0,20501243,1898.7,16043.7,0.910008,30.2005,1265,41.88672372973957,12.499318,0.008213,6,0,0.413878,0.000272,8485010,0,5575,14.82766,no,30398.55,-0.379348,Non signif,Non signif
63090,Santa Maria la Carità,63,Napoli,15,40.721003,14.51282,4,0,2,2,0,113,98296395,0,98296395,6773.9,58753.4,0.92087,3.9789,11706,2942.019151021639,0,0.008944,0,59,0,0.002248,0,0,220956,35.751904,no,351428.33,-0.148703,Non signif,Non signif
63055,Poggiomarino,63,Napoli,15,40.803111,14.539037,4,0,3,1,0,118,25388851,0,25388851,2019.7,38034.8,0.83174,13.2002,21993,1666.1111195284918,0,0.094645,0,78,0,0.00717,0,0,182037,35.751904,no,90769.98,0.212558,Non signif,Non signif
71063,Ordona,71,Foggia,16,41.315529,15.627355,2,0,2,0,0,26,11822572,0,11822572,675.5,13823.5,0.799062,39.565799999999996,2843,71.85498587163663,0,4.846682,0,215,0,0.122497,0,0,1448227,37.634206,no,44493.31,1.45003,Non signif,Non signif
29044,San Martino di Venezze,29,Rovigo,5,45.131203,11.868523,1,0,1,0,0,29,7451956,0,7451956,1660.6,13242.2,0.823711,31.046,3878,124.91142176125749,0,0,0,0,0,0,0,0,0,24.853738,no,18520.9,1.131031,Non signif,Coldspot 95%
28088,Stanghella,28,Padova,5,45.134624,11.756048,2,0,0,2,0,145,40167162,0,40167162,8362.6,60002.7,0.866949,19.8109,4156,209.78350302106415,0,0,0,0,0,0,0,0,0,17.804557,no,71515.85,1.626944,Non signif,Non signif
56058,Vignanello,56,Viterbo,12,42.383826,12.276766,2,0,1,0,1,557,3738337,145489853,149228190,7362.2,159191.9,0.887542,20.5293,4523,220.31925102171044,0.021466,0,27,0,0.001046,0,3909,152128,0,19.086634,no,284826.38,-1.104904,Non signif,Non signif
16088,Credaro,16,Bergamo,3,45.660582,9.93106,4,0,1,3,0,307,108426562,0,108426562,9378,91763.5,0.927744,3.4135000000000004,3517,1030.320785117914,0,0.038181,0,41,0,0.011185,0,0,1212783,21.203762,no,229905.1,-0.436,Non signif,Non signif
16152,Osio Sopra,16,Bergamo,3,45.630787,9.591063,6,0,4,2,0,264,76609243,0,76609243,7618.1,78360.3,0.874967,5.182300000000001,5273,1017.5018814040097,0.050053,0.072075,2,2,0.009658,0.013908,739927,0,1065475,21.203762,no,162440.41,-0.014316,Non signif,Non signif
16073,Chiuduno,16,Bergamo,3,45.650819,9.848016,8,0,3,4,1,449,187731999,161135687,348867686,30963.3,198842.1,0.888166,6.8848,6037,876.85916802231,0.065303,1.229398,5,106,0.009485,0.178567,1780656,1528388,33522738,21.203762,no,739730.73,-0.176068,Non signif,Non signif
91063,Orosei,91,Nuoro,20,40.37918,9.695014,5,0,4,1,0,250,153318476,0,153318476,9109.3,35912.5,0.960268,90.99709999999999,7049,77.4640070947316,10.045943,10.666552,283,1038,0.110398,0.117219,16926129,0,17971776,14.344669,si,219930.29,-1.145463,Non signif,Non signif
26020,Colle Umberto,26,Treviso,5,45.940984,12.340972,6,0,2,4,0,425,128645651,0,128645651,15876.5,155368.3,0.877548,13.5799,5093,375.03958055655784,0,0,0,0,0,0,0,0,0,21.139592,no,271951.66,0.231593,Non signif,Non signif
16214,Torre Boldone,16,Bergamo,3,45.716272,9.708189,4,0,2,2,0,203,37411971,0,37411971,4317.7,66090.1,0.848841,3.4837000000000002,8755,2513.1325889140853,0,0.00125,0,1,0,0.000359,0,0,13424,21.203762,no,79327.45,0.598019,Non signif,Non signif
39001,Alfonsine,39,Ravenna,8,44.505385,12.04118,10,0,4,5,1,842,124838729,77002598,201841327,19501.8,272858.9,0.892818,106.7922,11953,111.92765014673357,0,50.389136,0,4444,0,0.471843,0,0,58904262,37.876303,no,764500.32,0.015397,Non signif,Non signif
61060,Pignataro Maggiore,61,Caserta,15,41.190816,14.172324,2,0,1,1,0,90,54353200,0,54353200,5142,32075.5,0.907108,32.3788,5964,184.19459646435322,1.469831,0.229873,733,0,0.045395,0.007099,2467356,0,385880,28.435248,no,154554.67,0.000837,Non signif,Non signif
85013,Niscemi,85,Caltanissetta,19,37.14645,14.39418,2,1,1,0,0,44,6299749,0,6299749,431.3,19509.3,0.719955,96.8186,26946,278.3142908490724,1.710861,0.111216,69,0,0.017671,0.001149,111322,0,7237,20.302008,no,12789.76,0.732664,High-High,Hotspot 99%
85011,Montedoro,85,Caltanissetta,19,37.453508,13.816238,1,0,0,1,0,16,16573313,0,16573313,1911.8,17906.5,0.86006,14.533399999999999,1557,107.132536089284,0.07397,0,0,0,0.00509,0,84352,0,0,20.302008,no,33647.15,-0.005394,Low-High,Hotspot 99%
47012,Pescia,47,Pistoia,9,43.90171,10.689781,4,0,3,1,0,101,48790489,0,48790489,4011.9,79859.7,0.765752,79.1801,19584,247.33487328255458,14.061307,0.953903,708,256,0.177586,0.012047,8664526,0,587792,29.709501,no,144954.11,-0.00857,Non signif,Non signif
13068,Cirimido,13,Como,3,45.699775,9.012539,2,0,0,2,0,241,20449927,0,20449927,2528.9,39490.8,0.852648,2.6263,2129,810.6461561893158,0,0,0,0,0,0,0,0,0,12.029442,no,24600.12,1.02776,Non signif,Non signif
15169,Paullo,15,Milano,3,45.416787,9.398241,2,0,0,1,1,396,12654297,322250161,334904458,47989.4,147019.9,0.929186,8.8212,11429,1295.6287126468055,0,0.036328,0,8,0,0.004118,0,0,52114,15.050002,no,504031.28,-0.097011,Non signif,Non signif
17066,Dello,17,Brescia,3,45.41811,10.075203,6,0,3,3,0,192,84585118,0,84585118,10859.7,87395,0.875304,23.3213,5601,240.16671454850285,0,3.034941,0,1388,0,0.130136,0,0,11007570,20.48295,no,173255.27,-0.056913,Non signif,Non signif
99016,San Clemente,99,Rimini,8,43.932205,12.625693,5,0,1,3,1,565,112403249,498639000,611042249,59484.9,236542.1,0.933632,20.6961,5536,267.49001019515754,0.9173,0.668188,88,61,0.044322,0.032286,4981977,22100857,3629017,28.763441,no,1757567.77,-0.641097,Non signif,Non signif
22035,Calliano,22,Trento,4,45.933851,11.093758,3,0,1,2,0,191,82704285,0,82704285,6609.4,75322.9,0.892937,10.199,1920,188.2537503676831,3.889987,0.244985,44,52,0.381409,0.02402,31544131,0,1986598,14.82766,no,122631.1,,,
65140,Serre,65,Salerno,15,40.582511,15.185554,1,0,1,0,0,37,5058461,0,5058461,275.1,9530,0.801777,67.0342,3932,58.656626020747616,5.563799,13.266418,406,82,0.082999,0.197905,419849,0,1001096,25.585615,no,12942.38,-0.283144,Non signif,Non signif
95021,Ghilarza,95,Oristano,20,40.119652,8.834927,2,0,2,0,0,49,18608130,0,18608130,2194.8,12471.2,0.895015,55.46060000000001,4452,80.27320295849665,3.330806,0.000147,1,0,0.060057,0.000003,1117551,0,49,13.76477,si,25613.66,-0.414441,Non signif,Non signif
34046,Varsi,34,Parma,8,44.662157,9.846676,1,0,0,1,0,80,33171205,0,33171205,3934.5,14489.7,0.965565,80.0656,1209,15.100117903319278,36.091061,1.795719,861,14,0.450769,0.022428,14952539,0,743967,33.475863,no,111043.47,-0.069355,Non signif,Non signif
94050,Sesto Campano,94,Isernia,14,41.42042,14.077819,1,0,1,0,0,30,11014700,0,11014700,716.6,5751.8,0.944004,35.318200000000004,2313,65.49031377590023,6.215384,2.239423,254,100,0.175982,0.063407,1938394,0,698410,43.903663,no,48358.57,1.459867,Non signif,Non signif
74017,San Vito dei Normanni,74,Brindisi,16,40.656248,17.703752,4,0,2,2,0,341,36816429,0,36816429,2752,35005.2,0.883537,67.0802,19095,284.65925861878765,0.032296,0.222457,104,338,0.000481,0.003316,17725,0,122094,13.243039,no,48756.14,0.67393,Non signif,Non signif
30131,Venzone,30,Udine,6,46.333676,13.1394,2,0,1,0,1,228,15337121,70583698,85920819,11118.5,78740.1,0.934539,54.551700000000004,2011,36.86411239246439,6.030306,0.978485,70,85,0.110543,0.017937,1695411,7802530,275099,22.91097,no,196852.93,0.047946,High-Low,Coldspot 99%
72001,Acquaviva delle Fonti,72,Bari,16,40.897829,16.842487,5,0,1,4,0,423,138848210,0,138848210,23563.3,117707.5,0.92207,132.0264,20600,156.02940018056995,0,1.527757,0,64,0,0.011572,0,0,1606696,14.160402,no,196614.65,0.512022,Non signif,Non signif
4010,Baldissero d'Alba,4,Cuneo,1,44.759519,7.914349,3,0,0,3,0,157,131642208,0,131642208,17044.1,91983,0.933086,15.325899999999999,1054,68.77247013225977,0.223213,0.04583,6,1,0.014564,0.00299,1917294,0,393658,16.396584,no,215848.25,-0.388678,Non signif,Non signif
1296,Vialfrè,1,Torino,1,45.381019,7.817828,1,0,0,1,0,58,16579126,0,16579126,1964.5,11062.8,0.945804,4.6454,252,54.24721229603478,0,0,0,0,0,0,0,0,0,20.594868,no,34144.49,-1.088819,Low-Low,Coldspot 99%
98004,Borghetto Lodigiano,98,Lodi,3,45.213268,9.499683,2,0,1,1,0,37,45684244,0,45684244,2991.7,79121,0.781913,23.641399999999997,4302,181.968918930351,0,0.467362,0,439,0,0.019769,0,0,903122,19.574231,no,89423.39,0.40197,Non signif,Non signif
78155,Zumpano,78,Cosenza,18,39.310894,16.292094,1,0,0,1,0,31,19780339,0,19780339,727,13514.4,0.904457,8.0839,2605,322.2454508343745,2.602787,0.302595,452,28,0.321972,0.037432,6368709,0,740414,50.996071,no,100871.96,0.128327,Non signif,Non signif
14057,Samolaco,14,Sondrio,3,46.24616,9.395079,1,0,1,0,0,27,10162069,0,10162069,1213,11886.7,0.880794,45.7959,2893,63.171593963651766,14.092584,1.966785,87,88,0.307726,0.042947,3127132,0,436428,12.776609,no,12983.68,-0.107836,Non signif,Non signif
12105,Morazzone,12,Varese,3,45.764961,8.8315,1,0,0,1,0,119,32842918,0,32842918,1371.2,23082.4,0.938003,5.6025,4287,765.1941097724231,0,0,0,0,0,0,0,0,0,11.229804,no,36881.95,-1.247529,Non signif,Non signif
1222,Roletto,1,Torino,1,44.924691,7.331324,4,0,1,3,0,265,65277863,0,65277863,6857.8,66838.5,0.895995,9.704,2026,208.77988458367682,0,0.014229,0,0,0,0.001466,0,0,95717,20.594868,no,134438.9,-0.203512,Non signif,Non signif
103002,Anzola d'Ossola,103,Verbano-Cusio-Ossola,1,45.988976,8.344519,2,0,0,2,0,275,57995769,0,57995769,4457.6,44575.1,0.923002,13.6571,414,30.313902658690353,0.001037,0.478802,0,282,0.000076,0.035059,4404,0,2033264,17.575018,no,101927.67,-0.675344,Low-Low,Coldspot 99%
24068,Montorso Vicentino,24,Vicenza,5,45.489834,11.362271,9,0,3,3,3,1144,114122861,450953783,565076644,46173.7,476090.3,0.888504,9.2947,3107,334.2765231798767,0,0,0,0,0,0,0,0,0,21.315155,no,1204469.63,-0.30233,Low-Low,Coldspot 99%
22182,Stenico,22,Trento,4,46.052168,10.854089,1,0,1,0,0,13,15968717,0,15968717,1040,4170.6,0.975386,49.1466,1186,24.131882978680114,11.127166,0.026327,17,0,0.226408,0.000536,3615440,0,8554,14.82766,no,23677.87,-0.918436,Low-Low,Coldspot 99%
3109,Oleggio Castello,3,Novara,1,45.748872,8.527127,3,0,2,1,0,190,41685120,0,41685120,4449.5,41191,0.901314,5.9352,2132,359.21283191804827,0,0.590419,0,57,0,0.099478,0,0,4146733,12.08995,no,50397.1,0.058263,Non signif,Non signif
13043,Capiago Intimiano,13,Como,3,45.770802,9.130032,2,0,1,1,0,138,83625457,0,83625457,11985.6,54205.2,0.90677,5.7176,5516,964.7404505386876,0,0,0,0,0,0,0,0,0,12.029442,no,100596.76,0.379612,Non signif,Non signif
17136,Passirano,17,Brescia,3,45.599487,10.064918,12,0,5,5,2,1276,211916406,282308787,494225193,44287.8,645677.4,0.887567,13.390899999999998,7054,526.7756461477571,0,0.229138,0,15,0,0.017111,0,0,3626201,20.48295,no,1012318.99,-0.137104,Non signif,Non signif
30024,Chiopris-Viscone,30,Udine,6,45.931403,13.38111,1,1,0,0,0,8,2904743,0,2904743,206.3,1758.8,0.93223,9.2087,648,70.36823873076547,0,0.302422,0,0,0,0.032841,0,0,95394,22.91097,no,6655.05,-0.485081,Non signif,Non signif
54037,Panicale,54,Perugia,10,43.029059,12.098364,2,0,0,2,0,92,28205353,0,28205353,1748.4,30360.2,0.884828,79.2595,5606,70.72969170888032,0.832129,0,18,0,0.010499,0,296122,0,0,38.922787,no,109783.09,-0.230787,Non signif,Non signif
4037,Canale,4,Cuneo,1,44.798544,7.997334,3,0,0,3,0,325,94430344,0,94430344,6868.2,81435.7,0.915443,17.8658,5624,314.79138913454756,0.308029,0.447882,32,78,0.017241,0.025069,1628099,0,2367297,16.396584,no,154833.51,-0.250647,Non signif,Non signif
77003,Bernalda,77,Matera,17,40.412918,16.691097,2,0,1,1,0,197,66348526,0,66348526,6549.6,57020.3,0.894028,126.19049999999999,12453,98.68413232374863,0.105376,39.197932,85,970,0.000835,0.310625,55405,0,20609515,22.969725,no,152400.74,-0.031764,Non signif,Non signif
79048,Feroleto Antico,79,Catanzaro,18,38.961095,16.388327,2,0,2,0,0,27,10564197,0,10564197,890.7,8984,0.894901,22.3816,2093,93.51431533045002,0.840909,1.232602,139,48,0.037571,0.055072,396912,0,581793,52.451966,no,55411.29,0.793411,Non signif,Non signif
33006,Borgonovo Val Tidone,33,Piacenza,8,45.014362,9.443461,2,0,0,2,0,81,46209663,0,46209663,5624.4,46700.1,0.879661,51.2175,7952,155.2594328110509,1.423164,4.053613,33,312,0.027787,0.079145,1284013,0,3657267,28.260932,no,130592.82,0.032395,Non signif,Non signif
17121,Odolo,17,Brescia,3,45.64685,10.388448,3,0,0,3,0,177,71034150,0,71034150,6021.5,77779.6,0.880039,6.544,1941,296.6075794621027,0.031479,0,0,0,0.00481,0,341700,0,0,20.48295,no,145498.89,-0.462577,High-Low,Coldspot 99%
80002,Agnana Calabra,80,Reggio di Calabria,18,38.302674,16.222904,1,0,1,0,0,10,10345981,0,10345981,1168,14189.4,0.839081,8.487400000000001,543,63.977189716520954,0.634816,0.379584,118,15,0.074795,0.044723,773829,0,462706,48.652369,no,50335.65,,,
14063,Talamona,14,Sondrio,3,46.138492,9.612944,2,0,1,1,0,63,36073568,0,36073568,3042.7,25209.2,0.928791,21.0515,4671,221.88442628791296,3.938741,2.599974,9,34,0.1871,0.123505,6749374,0,4455281,12.776609,no,46089.79,-0.716336,Non signif,Non signif
12023,Brunello,12,Varese,3,45.765371,8.797365,4,0,0,4,0,297,76894246,0,76894246,10053.5,98441.4,0.892532,1.62,969,598.1481481481482,0,0.029139,0,1,0,0.017987,0,0,1383100,11.229804,no,86350.73,0.31436,Non signif,Non signif
28101,Villa del Conte,28,Padova,5,45.586598,11.859005,11,0,1,10,0,984,340720156,0,340720156,44821.7,253122.6,0.915881,17.348699999999997,5522,318.294742545551,0,0.261017,0,101,0,0.015045,0,0,5126249,17.804557,no,606637.15,0.090777,Non signif,Non signif
20037,Motteggiana,20,Mantova,3,45.03494,10.764023,4,0,3,1,0,168,58508146,0,58508146,3955.1,53332.1,0.860733,24.7902,2597,104.75913869190245,0,7.797724,0,94,0,0.314549,0,0,18403658,21.044843,no,123129.47,-0.207076,Non signif,Non signif
97030,Dervio,97,Lecco,3,46.076574,9.304528,1,0,0,0,1,272,0,221843742,221843742,22808,153800.1,0.930294,11.6955,2627,224.61630541661324,0.152962,4.992387,120,162,0.013079,0.426864,0,2901429,0,14.425007,no,320009.76,-0.278723,Non signif,Non signif
26062,Povegliano,26,Treviso,5,45.759192,12.2085,2,0,1,1,0,103,26648102,0,26648102,1997.4,20946.3,0.897369,12.9148,5243,405.96834639328523,0,0,0,0,0,0,0,0,0,21.139592,no,56333,0.33963,Non signif,Non signif
16168,Ponte Nossa,16,Bergamo,3,45.866062,9.882974,2,0,0,2,0,200,56386199,0,56386199,9872.6,65274.9,0.903097,5.5898,1761,315.03810512004003,3.58341,0.624478,169,294,0.641062,0.111717,36147066,0,6299320,21.203762,no,119559.95,0.538424,Non signif,Non signif
16040,Brignano Gera d'Adda,16,Bergamo,3,45.545519,9.648953,8,1,3,3,1,1596,127387036,44999999,172387035,20550,173801.8,0.926913,12.1108,6009,496.1687089209631,0,0.01263,0,0,0,0.001043,0,0,132848,21.203762,no,365525.36,-0.151541,Non signif,Non signif
64041,Lacedonia,64,Avellino,15,41.051222,15.423854,2,0,0,2,0,130,58317777,0,58317777,7632,29693.3,0.947721,82.09549999999999,2275,27.711628530187408,29.490604,0,449,0,0.359223,0,20949095,0,0,37.737871,no,220078.87,-0.417715,Non signif,Non signif
31006,Fogliano Redipuglia,31,Gorizia,6,45.856486,13.492933,1,0,0,1,0,95,19764299,0,19764299,2675.4,24045.9,0.904133,7.9242,3048,384.6445067009919,0,0,0,0,0,0,0,0,0,23.340869,no,46131.59,0.901743,Non signif,Non signif
1070,Cavour,1,Torino,1,44.785499,7.373841,3,0,2,1,0,67,27726639,0,27726639,1931.6,47068.4,0.860507,48.9599,5492,112.17343172678049,0,1.917999,0,86,0,0.039175,0,0,1086188,20.594868,no,57102.65,0.36759,Non signif,Non signif
42032,Numana,42,Ancona,11,43.510344,13.622637,3,0,2,1,0,215,56425839,0,56425839,5468,55722.4,0.915467,10.935,3763,344.1243712848651,0.329142,0,170,0,0.0301,0,1698410,0,0,27.781362,no,156758.66,-0.584605,Non signif,Non signif
96020,Cossato,96,Biella,1,45.569912,8.179988,5,0,0,5,0,450,94617238,0,94617238,8177.2,80951.9,0.922397,27.7342,14633,527.6157235471006,0.072107,2.749192,5,559,0.0026,0.099126,245998,0,9379068,19.06674,no,180404.23,-0.781036,Low-Low,Coldspot 99%
16013,Arzago d'Adda,16,Bergamo,3,45.481513,9.561678,1,0,1,0,0,18,8041063,0,8041063,341.8,2462.4,0.97589,9.3078,2715,291.6908399406949,0,0,0,0,0,0,0,0,0,21.203762,no,17050.08,-1.942603,Non signif,Non signif
15230,Vaprio d'Adda,15,Milano,3,45.576576,9.529174,1,0,1,0,0,17,14481273,0,14481273,2330.2,11391.3,0.919933,7.1546,9114,1273.8657646828613,0,0.308692,0,10,0,0.043146,0,0,624808,15.050002,no,21794.32,0.520974,Non signif,Non signif
16247,Costa Serina,16,Bergamo,3,45.83242,9.741937,2,0,1,1,0,88,31472379,0,31472379,3158.1,29674.2,0.906236,12.2972,912,74.16322414858666,0.402121,0.039473,11,1,0.0327,0.00321,1029153,0,101024,21.203762,no,66733.28,-0.03542,Non signif,Non signif
96042,Pettinengo,96,Biella,1,45.613064,8.104221,1,0,0,1,0,54,6638738,0,6638738,834.8,10899.9,0.84354,15.2977,1556,101.71463684083227,0.44973,0.070022,28,2,0.029399,0.004577,195169,0,30387,19.06674,no,12657.91,1.302229,High-Low,Coldspot 99%
62053,Ponte,62,Benevento,15,41.214732,14.696327,4,0,2,2,0,278,152347613,0,152347613,7550,89390.1,0.907362,17.915599999999998,2573,143.61785259773606,1.182208,1.024229,196,29,0.065988,0.05717,10053058,0,8709663,40.937916,no,623679.38,-0.575127,Non signif,Non signif
27011,Concordia Sagittaria,27,Venezia,5,45.756104,12.844956,6,0,2,4,0,446,106811546,0,106811546,9837.8,144179.2,0.851188,66.8359,10373,155.2010222051323,0,1.634009,0,49,0,0.024448,0,0,2611337,17.526854,no,187207.04,0.295384,Non signif,Non signif
21056,Naturno/Naturns,21,Bolzano/Bozen,4,46.649886,11.004195,10,0,4,5,1,785,227701643,67844740,295546383,27687.1,273543.2,0.885314,67.1137,5805,86.49500772569536,0.658532,0.00026,11,0,0.009812,0.000004,2234251,665705,882,10.80791,no,319423.88,-0.329118,Non signif,Coldspot 99%
86018,Troina,86,Enna,19,37.785354,14.598475,1,0,0,1,0,120,65590616,0,65590616,1340.9,6942.5,0.991269,168.2802,9202,54.68260674755556,0.700134,0,186,0,0.004161,0,272891,0,0,34.389868,no,225565.26,-1.946936,Non signif,Non signif
16234,Vertova,16,Bergamo,3,45.810219,9.853507,2,0,1,1,0,96,47168392,0,47168392,2178.6,38945,0.913788,15.694700000000001,4642,295.7686352717796,2.960052,0.289371,202,242,0.188602,0.018437,8896054,0,869667,21.203762,no,100014.73,-1.069258,Non signif,Non signif
66025,Carsoli,66,L'Aquila,13,42.098927,13.084888,3,0,0,3,0,311,104900725,0,104900725,10231,78988.9,0.939591,95.8026,5314,55.46822320062295,11.728695,0.533043,93,201,0.122426,0.005564,12842539,0,583665,47.395882,no,497186.24,-0.721587,Non signif,Non signif
1231,Salassa,1,Torino,1,45.358526,7.689238,2,0,0,2,0,143,55865959,0,55865959,5229.2,37740.9,0.937893,4.952,1840,371.5670436187399,0,0.870677,0,6,0,0.175823,0,0,9822537,20.594868,no,115055.2,-1.210526,Low-Low,Coldspot 99%
15016,Bellinzago Lombardo,15,Milano,3,45.542075,9.445951,1,0,1,0,0,36,11994406,0,11994406,1260.2,8883.3,0.935706,4.5904,3859,840.6674799581737,0,0.123626,0,187,0,0.026931,0,0,323026,15.050002,no,18051.58,0.212177,Non signif,Non signif
110006,Minervino Murge,110,Barletta-Andria-Trani,16,41.085052,16.077776,1,0,0,1,0,64,7745792,0,7745792,908.6,7804.2,0.929195,257.4112,8864,34.435176091793984,0,0.919908,0,0,0,0.003574,0,0,27681,22.254355,no,17237.76,0.170725,Non signif,Non signif
17058,Collio,17,Brescia,3,45.809312,10.332872,3,1,0,2,0,105,40565726,0,40565726,5890.9,26811.6,0.947458,53.475699999999996,2106,39.38237367626792,3.031624,0.24,249,280,0.056692,0.004488,2299737,0,182060,20.48295,no,83090.57,-0.161494,Non signif,Non signif
1141,Lusigliè,1,Torino,1,45.318401,7.766652,1,0,0,1,0,193,46458277,0,46458277,3604.7,67734.5,0.858285,5.2586,558,106.11189289925075,0,2.06048,0,32,0,0.391831,0,0,18203771,20.594868,no,95680.21,0.10537,High-Low,Coldspot 99%
103028,Domodossola,103,Verbano-Cusio-Ossola,1,46.115245,8.292046,4,0,1,2,1,609,86535127,126996330,213531457,15707.2,326061.2,0.877841,36.8916,18237,494.34017499918684,2.177177,2.652299,6195,6224,0.059016,0.071894,5106916,7494755,6221390,17.575018,no,375281.93,0.030346,Low-Low,Coldspot 99%
1248,San Maurizio Canavese,1,Torino,1,45.216676,7.631241,3,0,1,2,0,183,57651044,0,57651044,5134.6,37898.6,0.910459,17.3445,10312,594.5400559255095,0,0.55032,0,7,0,0.031729,0,0,1829198,20.594868,no,118731.56,-0.334752,Non signif,Coldspot 95%
3022,Bolzano Novarese,3,Novara,1,45.762786,8.445175,1,0,1,0,0,39,11522053,0,11522053,1288.9,8485.4,0.938633,3.3044,1190,360.1258927490619,0,0.146273,0,9,0,0.044266,0,0,510037,12.08995,no,13930.1,-0.390613,Non signif,Coldspot 95%
75077,Specchia,75,Lecce,16,39.93712,18.297631,3,0,0,3,0,338,41861897,0,41861897,4888.6,46008.2,0.91357,25.0957,4748,189.19575863594162,0.009618,0.728638,17,15,0.000383,0.029034,16044,0,1215434,14.108941,no,59062.7,0.093161,Low-High,Hotspot 99%
97043,Lierna,97,Lecco,3,45.959202,9.302478,1,0,0,1,0,63,11533860,0,11533860,1530.8,13301.1,0.903971,11.238499999999998,2122,188.81523334964632,2.269257,2.331695,72,74,0.201918,0.207474,2328896,0,2392974,14.425007,no,16637.6,0.465957,Non signif,Non signif
1170,Oglianico,1,Torino,1,45.342554,7.693717,1,0,0,1,0,45,15924020,0,15924020,422.5,15808.8,0.886557,6.3031,1506,238.93005029271313,0,0.000034,0,0,0,0.000005,0,0,86,20.594868,no,32795.31,0.947097,High-Low,Coldspot 99%
12109,Origgio,12,Varese,3,45.597693,9.018061,9,0,5,3,1,1844,82833136,800887970,883721106,74046.8,877304.6,0.878017,7.915,7827,988.8818698673405,0,0.043757,0,0,0,0.005528,0,0,457932,11.229804,no,992401.51,-0.196026,Non signif,Non signif
13089,Domaso,13,Como,3,46.15099,9.328142,1,0,1,0,0,41,10810228,0,10810228,292.9,8162.7,0.934252,6.2764999999999995,1490,237.39345176451846,0.140123,3.750195,144,131,0.022325,0.597498,241339,0,6459088,12.029442,no,13004.1,-1.428339,Non signif,Non signif
83081,San Piero Patti,83,Messina,19,38.05215,14.967069,1,0,0,1,0,218,56519441,0,56519441,7404.5,31228.2,0.963087,41.818900000000006,2823,67.50536240790646,0.52248,0,114,0,0.012494,0,706147,0,0,44.663628,no,252436.33,0.210339,Non signif,Non signif
43009,Castelraimondo,43,Macerata,11,43.208151,13.053671,1,0,1,0,0,19,4723413,0,4723413,363.6,3629.1,0.926791,44.847,4510,100.56414029923964,0.702209,0,4,0,0.015658,0,73959,0,0,27.736975,no,13101.32,-0.269644,Non signif,Non signif
4099,Govone,4,Cuneo,1,44.804445,8.094036,1,0,0,0,1,247,0,317105541,317105541,33078.1,236072,0.915842,18.910999999999998,2235,118.18518322669347,1.270727,0.330045,42,9,0.067195,0.017453,0,21307946,0,16.396584,no,519944.76,-0.016917,Non signif,Non signif
73007,Ginosa,73,Taranto,16,40.579751,16.756208,4,0,0,4,0,238,77982521,0,77982521,10177.1,78351.6,0.891506,188.48919999999998,22430,118.99886041216156,0.552608,27.733993,254,2352,0.002932,0.147138,228627,0,11474221,15.194153,no,118487.84,0.114829,High-High,Hotspot 99%
35011,Carpineti,35,Reggio nell'Emilia,8,44.455961,10.519698,3,0,1,2,0,210,87457930,0,87457930,6865.6,63559.9,0.904127,89.5684,4011,44.78141844668432,17.74668,1.017869,523,14,0.198136,0.011364,17328521,0,993885,36.618436,no,320257.26,-0.11334,Non signif,Non signif
75052,Nardò,75,Lecce,16,40.176261,18.030637,7,0,1,5,1,720,171050326,43768522,214818848,14144.1,121041.4,0.922953,193.24290000000002,31431,162.6502189731162,1.810518,4.048678,284,247,0.009369,0.020951,1602593,410073,3583716,14.108941,no,303086.65,-0.081311,Non signif,Non signif
48036,Rignano sull'Arno,48,Firenze,9,43.72105,11.451427,5,0,1,3,1,555,60180156,153041746,213221902,42846.5,211161.5,0.89123,54.1447,8718,161.0129892676476,10.142896,1.274539,499,526,0.187329,0.023539,11273515,28669224,1416611,35.050589,no,747355.34,0.527271,Non signif,Non signif
95059,Simaxis,95,Oristano,20,39.930347,8.692127,2,0,1,1,0,113,66444513,0,66444513,6120,40578.1,0.83934,27.8204,2227,80.04917254963983,0,2.120737,0,22,0,0.07623,0,0,5065036,13.76477,si,91459.34,-0.122929,Non signif,Non signif
4133,Montà,4,Cuneo,1,44.813644,7.957233,2,0,1,1,0,233,78132832,0,78132832,5240.7,58236,0.921891,26.8208,4712,175.6845433394977,0.39055,1.047713,2,88,0.014561,0.039063,1137728,0,3052138,16.396584,no,128111.15,-0.947587,Non signif,Non signif
1274,Torre Canavese,1,Torino,1,45.392056,7.759818,1,0,0,1,0,52,10267635,0,10267635,1179.1,14051.3,0.873942,5.4546,594,108.89891101088989,0,0,0,0,0,0,0,0,0,20.594868,no,21146.06,-0.130305,Low-Low,Coldspot 99%
14019,Chiesa in Valmalenco,14,Sondrio,3,46.265097,9.848647,1,0,1,0,0,35,4990541,0,4990541,406.6,5347.1,0.914085,107.59909999999999,2482,23.067107438630995,4.326397,3.000776,130,117,0.040208,0.027888,200662,0,139179,12.776609,no,6376.22,0.389203,Non signif,Non signif
2031,Caresanablot,2,Vercelli,1,45.357613,8.388842,4,0,3,1,0,125,50532164,0,50532164,3395.1,90913.3,0.809106,11.022,1124,101.97786245690438,0,2.370861,0,3,0,0.215103,0,0,10869601,17.175786,no,86792.96,0.152488,Non signif,Non signif
15191,San Colombano al Lambro,15,Milano,3,45.181716,9.488578,4,1,2,1,0,61,24529538,0,24529538,2174.6,28701.4,0.907767,16.5506,7394,446.7511751839813,0,1.049002,0,13,0,0.063382,0,0,1554719,15.050002,no,36916.96,0.279556,Non signif,Non signif
91051,Nuoro,91,Nuoro,20,40.127683,9.342323,10,0,6,3,1,1537,84949257,1441302619,1526251876,108342.2,421318.3,0.846478,192.062,36579,190.45412418906395,34.624374,1.709226,1959,11,0.180277,0.008899,15314403,259833808,755993,14.344669,si,2189357.86,-0.47763,Non signif,Non signif
19052,Gussola,19,Cremona,3,45.011263,10.350137,3,0,2,1,0,83,41431387,0,41431387,3683.7,38418.5,0.898392,25.228099999999998,2692,106.70641070869388,0,11.327729,0,15,0,0.449012,0,0,18603205,21.210647,no,87878.65,-0.357491,Non signif,Non signif
12044,Castelseprio,12,Varese,3,45.715977,8.862656,1,0,0,1,0,23,22184151,0,22184151,1634.9,12798.1,0.937377,3.7508999999999997,1311,349.51611613212833,0.012728,0.185165,0,0,0.003393,0.049365,75278,0,1095131,11.229804,no,24912.37,-0.820857,Non signif,Non signif
26094,Zenson di Piave,26,Treviso,5,45.678973,12.492099,2,0,0,1,1,473,32436375,122060497,154496872,22341.4,157849.5,0.888928,9.4962,1830,192.70866241233335,0,3.651246,0,508,0,0.384495,0,0,12471640,21.139592,no,326600.08,0.616009,Non signif,Non signif
19056,Malagnino,19,Cremona,3,45.134771,10.114774,4,0,2,1,1,271,58740876,77883286,136624162,10809.2,109854.5,0.922733,10.8227,1722,159.11001875687214,0,1.014065,0,403,0,0.093698,0,0,5503901,21.210647,no,289788.68,-0.368863,Non signif,Non signif
37012,Casalfiumanese,37,Bologna,8,44.296864,11.624022,3,0,1,2,0,127,75840261,0,75840261,4870.8,51540.9,0.913939,82.02959999999999,3460,42.179896037527925,25.517757,3.215081,250,156,0.31108,0.039194,23592378,0,2972495,38.815968,no,294381.31,-0.689313,Non signif,Non signif
18088,Mede,18,Pavia,3,45.097858,8.735944,2,0,0,1,1,174,18898079,173997607,192895686,27514.9,116559.9,0.894164,32.894800000000004,6576,199.91001617276893,0,0,0,0,0,0,0,0,0,18.961299,no,365755.28,-0.237123,Non signif,Non signif
16133,Martinengo,16,Bergamo,3,45.570368,9.767376,6,1,1,4,0,344,84628417,0,84628417,10956.2,80403.6,0.90294,22.0515,10560,478.8789878239575,0,0.82638,0,10,0,0.037475,0,0,3171450,21.203762,no,179444.08,0.400265,Non signif,Non signif
6115,Occimiano,6,Alessandria,1,45.060255,8.50764,3,0,1,2,0,211,79947190,0,79947190,4844.2,74054.6,0.906101,22.4632,1300,57.87243135439296,0,2.983156,0,23,0,0.132802,0,0,10617140,20.84217,no,166627.3,-0.685451,Non signif,Non signif
64025,Cervinara,64,Avellino,15,41.021928,14.613291,4,0,4,0,0,105,71625638,0,71625638,2470.8,30305.2,0.902229,29.3435,9488,323.34247789118547,12.997715,0.103501,8613,5,0.44295,0.003527,31726605,0,252639,37.737871,no,270299.91,-0.7832,Non signif,Coldspot 95%
96003,Benna,96,Biella,1,45.513662,8.126623,3,0,2,1,0,111,75609092,0,75609092,5376.9,69108.3,0.919421,9.3891,1174,125.03860859933329,0,0.0006,0,0,0,0.000064,0,0,4832,19.06674,no,144161.89,-1.038496,Low-Low,Coldspot 99%
91044,Macomer,91,Nuoro,20,40.26519,8.781387,3,0,2,1,0,114,25330451,0,25330451,3211.9,52915.5,0.775542,122.76520000000001,10019,81.61107545134941,0.547134,0.381954,1,0,0.004457,0.003111,112892,0,78810,14.344669,si,36335.69,0.64098,Non signif,Non signif
1244,San Giorgio Canavese,1,Torino,1,45.334155,7.796819,2,0,1,1,0,203,22814522,0,22814522,2308.4,38879.5,0.823897,20.4052,2570,125.94828769137278,0,1.92962,0,21,0,0.094565,0,0,2157458,20.594868,no,46986.21,-0.027311,Low-Low,Coldspot 99%
17026,Brandico,17,Brescia,3,45.454178,10.052666,2,0,0,2,0,220,102776632,0,102776632,14596.7,68160.7,0.93985,8.3803,1695,202.26006228893954,0,0,0,0,0,0,0,0,0,20.48295,no,210516.86,-0.322379,Non signif,Non signif
15108,Gorgonzola,15,Milano,3,45.531574,9.404651,10,0,2,8,0,588,178210245,0,178210245,12680,180992.7,0.88745,10.5803,20529,1940.3041501658745,0,0.213906,0,97,0,0.020217,0,0,3602945,15.050002,no,268206.46,0.241638,Low-High,Hotspot 99%
22199,Tione di Trento,22,Trento,4,46.036304,10.726909,3,0,0,3,0,253,59363247,0,59363247,3269.7,70035.4,0.876279,33.4469,3635,108.67972816613796,3.067654,0.183501,10,4,0.091717,0.005486,5444627,0,325687,14.82766,no,88021.8,-0.899613,Low-Low,Coldspot 99%
4058,Cavallerleone,4,Cuneo,1,44.740139,7.663928,1,0,1,0,0,14,5168173,0,5168173,411.4,3544.6,0.933219,16.438,683,41.55006691811656,0,0,0,0,0,0,0,0,0,16.396584,no,8474.04,-0.289274,Non signif,Non signif
87056,Mazzarrone,87,Catania,19,37.083393,14.561674,1,0,0,1,0,101,10363108,0,10363108,470.6,16732.4,0.821118,34.7838,4083,117.38222965863419,0,0,0,0,0,0,0,0,0,36.827421,no,38164.65,-0.268966,Non signif,Non signif
15200,Santo Stefano Ticino,15,Milano,3,45.487263,8.918626,2,0,1,1,0,109,20536981,0,20536981,1090.6,17402.1,0.921667,4.9663,4982,1003.1613072105994,0,0,0,0,0,0,0,0,0,15.050002,no,30908.16,-1.752355,Non signif,Non signif
108020,Cogliate,108,Monza e della Brianza,3,45.64548,9.080732,1,0,1,0,0,33,13876846,0,13876846,901.3,6767.5,0.957724,6.955,8510,1223.5801581595974,0,0.000153,0,1,0,0.000022,0,0,305,13.279771,no,18428.13,-1.439533,Non signif,Non signif
1025,Bibiana,1,Torino,1,44.798937,7.288219,1,0,1,0,0,6,9423351,0,9423351,1287.2,17332.5,0.825869,18.5982,3463,186.20081513264725,0,0.08686,0,8,0,0.00467,0,0,44010,20.594868,no,19407.27,1.775605,Non signif,Non signif
3037,Casalbeltrame,3,Novara,1,45.438064,8.466532,1,0,0,1,0,20,13276822,0,13276822,1193.6,15282.1,0.871746,16.041,959,59.78430272426906,0,0,0,0,0,0,0,0,0,12.08995,no,16051.61,-0.485909,Non signif,Non signif
1119,Grosso,1,Torino,1,45.257502,7.557907,2,0,1,1,0,241,66537784,0,66537784,5767.8,47938.6,0.92766,4.3297,1035,239.04658521375615,0,0.100284,0,25,0,0.023162,0,0,1541140,20.594868,no,137033.69,-0.671838,Low-Low,Coldspot 99%
20011,Casaloldo,20,Mantova,3,45.254777,10.474379,4,0,2,2,0,258,72538697,0,72538697,5616.7,85153.3,0.88746,16.849800000000002,2699,160.1799427886384,0,0.533628,0,83,0,0.03167,0,0,2297278,21.044843,no,152656.55,-0.302396,Non signif,Coldspot 95%
66102,Trasacco,66,L'Aquila,13,41.958441,13.536102,1,0,0,1,0,66,6089362,0,6089362,441.3,3967.6,0.953883,51.4438,6198,120.48099090658154,5.710631,0,26,0,0.111007,0,675963,0,0,47.395882,no,28861.07,0.297208,Non signif,Non signif
24102,Sossano,24,Vicenza,5,45.358777,11.510029,2,0,0,2,0,215,66330538,0,66330538,8135,85323,0.875403,20.8979,4296,205.57089468319782,0,0,0,0,0,0,0,0,0,21.315155,no,141384.57,0.705585,Non signif,Non signif
18062,Ferrera Erbognone,18,Pavia,3,45.115059,8.864347,2,0,1,1,0,87,25634958,0,25634958,3218.7,23734.7,0.909276,19.1711,1126,58.73424060173908,0,1.676183,0,8,0,0.087433,0,0,2241336,18.961299,no,48607.21,-0.031697,Non signif,Coldspot 95%
93031,Polcenigo,93,Pordenone,6,46.0307,12.501626,3,2,0,1,0,67,15636190,0,15636190,969.5,13446.3,0.942913,49.68729999999999,3151,63.41660746307407,0.028686,0,8,0,0.000577,0,9027,0,0,22.312037,no,34887.53,-1.448829,Non signif,Non signif
1171,Orbassano,1,Torino,1,45.007263,7.536919,11,0,6,5,0,493,140927392,0,140927392,12881.8,161610.1,0.867603,22.2082,23365,1052.0888680757557,0,0.361525,0,3,0,0.016279,0,0,2294142,20.594868,no,290238.1,-0.158333,Non signif,Non signif
23003,Angiari,23,Verona,5,45.218142,11.283908,3,0,0,2,1,345,44908358,73857204,118765562,10947.8,103392,0.928658,13.470799999999999,2292,170.14579683463492,0,0,0,0,0,0,0,0,0,20.167921,no,239525.45,-0.415566,Non signif,Non signif
17172,San Gervasio Bresciano,17,Brescia,3,45.307376,10.148671,1,0,0,1,0,61,20449766,0,20449766,4977.2,16877.9,0.940645,10.503,2571,244.78720365609826,0,0,0,0,0,0,0,0,0,20.48295,no,41887.15,1.134602,Non signif,Non signif
58018,Capena,58,Roma,12,42.14015,12.540201,3,0,1,1,1,525,28131244,10905850,39037094,2757.2,51488.6,0.881234,29.507399999999997,10799,365.97599246290764,0.366624,7.225988,247,46,0.012425,0.244887,349526,135503,6888985,29.689549,no,115899.37,0.16886,Non signif,Non signif
1099,Druento,1,Torino,1,45.134748,7.576618,2,0,1,1,0,84,31507348,0,31507348,3427.6,28612.1,0.920192,27.5399,8790,319.173272234104,0.00387,1.055382,0,11,0.000141,0.038322,4428,0,1207422,20.594868,no,64888.97,-0.36922,Non signif,Non signif
52035,Torrita di Siena,52,Siena,9,43.16676,11.771647,1,0,0,1,0,64,7843329,0,7843329,700.3,9465.1,0.888817,58.2437,7276,124.9233822713873,5.05157,6.187931,57,311,0.086732,0.106242,680265,0,833291,24.090373,no,18894.87,-0.451703,Non signif,Non signif
41043,Pergola,41,Pesaro e Urbino,11,43.56321,12.836317,3,0,2,1,0,173,35687295,0,35687295,2226.2,42271.9,0.862877,112.3971,6200,55.16156555640671,1.723188,0,16,0,0.015331,0,547131,0,0,24.621765,no,87868.42,-0.242064,Non signif,Non signif
54034,Nocera Umbra,54,Perugia,10,43.113619,12.788608,1,0,0,1,0,38,31001863,0,31001863,2683.4,31343.7,0.869775,157.16989999999998,5711,36.33647409586696,9.400958,0.486192,247,56,0.059814,0.003093,1854345,0,95902,38.922787,no,120667.89,-0.292855,Non signif,Non signif
63045,Melito di Napoli,63,Napoli,15,40.920511,14.230029,3,0,1,2,0,161,33969641,0,33969641,1950.1,50902.8,0.827054,3.8120999999999996,37943,9953.306576427693,0,0.935241,0,8036,0,0.245335,0,0,8333937,35.751904,no,121447.94,0.052591,Non signif,Non signif
4073,Cortemilia,4,Cuneo,1,44.579471,8.193302,4,0,1,3,0,302,92734913,0,92734913,9319.1,139176.9,0.88098,24.987800000000004,2275,91.04442968168465,0.941852,1.999962,20,251,0.037692,0.080038,3495408,0,7422274,16.396584,no,152053.58,-0.00032,Non signif,Non signif
5067,Monale,5,Asti,1,44.93605,8.071859,1,0,0,1,0,93,17071014,0,17071014,1161.3,10449.6,0.957751,9.1105,1013,111.1903847209264,0.32788,0.192291,2,12,0.035989,0.021107,614373,0,360310,21.748752,no,37127.32,-1.389535,Non signif,Non signif
81008,Erice,81,Trapani,19,38.03823,12.587182,2,0,0,1,1,274,11966627,99951111,111917738,10978.4,145510.2,0.883439,47.3428,27655,584.143734633355,2.049511,0,122,0,0.043291,0,518046,4326971,0,16.86353,no,188732.82,-0.000746,Non signif,Non signif
21066,Postal/Burgstall,21,Bolzano/Bozen,4,46.607583,11.193324,3,0,0,2,1,562,119552511,187501498,307054009,30442.7,249604.5,0.920095,6.692200000000001,1887,281.9700546905352,3.170995,0,111,0,0.473834,0,56648100,88844672,0,10.80791,no,331861.21,-0.216365,Low-Low,Coldspot 99%
21004,Appiano sulla strada del vino/Eppan an der Weinstraße,21,Bolzano/Bozen,4,46.461908,11.260867,8,0,1,6,1,623,161268578,69673319,230941897,12903.1,307172.2,0.88641,59.451,14941,251.31620998805738,3.475636,0,210,0,0.058462,0,9428115,4073255,0,10.80791,no,249599.93,-0.658502,Non signif,Non signif
69032,Filetto,69,Chieti,13,42.228224,14.245095,1,0,0,1,0,100,14412971,0,14412971,1571.6,22154.1,0.852376,13.533,918,67.83418310795832,6.068851,0,262,0,0.448448,0,6463473,0,0,28.116343,no,40524,0.909378,Non signif,Coldspot 95%
37042,Monte San Pietro,37,Bologna,8,44.428404,11.15122,1,0,1,0,0,33,8849955,0,8849955,520.1,4795.9,0.956925,74.6868,10960,146.74614523583818,21.770036,0.936953,903,767,0.291484,0.012545,2579624,0,111024,38.815968,no,34351.96,-1.290677,Non signif,Non signif
21015,Caldaro sulla strada del vino/Kaltern an der Weinstraße,21,Bolzano/Bozen,4,46.413259,11.246202,3,0,2,1,0,116,69985864,0,69985864,3893.7,28832.8,0.940453,48.0449,8046,167.46834731678078,4.30855,0.075061,101,1,0.089678,0.001562,6276162,0,109340,10.80791,no,75640.09,-1.119743,Non signif,Non signif
24017,Brogliano,24,Vicenza,5,45.588786,11.364543,3,0,0,2,1,295,32054578,116325876,148380454,25492.4,143766.6,0.894363,12.1553,4002,329.2390973484817,0.280368,0,33,0,0.023065,0,739355,2683114,0,21.315155,no,316275.24,0.152037,Non signif,Non signif
3115,Pella,3,Novara,1,45.801625,8.384779,3,0,0,3,0,217,70347948,0,70347948,10165.6,55456.5,0.934106,8.1346,985,121.08769945664199,0.253355,0.006577,87,6,0.031145,0.000809,2191012,0,56878,12.08995,no,85050.32,-0.568324,Low-Low,Coldspot 99%
35005,Boretto,35,Reggio nell'Emilia,8,44.90187,10.554287,5,0,3,2,0,143,102798474,0,102798474,12185.9,104183.2,0.875458,18.1101,5345,295.1391764816318,0,4.831499,0,255,0,0.266785,0,0,27425068,36.618436,no,376431.93,0.077955,Non signif,Non signif
2137,Serravalle Sesia,2,Vercelli,1,45.685568,8.310924,4,0,2,1,1,826,48095372,200987514,249082886,39024.2,246558.7,0.928039,20.9056,4948,236.68299403030767,0.037305,2.781502,15,256,0.001784,0.133051,85824,358652,6399117,17.175786,no,427819.43,-0.079115,Non signif,Non signif
9003,Albissola Marina,9,Savona,7,44.327279,8.503102,4,0,1,3,0,255,52206682,0,52206682,7847.3,61726.3,0.855971,3.2458,5387,1659.6832830118922,0.402915,0.27748,403,1633,0.124134,0.085489,6480638,0,4463094,24.791781,no,129429.66,1.198693,Non signif,Non signif
61046,Lusciano,61,Caserta,15,40.970012,14.190427,2,0,2,0,0,40,16234578,0,16234578,830.1,26847.5,0.812785,4.5574,15556,3413.349716943871,0,0,0,0,0,0,0,0,0,28.435248,no,46163.43,-0.153907,Non signif,Non signif
4049,Castelletto Stura,4,Cuneo,1,44.441789,7.638649,2,0,0,2,0,110,67634297,0,67634297,8773.8,66530.4,0.891428,17.1303,1389,81.08439431883856,0,2.736676,0,34,0,0.159756,0,0,10805016,16.396584,no,110897.14,-1.410969,Non signif,Non signif
63064,Ercolano,63,Napoli,15,40.805361,14.347104,3,0,2,1,0,104,12112680,0,12112680,824.1,25155.5,0.806431,19.8944,52763,2652.1533697925042,3.001757,0.988159,14,3015,0.150885,0.04967,1827616,0,601639,35.751904,no,43305.14,0.51045,Non signif,Non signif
71058,Troia,71,Foggia,16,41.363128,15.312347,1,0,1,0,0,21,2190518,0,2190518,84,2675.5,0.860395,168.24790000000002,7100,42.199635181182046,2.939726,1.598025,413,6,0.017473,0.009498,38274,0,20806,37.634206,no,8243.84,-0.568948,Non signif,Non signif
24021,Camisano Vicentino,24,Vicenza,5,45.522021,11.713344,10,0,2,7,1,651,207403245,122499506,329902751,52626.9,391739.1,0.861017,30.0213,11248,374.66731953646246,0,0.099258,0,3,0,0.003306,0,0,685728,21.315155,no,703192.83,0.279186,Non signif,Non signif
10046,Rapallo,10,Genova,7,44.351147,9.229671,5,0,2,2,1,400,50935389,72590189,123525578,10728.1,147226.4,0.864143,33.6141,29728,884.3907764896278,12.910509,0.462843,1350,2183,0.38408,0.013769,19563272,27880452,701345,24.504626,no,302694.81,0.314229,Non signif,Non signif
62074,Telese Terme,62,Benevento,15,41.216414,14.527,4,0,2,2,0,184,69570221,0,69570221,5926.5,76492.1,0.894041,9.998899999999999,7700,770.084709318025,0.015131,2.368179,1,193,0.001513,0.236844,105278,0,16477286,40.937916,no,284805.99,-0.748116,Non signif,Non signif
22095,Grigno,22,Trento,4,46.017035,11.635942,4,0,1,2,1,395,74146684,153398258,227544942,31342.2,240970.6,0.906067,46.385200000000005,2193,47.27801108974414,18.997328,0.458039,178,20,0.409556,0.009875,30367205,62825147,732175,14.82766,no,337395.89,0.328876,Non signif,Non signif
43010,Castelsantangelo sul Nera,43,Macerata,11,42.894492,13.15393,1,0,1,0,0,23,21569911,0,21569911,2218.3,12354.8,0.934021,70.6698,260,3.679082153904497,4.438135,0.141106,36,32,0.062801,0.001997,1354612,0,43069,27.736975,no,59828.41,-0.584389,Non signif,Non signif
17114,Montirone,17,Brescia,3,45.44638,10.228771,3,0,0,3,0,173,56608996,0,56608996,9192.5,58759.2,0.914845,10.5182,5097,484.5886178243426,0,0,0,0,0,0,0,0,0,20.48295,no,115951.92,0.474083,Non signif,Non signif
67006,Bellante,67,Teramo,13,42.741847,13.810195,1,0,1,0,0,39,8881741,0,8881741,303.7,5103.6,0.941563,50.0449,6997,139.81444662692903,10.656963,0.768493,483,51,0.212948,0.015356,1891349,0,136389,27.38232,no,24320.27,-2.608441,Non signif,Non signif
30070,Palmanova,30,Udine,6,45.905464,13.309932,7,0,3,4,0,186,126641190,0,126641190,15795,150093.6,0.822112,13.296700000000001,5419,407.54472914332126,0,0,0,0,0,0,0,0,0,22.91097,no,290147.25,0.428064,Non signif,Non signif
73006,Fragagnano,73,Taranto,16,40.431924,17.472207,2,0,0,2,0,279,18907188,0,18907188,1730.8,32110.4,0.893428,22.413200000000003,5232,233.4338693270037,0.130584,0.421285,30,5,0.005826,0.018796,110157,0,355385,15.194153,no,28727.87,1.868187,Non signif,Non signif
12106,Mornago,12,Varese,3,45.747541,8.752299,6,0,1,5,0,359,135055276,0,135055276,7621,96802.1,0.923639,12.2358,4976,406.67549322479937,0,0,0,0,0,0,0,0,0,11.229804,no,151664.43,-0.72888,Non signif,Non signif
38023,Voghiera,38,Ferrara,8,44.759074,11.751132,2,0,2,0,0,17,14988785,0,14988785,519,12231.3,0.900854,40.3274,3694,91.60025193788839,0,0.771609,0,23,0,0.019134,0,0,286790,39.906082,no,59814.37,-1.32988,Non signif,Non signif
72041,Santeramo in Colle,72,Bari,16,40.793027,16.755286,5,0,3,1,1,257,31922504,92850107,124772611,8563.4,254617.3,0.798583,144.8568,26592,183.57439899266035,0.132297,0.522023,242,7,0.000913,0.003604,29155,84800,115040,14.160402,no,176683.04,0.409281,Non signif,Non signif
16087,Covo,16,Bergamo,3,45.500322,9.770107,5,0,2,3,0,273,87874418,0,87874418,13534.7,114569.6,0.874784,12.9437,4088,315.82932237304635,0,0.42663,0,22,0,0.03296,0,0,2896379,21.203762,no,186326.82,-0.074171,Non signif,Non signif
63012,Calvizzano,63,Napoli,15,40.905696,14.19329,2,0,1,1,0,135,31525547,0,31525547,1802.2,39507,0.832768,4.005199999999999,12182,3041.545990212724,0.059885,0.400986,54,559,0.014952,0.100116,471364,0,3156223,35.751904,no,112709.83,-0.027064,Non signif,Non signif
63030,Crispano,63,Napoli,15,40.952512,14.28993,1,0,1,0,0,31,15831003,0,15831003,1306.5,10297.1,0.92306,2.2191,12240,5515.74962822766,0,0,0,0,0,0,0,0,0,35.751904,no,56598.85,-0.711667,Non signif,Non signif
27023,Mira,27,Venezia,5,45.437774,12.132805,4,0,1,3,0,166,103213100,0,103213100,7236.7,154388.1,0.851317,99.1359,38573,389.09214522690564,0,1.071219,0,623,0,0.010806,0,0,1115275,17.526854,no,180900.1,-0.230399,High-High,Hotspot 99%
15178,Pozzuolo Martesana,15,Milano,3,45.513975,9.456252,3,0,2,1,0,71,42675290,0,42675290,2642.9,67470.5,0.808052,12.1395,8439,695.168664277771,0,0.054922,0,11,0,0.004524,0,0,193073,15.050002,no,64226.32,-0.105478,Low-High,Hotspot 99%
21038,Lagundo/Algund,21,Bolzano/Bozen,4,46.682519,11.123069,2,0,0,2,0,121,63329357,0,63329357,7367.7,56166.5,0.898789,23.684,5046,213.05522715757473,0.071272,0,2,0,0.003009,0,190576,0,0,10.80791,no,68445.8,-0.621445,Low-Low,Coldspot 99%
97009,Bosisio Parini,97,Lecco,3,45.80228,9.290743,6,0,1,5,0,407,139478255,0,139478255,18878.2,158448.2,0.877417,5.8241,3424,587.9019934410467,0,1.347584,0,218,0,0.231381,0,0,32272568,14.425007,no,201197.48,0.511391,High-Low,Coldspot 99%
30001,Aiello del Friuli,30,Udine,6,45.872922,13.363628,1,0,0,1,0,47,25255389,0,25255389,5041,31446,0.877022,13.3475,2243,168.04645064618842,0,0,0,0,0,0,0,0,0,22.91097,no,57862.55,0.795706,Non signif,Non signif
75092,Veglie,75,Lecce,16,40.335126,17.965219,3,0,1,1,1,654,14674525,64204413,78878938,7659.4,99405.4,0.902363,62.3095,13947,223.83424678419823,0,0.456214,0,28,0,0.007322,0,0,107443,14.108941,no,111289.83,0.057095,Non signif,Non signif
75002,Alessano,75,Lecce,16,39.889678,18.331208,3,1,0,1,1,458,11159985,6540372,17700357,2224.2,35827,0.836129,28.692800000000002,6371,222.0417665755869,0.01692,0.262511,3,0,0.00059,0.009149,6581,3857,102103,14.108941,no,24973.33,1.058821,Non signif,Hotspot 95%
72040,Sannicandro di Bari,72,Bari,16,41.00052,16.797697,1,0,0,1,0,87,25103866,0,25103866,2689.7,22817.2,0.910495,56.7941,9902,174.34909612089987,0.025229,0.828721,0,15,0.000444,0.014592,11152,0,366307,14.160402,no,35548.08,-0.110631,Low-High,Hotspot 99%
58057,Marino,58,Roma,12,41.769788,12.658608,3,0,0,1,2,733,6397394,45023452,51420846,3265.2,95975.4,0.866592,24.1917,44472,1838.3164473765796,0.008764,0.003268,18,0,0.000362,0.000135,2318,16311,864,29.689549,no,152666.17,-0.372709,Non signif,Non signif
58029,Cerveteri,58,Roma,12,41.99836,12.098851,2,0,1,1,0,88,15788339,0,15788339,437.8,17850.4,0.871792,134.3209,37977,282.7333646513685,2.343243,1.882767,508,440,0.017445,0.014017,275429,0,221304,29.689549,no,46874.87,-1.258499,Non signif,Non signif
33018,Cortemaggiore,33,Piacenza,8,44.996353,9.931072,9,0,3,5,1,1221,106719033,90004425,196723458,19073.1,301579.4,0.858463,36.4724,4679,128.28878823439095,0,5.240456,0,251,0,0.143683,0,0,15333688,28.260932,no,555958.83,0.302146,Non signif,Non signif
29042,Salara,29,Rovigo,5,44.982537,11.427149,1,0,0,1,0,24,24927580,0,24927580,4246,40178.4,0.822543,14.156400000000001,1148,81.0940634624622,0,0.701424,0,4,0,0.049548,0,0,1235116,24.853738,no,61954.35,0.742322,Non signif,Non signif
43042,Porto Recanati,43,Macerata,11,43.435082,13.663008,3,0,1,2,0,123,40822760,0,40822760,6052.9,45452.9,0.888937,17.249200000000002,12609,730.9904227442431,0.225575,0,42,0,0.013077,0,533856,0,0,27.736975,no,113229.99,0.654919,High-Low,Coldspot 99%
49020,Suvereto,49,Livorno,9,43.079015,10.678681,1,0,0,1,0,44,14786768,0,14786768,1498.9,15668,0.896697,92.46889999999999,3101,33.5355995367091,5.291208,5.955626,90,62,0.057221,0.064407,846121,0,952368,23.707966,no,35056.42,-0.388057,Non signif,Non signif
39017,Sant'Agata sul Santerno,39,Ravenna,8,44.44217,11.860124,4,0,2,1,1,179,38725391,126195265,164920656,22825.8,152351.5,0.89178,9.370800000000001,2918,311.39283732445466,0,0.528226,0,126,0,0.056369,0,0,2182926,37.876303,no,624658.47,-0.956343,Non signif,Non signif
83104,Venetico,83,Messina,19,38.219944,15.366707,2,1,1,0,0,16,4776307,0,4776307,309.2,2623.4,0.948976,4.5169999999999995,3979,880.8943989373479,0.098546,0,9,0,0.021817,0,104203,0,0,44.663628,no,21332.72,0.190922,Non signif,Non signif
44063,Ripatransone,44,Ascoli Piceno,11,42.996178,13.761796,8,0,4,4,0,385,109095955,0,109095955,12842.7,96139.4,0.912979,74.27850000000001,4232,56.97476389533983,5.853379,0,148,0,0.078803,0,8597104,0,0,32.834347,no,358209.44,0.177334,Low-High,Hotspot 99%
36010,Concordia sulla Secchia,36,Modena,8,44.913174,10.983297,6,0,2,4,0,484,145796423,0,145796423,14080.8,118586.6,0.909839,40.9674,8440,206.01746754736695,0,3.79057,0,444,0,0.092526,0,0,13490032,36.541065,no,532755.65,0.923693,Non signif,Non signif
30023,Cervignano del Friuli,30,Udine,6,45.822834,13.336382,3,1,1,1,0,228,49949985,0,49949985,7179.2,66058.9,0.827085,29.167199999999998,13881,475.91129762198636,0,1.382088,0,9,0,0.047385,0,0,2366880,22.91097,no,114440.26,0.746139,Non signif,Non signif
1255,Sant'Ambrogio di Torino,1,Torino,1,45.099445,7.362315,3,0,0,3,0,256,97222265,0,97222265,9186.5,87252,0.911384,8.368500000000001,4721,564.1393320188803,0.321534,0.267475,239,123,0.038422,0.031962,3735468,0,3107430,20.594868,no,200227.97,-0.296537,Non signif,Non signif
20010,Casalmoro,20,Mantova,3,45.259577,10.404478,2,0,2,0,0,78,23476150,0,23476150,2833.8,15818.6,0.938947,13.696,2240,163.5514018691589,0,0.269009,0,13,0,0.019641,0,0,461105,21.044843,no,49405.19,-0.070901,Non signif,Coldspot 95%
50031,San Giuliano Terme,50,Pisa,9,43.762996,10.44104,4,1,1,2,0,206,28807060,0,28807060,3449.7,62035.7,0.805609,91.7697,31447,342.67301734668416,1.268884,16.949251,54,2378,0.013827,0.184693,398310,0,5320472,28.10564,no,80964.08,0.16744,Non signif,Hotspot 99%
62048,Paolisi,62,Benevento,15,41.037084,14.578152,4,0,3,1,0,79,35132260,0,35132260,2436,76711,0.779321,6.0011,2104,350.60238956191364,2.056712,0.072185,684,7,0.342723,0.012029,12040616,0,422593,40.937916,no,143824.15,-0.034753,Non signif,Non signif
79137,Soverato,79,Catanzaro,18,38.687717,16.550044,2,0,0,2,0,118,33209247,0,33209247,4019.2,51564.3,0.844419,7.7925,9095,1167.1478986204684,0.139953,0.603289,39,14,0.01796,0.077419,596437,0,2571033,52.451966,no,174189.03,0.73738,Non signif,Non signif
23060,Povegliano Veronese,23,Verona,5,45.348398,10.882438,4,0,1,3,0,247,109962011,0,109962011,11050.5,105665.3,0.914967,18.528599999999997,7233,390.3694828535346,0,0,0,0,0,0,0,0,0,20.167921,no,221770.52,-0.301238,Non signif,Hotspot 95%
76048,Melfi,76,Potenza,17,40.996127,15.655654,4,0,1,2,1,1692,39026949,516140819,555167768,19278.5,457302.3,0.921707,206.2288,17878,86.69012281504814,3.68299,5.219781,100,450,0.017859,0.025311,696973,9217633,987797,40.913322,no,2271375.76,-0.460102,Non signif,Non signif
20062,Serravalle a Po,20,Mantova,3,45.072885,11.100535,1,0,0,1,0,18,13732857,0,13732857,2053.4,14470.8,0.886557,26.2038,1497,57.12911867744373,0,7.070353,0,92,0,0.269822,0,0,3705422,21.044843,no,28900.58,0.270661,Non signif,Non signif
17068,Edolo,17,Brescia,3,46.179375,10.330757,1,0,0,1,0,84,24920666,0,24920666,4626.4,21785.1,0.949733,88.9043,4564,51.3360996037312,3.224809,1.83255,57,72,0.036273,0.020613,903943,0,513680,20.48295,no,51044.88,0.889174,High-Low,Coldspot 99%
19003,Annicco,19,Cremona,3,45.244572,9.879466,1,0,1,0,0,39,15002232,0,15002232,1467.6,5944.1,0.979676,19.1986,2045,106.51818361755545,0,0,0,0,0,0,0,0,0,21.210647,no,31820.7,-1.087489,Non signif,Non signif
43026,Montecassiano,43,Macerata,11,43.363832,13.435709,4,0,2,2,0,335,109545044,0,109545044,8295.1,81730.6,0.922777,33.3574,7080,212.24675784083894,0.47013,0,34,0,0.014094,0,1543898,0,0,27.736975,no,303844.81,-0.596997,Non signif,Non signif
16101,Fontanella,16,Bergamo,3,45.469877,9.801961,3,0,2,1,0,110,42433388,0,42433388,4892.7,45516.8,0.846964,17.7972,4464,250.82597262490728,0,0,0,0,0,0,0,0,0,21.203762,no,89974.74,0.415459,Non signif,Hotspot 95%
35023,Gualtieri,35,Reggio nell'Emilia,8,44.905013,10.630226,3,1,0,2,0,59,36038628,0,36038628,3368.5,38151.2,0.839663,35.6527,6471,181.50098029041277,0,10.091993,0,100,0,0.283064,0,0,10201235,36.618436,no,131967.82,-0.170433,Non signif,Non signif
17119,Nuvolento,17,Brescia,3,45.545784,10.386772,3,0,0,3,0,177,49841077,0,49841077,5355.2,50584.8,0.904689,7.4577,3957,530.592541936522,0,0.85663,0,1716,0,0.114865,0,0,5725004,20.48295,no,102089.23,-0.156301,Non signif,Non signif
80057,Palmi,80,Reggio di Calabria,18,38.357449,15.846565,1,0,0,1,0,146,14595180,0,14595180,1965.5,19206.5,0.877121,32.1216,18810,585.5872683801554,1.104349,0.51231,215,185,0.03438,0.015949,501786,0,232780,48.652369,no,71009.01,1.164668,Non signif,Non signif
66053,Magliano de' Marsi,66,L'Aquila,13,42.091529,13.363794,1,0,1,0,0,12,11037262,0,11037262,489.3,10882.9,0.869575,70.9283,3626,51.12204860401279,16.946491,0,9,0,0.238924,0,2637070,0,0,47.395882,no,52312.08,-0.349306,Non signif,Non signif
74010,Mesagne,74,Brindisi,16,40.558829,17.808313,9,2,4,3,0,279,68574697,0,68574697,4786.8,75781.9,0.838603,124.0526,26836,216.32759007066358,0,7.323967,0,762,0,0.059039,0,0,4048596,13.243039,no,90813.74,-0.011554,Non signif,Non signif
8011,Camporosso,8,Imperia,7,43.815101,7.628418,3,1,1,1,0,88,29999730,0,29999730,4947.5,30186.6,0.84986,17.9449,5559,309.7816092594553,0.953837,0.726695,102,585,0.053154,0.040496,1594595,0,1214866,29.468433,no,88404.5,0.37277,Low-High,Hotspot 99%
6030,Carbonara Scrivia,6,Alessandria,1,44.8494,8.869654,3,0,1,2,0,223,57560027,0,57560027,9943.1,96839.5,0.863554,5.0527,1133,224.23654679676213,0,0.569159,0,4,0,0.112645,0,0,6483822,20.84217,no,119967.59,0.951816,Non signif,Non signif
21080,San Leonardo in Passiria/St. Leonhard in Passeier,21,Bolzano/Bozen,4,46.811893,11.247136,3,0,1,2,0,277,128538565,0,128538565,17199.3,108595.6,0.925677,89.02850000000001,3552,39.89733624625822,0.363757,0.027318,9,1,0.004086,0.000307,525189,0,39441,10.80791,no,138923.33,-0.304244,Non signif,Non signif
12096,Malnate,12,Varese,3,45.800092,8.878168,3,0,1,2,0,310,94824577,0,94824577,12820.1,87253.7,0.909972,9.0013,16784,1864.6195549531733,0.03979,0.622581,1,104,0.00442,0.069166,419169,0,6558606,11.229804,no,106486.14,-0.358293,Non signif,Non signif
108002,Aicurzio,108,Monza e della Brianza,3,45.639977,9.414949,2,0,1,1,0,54,26637710,0,26637710,1789.5,22568,0.885907,2.4677000000000002,2122,859.9100376869148,0,0.150474,0,0,0,0.060977,0,0,1624299,13.279771,no,35374.27,0.395734,Non signif,Non signif
5121,Montiglio Monferrato,5,Asti,1,45.06447,8.098861,1,0,0,1,0,24,15443205,0,15443205,1289.4,13903.5,0.887581,26.862800000000004,1625,60.49257709546286,1.193001,1.764582,15,33,0.044411,0.065689,685847,0,1014444,21.748752,no,33587.04,-0.568372,Non signif,Coldspot 95%
97054,Monticello Brianza,97,Lecco,3,45.70878,9.314141,4,0,2,2,0,202,55045749,0,55045749,6042.2,44893.7,0.919338,4.607200000000001,4227,917.4769925334258,0.001441,0.003338,0,0,0.000313,0.000725,17217,0,39882,14.425007,no,79403.53,0.266174,High-Low,Coldspot 99%
64049,Mercogliano,64,Avellino,15,40.920162,14.738605,4,0,2,2,0,321,61951752,0,61951752,7882,63153.9,0.8349,19.9173,12369,621.017909053938,6.776529,0,2761,0,0.340233,0,21078050,0,0,37.737871,no,233792.72,0.155021,Non signif,Non signif
2002,Alagna Valsesia,2,Vercelli,1,45.851211,7.937177,2,0,0,1,1,275,49942585,97880758,147823343,7487.4,97912.8,0.942228,72.03960000000001,430,5.968939305604139,0.142214,1.208896,66,44,0.001974,0.016781,98592,193227,838086,17.175786,no,253898.21,-0.335508,Non signif,Non signif
55017,Montecastrilli,55,Terni,10,42.652434,12.488567,1,0,1,0,0,14,9603406,0,9603406,606.5,12901.5,0.82672,62.4292,5037,80.6833981534282,6.1567,0.068358,309,4,0.098619,0.001095,947077,0,10515,34.830185,no,33448.84,0.456504,Non signif,Non signif
16139,Montello,16,Bergamo,3,45.672082,9.805657,1,0,0,0,1,204,0,401124792,401124792,28082.6,181605.5,0.945567,1.8156,3263,1797.2020268781669,0,0.067386,0,207,0,0.037115,0,0,0,21.203762,no,850535.45,-0.826364,Low-High,Hotspot 99%
76057,Palazzo San Gervasio,76,Potenza,17,40.931324,15.980767,1,0,1,0,0,7,8038270,0,8038270,495.1,13510.7,0.803045,62.911300000000004,4825,76.69528367717723,0.127397,0,203,0,0.002025,0,16278,0,0,40.913322,no,32887.23,1.15905,Non signif,Non signif
6151,Sale,6,Alessandria,1,44.980656,8.809348,2,0,1,1,0,97,10300700,0,10300700,1373.6,15859.4,0.895091,44.9163,4081,90.85788455415963,0,1.714842,0,59,0,0.038179,0,0,393266,20.84217,no,21468.89,1.098908,Non signif,Non signif
17169,Sale Marasino,17,Brescia,3,45.715453,10.111139,3,0,0,3,0,256,114306737,0,114306737,10866.3,74441.3,0.93908,16.5871,3370,203.16993326138987,5.414859,3.165896,135,147,0.32645,0.190865,37315436,0,21817150,20.48295,no,234133.92,-0.301473,Low-Low,Coldspot 99%
4128,Monasterolo di Savigliano,4,Cuneo,1,44.686338,7.619528,2,0,0,1,1,398,19952265,839726484,859678749,87393.2,534179.4,0.904642,14.9116,1376,92.27715335711795,0,0.387448,0,5,0,0.025983,0,0,518420,16.396584,no,1409579.48,-0.022446,Non signif,Non signif
27003,Campolongo Maggiore,27,Venezia,5,45.330536,12.048313,1,0,1,0,0,33,5697523,0,5697523,706.7,4772,0.944122,23.6149,10678,452.1721455521726,0,0.864661,0,139,0,0.036615,0,0,208615,17.526854,no,9985.97,1.592807,High-High,Hotspot 99%
96015,Castelletto Cervo,96,Biella,1,45.516218,8.226654,1,0,0,0,1,330,0,68088361,68088361,4612.3,135259.8,0.782097,14.9023,816,54.756648302611005,0.023539,1.82325,1,9,0.00158,0.122347,0,107549,0,19.06674,no,129822.31,-0.033185,Non signif,Non signif
90070,Tempio Pausania,90,Sassari,20,40.897382,9.103516,2,0,0,2,0,156,67180344,0,67180344,6699.1,31046.6,0.953592,210.82080000000002,14052,66.65376471391816,2.904264,1.237991,6,1,0.013776,0.005872,925475,0,394499,12.837123,si,86240.23,-0.537025,Non signif,Non signif
31008,Gradisca d'Isonzo,31,Gorizia,6,45.889551,13.500329,2,0,0,2,0,169,52745629,0,52745629,3857.4,46064,0.911034,11.2201,6452,575.0394381511751,0,2.562517,0,2520,0,0.228386,0,0,12046378,23.340869,no,123112.88,-0.134142,Non signif,Non signif
17016,Berzo Demo,17,Brescia,3,46.093418,10.336266,2,0,1,1,0,104,39645631,0,39645631,4669.2,26716.9,0.941719,15.4635,1638,105.92686002522068,1.90698,0.134004,19,14,0.123321,0.008666,4889154,0,343562,20.48295,no,81205.95,0.440082,Non signif,Non signif
41005,Belforte all'Isauro,41,Pesaro e Urbino,11,43.716553,12.376048,3,0,1,2,0,150,48913775,0,48913775,7015.6,36982.2,0.934061,12.29,744,60.537021969080556,0.647935,0,13,0,0.052721,0,2578759,0,0,24.621765,no,120434.35,0.307637,Non signif,Non signif
97079,Taceno,97,Lecco,3,46.024486,9.36394,1,0,0,1,0,79,17456657,0,17456657,3782.4,15498.2,0.933468,3.7516000000000003,535,142.6058215161531,0.26622,0.208863,53,1,0.070962,0.055673,1238754,0,971865,14.425007,no,25181.24,0.728613,Non signif,Non signif
60044,Monte San Giovanni Campano,60,Frosinone,12,41.64062,13.513704,2,0,0,2,0,80,23159029,0,23159029,2086.8,20036.7,0.913892,48.7126,12706,260.8360054688109,3.276713,0.017651,289,2,0.067266,0.000362,1557821,0,8392,34.188464,no,79177.16,-0.128346,Non signif,Non signif
16057,Carvico,16,Bergamo,3,45.703779,9.482249,6,0,1,3,2,784,229943411,281612048,511555459,40348.6,301786.5,0.931614,4.5892,4659,1015.209622592173,0.438764,0,7,0,0.095608,0,21984418,26924350,0,21.203762,no,1084690.01,-0.572342,Non signif,Non signif
70031,Larino,70,Campobasso,14,41.805567,14.921098,3,0,1,2,0,144,26563811,0,26563811,2808.5,42863.9,0.804324,88.7667,6680,75.25344526720042,11.013806,2.690866,340,23,0.124076,0.030314,3295928,0,805253,35.851049,no,95234.05,0.855015,Non signif,Non signif
89015,Palazzolo Acreide,89,Siracusa,19,37.061913,14.90391,2,0,1,1,0,25,19674821,0,19674821,1512.1,40794.4,0.720988,87.53559999999999,8665,98.98829733274235,0.985724,0,154,0,0.011261,0,221555,0,0,32.507353,no,63957.64,0.222257,Non signif,Non signif
52033,Sinalunga,52,Siena,9,43.212124,11.736483,5,0,0,5,0,302,89609307,0,89609307,11032.9,89792.7,0.905596,78.66149999999999,12573,159.83676894033297,1.282721,7.69222,130,87,0.016307,0.097789,1461245,0,8762794,24.090373,no,215872.16,0.379877,Non signif,Non signif
1060,Casalborgone,1,Torino,1,45.130451,7.940426,1,0,1,0,0,7,9179534,0,9179534,414.2,6563.8,0.908966,20.1253,1885,93.66320005167626,4.48378,0.062177,177,24,0.222793,0.003089,2045138,0,28360,20.594868,no,18905.13,-1.092967,Non signif,Non signif
71014,Casalvecchio di Puglia,71,Foggia,16,41.593832,15.110539,1,0,0,1,0,27,43338888,0,43338888,8469.2,74310.1,0.811596,31.9326,1838,57.55873308155302,1.171744,0.005311,14,0,0.036694,0.000166,1590290,0,7208,37.634206,no,163102.46,1.268442,High-High,Hotspot 99%
97062,Paderno d'Adda,97,Lecco,3,45.681458,9.44456,1,0,1,0,0,21,9579337,0,9579337,1130.4,15390,0.822973,3.5631,3855,1081.923044539867,0.000909,0.145698,0,0,0.000255,0.040891,2444,0,391707,14.425007,no,13818.2,0.79975,Non signif,Non signif
17123,Ome,17,Brescia,3,45.627283,10.121365,2,1,0,1,0,106,33628188,0,33628188,2735,22411,0.841276,9.8483,3219,326.85844257384525,0.069148,0.026606,1,9,0.007021,0.002702,236114,0,90849,20.48295,no,68880.45,-0.261891,Non signif,Non signif
43038,Pieve Torina,43,Macerata,11,43.043287,13.048911,1,0,1,0,0,38,6539811,0,6539811,654.5,17848.9,0.735143,74.7991,1389,18.569742149303938,2.033546,0,50,0,0.027187,0,177796,0,0,27.736975,no,18139.46,1.766197,Non signif,Non signif
30068,Pagnacco,30,Udine,6,46.12428,13.186975,2,1,0,1,0,131,60530967,0,60530967,3925.6,32954.4,0.963852,14.933399999999999,5059,338.7708090588882,0,0.840366,0,40,0,0.056274,0,0,3406335,22.91097,no,138682.32,-0.809123,Non signif,Non signif
41047,Piandimeleto,41,Pesaro e Urbino,11,43.724158,12.411048,2,0,0,2,0,212,33671100,0,33671100,2998.1,45723.6,0.860637,39.9022,2137,53.555944283773826,3.649004,0,20,0,0.091449,0,3079178,0,0,24.621765,no,82904.19,0.103861,Non signif,Non signif
90011,Bonnanaro,90,Sassari,20,40.533359,8.76442,1,0,1,0,0,31,7199392,0,7199392,680.3,10788.3,0.829399,21.844499999999996,973,44.542104419876864,1.850848,0,1,0,0.084728,0,609992,0,0,12.837123,si,9241.95,0.331726,Non signif,Non signif
30075,Pocenia,30,Udine,6,45.835515,13.100829,1,0,0,0,1,920,0,304000000,304000000,26525,159702,0.955865,23.9835,2479,103.36272854253967,0,1.573404,0,108,0,0.065604,0,0,0,22.91097,no,696493.49,-0.268881,Non signif,Non signif
12063,Cuvio,12,Varese,3,45.896177,8.734129,2,0,0,2,0,308,59905271,0,59905271,6031.9,52628.7,0.925999,5.959,1650,276.89209598926,0.01227,0.133838,30,31,0.002059,0.02246,123349,0,1345461,11.229804,no,67272.45,-0.664039,Non signif,Non signif
82036,Gangi,82,Palermo,19,37.795627,14.20672,2,0,1,1,0,250,36506847,0,36506847,2843.8,36725.1,0.880652,127.46530000000001,6668,52.312276360703656,1.650678,0,96,0,0.01295,0,472764,0,0,29.57954,no,107985.57,0.803513,High-High,Hotspot 99%
16032,Borgo di Terzo,16,Bergamo,3,45.721786,9.894848,1,0,1,0,0,34,7875913,0,7875913,491.9,19931.4,0.718208,1.8306,1164,635.8570960340871,0.015299,0.027936,3,38,0.008357,0.015261,65822,0,120191,21.203762,no,16699.9,0.895868,Non signif,Non signif
38022,Vigarano Mainarda,38,Ferrara,8,44.843422,11.494436,3,0,2,1,0,182,37270156,0,37270156,3551.1,45022.3,0.879136,42.0188,7592,180.68102849200835,0,42.018172,0,7431,0,0.999985,0,0,37269599,39.906082,no,148730.59,0.23848,Non signif,Non signif
29047,Trecenta,29,Rovigo,5,45.030944,11.460521,1,0,0,1,0,44,23163593,0,23163593,3419.4,15489.8,0.930408,35.0783,2711,77.28424695609537,0,1.424882,0,11,0,0.04062,0,0,940906,24.853738,no,57570.19,0.445828,Non signif,Non signif
18052,Confienza,18,Pavia,3,45.332162,8.556336,1,0,0,1,0,70,17788249,0,17788249,1807.5,15408.7,0.923317,26.8105,1616,60.27489229965871,0,0.59916,0,1,0,0.022348,0,0,397531,18.961299,no,33728.83,-0.434484,Non signif,Non signif
17018,Bienno,17,Brescia,3,45.935562,10.294791,4,0,1,3,0,233,56208186,0,56208186,5340.4,53138.1,0.917515,46.807199999999995,3792,81.01317745987798,6.977225,0.159566,35,3,0.149063,0.003409,8378565,0,191614,20.48295,no,115130.95,0.763871,Non signif,Non signif
16149,Onore,16,Bergamo,3,45.891169,10.009936,2,0,1,1,0,108,21305832,0,21305832,3585.5,22821.6,0.916137,11.7822,896,76.04691823258814,0.536507,0.475633,0,40,0.045535,0.040369,970169,0,860090,21.203762,no,45176.38,0.287859,Non signif,Non signif
13009,Anzano del Parco,13,Como,3,45.768478,9.195442,2,0,0,2,0,58,32047016,0,32047016,4479.2,49693.4,0.828987,3.2451,1805,556.2232288681397,0,0,0,0,0,0,0,0,0,12.029442,no,38550.77,0.694456,Non signif,Non signif
62003,Apice,62,Benevento,15,41.118424,14.914866,1,0,0,1,0,12,15336099,0,15336099,1320.4,23696.6,0.802001,49.038900000000005,5578,113.74643395345326,5.850487,2.196235,230,76,0.119303,0.044786,1829642,0,686836,40.937916,no,62782.79,1.872573,Non signif,Non signif
30019,Cassacco,30,Udine,6,46.173595,13.187934,1,0,1,0,0,11,5034029,0,5034029,295,8421.6,0.798209,11.6786,2910,249.17370232733376,0,2.514318,0,189,0,0.215293,0,0,1083790,22.91097,no,11533.45,-0.573952,Low-Low,Coldspot 99%
23087,Tregnago,23,Verona,5,45.513977,11.165641,2,0,0,2,0,279,108788799,0,108788799,15113.1,79110.1,0.932101,37.3487,4918,131.67794327513408,0,0,0,0,0,0,0,0,0,20.167921,no,219404.39,0.721445,Non signif,Non signif
22050,Cavalese,22,Trento,4,46.291187,11.460468,6,0,5,1,0,225,143158180,0,143158180,18455.6,63499.7,0.939092,45.3763,4075,89.80458962057286,8.513672,0.441137,151,4,0.187624,0.009722,26859876,0,1391748,14.82766,no,212270.08,0.158548,Non signif,Non signif
16135,Misano di Gera d'Adda,16,Bergamo,3,45.468775,9.621057,1,0,0,1,0,20,29372111,0,29372111,1712.5,23200.5,0.903558,6.1053999999999995,2957,484.3253513283323,0,0,0,0,0,0,0,0,0,21.203762,no,62279.92,-1.01904,Non signif,Non signif
63003,Agerola,63,Napoli,15,40.637707,14.538839,4,0,3,1,0,68,39518114,0,39518114,4244.9,80345.1,0.786615,19.8319,7695,388.011234425345,13.697646,0.010934,2411,8,0.690688,0.000551,27294668,0,21788,35.751904,no,141284.78,0.742317,Non signif,Non signif
31002,Cormons,31,Gorizia,6,45.957791,13.470954,5,0,2,2,1,644,80561317,268813452,349374769,13047.5,204757.3,0.907723,35.0855,7347,209.40274472360375,0.330285,1.595541,7,9,0.009414,0.045476,758382,2530534,3663590,23.340869,no,815471.08,-0.547542,Non signif,Non signif
28097,Vescovana,28,Padova,5,45.134514,11.708435,1,0,0,1,0,10,15948277,0,15948277,739.2,25087.7,0.812954,22.247600000000002,1810,81.35709020298818,0,0,0,0,0,0,0,0,0,17.804557,no,28395.2,-0.627397,Non signif,Non signif
30077,Porpetto,30,Udine,6,45.858174,13.217853,1,0,1,0,0,28,9805169,0,9805169,445.1,6564.9,0.919727,18.0544,2577,142.73528890464374,0,0,0,0,0,0,0,0,0,22.91097,no,22464.59,-1.783969,Non signif,Non signif
51027,Ortignano Raggiolo,51,Arezzo,9,43.672777,11.715607,1,0,0,0,1,278,0,65002655,65002655,1117.2,63123.3,0.892811,36.3022,881,24.268501633509814,2.025425,0.913398,52,26,0.055793,0.025161,0,3626722,0,29.518286,no,191876.69,-1.391253,Non signif,Non signif
35002,Bagnolo in Piano,35,Reggio nell'Emilia,8,44.762967,10.673293,7,0,1,4,2,886,110354616,390645078,500999694,26681.5,388147.8,0.888212,26.9396,9752,361.99498136572186,0,2.8535,0,187,0,0.105922,0,0,11688997,36.618436,no,1834582.5,-0.308736,Non signif,Non signif
29013,Castelnovo Bariano,29,Rovigo,5,45.027827,11.287445,1,0,0,1,0,59,13440110,0,13440110,849.4,13022.5,0.905326,37.9141,2710,71.47736594037575,0,2.238991,0,52,0,0.059054,0,0,793696,24.853738,no,33403.7,-0.446279,Non signif,Non signif
18160,Torrevecchia Pia,18,Pavia,3,45.283242,9.29665,1,0,0,1,0,140,30294859,0,30294859,2102.1,26668.4,0.919654,16.502200000000002,3533,214.09266643235443,0,0.129705,0,0,0,0.00786,0,0,238113,18.961299,no,57442.99,-0.775787,Non signif,Non signif
3083,Landiona,3,Novara,1,45.496357,8.42308,1,0,0,0,1,194,0,68365000,68365000,9322,101777,0.870768,7.2835,567,77.84718885151369,0,0.719906,0,2,0,0.098841,0,0,0,12.08995,no,82652.95,1.208958,Non signif,Non signif
108049,Villasanta,108,Monza e della Brianza,3,45.603981,9.300571,4,0,1,3,0,290,43637117,0,43637117,3698.9,53958.3,0.877006,4.8648,13972,2872.0605163624405,0,0.054733,0,153,0,0.011251,0,0,490953,13.279771,no,57949.09,0.186261,Non signif,Non signif
63048,Mugnano di Napoli,63,Napoli,15,40.9093,14.206835,9,1,4,4,0,475,160484865,0,160484865,20702.2,231006.3,0.835808,5.2472,34996,6669.46180820247,0.003468,0.454531,14,1189,0.000661,0.086624,106068,0,13901766,35.751904,no,573763.96,0.191433,Non signif,Non signif
23030,Costermano sul Garda,23,Verona,5,45.585664,10.739974,1,0,1,0,0,31,11286731,0,11286731,333,6235.5,0.94074,16.7443,3749,223.89708736704432,0,0.438965,0,28,0,0.026216,0,0,295891,20.167921,no,22762.99,-0.244978,Non signif,Non signif
63033,Frattaminore,63,Napoli,15,40.95574,14.270948,2,0,1,1,0,142,60493688,0,60493688,2945.4,50574.2,0.865627,2.0505,16131,7866.8617410387715,0,0,0,0,0,0,0,0,0,35.751904,no,216276.46,-0.39534,Non signif,Non signif
2128,Saluggia,2,Vercelli,1,45.237554,8.011026,2,0,0,0,2,931,0,691993681,691993681,168852.9,590546.2,0.908069,31.5986,4030,127.53729595614995,0,4.127803,0,61,0,0.130632,0,0,0,17.175786,no,1188553.53,0.050982,Non signif,Non signif
94023,Isernia,94,Isernia,14,41.649468,14.208148,7,0,5,1,1,1282,63902380,403648571,467550951,39800.6,495498,0.892937,69.1513,21666,313.3129818239136,7.958383,0.736641,1803,66,0.115087,0.010653,7354303,46454512,680726,43.903663,no,2052719.92,0.105672,Non signif,Non signif
5013,Calamandrana,5,Asti,1,44.737016,8.334154,2,0,2,0,0,45,23323985,0,23323985,1172.9,14219.2,0.912303,12.788599999999999,1745,136.4496504699498,0.018856,0,1,0,0.001474,0,34390,0,0,21.748752,no,50726.76,-1.415845,Non signif,Non signif
17089,Limone sul Garda,17,Brescia,3,45.814119,10.791579,3,0,0,2,1,471,88136875,46142164,134279039,15125.7,163710.4,0.86266,23.034499999999998,1174,50.967027719290634,2.010725,8.782271,241,34,0.087292,0.381266,7693634,4027837,33603591,20.48295,no,275043.08,0.3948,Non signif,Non signif
72022,Giovinazzo,72,Bari,16,41.187501,16.671666,3,0,2,1,0,204,31055689,0,31055689,5215.8,20511.6,0.919776,44.299,20348,459.333167791598,0.052394,0.31268,209,50,0.001183,0.007058,36731,0,219203,14.160402,no,43976.1,1.491292,Non signif,Non signif
15226,Turbigo,15,Milano,3,45.52915,8.736666,2,0,1,0,1,358,7031201,90215269,97246470,27645,96306.2,0.800951,8.5195,7246,850.5193966782088,0,1.517142,0,11,0,0.178079,0,0,1252108,15.050002,no,146355.96,0.720752,Non signif,Coldspot 95%
93047,Travesio,93,Pordenone,6,46.196536,12.870994,1,0,0,1,0,58,13924767,0,13924767,358.8,16240.7,0.871784,28.3794,1790,63.07391981507713,0.012645,0.0062,2,0,0.000446,0.000218,6204,0,3042,22.312037,no,31068.99,-0.820399,Low-Low,Coldspot 99%
71001,Accadia,71,Foggia,16,41.158824,15.33145,1,0,0,1,0,159,9919365,0,9919365,775.1,11552,0.906075,30.7364,2338,76.06616259548939,20.354743,0,336,0,0.662236,0,6568958,0,0,37.634206,no,37330.74,-0.145733,Non signif,Non signif
30127,Tricesimo,30,Udine,6,46.160562,13.212536,1,0,1,0,0,13,12077976,0,12077976,1548.2,11307.8,0.881575,17.6832,7687,434.7063879840753,0.010859,0.749016,0,13,0.000614,0.042357,7417,0,511593,22.91097,no,27671.81,1.180595,High-Low,Coldspot 99%
60025,Ceprano,60,Frosinone,12,41.540418,13.512205,1,0,1,0,0,46,10434658,0,10434658,800.8,7987.1,0.940548,38.0309,8823,231.99556150393494,0.398226,0.910168,86,100,0.010471,0.023932,109263,0,249726,34.188464,no,35674.49,-0.162438,Non signif,Non signif
99001,Bellaria-Igea Marina,99,Rimini,8,44.142108,12.469694,3,0,1,2,0,210,41021800,0,41021800,3351.2,77666.4,0.83167,18.1701,19580,1077.5945096614766,0,5.304167,0,5575,0,0.291917,0,0,11974974,28.763441,no,117992.81,-0.43621,Non signif,Non signif
16238,Villa d'Adda,16,Bergamo,3,45.71398,9.461649,4,0,1,3,0,201,92484613,0,92484613,9456.9,99387.1,0.883335,5.9823,4681,782.4749678217407,0.00454,0.117206,0,3,0.000759,0.019592,70187,0,1811971,21.203762,no,196102.17,0.402129,Non signif,Non signif
37015,Castel di Casio,37,Bologna,8,44.162956,11.035811,1,0,0,1,0,202,85693000,0,85693000,9204,50076,0.94893,47.3251,3418,72.22383048318969,19.253282,1.564805,353,53,0.40683,0.033065,34862504,0,2833440,38.815968,no,332625.67,-0.593331,Non signif,Non signif
28028,Casalserugo,28,Padova,5,45.316226,11.913545,4,0,0,4,0,229,131925491,0,131925491,14095.5,133326.9,0.874295,15.5045,5360,345.70608533006543,0,12.420746,0,3268,0,0.801106,0,0,105686286,17.804557,no,234887.49,0.023646,Non signif,Non signif
17050,Ceto,17,Brescia,3,46.002595,10.351963,1,0,0,1,0,56,15163239,0,15163239,1770.3,12108.5,0.932507,32.302800000000005,1886,58.38503163812424,1.622394,1.786821,35,138,0.050225,0.055315,761567,0,838751,20.48295,no,31058.79,-0.903708,Non signif,Non signif
87041,San Giovanni la Punta,87,Catania,19,37.577407,15.094215,3,0,2,1,0,47,35279313,0,35279313,2967.5,23287.5,0.919666,10.8479,23399,2157.0073470441284,0,0,0,0,0,0,0,0,0,36.827421,no,129924.61,0.329356,Non signif,Non signif
17101,Malonno,17,Brescia,3,46.122581,10.319212,1,0,0,1,0,48,19201239,0,19201239,1564.9,24380.3,0.885827,31.457199999999997,3183,101.18510229772518,4.400699,1.60812,91,700,0.139895,0.051121,2686154,0,981584,20.48295,no,39329.8,0.333022,Non signif,Non signif
66032,Celano,66,L'Aquila,13,42.084324,13.546207,1,0,1,0,0,9,7343074,0,7343074,495.1,18107.2,0.734419,82.8005,10885,131.46055881305065,21.902155,0,6569,0,0.264517,0,1942369,0,0,47.395882,no,34803.15,0.374523,Non signif,Non signif
12005,Arsago Seprio,12,Varese,3,45.688158,8.731452,3,0,1,1,1,214,18235316,88063867,106299183,17983.2,168803.1,0.858183,10.505999999999998,4904,466.7808871121265,0,0,0,0,0,0,0,0,0,11.229804,no,119371.9,-0.166188,Low-Low,Coldspot 99%
108052,Caponago,108,Monza e della Brianza,3,45.565438,9.375441,4,0,2,0,2,666,19389082,289786539,309175621,29594.1,222802.3,0.92638,5.0385,5213,1034.633323409745,0,0.099814,0,47,0,0.01981,0,0,384103,13.279771,no,410578.15,0.348434,Non signif,Non signif
15248,Villa Cortese,15,Milano,3,45.566752,8.888903,3,0,1,1,1,250,28100105,92818490,120918595,18804.2,104954.6,0.890625,3.5507,6171,1737.9671614047934,0,0,0,0,0,0,0,0,0,15.050002,no,181982.51,-0.13394,Non signif,Non signif
69059,Paglieta,69,Chieti,13,42.163039,14.497318,3,0,1,2,0,147,46898936,0,46898936,4482.3,55783.7,0.89171,33.780300000000004,4308,127.52995088853561,5.126831,3.273185,267,10,0.15177,0.096896,7117844,0,4544332,28.116343,no,131862.66,-0.446531,Non signif,Non signif
22129,Novaledo,22,Trento,4,46.022818,11.366434,2,0,0,1,1,584,43618343,224747466,268365809,33901.9,286331.2,0.91664,7.9655,1081,135.71025045508756,2.619374,0,73,0,0.32884,0,14343450,73905928,0,14.82766,no,397923.68,-0.301596,Non signif,Non signif
37025,Dozza,37,Bologna,8,44.359391,11.628879,4,0,2,2,0,186,26218102,0,26218102,2547.3,37156.7,0.862612,24.2321,6588,271.87078296969725,0,1.621823,0,208,0,0.066929,0,0,1754744,38.815968,no,101768.1,-0.017111,Non signif,Non signif
51022,Marciano della Chiana,51,Arezzo,9,43.305227,11.786366,1,0,0,1,0,116,31563474,0,31563474,4472.3,23758.4,0.929838,23.7548,3431,144.43396702982133,1.451159,0.000001,99,0,0.061089,0,1928184,0,1,29.518286,no,93169.96,-0.884694,Non signif,Non signif
75036,Lequile,75,Lecce,16,40.305826,18.140223,2,0,0,2,0,207,36135831,0,36135831,2323.5,43810.6,0.877841,36.8048,8689,236.0833369560492,0.047971,0.396804,133,392,0.001303,0.010781,47099,0,389592,14.108941,no,50983.83,-0.148421,Non signif,Non signif
18099,Monticelli Pavese,18,Pavia,3,45.110731,9.515049,1,0,1,0,0,15,6052236,0,6052236,503.9,11027.9,0.800207,20.1944,737,36.49526601434061,0,7.845477,0,1,0,0.388498,0,0,2351279,18.961299,no,11475.83,0.357483,Non signif,Non signif
72034,Poggiorsini,72,Bari,16,40.917126,16.254774,1,0,0,1,0,36,12873648,0,12873648,1723.4,18073.2,0.852534,43.444700000000005,1502,34.572686656830406,0.016648,4.273616,0,8,0.000383,0.098369,4933,0,1266369,14.160402,no,18229.6,0.808557,Non signif,Non signif
61077,San Marcellino,61,Caserta,15,40.986454,14.175332,2,0,0,1,1,596,9772976,20947876,30720852,3028.9,61126.2,0.82326,4.6099,14251,3091.390268769388,0,0,0,0,0,0,0,0,0,28.435248,no,87355.51,0.509588,High-High,Hotspot 99%
29050,Villanova del Ghebbo,29,Rovigo,5,45.059183,11.639009,3,0,0,3,0,189,70894903,0,70894903,7547.7,78836.6,0.865109,11.7259,2008,171.24485114149022,0,0,0,0,0,0,0,0,0,24.853738,no,176200.34,-0.375911,Non signif,Non signif
98041,Mulazzano,98,Lodi,3,45.373492,9.397993,1,0,1,0,0,26,8991458,0,8991458,996.4,13144.2,0.844281,15.5792,5773,370.5581801376194,0,0.042465,0,7,0,0.002726,0,0,24508,19.574231,no,17600.09,0.069437,Non signif,Non signif
36038,San Possidonio,36,Modena,8,44.892089,10.996136,2,0,2,0,0,62,25329319,0,25329319,3663.3,16293.4,0.956332,17.0585,3545,207.81428613301287,0,1.477836,0,35,0,0.086633,0,0,2194365,36.541065,no,92556.03,0.62765,Non signif,Non signif
18173,Vellezzo Bellini,18,Pavia,3,45.270665,9.099249,1,0,1,0,0,15,7314858,0,7314858,419.9,9561.7,0.846849,8.1963,3328,406.03687029513316,0,0,0,0,0,0,0,0,0,18.961299,no,13869.92,-0.202492,Non signif,Hotspot 95%
54005,Campello sul Clitunno,54,Perugia,10,42.822868,12.776263,1,0,0,1,0,207,86046569,0,86046569,3330.2,30696.2,0.971859,49.7624,2375,47.72679774287414,1.226136,0.077935,9,1,0.02464,0.001566,2120171,0,134761,38.922787,no,334917.22,-1.789209,Non signif,Non signif
16111,Gazzaniga,16,Bergamo,3,45.796642,9.834955,7,0,1,6,0,474,163200142,0,163200142,16527,158516.1,0.902385,14.413599999999999,5058,350.9185768995949,2.349393,0.30543,87,337,0.162998,0.02119,26601354,0,3458277,21.203762,no,346045.69,-0.354921,Non signif,Non signif
25029,Limana,25,Belluno,5,46.102814,12.186303,2,0,1,1,0,272,43506420,0,43506420,4812.6,53507.7,0.898891,39.1209,5335,136.37211822836386,0.085247,0.070998,2,2,0.002179,0.001815,94803,0,78957,17.91629,no,77947.36,0.093143,Non signif,Non signif
48031,Palazzuolo sul Senio,48,Firenze,9,44.112297,11.54774,1,0,0,1,0,95,17314358,0,17314358,1433.5,15925.3,0.917995,109.1117,1141,10.45717370364498,4.363497,2.36445,16,356,0.039991,0.02167,692420,0,375202,35.050589,no,60687.85,-0.104384,Non signif,Non signif
22079,Dro,22,Trento,4,45.961471,10.91111,2,0,0,2,0,147,30939613,0,30939613,1584.6,29554.8,0.899941,27.9538,4986,178.36573202927687,8.199129,0.203148,73,5,0.29331,0.007267,9074898,0,224847,14.82766,no,45876.2,-0.806254,Non signif,Non signif
65089,Palomonte,65,Salerno,15,40.662513,15.291856,3,1,0,2,0,164,46750368,0,46750368,6547.7,40277.7,0.903837,28.2985,3931,138.91195646412353,9.87566,0,1162,0,0.348982,0,16315025,0,0,25.585615,no,119613.69,0.379588,Non signif,Non signif
18065,Frascarolo,18,Pavia,3,45.046656,8.682044,1,0,0,1,0,196,43928210,0,43928210,6488.8,42768.3,0.915491,24.1752,1198,49.55491578146199,0,7.384791,0,2,0,0.30547,0,0,13418737,18.961299,no,83293.59,0.216275,Non signif,Non signif
72014,Capurso,72,Bari,16,41.05032,16.916742,4,0,3,1,0,129,47297392,0,47297392,7501.5,63094.3,0.824774,15.138499999999999,15682,1035.9018396802855,0,0.748831,0,259,0,0.049465,0,0,2339581,14.160402,no,66975.01,0.58518,High-High,Hotspot 99%
75037,Leverano,75,Lecce,16,40.289425,17.999414,3,1,0,2,0,282,34332351,0,34332351,1939.5,35742.5,0.915844,49.5039,14145,285.7350632980432,0,0.264457,0,76,0,0.005342,0,0,183408,14.108941,no,48439.31,-0.16867,Non signif,Non signif
69004,Arielli,69,Chieti,13,42.382444,14.359279,1,0,1,0,0,43,12069347,0,12069347,1681.3,7798.4,0.961261,11.7169,1129,96.35654481987555,1.206087,0,39,0,0.102936,0,1242366,0,0,28.116343,no,33934.59,0.004413,Non signif,Non signif
58114,Zagarolo,58,Roma,12,41.838384,12.83105,1,0,0,1,0,89,13918551,0,13918551,1029.6,24177.6,0.80643,28.0356,17933,639.6510151378961,0.343053,0,270,0,0.012236,0,170312,0,0,29.689549,no,41323.55,0.104959,Non signif,Non signif
34026,Palanzano,34,Parma,8,44.437437,10.194462,1,0,1,0,0,18,5126436,0,5126436,680,4253.5,0.91831,69.8027,1123,16.088202891865215,20.511446,1.313842,507,9,0.293849,0.018822,1506398,0,96491,33.475863,no,17161.19,0.407694,Non signif,Coldspot 95%
35033,Reggio nell'Emilia,35,Reggio nell'Emilia,8,44.608664,10.594797,2,0,1,0,1,412,9199751,218174908,227374659,7789,304389.1,0.877172,230.66279999999998,171944,745.4344610400984,0,11.366021,0,2234,0,0.049275,0,0,453322,36.618436,no,832610.43,,,
38019,Portomaggiore,38,Ferrara,8,44.699258,11.804078,3,0,1,2,0,151,80163234,0,80163234,4857.4,133184.6,0.83531,126.64479999999999,11630,91.83164251512893,0,10.43848,0,582,0,0.082423,0,0,6607317,39.906082,no,319900.06,0.212608,High-Low,Coldspot 99%
32002,Monrupino,32,Trieste,6,45.717812,13.797445,1,0,1,0,0,28,3344827,0,3344827,501.7,4856.2,0.866794,12.6104,883,70.02156949819197,0,0,0,0,0,0,0,0,0,23.184655,no,7754.87,1.580151,Non signif,Non signif
6007,Altavilla Monferrato,6,Alessandria,1,44.993552,8.375938,1,0,0,1,0,63,15440592,0,15440592,1342.7,13624.2,0.904597,11.328199999999999,447,39.45904909870942,0.040345,0.163081,0,0,0.003561,0.014396,54991,0,222283,20.84217,no,32181.54,-0.00474,Non signif,Non signif
108046,Vedano al Lambro,108,Monza e della Brianza,3,45.611508,9.275072,2,0,2,0,0,51,26508087,0,26508087,1161.5,14212.1,0.936527,1.9793,7606,3842.772697418279,0,0,0,0,0,0,0,0,0,13.279771,no,35202.13,-0.409401,Non signif,Non signif
1098,Cuorgnè,1,Torino,1,45.38972,7.649817,3,0,1,1,1,239,92701591,242488444,335190035,6270.2,177595.4,0.934729,19.313699999999997,9728,503.6839134914595,0.00393,1.982059,0,382,0.000203,0.102625,18863,49342,9513455,20.594868,no,690319.45,-0.235271,Low-Low,Coldspot 99%
60007,Aquino,60,Frosinone,12,41.491119,13.70471,3,0,1,2,0,251,54842312,0,54842312,3444,43271.9,0.938027,19.2371,5319,276.4969771951073,0.272082,0,10,0,0.014144,0,775668,0,0,34.188464,no,187497.44,-0.496245,Non signif,Non signif
84030,Raffadali,84,Agrigento,19,37.404053,13.532076,2,0,1,1,0,71,14719439,0,14719439,1403,29358.7,0.803494,22.2991,12650,567.2874690009911,0.281909,0,690,0,0.012642,0,186086,0,0,20.102118,no,29589.19,1.170621,High-High,Hotspot 99%
21075,Rodengo/Rodeneck,21,Bolzano/Bozen,4,46.780775,11.689757,1,0,1,0,0,32,8540750,0,8540750,712.4,18531.9,0.778853,29.6186,1230,41.527958782656846,1.173617,0,21,0,0.039624,0,338421,0,0,10.80791,no,9230.77,-0.077795,Non signif,Non signif
28026,Cartura,28,Padova,5,45.26839,11.85681,3,0,0,3,0,167,41437428,0,41437428,3510.9,37843,0.904124,16.2787,4680,287.49224446669575,0,8.795978,0,1805,0,0.540337,0,0,22390160,17.804557,no,73777.51,-0.636238,Non signif,Non signif
72003,Alberobello,72,Bari,16,40.784124,17.237703,4,0,3,1,0,110,46873734,0,46873734,2355.8,42421.9,0.891431,40.8239,10725,262.7137534630449,0,0.402763,0,10,0,0.009866,0,0,462450,14.160402,no,66375.09,-0.029695,Non signif,Non signif
71064,Zapponeta,71,Foggia,16,41.456964,15.956532,1,0,0,1,0,40,60528566,0,60528566,2275.7,31352.8,0.913762,41.7465,3464,82.97701603727259,0,2.955251,0,16,0,0.07079,0,0,4284841,37.634206,no,227794.45,-1.762708,Non signif,Non signif
18033,Casei Gerola,18,Pavia,3,45.006146,8.926989,1,0,1,0,0,10,7705561,0,7705561,1294.7,9381.9,0.890223,24.805300000000003,2466,99.41423808621543,0,1.180439,0,9,0,0.047588,0,0,366694,18.961299,no,14610.74,0.810031,Non signif,Non signif
59027,Sermoneta,59,Latina,12,41.549314,12.984893,3,0,0,2,1,548,36749196,28463698,65212894,2552.5,75156.4,0.894077,44.997,10077,223.94826321754783,2.579135,0.224325,253,17,0.057318,0.004985,2106388,1631480,183207,21.481102,no,140084.48,0.017338,Non signif,Non signif
69082,San Martino sulla Marrucina,69,Chieti,13,42.223373,14.21481,2,0,1,1,0,108,29337392,0,29337392,2747.2,23551.8,0.910539,7.408099999999999,920,124.18838838568595,4.129401,0,453,0,0.557417,0,16353162,0,0,28.116343,no,82486.02,-0.806039,Non signif,Coldspot 95%
5100,San Marzano Oliveto,5,Asti,1,44.754021,8.295757,1,0,0,1,0,148,28339343,0,28339343,4217.2,32395.6,0.904797,9.6839,1034,106.77516289924515,1.054248,0.195122,75,12,0.108866,0.020149,3085193,0,571013,21.748752,no,61634.53,0.91719,Non signif,Coldspot 95%
20063,Solferino,20,Mantova,3,45.368581,10.566679,3,0,3,0,0,80,37723853,0,37723853,2630,30938.5,0.909314,13.083499999999999,2631,201.0929797072649,0,0.052884,0,1,0,0.004042,0,0,152481,21.044843,no,79389.26,-0.818403,Non signif,Non signif
4208,Sanfrè,4,Cuneo,1,44.749384,7.803374,1,0,0,1,0,34,13498740,0,13498740,2028.7,16198.4,0.876872,15.5043,3021,194.84917087517655,0,0.004635,0,1,0,0.000299,0,0,4035,16.396584,no,22133.32,1.305287,Non signif,Non signif
76095,Venosa,76,Potenza,17,40.961323,15.814863,3,0,0,3,0,55,67296445,0,67296445,3108.1,60468.3,0.887155,170.3915,11732,68.85319983684631,0.064454,0.242311,46,0,0.000378,0.001422,25456,0,95701,40.913322,no,275332.11,-0.894502,Non signif,Non signif
61095,Vairano Patenora,61,Caserta,15,41.337019,14.131121,2,1,1,0,0,29,7403477,0,7403477,465.8,11569.6,0.869616,43.5241,6515,149.68718480106423,3.652919,2.739058,503,10,0.083929,0.062932,621364,0,465916,28.435248,no,21051.97,-0.483074,Non signif,Non signif
1240,San Francesco al Campo,1,Torino,1,45.226467,7.657164,1,0,1,0,0,12,7936499,0,7936499,273.7,3472.3,0.944393,14.979800000000001,4927,328.90959825898875,0,0.129859,0,66,0,0.008669,0,0,68801,20.594868,no,16345.11,-1.43243,Non signif,Coldspot 95%
15249,Vanzaghello,15,Milano,3,45.579253,8.782372,2,0,1,1,0,107,50989336,0,50989336,3558.5,27472.3,0.928871,5.5630999999999995,5389,968.7044992899644,0,0.125035,0,1,0,0.022476,0,0,1146025,15.050002,no,76738.96,-0.58744,High-Low,Coldspot 99%
102020,Maierato,102,Vibo Valentia,18,38.705048,16.19007,4,1,1,2,0,142,95961318,0,95961318,10693.1,93984.7,0.922879,39.9332,2175,54.46595815011069,0.631237,0.553494,42,27,0.015807,0.01386,1516892,0,1330072,39.815188,no,382071.79,-0.426219,Non signif,Non signif
20022,Dosolo,20,Mantova,3,44.953372,10.637588,4,0,1,2,1,221,73842781,113425517,187268298,14999.8,400910.8,0.848774,25.543699999999998,3414,133.65330786064666,0,11.271114,0,97,0,0.441248,0,0,32583001,21.044843,no,394103.19,-0.239932,Low-Low,Coldspot 99%
15078,Cisliano,15,Milano,3,45.444669,8.990243,1,0,1,0,0,12,12586380,0,12586380,3146.5,8005.8,0.952622,14.6767,4868,331.68219013811006,0,0,0,0,0,0,0,0,0,15.050002,no,18942.5,0.606244,Non signif,Non signif
19025,Castelleone,19,Cremona,3,45.293813,9.764302,5,0,2,2,1,697,63944108,138922000,202866108,15176,146103,0.914216,45.078100000000006,9472,210.12420665467263,0,0,0,0,0,0,0,0,0,21.210647,no,430292.13,-0.428695,Non signif,Non signif
76018,Cancellara,76,Potenza,17,40.730219,15.925769,1,0,1,0,0,21,15246771,0,15246771,1793.6,5385.4,0.975597,42.4992,1276,30.024094571191927,1.564641,0,64,0,0.036816,0,561322,0,0,40.913322,no,62379.6,0.630385,Non signif,Non signif
24016,Bressanvido,24,Vicenza,5,45.645976,11.632999,6,0,1,3,2,511,70785612,149019878,219805490,30232.2,260061.2,0.875455,8.4406,3164,374.8548681373362,0,0,0,0,0,0,0,0,0,21.315155,no,468518.81,0.31664,Non signif,Non signif
47003,Buggiano,47,Pistoia,9,43.899935,10.726569,5,0,4,1,0,127,46236336,0,46236336,3241.1,101265.3,0.773924,16.0365,8772,547.0021513422505,1.562943,0,83,0,0.097462,0,4506267,0,0,29.709501,no,137365.85,0.018732,Non signif,Non signif
19077,Pozzaglio ed Uniti,19,Cremona,3,45.211016,10.0462,1,0,1,0,0,36,6851068,0,6851068,1127.8,12545.9,0.823877,20.4018,1457,71.415267280338,0,2.952942,0,187,0,0.144739,0,0,991619,21.210647,no,14531.56,1.730409,Non signif,Non signif
17049,Cerveno,17,Brescia,3,46.002509,10.325791,1,0,1,0,0,17,7361295,0,7361295,804.7,2301.6,0.986461,21.5528,656,30.4368805909209,0.931765,0.723303,31,13,0.043232,0.03356,318242,0,247042,20.48295,no,15078.1,-0.581483,Non signif,Non signif
51037,Subbiano,51,Arezzo,9,43.574848,11.870369,2,0,0,2,0,379,251378446,0,251378446,18405.7,99213.3,0.947394,77.843,6373,81.86991765476664,4.800582,0.801207,93,389,0.06167,0.010293,15502522,0,2587338,29.518286,no,742026.08,-1.142224,Non signif,Non signif
87039,Riposto,87,Catania,19,37.73189,15.204221,4,0,1,3,0,270,94604899,0,94604899,11641.7,93485.5,0.895295,13.246099999999998,14620,1103.7210952657765,0.042464,0,0,0,0.003206,0,303282,0,0,36.827421,no,348405.44,0.132455,Non signif,Non signif
14003,Andalo Valtellino,14,Sondrio,3,46.133822,9.473806,1,0,1,0,0,29,26150772,0,26150772,4249.6,12186.3,0.963051,6.7751,580,85.60759250785966,1.582201,0.123194,81,64,0.233532,0.018183,6107036,0,475509,12.776609,no,33411.82,-0.585747,Non signif,Non signif
26030,Fregona,26,Treviso,5,46.000218,12.338962,1,0,0,0,1,334,0,140369732,140369732,21948.4,87702.5,0.951311,42.723,2970,69.51759005687803,0.118719,0,12,0,0.002779,0,0,390060,0,21.139592,no,296735.88,-0.097977,Non signif,Non signif
69096,Treglio,69,Chieti,13,42.267741,14.425515,2,0,1,1,0,89,68715725,0,68715725,4333.8,102097.6,0.870003,4.8823,1669,341.8470802695451,0.997956,0,67,0,0.204403,0,14045690,0,0,28.116343,no,193203.49,-0.700149,Non signif,Non signif
75096,Castro,75,Lecce,16,40.007022,18.425733,1,0,0,1,0,67,14369721,0,14369721,659.2,16251.8,0.869403,4.5638,2395,524.7819799290065,0,0.069671,0,10,0,0.015266,0,0,219368,14.108941,no,20274.15,-0.329051,Low-High,Hotspot 99%
18069,Garlasco,18,Pavia,3,45.197362,8.923746,3,0,1,2,0,143,29622198,0,29622198,1462.8,26415.2,0.903467,39.1766,9805,250.27695103709868,0,0.028633,0,0,0,0.000731,0,0,21650,18.961299,no,56167.54,-0.786251,Low-Low,Coldspot 99%
10011,Casarza Ligure,10,Genova,7,44.273546,9.449771,2,0,1,1,0,90,42206373,0,42206373,3598.3,24784.3,0.907872,27.8227,6851,246.2377842553023,3.488086,0.298252,387,557,0.125368,0.01072,5291343,0,452441,24.504626,no,103425.14,-0.681094,Non signif,Non signif
109001,Altidona,109,Fermo,11,43.109225,13.799878,3,0,3,0,0,36,24200872,0,24200872,3691.9,51760.5,0.77232,12.9727,3452,266.0972657966345,1.246287,0,34,0,0.09607,0,2324977,0,0,25.228384,no,61054.89,0.820398,Non signif,Non signif
63057,Pomigliano d'Arco,63,Napoli,15,40.907912,14.386233,8,0,2,3,3,1690,40911040,136252987,177164027,17723,138140.1,0.94074,11.7103,39819,3400.339871736847,0,0,0,0,0,0,0,0,0,35.751904,no,633395.14,0.110162,Non signif,Non signif
12076,Germignaga,12,Varese,3,45.993507,8.724159,1,0,1,0,0,11,2451146,0,2451146,252.9,4003.9,0.839592,4.6594999999999995,3929,843.2235218371071,0.211469,2.097363,115,261,0.045384,0.450126,111244,0,1103325,11.229804,no,2752.59,0.436101,Non signif,Non signif
63067,San Giorgio a Cremano,63,Napoli,15,40.829296,14.334168,4,0,0,3,1,655,67445056,22825880,90270936,3469.6,140259.3,0.844162,4.1054,45122,10990.890047254834,0,0.026777,0,154,0,0.006522,0,0,439903,35.751904,no,322735.79,-0.410546,Non signif,Non signif
20007,Bozzolo,20,Mantova,3,45.102474,10.483982,1,0,1,0,0,16,8519118,0,8519118,590.7,6735.4,0.902937,18.8222,4190,222.60947179394546,0,0.452334,0,2,0,0.024032,0,0,204731,21.044843,no,17928.35,-0.537614,Non signif,Non signif
25040,Ponte nelle Alpi,25,Belluno,5,46.16178,12.298805,4,0,2,2,0,217,85238870,0,85238870,9995.2,145310.3,0.866104,58.1409,8250,141.8966682662291,0.247173,0,2,0,0.004251,0,362374,0,0,17.91629,no,152716.43,0.189012,Non signif,Non signif
64077,Quindici,64,Avellino,15,40.863313,14.647539,1,0,1,0,0,3,9146552,0,9146552,661.3,8898.5,0.879856,23.9087,1914,80.05454081568634,16.428798,1.156388,1059,976,0.687147,0.048367,6285028,0,442390,37.737871,no,34517.14,-0.747067,Non signif,Non signif
21002,Andriano/Andrian,21,Bolzano/Bozen,4,46.517616,11.231373,1,0,1,0,0,10,2938829,0,2938829,303.4,7384.8,0.742897,4.8913,1024,209.35129720115305,0.000765,0,0,0,0.000156,0,460,0,0,10.80791,no,3176.26,0.08821,Non signif,Non signif
17010,Bagolino,17,Brescia,3,45.823561,10.462731,1,0,0,1,0,64,37156376,0,37156376,5728.3,29253.7,0.915192,109.2099,3847,35.22574418619557,30.283361,3.026524,282,215,0.277295,0.027713,10303278,0,1029711,20.48295,no,76107.22,0.208501,Non signif,Non signif
1006,Almese,1,Torino,1,45.116876,7.39455,2,0,0,1,1,1058,22643195,344237374,366880569,36727,202370,0.936502,17.875899999999998,6409,358.52740281608203,1.180304,0.00008,1353,0,0.066028,0.000004,1495077,22729191,101,20.594868,no,755585.69,-0.723452,Non signif,Non signif
3065,Fara Novarese,3,Novara,1,45.555159,8.458941,1,0,0,1,0,72,23774897,0,23774897,2185,21314.2,0.900092,9.2148,2026,219.86369753006034,0,0.000019,0,0,0,0.000002,0,0,49,12.08995,no,28743.73,-0.639482,Non signif,Non signif
93028,Morsano al Tagliamento,93,Pordenone,6,45.858141,12.929336,1,0,0,1,0,85,15486674,0,15486674,1018.3,15180.7,0.897676,32.5355,2788,85.69101443039142,0,0,0,0,0,0,0,0,0,22.312037,no,34553.92,-0.789218,Non signif,Non signif
89002,Avola,89,Siracusa,19,36.909516,15.135001,3,0,2,1,0,66,30645613,0,30645613,2039.6,22217.2,0.885004,74.5926,31408,421.0605341548625,2.775311,0.366714,144,117,0.037206,0.004916,1140208,0,150661,32.507353,no,99620.78,-0.65491,Non signif,Non signif
4086,Farigliano,4,Cuneo,1,44.512031,7.914245,3,0,1,1,1,164,35616706,120687317,156304023,18212.5,290763.8,0.866545,16.442,1758,106.92129911203017,0.000364,1.011738,0,83,0.000022,0.061534,788,2672,2191630,16.396584,no,256285.2,-0.618475,Non signif,Non signif
73012,Manduria,73,Taranto,16,40.401825,17.633511,1,0,0,1,0,26,50680162,0,50680162,3904,21379,0.950213,180.41,31159,172.7121556454742,0.120203,3.158035,122,245,0.000666,0.017505,33767,0,887144,15.194153,no,77004.21,1.104474,Non signif,Non signif
18117,Ponte Nizza,18,Pavia,3,44.851548,9.097243,1,0,1,0,0,45,6829832,0,6829832,761.7,7869.4,0.892625,22.957600000000003,785,34.193469700665574,3.038739,0.3821,16,10,0.132363,0.016644,904018,0,113674,18.961299,no,12950.25,0.991276,Non signif,Non signif
50022,Montopoli in Val d'Arno,50,Pisa,9,43.670299,10.760832,3,0,2,1,0,201,75315923,0,75315923,8149.7,43559.2,0.934421,30.219499999999996,11149,368.9339664785983,0.248564,6.180923,74,711,0.008225,0.204534,619495,0,15404686,28.10564,no,211680.22,0.099762,High-Low,Coldspot 99%
5117,Villafranca d'Asti,5,Asti,1,44.91329,8.032501,1,0,0,1,0,44,18215912,0,18215912,2137.5,13752.7,0.921143,12.88,3047,236.56832298136644,0.822979,0.492554,58,17,0.063896,0.038242,1163922,0,696609,21.748752,no,39617.34,0.719902,Non signif,Non signif
24001,Agugliaro,24,Vicenza,5,45.325389,11.584203,1,0,1,0,0,23,10438343,0,10438343,534.6,6859.8,0.927637,14.695599999999999,1403,95.4707531506029,0,1.404735,0,52,0,0.095589,0,0,997789,21.315155,no,22249.49,-1.590198,Non signif,Non signif
2032,Carisio,2,Vercelli,1,45.40936,8.199027,3,0,0,3,0,285,77971029,0,77971029,7548.1,74382.8,0.87685,30.1066,823,27.336198707260202,0,3.475236,0,9,0,0.115431,0,0,9000277,17.175786,no,133921.37,0.570029,Non signif,Non signif
96041,Occhieppo Superiore,96,Biella,1,45.565062,8.001319,2,0,0,2,0,112,32087320,0,32087320,2362.8,26421.7,0.91056,5.150399999999999,2728,529.667598633116,0.207255,0.231395,10,57,0.040241,0.044928,1291212,0,1441606,19.06674,no,61180.06,-0.840698,Low-Low,Coldspot 99%
93013,Chions,93,Pordenone,6,45.847186,12.711062,5,0,1,4,0,288,73997630,0,73997630,5983,81748.4,0.905137,33.4503,5180,154.85660816195968,0,4.656402,0,547,0,0.139204,0,0,10300736,22.312037,no,165103.79,-0.453151,Non signif,Non signif
67038,Sant'Egidio alla Vibrata,67,Teramo,13,42.821048,13.717891,4,0,2,0,2,571,21049034,144018537,165067571,22443.3,178267.6,0.88004,18.361800000000002,9753,531.15707610365,0.641692,0.504618,26,25,0.034947,0.027482,735603,5033033,578468,27.38232,no,451993.3,0.121107,Non signif,Non signif
4043,Carrù,4,Cuneo,1,44.481035,7.874437,3,0,2,1,0,103,21341597,0,21341597,1801.9,25249.1,0.885355,25.8384,4430,171.45024459718869,0.701648,1.203182,101,52,0.027155,0.046566,579536,0,993785,16.396584,no,34992.93,0.012517,Non signif,Non signif
82054,Partinico,82,Palermo,19,38.043896,13.119821,6,0,3,3,0,345,147978810,0,147978810,13026.9,87263.7,0.880111,108.0558,31786,294.1628306856272,0.62372,0.731021,77,1,0.005772,0.006765,854164,0,1001109,29.57954,no,437714.51,0.584157,High-High,Hotspot 99%
1055,Caprie,1,Torino,1,45.118845,7.331914,2,0,0,2,0,320,201525564,0,201525564,11479.8,62487.1,0.957309,16.408,2087,127.19405168210628,0.918943,0.192845,213,19,0.056006,0.011753,11286598,0,2368552,20.594868,no,415039.24,-1.157277,Non signif,Non signif
90029,Florinas,90,Sassari,20,40.649561,8.665116,1,0,0,1,0,84,49301899,0,49301899,5283.7,37840.4,0.92245,36.0613,1507,41.78995210932495,5.778226,0.179844,68,0,0.160233,0.004987,7899813,0,245877,12.837123,si,63289.45,0.051507,Non signif,Non signif
21070,Racines/Ratschings,21,Bolzano/Bozen,4,46.880128,11.376056,2,0,1,1,0,113,42164416,0,42164416,5094.1,20086,0.962972,203.2867,4471,21.993568688950138,0.095916,0.065289,0,2,0.000472,0.000321,19894,0,13542,10.80791,no,45570.92,0.649374,Non signif,Non signif
78114,San Demetrio Corone,78,Cosenza,18,39.569899,16.361492,2,0,0,2,0,95,33407733,0,33407733,3852.6,27830.9,0.899835,61.87479999999999,3442,55.628462637454994,0.287545,2.068897,36,15,0.004647,0.033437,155253,0,1117049,50.996071,no,170366.31,-0.062669,Non signif,Non signif
108038,Ronco Briantino,108,Monza e della Brianza,3,45.667563,9.400698,4,0,2,2,0,145,42056608,0,42056608,2817.1,51470.7,0.876233,2.9686000000000003,3502,1179.680657549013,0,0,0,0,0,0,0,0,0,13.279771,no,55850.21,0.030322,Non signif,Non signif
15236,Vernate,15,Milano,3,45.316147,9.060968,3,0,1,2,0,139,56986557,0,56986557,3299.6,34338.3,0.930442,14.6544,3342,228.0543727481166,0,0,0,0,0,0,0,0,0,15.050002,no,85764.78,-0.529474,Non signif,Non signif
14056,Rogolo,14,Sondrio,3,46.135746,9.487317,1,0,1,0,0,46,24639189,0,24639189,2314.2,10763.6,0.964252,12.825,553,43.11890838206628,3.844804,0.024361,4,3,0.29979,0.001899,7386577,0,46802,12.776609,no,31480.53,,,
12136,Venegono Inferiore,12,Varese,3,45.738376,8.901107,2,0,0,2,0,215,67561549,0,67561549,9513.1,68750.7,0.922363,5.8789,6124,1041.6914728945892,0,0.001121,0,0,0,0.000191,0,0,12883,11.229804,no,75870.3,1.153942,Non signif,Non signif
62012,Calvi,62,Benevento,15,41.071619,14.865241,2,0,1,1,0,84,35869770,0,35869770,3831.5,42043.6,0.808406,22.3063,2637,118.21772324410593,0.150151,0.222276,14,8,0.006731,0.009965,241451,0,357432,40.937916,no,146843.36,0.174399,Non signif,Hotspot 95%
13135,Luisago,13,Como,3,45.762877,9.035438,3,0,2,1,0,82,38939988,0,38939988,3922.8,42366.6,0.885471,2.1614,2752,1273.2488202091238,0,0.019217,0,11,0,0.008891,0,0,346215,12.029442,no,46842.63,0.005573,Non signif,Non signif
69062,Palombaro,69,Chieti,13,42.124836,14.230613,1,0,0,1,0,61,10575281,0,10575281,1691.4,7600.1,0.956652,17.1933,1001,58.220353277148654,8.121338,0,328,0,0.472355,0,4995285,0,0,28.116343,no,29733.82,-0.04349,Non signif,Non signif
49003,Campo nell'Elba,49,Livorno,9,42.758772,10.19897,1,0,1,0,0,13,4173295,0,4173295,382.3,6710,0.81486,55.788500000000006,4869,87.27605151599343,0.732993,6.782693,35,2216,0.013139,0.121579,54832,0,507384,23.707966,no,9894.03,0.213097,High-Low,Coldspot 99%
1301,Villanova Canavese,1,Torino,1,45.242575,7.554506,1,0,0,1,0,195,47270470,0,47270470,5096.9,40968,0.922087,4.0306999999999995,1203,298.45932468305756,0,0.387487,0,0,0,0.096134,0,0,4544296,20.594868,no,97352.91,-0.571641,Low-Low,Coldspot 99%
6014,Belforte Monferrato,6,Alessandria,1,44.625046,8.661251,1,0,1,0,0,44,12052378,0,12052378,1620.4,13915.4,0.892355,8.326,506,60.773480662983424,0.153789,0.293753,23,5,0.018471,0.035281,222619,0,425225,20.84217,no,25119.77,-0.386824,Non signif,Non signif
89001,Augusta,89,Siracusa,19,37.236936,15.219658,9,1,2,6,0,757,296770812,0,296770812,36677.4,142181.1,0.915289,111.1596,35854,322.5452412567156,0.175815,0.434059,80,5,0.001582,0.003905,469386,0,1158839,32.507353,no,964723.35,-0.059708,Non signif,Non signif
2054,Desana,2,Vercelli,1,45.268822,8.356728,1,0,1,0,0,15,12305155,0,12305155,316.2,15399.6,0.854763,16.4771,1077,65.36344380989374,0,0.023453,0,0,0,0.001423,0,0,17515,17.175786,no,21135.07,0.286378,Non signif,Non signif
63038,Lacco Ameno,63,Napoli,15,40.75097,13.89006,3,0,2,1,0,120,106320851,0,106320851,2755.8,24931.8,0.919145,2.0768,4805,2313.65562403698,0.552151,0.128061,1019,336,0.265866,0.061663,28267125,0,6556026,35.751904,no,380117.29,-1.20768,Non signif,Non signif
18169,Valle Salimbene,18,Pavia,3,45.171612,9.234493,1,0,1,0,0,7,9798119,0,9798119,289,3707.6,0.952022,7.1612,1481,206.80891470703233,0,1.309587,0,11,0,0.182873,0,0,1791807,18.961299,no,18578.51,-0.873628,Non signif,Non signif
15165,Ozzero,15,Milano,3,45.365848,8.924514,1,0,1,0,0,7,9782876,0,9782876,50.6,13068.4,0.837333,10.973199999999999,1469,133.87161447891228,0,0.045275,0,1,0,0.004126,0,0,40364,15.050002,no,14723.23,-1.724957,Non signif,Non signif
5059,Isola d'Asti,5,Asti,1,44.829367,8.177452,4,0,1,3,0,186,53487809,0,53487809,5399.4,45934.6,0.897382,13.5028,2028,150.19107148147052,0.531712,0.247086,27,12,0.039378,0.018299,2106238,0,978767,21.748752,no,116329.31,-0.065724,Non signif,Non signif
7005,Arvier,7,Valle d'Aosta/Vallée d'Aoste,2,45.702451,7.166471,1,1,0,0,0,7,622956,0,622956,27.4,1131.5,0.792999,33.3601,865,25.929178869367895,29.817915,1.868129,95,22,0.89382,0.055999,556810,0,34885,17.572597,no,1094.7,-0.644704,Low-Low,Coldspot 99%
48008,Capraia e Limite,48,Firenze,9,43.759563,10.9997,1,0,0,1,0,33,16499445,0,16499445,1286,19278.1,0.873142,24.9171,7782,312.31563865778924,4.703194,2.01509,486,2369,0.188754,0.080872,3114331,0,1334339,35.050589,no,57831.53,-0.537992,Non signif,Non signif
64035,Frigento,64,Avellino,15,41.011319,15.099747,2,0,1,1,0,65,34398810,0,34398810,4726.2,77612.4,0.792565,38.04,3663,96.29337539432177,1.980785,0.126827,105,6,0.052071,0.003334,1791184,0,114687,37.737871,no,129813.79,1.307525,Non signif,Non signif
18051,Codevilla,18,Pavia,3,44.963288,9.057385,3,0,1,2,0,174,52958471,0,52958471,3953.9,53933.4,0.915914,12.9553,994,76.72535564595185,0.989259,0,3,0,0.076359,0,4043877,0,0,18.961299,no,100416.14,0.169908,Non signif,Non signif
1148,Mazzè,1,Torino,1,45.300255,7.932723,2,0,1,1,0,74,15193603,0,15193603,1722.6,18206.9,0.86489,27.3428,4156,151.99613792296327,0.093345,2.627932,1,16,0.003414,0.096111,51869,0,1460266,20.594868,no,31291.02,-0.062419,Non signif,Non signif
25001,Agordo,25,Belluno,5,46.282147,12.034981,2,0,0,0,2,11100,0,1497090498,1497090498,227601.2,2018284.4,0.845784,23.742800000000003,4089,172.22063109658504,1.515346,0,135,0,0.063823,0,0,95549392,0,17.91629,no,2682230.68,0.999679,Non signif,Non signif
75095,San Cassiano,75,Lecce,16,40.056287,18.333936,1,0,1,0,0,6,6355017,0,6355017,230.1,9024.6,0.828823,8.7749,2037,232.13939759997263,0,0.000053,0,0,0,0.000006,0,0,38,14.108941,no,8966.26,-0.900517,Non signif,Non signif
45008,Fosdinovo,45,Massa-Carrara,9,44.13382,10.018869,1,0,1,0,0,21,10130482,0,10130482,769.3,8254.3,0.912442,48.626599999999996,4792,98.54688586082516,3.248639,0.074578,74,53,0.066808,0.001534,676796,0,15537,30.748861,no,31150.08,-1.08513,Non signif,Non signif
48049,Vicchio,48,Firenze,9,43.933235,11.46529,2,0,0,2,0,47,45120647,0,45120647,4054.8,31454.2,0.912655,138.8632,8183,58.92849941525184,31.060197,2.674779,746,117,0.223675,0.019262,10092351,0,869113,35.050589,no,158150.53,-0.595584,Non signif,Non signif
12073,Gazzada Schianno,12,Varese,3,45.781043,8.832404,4,0,3,0,1,424,24617505,236455890,261073395,16126.7,189445,0.863073,4.8412,4632,956.7875733289268,0,0.064045,0,55,0,0.013229,0,0,325669,11.229804,no,293180.31,0.165991,Non signif,Non signif
19012,Capergnanica,19,Cremona,3,45.337572,9.64336,2,0,1,0,1,424,9739412,245466265,255205677,32376.5,145028.1,0.915274,6.8382000000000005,2166,316.7500219355971,0,0,0,0,0,0,0,0,0,21.210647,no,541307.74,-0.231507,Non signif,Non signif
63009,Boscotrecase,63,Napoli,15,40.77431,14.462036,2,0,1,0,1,377,6988204,179566771,186554975,24024,112832.9,0.926201,7.5306,10247,1360.7149496720049,0.311896,0.348465,6,782,0.041417,0.046273,289432,7437144,323367,35.751904,no,666969.56,-0.383464,Non signif,Non signif
111075,Senorbì,111,Sud Sardegna,20,39.535044,9.130141,1,0,1,0,0,5,2765190,0,2765190,241.7,6371.3,0.751497,34.2894,4855,141.58894585498726,0,0,0,0,0,0,0,0,0,15.448131,si,4271.7,0.4006,Non signif,Non signif
17033,Calvagese della Riviera,17,Brescia,3,45.54004,10.445833,3,0,1,2,0,108,76333248,0,76333248,8553.1,70296.8,0.868726,11.7371,3566,303.82292048291316,0,0.088755,0,34,0,0.007562,0,0,577226,20.48295,no,156353.01,0.072841,Non signif,Hotspot 99%
68043,Torre de' Passeri,68,Pescara,13,42.241891,13.930967,2,0,1,1,0,68,21667056,0,21667056,1985.3,24510.5,0.854064,5.9178,3045,514.5493257629524,1.604857,0,171,0,0.271191,0,5875921,0,0,27.533978,no,59658.02,0.297675,Non signif,Non signif
17055,Cividate Camuno,17,Brescia,3,45.942493,10.277462,6,0,0,3,3,669,126616996,390169489,516786485,59474.7,408829.5,0.906922,3.3068,2773,838.5750574573606,0.052016,0.7655,1,98,0.01573,0.231493,1991687,6137370,29310908,20.48295,no,1058531.17,-0.09497,Non signif,Non signif
46002,Bagni di Lucca,46,Lucca,9,44.009982,10.590633,2,0,2,0,0,42,13940915,0,13940915,486.2,13879.1,0.86208,164.709,5997,36.40966795985647,52.795743,2.148517,1476,653,0.32054,0.013044,4468614,0,181850,29.45658,no,41065.17,-1.09296,Non signif,Non signif
59022,Rocca Massima,59,Latina,12,41.679415,12.919415,1,0,1,0,0,33,15886467,0,15886467,1014.7,12452,0.909065,18.1659,1135,62.47970097820642,1.625328,0,55,0,0.089471,0,1421384,0,0,21.481102,no,34125.88,-0.829933,Non signif,Non signif
76094,Vaglio Basilicata,76,Potenza,17,40.665873,15.92007,2,0,1,1,0,60,41503754,0,41503754,2910.4,36005.1,0.889579,43.3635,1994,45.98337311333264,1.713617,0.347882,118,5,0.039517,0.008022,1640124,0,332962,40.913322,no,169805.64,0.031509,Non signif,Non signif
17129,Padenghe sul Garda,17,Brescia,3,45.509584,10.506376,2,0,0,2,0,229,68677652,0,68677652,5438.2,49072.3,0.927555,26.8103,4629,172.6575234145086,0.013422,17.353426,2,2,0.000501,0.647267,34382,0,44452787,20.48295,no,140672.09,-0.101346,High-High,Hotspot 99%
73021,Palagiano,73,Taranto,16,40.578224,17.037395,3,0,0,3,0,388,20774764,0,20774764,1596.2,27376.9,0.86355,69.9653,16105,230.18553482940828,0,15.166508,0,274,0,0.216772,0,0,4503384,15.194153,no,31565.49,0.372179,Low-High,Hotspot 99%
16010,Antegnate,16,Bergamo,3,45.486477,9.79146,4,0,2,2,0,167,63463250,0,63463250,4217.7,48119.5,0.851582,9.7271,3206,329.5946376617903,0,0,0,0,0,0,0,0,0,21.203762,no,134565.96,0.542108,Non signif,Non signif
33001,Agazzano,33,Piacenza,8,44.94437,9.517685,1,0,0,0,1,662,0,332743421,332743421,16554.6,226969.3,0.920218,36.1456,2055,56.853392944092775,2.459428,2.311789,122,18,0.068042,0.063958,0,22640611,0,28.260932,no,940363.93,-0.795369,Non signif,Non signif
80065,Rizziconi,80,Reggio di Calabria,18,38.411996,15.95924,3,0,2,1,0,47,49062034,0,49062034,4258.3,56388.7,0.869518,40.223600000000005,7783,193.49337205023915,0.071419,3.219126,56,78,0.001776,0.080031,87112,0,3926473,48.652369,no,238698.42,0.38904,Non signif,Non signif
83066,Patti,83,Messina,19,38.138901,14.964816,4,0,3,1,0,147,63644381,0,63644381,4760.5,43265.3,0.932868,50.077299999999994,13266,264.9104484467014,0.922277,0,259,0,0.018417,0,1172143,0,0,44.663628,no,284258.89,-1.002224,Non signif,Non signif
18120,Redavalle,18,Pavia,3,45.037446,9.203918,1,0,0,1,0,59,32952181,0,32952181,2108.7,44018.8,0.830488,5.415,1072,197.9686057248384,0.36363,0,3,0,0.067152,0,2212817,0,0,18.961299,no,62481.62,0.065424,Non signif,Coldspot 95%
20012,Casalromano,20,Mantova,3,45.200675,10.369378,3,0,1,2,0,112,46616637,0,46616637,5434.1,43046.3,0.901495,12.0307,1510,125.51223120849161,0,1.001233,0,105,0,0.083223,0,0,3879584,21.044843,no,98103.98,0.333716,Non signif,Non signif
22143,Pinzolo,22,Trento,4,46.161732,10.765004,2,0,1,1,0,68,83139724,0,83139724,6359.5,28552.1,0.890362,69.322,3045,43.92544935229797,10.619464,0,29,0,0.15319,0,12736206,0,0,14.82766,no,123276.75,-1.024044,Low-Low,Coldspot 99%
17120,Nuvolera,17,Brescia,3,45.532183,10.369172,2,0,1,1,0,130,54218199,0,54218199,3555.2,52664.9,0.787084,13.3118,4748,356.676031791343,0.011753,0.347646,0,172,0.000883,0.026116,47869,0,1415942,20.48295,no,111054.87,-0.03375,Non signif,Non signif
80049,Melicucco,80,Reggio di Calabria,18,38.433713,16.060471,1,0,1,0,0,32,7368089,0,7368089,715,11798.8,0.828685,6.5329,5057,774.081954415344,0.082915,0.369453,74,17,0.012692,0.056553,93515,0,416685,48.652369,no,35847.5,-0.033349,Non signif,Non signif
77011,Grassano,77,Matera,17,40.63262,16.282778,2,0,2,0,0,30,18023474,0,18023474,1095.5,9859,0.946074,41.6306,5077,121.95356300413637,3.582971,1.946214,730,4,0.086066,0.04675,1551205,0,842590,22.969725,no,41399.42,-1.909685,Non signif,Non signif
63091,Trecase,63,Napoli,15,40.770891,14.439651,2,0,1,1,0,260,16266831,0,16266831,1543,18194.2,0.95382,6.2132000000000005,8969,1443.5395609347838,0.129419,0.456183,0,714,0.02083,0.073422,338833,0,1194337,35.751904,no,58157.02,0.162315,Non signif,Non signif
72023,Gravina in Puglia,72,Bari,16,40.819725,16.422779,12,0,2,9,1,1127,148531543,154062260,302593803,33455.8,291470.9,0.862362,384.7396,43816,113.88481975861076,2.791191,26.360775,26,31,0.007255,0.068516,1077560,1117684,10176770,14.160402,no,428484.99,0.298453,Non signif,Non signif
20052,Roncoferraro,20,Mantova,3,45.135929,10.951354,4,0,2,2,0,136,50542433,0,50542433,2968.8,124301.9,0.782512,63.4343,6982,110.06663587365195,0,2.369512,0,715,0,0.037354,0,0,1887952,21.044843,no,106365.76,0.085239,Non signif,Non signif
21079,San Genesio Atesino/Jenesien,21,Bolzano/Bozen,4,46.535035,11.331384,2,0,1,1,0,124,23757807,0,23757807,3063.7,25941,0.906927,68.8377,3045,44.23448197717239,1.593822,0,24,0,0.023153,0,550072,0,0,10.80791,no,25677.22,0.528963,Non signif,Non signif
16077,Clusone,16,Bergamo,3,45.887088,9.949656,2,0,0,2,0,63,51196539,0,51196539,7873.9,52946,0.897936,26.1905,8608,328.6687921192799,0.363508,0.119445,12,4,0.013879,0.004561,710576,0,233488,21.203762,no,108555.92,0.733639,Non signif,Non signif
9034,Loano,9,Savona,7,44.128754,8.259371,2,0,0,2,0,147,40982847,0,40982847,3013.3,34048,0.852132,13.4776,11224,832.7892206327535,0.815452,0.292997,51,851,0.060504,0.02174,2479636,0,890949,24.791781,no,101603.78,-0.034735,Low-High,Hotspot 99%
82023,Casteldaccia,82,Palermo,19,38.054118,13.530226,2,0,1,1,0,177,18258941,0,18258941,1701.1,32090.5,0.850878,33.919000000000004,11655,343.61272443173436,3.181525,0.534628,26,23,0.093798,0.015762,1712647,0,287796,29.57954,no,54009.11,1.028028,Non signif,Non signif
102017,Ionadi,102,Vibo Valentia,18,38.636334,16.059571,3,0,2,1,0,130,51275694,0,51275694,2745.2,24698.9,0.94639,8.8115,4333,491.74374397094704,0.074442,0.06697,5,6,0.008448,0.0076,433191,0,389710,39.815188,no,204155.14,-0.531809,Non signif,Non signif
14069,Traona,14,Sondrio,3,46.14962,9.525796,1,0,1,0,0,9,9779740,0,9779740,1039.8,3181.7,0.967909,6.366499999999999,2782,436.9747899159664,0.04535,0.386417,50,50,0.007123,0.060695,69663,0,593585,12.776609,no,12495.19,0.572699,Non signif,Non signif
12083,Induno Olona,12,Varese,3,45.852448,8.839608,3,0,1,1,1,1381,36443023,465110555,501553578,60874.7,741506.7,0.861829,12.365699999999999,10266,830.1996652029405,0.133051,0.264284,2,220,0.01076,0.021372,392115,5004442,778873,11.229804,no,563234.85,0.819177,Non signif,Non signif
1228,Rosta,1,Torino,1,45.067945,7.465117,4,0,1,2,1,697,96221577,97324000,193545577,13895.1,151957.4,0.933325,9.0651,4960,547.1533684129244,0,0.554044,0,90,0,0.061118,0,0,5880905,20.594868,no,398604.56,0.053221,Non signif,Non signif
37055,San Pietro in Casale,37,Bologna,8,44.699052,11.402926,3,0,1,2,0,119,197822020,0,197822020,7604.8,84473.3,0.942942,65.8571,12418,188.55977563542882,0,50.202405,0,10267,0,0.762293,0,0,150798337,38.815968,no,767865.32,-1.094986,Low-Low,Coldspot 99%
21108,Valle Aurina/Ahrntal,21,Bolzano/Bozen,4,46.988356,11.942898,2,0,0,2,0,199,66753193,0,66753193,8909.1,76227.9,0.91943,187.8909,5998,31.922780720088095,0,0,0,0,0,0,0,0,0,10.80791,no,72146.25,0.383795,Non signif,Non signif
4110,Limone Piemonte,4,Cuneo,1,44.202726,7.576336,1,0,1,0,0,41,33735677,0,33735677,2634.9,3359,1.005845,70.8115,1466,20.702851937891445,2.448833,0.696107,16,127,0.034582,0.00983,1166661,0,331636,16.396584,no,55314.99,-2.375891,Non signif,Non signif
15134,Marcallo con Casone,15,Milano,3,45.48722,8.873276,4,0,1,2,1,416,97541762,117958000,215499762,22448.5,157661.5,0.933034,8.208400000000001,6250,761.4151357146337,0,0,0,0,0,0,0,0,0,15.050002,no,324327.19,-0.196781,Non signif,Non signif
8059,Taggia,8,Imperia,7,43.869607,7.836458,5,0,5,0,0,137,37610754,0,37610754,1767,61075.8,0.800152,31.358800000000002,14003,446.54132173425,2.053273,0.912757,82,1352,0.065477,0.029107,2462631,0,1094732,29.468433,no,110833,-0.457608,Non signif,Hotspot 95%
33045,Vigolzone,33,Piacenza,8,44.914662,9.669368,2,1,0,1,0,22,31590571,0,31590571,2173.1,35810.1,0.898836,42.037299999999995,4294,102.14737863754334,5.1437,3.031539,99,46,0.12236,0.072115,3865434,0,2278168,28.260932,no,89277.9,-0.203993,Non signif,Non signif
4223,Sommariva Perno,4,Cuneo,1,44.745642,7.900633,1,0,0,1,0,49,30798849,0,30798849,2349.8,43805.6,0.841307,17.0937,2797,163.62753529077966,0.000315,0.172155,0,23,0.000018,0.010071,568,0,310183,16.396584,no,50499.59,0.087061,Non signif,Non signif
56049,Sutri,56,Viterbo,12,42.247023,12.215067,1,0,0,1,0,93,47767385,0,47767385,8230.5,88683.8,0.797848,60.942299999999996,6643,109.00474711325303,0.12732,0,70,0,0.002089,0,99795,0,0,19.086634,no,91171.86,,,
20016,Castellucchio,20,Mantova,3,45.147276,10.648485,3,0,0,2,1,608,38672427,175259415,213931842,13143.1,220096.5,0.863102,46.3399,5235,112.9696007112661,0,0.259246,0,354,0,0.005594,0,0,216351,21.044843,no,450216.2,-0.427113,Non signif,Non signif
111106,Villasor,111,Sud Sardegna,20,39.380439,8.942839,2,0,0,1,1,327,14040643,204884000,218924643,18520,80679.8,0.96326,86.7949,6937,79.92405083708836,0,10.264932,0,175,0,0.118267,0,0,1660538,15.448131,si,338197.66,-1.775783,Non signif,Non signif
100001,Cantagallo,100,Prato,9,44.022193,11.079774,3,0,0,2,1,540,49021010,83154387,132175397,8374.8,123004,0.900349,95.6725,3140,32.82029841385978,8.409874,0.467514,466,185,0.087903,0.004887,4309081,7309498,239546,30.888404,no,408268.7,-0.823796,Low-Low,Coldspot 99%
22022,Borgo Valsugana,22,Trento,4,46.053346,11.4566,6,0,2,3,1,1701,101979790,1361871615,1463851405,41740.4,1284134.3,0.857536,52.370200000000004,6949,132.68996490370478,13.046084,0.040377,81,83,0.249113,0.000771,25404465,339259569,78626,14.82766,no,2170549.03,-0.398312,Non signif,Non signif
30009,Basiliano,30,Udine,6,46.016319,13.107126,3,0,1,1,1,416,35846076,304621475,340467551,37281.4,99973.1,0.958566,43.0454,5345,124.17122387061103,0,0,0,0,0,0,0,0,0,22.91097,no,780044.19,0.055026,Non signif,Non signif
17171,San Felice del Benaco,17,Brescia,3,45.589546,10.551733,4,0,1,1,2,1051,97447574,152244652,249692226,22102.6,176492.1,0.923613,20.218,3395,167.91967553665052,0,13.416206,0,19,0,0.663577,0,0,64663999,20.48295,no,511443.34,0.032572,Non signif,Non signif
30066,Osoppo,30,Udine,6,46.255978,13.08086,4,0,0,2,2,1517,33689021,1178640707,1212329728,98640.4,1556019.3,0.890731,22.4043,2865,127.87723785166241,0.39642,1.755959,62,0,0.017694,0.078376,596091,20854780,2640410,22.91097,no,2777565.02,-0.441177,Low-Low,Coldspot 99%
6009,Arquata Scrivia,6,Alessandria,1,44.687845,8.885338,2,0,1,1,0,112,55363436,0,55363436,4050.6,40988.3,0.911193,29.2434,6397,218.75021372343843,0.033166,2.13651,3,16,0.001134,0.07306,62790,0,4044828,20.84217,no,115389.42,-0.87056,Non signif,Non signif
79009,Belcastro,79,Catanzaro,18,39.017992,16.786408,1,0,1,0,0,12,1800297,0,1800297,99.8,6097.3,0.656294,53.558,1387,25.89715822099406,0.144889,1.36114,5,1,0.002705,0.025414,4870,0,45753,52.451966,no,9442.91,0.189246,Non signif,Non signif
17151,Pozzolengo,17,Brescia,3,45.40597,10.631373,3,0,2,1,0,182,56829346,0,56829346,4820.7,37068.1,0.913733,21.328000000000003,3558,166.82295573893472,0,0.636498,0,14,0,0.029843,0,0,1695975,20.48295,no,116403.26,-0.378433,Non signif,Non signif
54041,Pietralunga,54,Perugia,10,43.442205,12.437194,2,0,0,2,0,157,51764340,0,51764340,7236.7,47941.6,0.911134,140.4225,2079,14.805319660310847,14.40479,0,367,0,0.102582,0,5310078,0,0,38.922787,no,201481.24,0.704448,Non signif,Coldspot 95%
62041,Molinara,62,Benevento,15,41.29063,14.910343,1,0,1,0,0,10,22032936,0,22032936,1260.5,10911.4,0.922154,24.164099999999998,1593,65.9242429885657,6.426627,0,217,0,0.265958,0,5859828,0,0,40.937916,no,90198.25,-0.069929,Non signif,Non signif
41021,Isola del Piano,41,Pesaro e Urbino,11,43.737761,12.784057,1,0,0,0,1,308,0,75565512,75565512,14469.3,72784.4,0.915688,23.3028,600,25.74797878366548,0.698924,0,6,0,0.029993,0,0,2266447,0,24.621765,no,186055.63,1.02069,Non signif,Non signif
42025,Monsano,42,Ancona,11,43.562561,13.25007,4,0,2,2,0,251,58292210,0,58292210,8506.6,63852.9,0.886575,14.6647,3375,230.14449664841422,1.421164,0,162,0,0.096911,0,5649130,0,0,27.781362,no,161943.7,1.153638,Non signif,Non signif
17193,Vallio Terme,17,Brescia,3,45.610193,10.390175,1,0,1,0,0,10,14872896,0,14872896,898.3,8765.8,0.928704,14.8577,1408,94.76567705634116,0.98247,0.068527,202,8,0.066125,0.004612,983475,0,68597,20.48295,no,30464.08,-1.039303,Non signif,Non signif
98021,Cornegliano Laudense,98,Lodi,3,45.286169,9.487957,1,0,1,0,0,26,11573256,0,11573256,490.3,36538.2,0.66842,5.6999,2920,512.2896892927946,0,0,0,0,0,0,0,0,0,19.574231,no,22653.76,0.368394,Non signif,Non signif
62061,San Lorenzello,62,Benevento,15,41.277366,14.542832,1,0,0,0,1,250,0,27282631,27282631,1799.9,16907.3,0.96165,13.8835,2207,158.96567868332914,4.018461,0.238547,759,9,0.289441,0.017182,0,7896726,0,40.937916,no,111689.41,-0.389379,Non signif,Non signif
22025,Brentonico,22,Trento,4,45.818774,10.956013,1,0,0,1,0,55,45813796,0,45813796,8242,29551.4,0.952352,57.1408,3961,69.31999551983871,9.791687,0,125,0,0.171361,0,7850684,0,0,14.82766,no,67931.14,0.783207,High-Low,Coldspot 99%
21086,Sarentino/Sarntal,21,Bolzano/Bozen,4,46.695259,11.387379,1,0,0,1,0,103,11808844,0,11808844,3447,9952.1,0.972903,302.27459999999996,7098,23.481959780940908,0,0.47763,0,855,0,0.00158,0,0,18659,10.80791,no,12762.89,-1.713494,Low-Low,Coldspot 99%
30123,Torviscosa,30,Udine,6,45.822216,13.276933,3,0,1,2,0,324,96582019,0,96582019,9773.5,74666.2,0.934663,48.6228,2829,58.18258101137738,0,1.27016,0,4,0,0.026123,0,0,2522985,22.91097,no,221278.78,-0.424184,Non signif,Non signif
70002,Baranello,70,Campobasso,14,41.526026,14.559428,1,0,0,1,0,97,24347824,0,24347824,3520.7,50101.9,0.790326,24.9951,2619,104.7805369852491,1.046039,0.187226,24,2,0.04185,0.007491,1018951,0,182378,35.851049,no,87289.5,1.120099,Non signif,Non signif
31025,Villesse,31,Gorizia,6,45.863908,13.44023,6,0,0,6,0,429,164069971,0,164069971,20810.3,190978,0.8814,12.0537,1698,140.86960850195376,0,5.493355,0,808,0,0.45574,0,0,74773273,23.340869,no,382953.57,0.561545,Non signif,Non signif
21042,Lasa/Laas,21,Bolzano/Bozen,4,46.616614,10.700159,1,0,0,1,0,56,26319575,0,26319575,1167,8203.2,0.977613,110.225,4028,36.54343388523475,0,0,0,0,0,0,0,0,0,10.80791,no,28445.96,-2.577798,Non signif,Coldspot 95%
13242,Vertemate con Minoprio,13,Como,3,45.728215,9.078415,2,0,1,0,1,35,5036253,56429474,61465727,4280.9,67753.3,0.91506,5.747000000000001,4162,724.2039324865146,0.003118,0.191013,0,5,0.000543,0.033237,2732,30615,167390,12.029442,no,73939.84,-0.475293,Non signif,Non signif
13100,Fenegrò,13,Como,3,45.701637,8.999679,1,0,1,0,0,20,10794661,0,10794661,1252.2,21199.7,0.782748,5.3603,3236,603.6975542413671,0,0,0,0,0,0,0,0,0,12.029442,no,12985.37,0.593331,Non signif,Non signif
13003,Albavilla,13,Como,3,45.803117,9.188483,6,0,5,1,0,137,82652170,0,82652170,10130,57563.7,0.924789,10.3794,6361,612.848526889801,0.537799,0.00226,106,1,0.051814,0.000218,4282546,0,17997,12.029442,no,99425.95,0.553187,Non signif,Non signif
42019,Filottrano,42,Ancona,11,43.436659,13.354474,3,0,0,2,1,520,13757467,51736381,65493848,7534.9,120170.9,0.7387,71.2026,9332,131.062629735431,8.674135,0,560,0,0.121823,0,1675980,6302696,0,27.781362,no,181950.83,0.830769,Non signif,Non signif
72018,Cellamare,72,Bari,16,41.019333,16.928288,1,0,1,0,0,33,5391351,0,5391351,522.6,9265.3,0.828748,5.910900000000001,5792,979.8846199394338,0,0,0,0,0,0,0,0,0,14.160402,no,7634.37,0.65419,High-High,Hotspot 99%
54035,Norcia,54,Perugia,10,42.792412,13.092928,1,0,0,1,0,58,11984688,0,11984688,686.1,16491.6,0.859714,275.5811,4888,17.737065422846488,11.111184,0.077875,54,25,0.040319,0.000283,483212,0,3387,38.922787,no,46647.75,-0.481316,Non signif,Non signif
69065,Perano,69,Chieti,13,42.103137,14.394017,1,0,1,0,0,16,7146899,0,7146899,530.6,8300,0.868128,6.4826999999999995,1592,245.57668872537678,0.377925,0,41,0,0.058297,0,416646,0,0,28.116343,no,20094.47,,,
96065,Strona,96,Biella,1,45.616565,8.169122,1,0,0,1,0,134,47620641,0,47620641,8769.4,33596.1,0.936962,3.7187,1080,290.4240729287116,0.049639,0.068196,5,6,0.013348,0.018339,635663,0,873299,19.06674,no,90797.04,0.577038,High-Low,Coldspot 99%
96068,Tollegno,96,Biella,1,45.593049,8.051676,3,0,0,2,1,359,48201455,57981989,106183444,3146.9,99874,0.891015,3.3144,2469,744.931209268646,0.02595,0.228146,4,50,0.007829,0.068835,377392,453968,3317937,19.06674,no,202457.22,-1.289905,Low-Low,Coldspot 99%
96063,Sordevolo,96,Biella,1,45.573638,7.974245,1,0,0,1,0,67,23437571,0,23437571,3042.1,10695,0.968304,13.738399999999999,1367,99.50212542945322,0.098097,0.078159,2,2,0.00714,0.005689,167352,0,133338,19.06674,no,44687.81,-0.181681,Low-Low,Coldspot 99%
79127,Sellia Marina,79,Catanzaro,18,38.899625,16.74433,4,0,2,2,0,128,64852525,0,64852525,11478.3,68995.1,0.869644,41.455799999999996,7763,187.2596838078146,0.846845,3.119633,446,84,0.020428,0.075252,1324785,0,4880284,52.451966,no,340164.24,0.479497,Non signif,Non signif
4041,Caramagna Piemonte,4,Cuneo,1,44.782241,7.739429,5,0,3,1,1,354,69213659,66645192,135858851,14864.8,135571.2,0.894533,26.329099999999997,3058,116.14525373066304,0,1.820828,0,28,0,0.069156,0,0,4786573,16.396584,no,222762.11,-0.012189,Non signif,Non signif
3043,Castelletto sopra Ticino,3,Novara,1,45.712169,8.642977,2,0,1,1,0,131,23337627,0,23337627,2603.1,20211.3,0.930239,14.6414,9969,680.8775117133607,0.061777,1.096636,11,193,0.004219,0.0749,98469,0,1747981,12.08995,no,28215.08,-0.370803,Non signif,Non signif
19088,San Bassano,19,Cremona,3,45.243546,9.807876,1,0,0,0,1,230,0,146394416,146394416,22120.7,112854.9,0.926494,13.9266,2170,155.8169258828429,0,0,0,0,0,0,0,0,0,21.210647,no,310512.02,-0.084601,Low-High,Hotspot 99%
36028,Novi di Modena,36,Modena,8,44.893439,10.901254,2,0,1,1,0,168,51054324,0,51054324,10932.4,45891.9,0.881537,51.8232,10107,195.02848145232252,0,3.374929,0,219,0,0.065124,0,0,3324857,36.541065,no,186557.94,-0.356206,Non signif,Non signif
10006,Busalla,10,Genova,7,44.573483,8.9433,4,0,2,2,0,157,51177307,0,51177307,5511,57491.9,0.881643,17.0621,5545,324.9893037785501,0.815761,0.536874,58,864,0.047811,0.031466,2446853,0,1610339,24.504626,no,125408.08,0.085045,Non signif,Non signif
87055,Zafferana Etnea,87,Catania,19,37.693285,15.10646,2,0,2,0,0,53,11833864,0,11833864,441.2,14406.5,0.825833,76.8664,9607,124.98308753889866,0,0,0,0,0,0,0,0,0,36.827421,no,43581.07,-0.850182,Non signif,Non signif
75094,Zollino,75,Lecce,16,40.206006,18.250589,1,0,0,1,0,43,26238505,0,26238505,4497.7,21054,0.936531,9.9547,1961,196.9923754608376,0,0,0,0,0,0,0,0,0,14.108941,no,37019.75,0.389115,Non signif,Non signif
76007,Avigliano,76,Potenza,17,40.729718,15.720264,1,0,0,1,0,53,11192701,0,11192701,462.7,5173.4,0.966955,85.48190000000001,11350,132.77664628418412,5.915083,0,1575,0,0.069197,0,774500,0,0,40.913322,no,45793.06,-1.274678,Non signif,Non signif
13201,Rovellasca,13,Como,3,45.669411,9.050151,1,0,0,1,0,42,16876799,0,16876799,2012.8,13888.2,0.916313,3.568,7797,2185.2578475336322,0,0.072263,0,30,0,0.020253,0,0,341807,12.029442,no,20301.85,0.618071,Non signif,Non signif
18135,San Genesio ed Uniti,18,Pavia,3,45.234765,9.178551,2,0,2,0,0,65,21502766,0,21502766,3599.3,17054.9,0.920116,9.2688,3907,421.52166407733466,0,0,0,0,0,0,0,0,0,18.961299,no,40772.04,1.000743,Non signif,Non signif
13022,Beregazzo con Figliaro,13,Como,3,45.771006,8.958279,1,0,0,1,0,140,14476478,0,14476478,1546.3,20605.1,0.903002,3.8047000000000004,2772,728.5725549977658,0,0.141386,0,2,0,0.037161,0,0,537959,12.029442,no,17414.4,0.431432,Non signif,Non signif
97076,Sirtori,97,Lecco,3,45.736579,9.330845,2,0,2,0,0,51,15128069,0,15128069,2161.9,16190.2,0.911878,4.2908,2804,653.4911904539946,0.000009,0,0,0,0.000002,0,32,0,0,14.425007,no,21822.25,1.016391,High-Low,Coldspot 99%
30133,Villa Santina,30,Udine,6,46.414096,12.920748,1,0,0,1,0,80,19400426,0,19400426,2970.6,35125.9,0.832816,12.9949,2204,169.60499888417763,2.279717,0.030849,76,0,0.175432,0.002374,3403449,0,46055,22.91097,no,44448.26,0.029506,High-Low,Coldspot 99%
4147,Narzole,4,Cuneo,1,44.595438,7.869835,1,0,0,1,0,102,2564258,0,2564258,289.8,5078,0.931482,26.183000000000003,3490,133.29259443150133,6.32514,0.599175,523,50,0.241574,0.022884,619459,0,58681,16.396584,no,4204.51,2.005667,Non signif,Non signif
26060,Portobuffolè,26,Treviso,5,45.853838,12.538337,2,1,0,1,0,80,21930677,0,21930677,3656.3,24249.3,0.898252,5.0798000000000005,766,150.7933383204063,0,0,0,0,0,0,0,0,0,21.139592,no,46360.56,0.950062,Non signif,Non signif
69030,Fara Filiorum Petri,69,Chieti,13,42.248697,14.185918,1,0,0,1,0,224,87902983,0,87902983,15867,61771.5,0.939894,14.9642,1986,132.71675064487243,2.759567,0.079512,83,2,0.184411,0.005313,16210300,0,467071,28.116343,no,247151.04,0.62325,Non signif,Non signif
63054,Pimonte,63,Napoli,15,40.673608,14.509838,1,0,0,1,0,86,25949486,0,25949486,2613.8,14938.8,0.953616,12.5396,6003,478.72340425531917,8.982432,0.268109,704,186,0.716325,0.021381,18588272,0,554826,35.751904,no,92774.35,-0.985284,Non signif,Non signif
53018,Orbetello,53,Grosseto,9,42.438094,11.210743,1,0,0,1,0,102,25475923,0,25475923,1141.7,12181.4,0.938677,226.801,14744,65.00853170841398,58.385461,67.739211,2049,1143,0.25743,0.298672,6558276,0,7608956,19.796812,no,50434.2,-2.326642,Low-Low,Coldspot 99%
62056,Reino,62,Benevento,15,41.291903,14.823823,1,0,0,1,0,58,10459324,0,10459324,772.1,11053.6,0.892321,23.6388,1152,48.733438245596226,8.320731,0.432979,384,12,0.351995,0.018316,3681626,0,191578,40.937916,no,42818.29,-0.583808,Non signif,Non signif
11013,Follo,11,La Spezia,7,44.172831,9.832864,5,0,2,3,0,324,135703106,0,135703106,6698.3,112944.7,0.883794,23.2707,6296,270.5548178610871,1.091416,1.942768,102,1186,0.046901,0.083486,6364593,0,11329253,28.212129,no,382847.35,-0.230925,Non signif,Non signif
4116,Manta,4,Cuneo,1,44.615872,7.48702,2,0,2,0,0,77,23100694,0,23100694,1919.6,18673.3,0.916011,11.7346,3807,324.42520409728496,0.386821,0.00765,180,0,0.032964,0.000652,761495,0,15060,16.396584,no,37877.25,-0.648372,Non signif,Non signif
56011,Canepina,56,Viterbo,12,42.380961,12.233652,1,0,1,0,0,29,12099121,0,12099121,729.3,15311.8,0.851376,20.848000000000003,3025,145.09785111281656,0.003866,0,15,0,0.000185,0,2244,0,0,19.086634,no,23093.15,-0.68652,Non signif,Coldspot 95%
4096,Genola,4,Cuneo,1,44.588936,7.66453,4,0,3,1,0,179,71573537,0,71573537,5603.2,85381.7,0.846379,13.7226,2650,193.11209246061242,0,0.311441,0,8,0,0.022695,0,0,1624396,16.396584,no,117356.15,-0.175702,Non signif,Non signif
76002,Acerenza,76,Potenza,17,40.792121,15.936568,1,0,0,1,0,16,34969878,0,34969878,2711.2,17761.3,0.934631,77.6435,2337,30.099106815122965,5.504657,2.242164,78,7,0.070897,0.028878,2479244,0,1009849,40.913322,no,143073.39,-0.242873,Non signif,Non signif
82004,Altavilla Milicia,82,Palermo,19,38.042734,13.550893,1,0,0,1,0,53,32791050,0,32791050,2891.2,24363.4,0.908621,23.784200000000002,8340,350.65295448238743,2.113985,0.24788,68,25,0.088882,0.010422,2914531,0,341750,29.57954,no,96994.42,-0.275751,Non signif,Non signif
83098,Torregrotta,83,Messina,19,38.191637,15.352439,1,0,1,0,0,11,10287160,0,10287160,1333.2,10592.1,0.86513,4.1261,7403,1794.1882164756064,0,0,0,0,0,0,0,0,0,44.663628,no,45946.19,0.252732,Non signif,Non signif
14039,Mantello,14,Sondrio,3,46.152491,9.488941,1,0,0,1,0,108,17907792,0,17907792,1667.9,12061.3,0.930199,3.7843999999999998,765,202.14565056547934,0.281048,0.50984,96,83,0.074265,0.134721,1329920,0,2412564,12.776609,no,22880.09,-0.066006,Non signif,Non signif
65146,Teggiano,65,Salerno,15,40.379209,15.540465,7,0,2,4,1,359,83916072,76452203,160368275,13253.4,179033.6,0.897206,61.8666,7794,125.98073920338277,7.509821,0.358616,367,0,0.121387,0.005797,10186347,9280328,486428,25.585615,no,410312.09,-0.04105,Non signif,Non signif
18113,Pieve del Cairo,18,Pavia,3,45.049957,8.804146,1,0,1,0,0,46,7921017,0,7921017,834.9,8304,0.884474,25.1063,1962,78.14771591194241,0,4.174909,0,53,0,0.166289,0,0,1317180,18.961299,no,15019.28,0.943392,Non signif,Non signif
4225,Tarantasca,4,Cuneo,1,44.493679,7.543677,2,0,1,1,0,35,33779526,0,33779526,5096.1,41978.9,0.842077,12.2018,2112,173.08921634512942,0,0,0,0,0,0,0,0,0,16.396584,no,55386.88,0.470199,Non signif,Non signif
16093,Endine Gaiano,16,Bergamo,3,45.792486,9.969058,2,1,0,1,0,103,36720473,0,36720473,7514,37912,0.864215,21.0693,3460,164.21997883175996,0.082362,0,53,0,0.003909,0,143544,0,0,21.203762,no,77861.22,0.916295,Non signif,Non signif
65046,Contursi Terme,65,Salerno,15,40.649513,15.239355,1,0,1,0,0,20,7733163,0,7733163,890.3,6991.1,0.905455,28.9347,3332,115.15585093330846,8.818601,0.908244,464,46,0.304776,0.031389,2356882,0,242740,25.585615,no,19785.77,-0.547271,Non signif,Non signif
75044,Melissano,75,Lecce,16,39.971065,18.125779,3,0,2,1,0,271,41172636,0,41172636,7542,41320.8,0.893662,12.549000000000001,7129,568.0930751454299,0.076756,0.650179,62,11,0.006117,0.051811,251833,0,2133205,14.108941,no,58090.23,0.344961,Non signif,Hotspot 95%
5058,Incisa Scapaccino,5,Asti,1,44.808456,8.373444,2,0,2,0,0,21,14189596,0,14189596,2054.5,16275.8,0.884757,20.704,2208,106.64605873261205,1.696028,0.010964,129,0,0.081918,0.00053,1162382,0,7514,21.748752,no,30860.6,0.155476,Non signif,Non signif
67027,Montefino,67,Teramo,13,42.54432,13.884238,1,0,0,1,0,58,8725741,0,8725741,1032.2,8923.6,0.92206,18.594,1018,54.74884371302571,5.395791,0.152167,164,3,0.29019,0.008184,2532122,0,71409,27.38232,no,23893.1,-0.35818,Non signif,Non signif
12137,Venegono Superiore,12,Varese,3,45.751383,8.90476,2,0,1,1,0,106,31708282,0,31708282,1676.6,23815.1,0.932843,6.7339,7293,1083.027665988506,0,0.010857,0,3,0,0.001612,0,0,51123,11.229804,no,35607.78,-1.066603,Non signif,Non signif
87009,Bronte,87,Catania,19,37.78716,14.833845,6,1,2,1,2,430,21086282,205460915,226547197,39161.3,277471.7,0.850111,250.8605,18963,75.59181297972378,0.529556,0,66,0,0.002111,0,44512,433719,0,36.827421,no,834314.9,0.376765,Non signif,Non signif
64110,Torre Le Nocelle,64,Avellino,15,41.023118,14.909343,1,0,1,0,0,42,10410944,0,10410944,589.8,5677.4,0.949629,10.0418,1263,125.77426357824294,0.215942,0.129834,6,3,0.021504,0.012929,223880,0,134607,37.737871,no,39288.69,-1.007842,Non signif,Hotspot 95%
16108,Gandino,16,Bergamo,3,45.811533,9.903118,6,0,3,3,0,221,165852779,0,165852779,10091,114966.7,0.931895,29.0323,5390,185.65528738680712,3.008781,1.642057,20,97,0.103636,0.05656,17188259,0,9380577,21.203762,no,351670.28,-0.680297,Non signif,Non signif
4170,Pocapaglia,4,Cuneo,1,44.715241,7.882933,1,0,0,1,0,51,10659389,0,10659389,1014.2,12197,0.89523,17.4777,3319,189.8991286038781,0.366645,0.008281,11,7,0.020978,0.000474,223611,0,5050,16.396584,no,17477.76,-0.114578,Non signif,Non signif
98055,Sordio,98,Lodi,3,45.341143,9.365693,3,0,2,1,0,128,46232162,0,46232162,3716.3,73948,0.740713,2.8206,3415,1210.735304545132,0,0,0,0,0,0,0,0,0,19.574231,no,90495.9,0.893727,Non signif,Non signif
5066,Mombercelli,5,Asti,1,44.81771,8.294669,1,0,1,0,0,9,5273747,0,5273747,471,7138.3,0.84285,14.2323,2208,155.1400687169326,0.542215,0.75424,35,90,0.038097,0.052995,200917,0,279482,21.748752,no,11469.74,0.406007,Non signif,Coldspot 95%
58072,Nettuno,58,Roma,12,41.457538,12.661425,3,0,2,1,0,161,28507222,0,28507222,1255.9,41143.3,0.798833,71.6426,49852,695.8429761063948,0.103712,0,46,0,0.001448,0,41268,0,0,29.689549,no,84636.66,0.524913,Non signif,Non signif
18141,Sant'Alessio con Vialone,18,Pavia,3,45.224687,9.229855,2,0,1,1,0,45,22021309,0,22021309,2111.5,22996.1,0.890816,6.557300000000001,965,147.16422917969285,0,0.126316,0,2,0,0.019263,0,0,424206,18.961299,no,41755.26,0.668906,Non signif,Non signif
18035,Cassolnovo,18,Pavia,3,45.36556,8.810088,3,0,1,2,0,149,53778702,0,53778702,6507.3,42272.7,0.924028,31.7396,6976,219.788529156007,0,5.22995,0,27,0,0.164777,0,0,8861483,18.961299,no,101971.41,0.043895,Non signif,Non signif
17025,Bovezzo,17,Brescia,3,45.593137,10.24348,3,0,1,1,1,324,32234193,656083000,688317193,31974.2,191153.1,0.864996,6.4115,7433,1159.3230913202838,0.0954,0.015775,0,16,0.01488,0.00246,479629,9762196,79310,20.48295,no,1409876.66,-0.301419,Non signif,Non signif
23036,Garda,23,Verona,5,45.575651,10.70853,1,0,0,1,0,42,20420676,0,20420676,1225.8,24993.8,0.878394,14.3701,4117,286.4976583322315,0.748739,7.641985,100,54,0.052104,0.531798,1063998,0,10859667,20.167921,no,41184.26,0.155486,Non signif,Non signif
21114,Villandro/Villanders,21,Bolzano/Bozen,4,46.632934,11.540101,1,0,0,1,0,42,24643625,0,24643625,2900.7,13942.4,0.943123,43.9507,1853,42.16087570846426,0,0,0,0,0,0,0,0,0,10.80791,no,26634.61,-0.193325,Non signif,Non signif
21026,Corvara in Badia/Corvara,21,Bolzano/Bozen,4,46.549574,11.874034,4,0,2,2,0,239,121055091,0,121055091,17866.2,52087.8,0.920798,38.9233,1372,35.24880983883689,4.279372,0,7,0,0.109944,0,13309246,0,0,10.80791,no,130835.26,-0.683616,Non signif,Coldspot 95%
15046,Canegrate,15,Milano,3,45.570538,8.926792,4,1,1,2,0,176,66000561,0,66000561,5311.4,70963.8,0.837137,5.2539,12574,2393.269761510497,0,0.044827,0,59,0,0.008532,0,0,563126,15.050002,no,99330.86,0.595434,Non signif,Non signif
1112,Gassino Torinese,1,Torino,1,45.13165,7.827624,1,0,1,0,0,49,9172300,0,9172300,323.7,6478.1,0.936289,20.5112,9494,462.8690666562659,1.473843,1.425827,129,6,0.071856,0.069515,659080,0,637608,20.594868,no,18890.23,-1.876837,Non signif,Non signif
97052,Monte Marenzo,97,Lecco,3,45.770781,9.454647,1,0,0,1,0,95,14814442,0,14814442,1858.7,19159.6,0.896217,3.0584,1896,619.9319905833116,0.122819,0.092781,11,11,0.040158,0.030336,594917,0,449418,14.425007,no,21369.84,0.32543,Non signif,Non signif
27043,Vigonovo,27,Venezia,5,45.387011,12.007514,2,0,1,1,0,114,44334749,0,44334749,5136.5,54077.6,0.88618,12.8659,9998,777.0929355894264,0,0.832453,0,338,0,0.064702,0,0,2868559,17.526854,no,77704.87,0.168525,Non signif,Non signif
68022,Manoppello,68,Pescara,13,42.25778,14.059958,2,0,2,0,0,24,8354938,0,8354938,233.2,7211.1,0.896939,39.263200000000005,6920,176.24645978931923,2.816158,0.762449,248,18,0.071725,0.019419,599259,0,162244,27.533978,no,23004.47,-1.225931,Non signif,Non signif
21096,Terento/Terenten,21,Bolzano/Bozen,4,46.8288,11.776016,1,0,1,0,0,31,11725276,0,11725276,1240.9,10019.4,0.928201,42.162,1753,41.577724016887245,0.233108,0,4,0,0.005529,0,64827,0,0,10.80791,no,12672.57,0.732134,Non signif,Non signif
28104,Villanova di Camposampiero,28,Padova,5,45.490456,11.97302,6,0,2,3,1,368,80780959,80337687,161118646,24945.9,134282.4,0.934207,12.226300000000002,6121,500.6420585132051,0,0.529132,0,370,0,0.043278,0,0,3496053,17.804557,no,286864.61,0.641771,Non signif,Non signif
11016,Lerici,11,La Spezia,7,44.073607,9.909914,2,0,2,0,0,59,23755395,0,23755395,1027.5,38689.9,0.813795,16.0081,10133,632.9920477758135,1.653704,1.084847,953,393,0.103304,0.067769,2454032,0,1609871,28.212129,no,67019.03,-0.70817,Non signif,Non signif
53019,Pitigliano,53,Grosseto,9,42.634827,11.673549,1,0,1,0,0,11,4085014,0,4085014,292.2,15154.8,0.624618,101.9701,3757,36.84413372155171,8.159134,1.533852,414,5,0.080015,0.015042,326862,0,61447,19.796812,no,8087.03,0.907526,High-Low,Coldspot 99%
61065,Presenzano,61,Caserta,15,41.376619,14.07642,1,1,0,0,0,8,2382824,0,2382824,297.1,4508.9,0.773109,31.8931,1778,55.74873561993033,5.674736,1.201595,594,55,0.17793,0.037676,423976,0,89775,28.435248,no,6775.62,0.561087,Non signif,Non signif
31015,Romans d'Isonzo,31,Gorizia,6,45.890606,13.438219,2,0,0,2,0,159,32547623,0,32547623,4377.4,37902.3,0.890862,15.4985,3717,239.8296609349292,0,0.674233,0,12,0,0.043503,0,0,1415923,23.340869,no,75968.98,0.2184,Non signif,Non signif
58067,Moricone,58,Roma,12,42.117096,12.771639,1,1,0,0,0,8,2694433,0,2694433,148,2480.6,0.886588,19.5875,2559,130.64454371410338,0.013874,0,0,0,0.000708,0,1908,0,0,29.689549,no,7999.65,-1.632084,Non signif,Non signif
1293,Verolengo,1,Torino,1,45.190053,7.968226,1,0,1,0,0,24,10455994,0,10455994,1023,16647.6,0.839268,29.4886,4854,164.60598332915092,0,4.282804,0,23,0,0.145236,0,0,1518586,20.594868,no,21533.98,0.195906,Non signif,Non signif
84012,Casteltermini,84,Agrigento,19,37.540835,13.643187,1,0,0,1,0,95,34074782,0,34074782,8155.7,29691.2,0.930505,99.9831,7976,79.77348171841042,3.049939,0.347922,232,9,0.030505,0.00348,1039436,0,118574,20.102118,no,68497.53,1.237977,High-High,Hotspot 99%
80096,Villa San Giovanni,80,Reggio di Calabria,18,38.220112,15.637381,3,0,1,2,0,228,29863297,0,29863297,2907.7,28987.9,0.90725,12.174900000000001,13667,1122.555421399765,0,0.045963,0,148,0,0.003775,0,0,112741,48.652369,no,145292.01,0.552104,Non signif,Non signif
15015,Basiglio,15,Milano,3,45.349152,9.164589,4,0,1,3,0,419,188188858,0,188188858,14665.2,92327.7,0.915111,8.4924,7926,933.3050727709482,0,0,0,0,0,0,0,0,0,15.050002,no,283224.27,-0.127612,Non signif,Non signif
40019,Meldola,40,Forlì-Cesena,8,44.126721,12.061153,4,0,2,1,1,615,29236492,134929993,164166485,8448.6,115946.2,0.904467,79.0787,9978,126.17809852716346,42.018087,3.159753,1018,366,0.531345,0.039957,15534669,71694403,1168205,31.154462,no,511451.85,-0.119775,Non signif,Non signif
87006,Adrano,87,Catania,19,37.661777,14.833099,3,0,2,1,0,168,27756376,0,27756376,2616.5,42853,0.842137,83.22200000000001,35633,428.1680324914085,0.689532,0,49,0,0.008285,0,229974,0,0,36.827421,no,102219.57,0.380481,Non signif,Non signif
7034,Hône,7,Valle d'Aosta/Vallée d'Aoste,2,45.613726,7.737831,1,0,0,1,0,134,38306964,0,38306964,8028.3,44308.4,0.908522,12.638499999999999,1143,90.43794754124303,9.317095,1.53743,125,201,0.737199,0.121647,28239872,0,4659910,17.572597,no,67315.28,0.697943,High-Low,Coldspot 99%
52004,Casole d'Elsa,52,Siena,9,43.341697,11.042949,3,0,0,3,0,181,72124521,0,72124521,7021.7,49439.3,0.932018,148.6911,3852,25.90605624680966,27.410339,1.461332,350,14,0.184344,0.009828,13295736,0,708838,24.090373,no,173750.66,-1.389997,Non signif,Non signif
111034,Guspini,111,Sud Sardegna,20,39.54134,8.633131,2,0,1,1,0,167,36316660,0,36316660,6207.9,45942.9,0.866517,174.66819999999998,11725,67.12727331019613,3.367768,2.674792,182,9,0.019281,0.015314,700220,0,556137,15.448131,si,56102.45,1.077048,Non signif,Non signif
61104,San Marco Evangelista,61,Caserta,15,41.037018,14.336294,7,0,1,6,0,276,96721123,0,96721123,9376.3,153340.8,0.823561,5.7017,6577,1153.515618148973,0,0,0,0,0,0,0,0,0,28.435248,no,275028.91,0.05561,Non signif,Non signif
19100,Spinadesco,19,Cremona,3,45.148751,9.929672,1,0,1,0,0,21,5932570,0,5932570,309.5,7852.2,0.79016,17.2147,1512,87.83191109923496,0,9.55039,0,392,0,0.554781,0,0,3291278,21.210647,no,12583.36,1.836095,Non signif,Non signif
60045,Morolo,60,Frosinone,12,41.638218,13.197097,2,0,1,1,0,58,38998979,0,38998979,4924.5,41369.7,0.896005,26.5715,3250,122.31149916263666,7.324977,0.118877,680,5,0.27567,0.004474,10750866,0,174476,34.188464,no,133331.52,0.423487,Non signif,Non signif
40041,San Mauro Pascoli,40,Forlì-Cesena,8,44.106463,12.414898,9,0,2,6,1,736,145696019,84847276,230543295,29502.6,212433.3,0.913584,17.2876,11929,690.0321617806983,0,7.420998,0,1441,0,0.429267,0,0,62542508,31.154462,no,718245.22,-0.196441,Non signif,Non signif
23001,Affi,23,Verona,5,45.554091,10.776424,5,0,2,3,0,289,49675284,0,49675284,4749.9,55346.8,0.903642,9.881499999999999,2333,236.0977584374842,0,0.137521,0,59,0,0.013917,0,0,691332,20.167921,no,100184.72,-0.17128,Non signif,Non signif
46024,Pietrasanta,46,Lucca,9,43.958903,10.233203,9,0,5,3,1,599,121872043,31302427,153174470,13210.5,141851.2,0.91342,41.6043,23662,568.7392889677269,5.636032,2.046765,1152,1300,0.135468,0.049196,16509705,4240463,5995617,29.45658,no,451199.61,-0.43621,Non signif,Non signif
17023,Botticino,17,Brescia,3,45.543262,10.323184,4,0,1,3,0,266,88546471,0,88546471,9891.1,55800.1,0.928364,18.4827,10857,587.4141765001866,1.298537,0.430911,418,73,0.070257,0.023314,6221000,0,2064398,20.48295,no,181369.29,0.62202,Non signif,Non signif
18076,Gropello Cairoli,18,Pavia,3,45.178609,8.994031,1,0,0,1,0,52,12088395,0,12088395,421.4,10990.8,0.914219,26.2163,4500,171.64893596731804,0,1.590957,0,10,0,0.060686,0,0,733594,18.961299,no,22921.17,-1.197162,Low-Low,Coldspot 99%
56013,Capodimonte,56,Viterbo,12,42.546527,11.904755,1,1,0,0,0,9,2918076,0,2918076,249.5,1849.2,0.93355,61.2917,1718,28.029896380749758,0.068741,0.375188,13,4,0.001122,0.006121,3273,0,17863,19.086634,no,5569.62,-0.129646,Non signif,Non signif
4247,Villar San Costanzo,4,Cuneo,1,44.484731,7.382226,1,0,1,0,0,32,6325333,0,6325333,399.9,10665.1,0.825821,19.4961,1576,80.83668015654413,1.258823,0.586241,35,49,0.064568,0.03007,408414,0,190201,16.396584,no,10371.39,-0.198239,Non signif,Non signif
108011,Briosco,108,Monza e della Brianza,3,45.710077,9.240644,4,0,3,1,0,105,31508090,0,31508090,1764.6,31790,0.892704,6.6129,5988,905.5028807331125,0,0.102294,0,7,0,0.015469,0,0,487394,13.279771,no,41842.02,-0.739077,Non signif,Coldspot 95%
1294,Verrua Savoia,1,Torino,1,45.156707,8.092761,1,0,1,0,0,10,5022413,0,5022413,768.2,5183.4,0.88781,31.9436,1403,43.92116104634418,4.750889,9.787647,129,75,0.148727,0.306404,746970,0,1538887,20.594868,no,10343.59,0.532051,Non signif,Non signif
12089,Lonate Ceppino,12,Varese,3,45.704503,8.874286,2,0,0,2,0,100,31610925,0,31610925,4473.9,26673.3,0.893734,4.8367,5012,1036.2437198916616,0.000593,0.182313,0,12,0.000123,0.037694,3876,0,1191532,11.229804,no,35498.45,0.420493,Non signif,Non signif
78058,Fuscaldo,78,Cosenza,18,39.414294,16.029787,1,0,0,1,0,99,23551054,0,23551054,3098.5,15981.4,0.941579,60.797200000000004,8108,133.3614048015369,1.411936,1.020863,177,430,0.023224,0.016791,546943,0,395452,50.996071,no,120101.12,0.127668,Non signif,Non signif
14011,Caiolo,14,Sondrio,3,46.149994,9.814548,2,0,1,1,0,39,25372301,0,25372301,2881.7,38029.2,0.778951,32.9728,1085,32.90591032608696,1.213184,1.550102,0,18,0.036793,0.047012,933535,0,1192791,12.776609,no,32417.2,1.444441,Non signif,Non signif
1092,Colleretto Giacosa,1,Torino,1,45.431887,7.799591,4,0,1,2,1,581,86093673,118538179,204631852,27303.4,222834.8,0.932387,4.5895,579,126.1575335003813,0.206076,0.200118,211,44,0.044902,0.043603,3865746,5322557,3753981,20.594868,no,421436.6,0.170436,High-Low,Coldspot 99%
16190,San Pellegrino Terme,16,Bergamo,3,45.838631,9.664731,2,0,0,2,0,195,66415207,0,66415207,4156.7,35256.4,0.9288,22.9536,4827,210.29381012128815,2.918254,0.210643,779,276,0.127137,0.009177,8443836,0,609486,21.203762,no,140825.22,-0.381577,Non signif,Non signif
83016,Castroreale,83,Messina,19,38.099272,15.210686,1,0,0,1,0,93,3322176,0,3322176,465.5,5557.3,0.970524,53.07020000000001,2396,45.14774770021594,0.508266,0,139,0,0.009577,0,31817,0,0,44.663628,no,14838.04,1.302419,Non signif,Non signif
29037,Polesella,29,Rovigo,5,44.964082,11.750177,1,0,1,0,0,34,14281333,0,14281333,317.2,9407.1,0.929493,16.4131,3906,237.98063741767245,0,0.769487,0,6,0,0.046882,0,0,669544,24.853738,no,35494.45,,,
50011,Castelnuovo di Val di Cecina,50,Pisa,9,43.207998,10.906051,1,0,1,0,0,37,7481457,0,7481457,1013.9,5210.5,0.956173,89.01709999999999,2182,24.51214429587125,12.49807,5.885347,269,28,0.140401,0.066115,1050402,0,494635,28.10564,no,21027.11,0.017898,Non signif,Non signif
61081,San Prisco,61,Caserta,15,41.087115,14.278228,2,0,0,1,1,1027,7918489,34451092,42369581,1624.5,72653.1,0.771233,7.785299999999999,12333,1584.1393395244886,2.073832,0,12,0,0.266378,0,2109311,9177010,0,28.435248,no,120478.96,1.641473,Non signif,Non signif
111059,Samassi,111,Sud Sardegna,20,39.481341,8.907637,1,0,0,1,0,58,18084995,0,18084995,1835.8,64549.9,0.63731,42.044,5110,121.53933973932072,0,2.417379,0,184,0,0.057496,0,0,1039822,15.448131,si,27937.94,0.967383,Non signif,Non signif
58116,Ladispoli,58,Roma,12,41.953722,12.073465,3,1,0,2,0,144,16672172,0,16672172,2077.4,14632.6,0.923089,25.951999999999998,41604,1603.1134401972874,0.16209,0.207547,83,558,0.006246,0.007997,104130,0,133333,29.689549,no,49498.93,0.031909,Non signif,Non signif
16167,Pognano,16,Bergamo,3,45.586378,9.639955,2,0,1,0,1,332,7250794,141656839,148907633,21499.8,134593.4,0.851403,3.2861000000000002,1625,494.50716655001366,0,0,0,0,0,0,0,0,0,21.203762,no,315740.2,0.687815,Non signif,Non signif
12033,Carnago,12,Varese,3,45.722849,8.835848,2,1,0,1,0,48,33247190,0,33247190,2752.9,24716.1,0.911668,6.2132000000000005,6722,1081.890169316938,0,0.056484,0,0,0,0.009091,0,0,302249,11.229804,no,37335.94,-0.459299,Low-Low,Coldspot 99%
7063,Saint-Pierre,7,Valle d'Aosta/Vallée d'Aoste,2,45.709481,7.229142,1,0,0,1,0,51,10953705,0,10953705,737.8,9076.9,0.902543,26.1776,3213,122.73852454006477,7.990051,0.758404,167,54,0.305225,0.028971,3343342,0,317345,17.572597,no,19248.5,0.216442,High-Low,Coldspot 99%
83009,Capo d'Orlando,83,Messina,19,38.159573,14.745073,9,0,5,3,1,882,141192768,215361557,356554325,38704.5,302180.8,0.868717,14.4277,13320,923.2240759095351,0.50215,0,341,0,0.034805,0,4914155,7495568,0,44.663628,no,1592500.96,0.279421,Non signif,Non signif
65097,Polla,65,Salerno,15,40.517112,15.497962,5,0,1,4,0,351,115986375,0,115986375,10829.8,141735.8,0.871854,48.078,5273,109.675943258871,2.089232,1.815065,26,35,0.043455,0.037753,5040194,0,4378776,25.585615,no,296758.27,-0.039998,Non signif,Non signif
71043,Rodi Garganico,71,Foggia,16,41.928745,15.881052,1,0,0,1,0,103,7636077,0,7636077,655.1,6683.8,0.940489,13.4474,3655,271.79975311212576,0.402596,0.436039,604,283,0.029939,0.032426,228613,0,247604,37.634206,no,28737.77,0.466413,Non signif,Non signif
25055,Seren del Grappa,25,Belluno,5,45.989755,11.8449,2,0,1,1,0,107,26474492,0,26474492,3224.5,29104.7,0.912748,62.529700000000005,2448,39.14939620692247,0.004079,0,0,0,0.000065,0,1727,0,0,17.91629,no,47432.47,-0.045161,Non signif,Non signif
16097,Fara Olivana con Sola,16,Bergamo,3,45.49172,9.737362,1,0,1,0,0,48,12058839,0,12058839,2730.5,21123.8,0.837049,5.0407,1292,256.3136072370901,0,0.072704,0,0,0,0.014423,0,0,173929,21.203762,no,25569.27,1.55997,Non signif,Non signif
41015,Fossombrone,41,Pesaro e Urbino,11,43.690797,12.812612,4,0,3,1,0,139,48602854,0,48602854,4370.5,43885.3,0.890668,106.8774,9454,88.45649314073883,3.620811,0,78,0,0.033878,0,1646576,0,0,24.621765,no,119668.81,0.32393,Non signif,Non signif
16173,Pradalunga,16,Bergamo,3,45.746733,9.783129,1,0,0,1,0,104,4846796,0,4846796,199.2,10095.1,0.822278,8.1984,4674,570.1112412177986,0.061502,0.438001,8,600,0.007502,0.053425,36359,0,258941,21.203762,no,10277.03,-0.657229,Non signif,Non signif
1038,Bruino,1,Torino,1,45.021152,7.468551,3,0,1,2,0,220,49800645,0,49800645,2991.4,39956.5,0.914162,5.5702,8605,1544.827833830024,0,0.287506,0,76,0,0.051615,0,0,2570461,20.594868,no,102563.77,-0.252683,Non signif,Non signif
23045,Malcesine,23,Verona,5,45.764344,10.81006,3,0,0,1,2,3885,25336723,3767183403,3792520126,253528.5,2465436,0.883559,69.285,3685,53.18611532077651,5.788676,20.608358,619,301,0.083549,0.297443,2116852,314743511,7536238,20.167921,no,7648724.77,-0.373692,Non signif,Coldspot 95%
94002,Agnone,94,Isernia,14,41.809561,14.377046,1,0,0,1,0,14,16133519,0,16133519,2570,27816.5,0.79605,96.8524,5008,51.70754674122686,10.197276,0.541857,169,4,0.105287,0.005595,1698646,0,90262,43.903663,no,70832.06,0.886629,Non signif,Non signif
15005,Albairate,15,Milano,3,45.421126,8.938136,5,0,3,2,0,187,62321056,0,62321056,4759.4,79161,0.866182,14.982000000000001,4708,314.24375917767986,0,0,0,0,0,0,0,0,0,15.050002,no,93793.2,0.343547,Non signif,Non signif
71005,Ascoli Satriano,71,Foggia,16,41.20612,15.56161,2,0,1,1,0,121,24584163,0,24584163,863.3,29575.6,0.874625,336.6847,6167,18.31684065239674,4.880274,18.269228,1116,30,0.014495,0.054262,356350,0,1333989,37.634206,no,92520.55,-0.036989,Non signif,Non signif
90022,Cargeghe,90,Sassari,20,40.669461,8.614515,1,0,1,0,0,22,7920118,0,7920118,790.6,5761.4,0.927378,12.046600000000002,633,52.5459465741371,1.468694,0,26,0,0.121918,0,965603,0,0,12.837123,si,10167.15,-0.905308,Non signif,Non signif
64116,Venticano,64,Avellino,15,41.049124,14.917637,2,0,1,1,0,105,21153864,0,21153864,1936.8,19696.1,0.907199,14.1568,2539,179.34844032549728,0.086299,0.362946,2,6,0.006096,0.025638,128953,0,542334,37.737871,no,79830.18,0.052991,Non signif,Non signif
16076,Cividate al Piano,16,Bergamo,3,45.554879,9.83096,2,0,1,1,0,108,34209218,0,34209218,2662.4,28501.2,0.89141,9.728200000000001,5185,532.9865751115314,0,0.721313,0,74,0,0.074147,0,0,2536497,21.203762,no,72536.41,-0.160545,Non signif,Non signif
23032,Erbè,23,Verona,5,45.240929,10.968485,1,0,0,1,0,46,23641349,0,23641349,2725.1,19272.6,0.919527,16.1027,1923,119.42096667018575,0,0.001822,0,0,0,0.000113,0,0,2675,20.167921,no,47679.69,-0.049953,Non signif,Non signif
4242,Vicoforte,4,Cuneo,1,44.374442,7.872552,1,0,0,1,0,54,10580618,0,10580618,1325.5,13646.9,0.870841,25.7367,3129,121.57735840259241,0.024102,0.457673,0,33,0.000936,0.017783,9909,0,188154,16.396584,no,17348.6,0.857228,Non signif,Non signif
65154,Vallo della Lucania,65,Salerno,15,40.229704,15.26576,4,0,0,4,0,452,59678523,0,59678523,4066.4,89729.2,0.748285,25.3218,8425,332.7172633856993,3.785938,0.303395,161,37,0.149513,0.011982,8922714,0,715043,25.585615,no,152691.17,0.721172,Non signif,Non signif
68018,Elice,68,Pescara,13,42.518275,13.968282,2,0,0,2,0,78,48490502,0,48490502,5926.9,34685,0.922754,14.31,1693,118.30887491264849,2.298764,0.370464,155,22,0.16064,0.025888,7789533,0,1255345,27.533978,no,133513.64,0.349786,High-High,Hotspot 99%
56009,Bomarzo,56,Viterbo,12,42.481928,12.248764,1,0,1,0,0,20,3966920,0,3966920,372.5,3788.1,0.91262,39.6454,1810,45.65472917412865,1.187887,5.197445,87,11,0.029963,0.131098,118860,0,520057,19.086634,no,7571.51,0.236229,Non signif,Coldspot 95%
12013,Besozzo,12,Varese,3,45.845797,8.666495,4,0,2,2,0,257,47715897,0,47715897,5361.1,49568.7,0.908542,13.9453,9005,645.7372734899931,0.001057,1.605699,0,1,0.000076,0.115143,3617,0,5494136,11.229804,no,53584.02,-0.26619,Non signif,Non signif
42024,Mergo,42,Ancona,11,43.472357,13.036766,1,0,0,1,0,58,25132774,0,25132774,2579.1,24470.6,0.898773,7.277699999999999,1008,138.5052970031741,2.370743,0,90,0,0.325754,0,8187112,0,0,27.781362,no,69822.27,-0.159292,Non signif,Non signif
72002,Adelfia,72,Bari,16,41.004265,16.871653,2,0,0,1,1,748,17537019,14400915,31937934,3388.6,47409.8,0.858249,29.8145,16963,568.9513491757367,0,2.274,0,275,0,0.076272,0,0,1337577,14.160402,no,45225.4,0.544394,Non signif,Non signif
54049,Sigillo,54,Perugia,10,43.33135,12.742284,1,0,0,1,0,71,34382163,0,34382163,1581.7,25168.2,0.920532,26.478099999999998,2355,88.94142706614146,1.573942,0,19,0,0.059443,0,2043785,0,0,38.922787,no,133824.96,-1.165795,Non signif,Non signif
111096,Villacidro,111,Sud Sardegna,20,39.456992,8.736722,2,0,0,0,2,777,0,341334469,341334469,21718.5,490638.3,0.81372,183.47799999999998,14019,76.40698067343224,0.785905,35.390983,12,127,0.004283,0.19289,0,1462063,0,15.448131,si,527297.97,-0.60916,Non signif,Non signif
97065,Pasturo,97,Lecco,3,45.951783,9.442169,2,0,0,2,0,108,39431397,0,39431397,4781.7,41237.5,0.892642,21.784200000000002,1993,91.48832640170397,0.90755,0.137925,0,64,0.041661,0.006331,1642749,0,249657,14.425007,no,56879.82,0.45129,Non signif,Non signif
52017,Monteroni d'Arbia,52,Siena,9,43.229334,11.420933,2,0,0,2,0,220,79327483,0,79327483,7713.1,70390.7,0.908459,105.914,9070,85.6355156070019,3.875052,5.305386,61,211,0.036587,0.050091,2902337,0,3973629,24.090373,no,191102.86,-0.137967,Non signif,Non signif
111051,Ortacesus,111,Sud Sardegna,20,39.539148,9.083526,1,0,0,1,0,30,17448382,0,17448382,938,15438.7,0.891239,23.6263,917,38.81267909067437,0,0,0,0,0,0,0,0,0,15.448131,si,26954.49,-0.49042,Non signif,Non signif
97046,Mandello del Lario,97,Lecco,3,45.919183,9.319341,2,0,1,0,1,339,11569152,164371311,175940463,14390.5,80105,0.960017,43.3316,10313,238.0018277654183,14.605174,7.386297,201,279,0.337056,0.17046,3899452,55402330,1972076,14.425007,no,253794.24,-0.835679,Non signif,Non signif
61032,Curti,61,Caserta,15,41.072914,14.273928,1,0,0,1,0,78,44874656,0,44874656,7557,25926.4,0.95162,1.6894,7077,4189.061205161595,0,0,0,0,0,0,0,0,0,28.435248,no,127602.2,,,
65125,San Pietro al Tanagro,65,Salerno,15,40.456811,15.480662,2,0,1,1,0,60,20850428,0,20850428,3172.2,28303.3,0.883237,15.513599999999999,1707,110.03248762376239,0.317119,0,29,0,0.020441,0,426211,0,0,25.585615,no,53347.1,1.499372,Non signif,Non signif
47011,Montecatini-Terme,47,Pistoia,9,43.883179,10.770953,2,0,2,0,0,30,26775946,0,26775946,1078.9,18718.4,0.908282,17.686700000000002,20540,1161.32461114849,3.045503,0.008018,735,8,0.172192,0.000453,4610596,0,12138,29.709501,no,79550,-0.962781,Non signif,Non signif
19076,Pizzighettone,19,Cremona,3,45.18907,9.789865,2,0,1,0,1,316,2125428,58332599,60458027,11410.4,142778.8,0.853479,32.0615,6465,201.6437159833445,0,2.184142,0,613,0,0.068124,0,0,144792,21.210647,no,128235.38,1.418127,Non signif,Hotspot 95%
60036,Fontana Liri,60,Frosinone,12,41.61002,13.550305,1,0,0,1,0,137,50699160,0,50699160,3312.3,59994.5,0.87758,16.1114,2906,180.36917958712465,2.009878,0,0,0,0.124749,0,6324660,0,0,34.188464,no,173332.64,-0.156065,Non signif,Non signif
108014,Camparada,108,Monza e della Brianza,3,45.655977,9.319646,1,0,0,1,0,49,17542143,0,17542143,1393.2,22730.1,0.86026,1.6337000000000002,2055,1257.8808838832097,0,0,0,0,0,0,0,0,0,13.279771,no,23295.56,0.078451,Non signif,Non signif
21048,Marlengo/Marling,21,Bolzano/Bozen,4,46.655561,11.140291,2,0,2,0,0,73,16473146,0,16473146,1657.4,31347,0.79904,12.863299999999999,2710,210.67688695746816,0,0,0,0,0,0,0,0,0,10.80791,no,17804.03,0.491304,High-Low,Coldspot 99%
99026,Sant'Agata Feltria,99,Rimini,8,43.864302,12.207999,1,0,0,0,1,502,0,152120000,152120000,11006,121458,0.924022,79.7435,2121,26.597779129333425,31.293966,0.93198,881,17,0.392433,0.011687,0,59696879,0,28.763441,no,437549.47,-0.523128,Non signif,Non signif
75076,Soleto,75,Lecce,16,40.187708,18.207372,3,0,2,1,0,127,37785705,0,37785705,2612,25853.2,0.933045,30.4557,5422,178.02907173369846,0,0,0,0,0,0,0,0,0,14.108941,no,53311.63,-1.342438,Non signif,Non signif
7011,Brissogne,7,Valle d'Aosta/Vallée d'Aoste,2,45.72852,7.406663,1,0,0,0,1,286,0,25681942,25681942,1656.7,23295.5,0.965612,25.5137,954,37.39167584474224,17.570708,0.824182,145,76,0.688677,0.032304,0,17686572,0,17.572597,no,45129.84,-1.160171,Non signif,Non signif
25035,Ospitale di Cadore,25,Belluno,5,46.330524,12.322888,1,0,0,1,0,47,29530053,0,29530053,1888.8,14231.7,0.945732,39.7795,281,7.063939969079551,0.270087,0,3,0,0.00679,0,200497,0,0,17.91629,no,52906.9,0.493925,Non signif,Non signif
97040,Introbio,97,Lecco,3,45.972641,9.45307,2,0,0,2,0,148,28370650,0,28370650,2369,46498.9,0.863721,26.0335,1996,76.67044385119173,0.565633,0.687921,1,55,0.021727,0.026424,616413,0,749679,14.425007,no,40924.68,0.106211,Non signif,Non signif
19015,Capralba,19,Cremona,3,45.444075,9.643258,1,0,0,1,0,105,35455593,0,35455593,4143.8,43338.3,0.86764,13.454500000000001,2313,171.9127429484559,0,0,0,0,0,0,0,0,0,21.210647,no,75203.61,1.887889,Non signif,Non signif
6180,Vignole Borbera,6,Alessandria,1,44.709948,8.891262,1,1,0,0,0,9,2955657,0,2955657,202.9,2279.4,0.926631,8.6457,2094,242.2013255144176,0.091656,1.145902,1,15,0.010601,0.13254,31334,0,391743,20.84217,no,6160.23,0.643598,Non signif,Non signif
16243,Vilminore di Scalve,16,Bergamo,3,45.997675,10.09248,3,0,0,3,0,288,74186227,0,74186227,5370.2,68594.2,0.913368,41.001599999999996,1479,36.07176305314915,15.563929,1.513159,35,3,0.379593,0.036905,28160588,0,2737834,21.203762,no,157302.71,-0.469708,Non signif,Non signif
12050,Cislago,12,Varese,3,45.658776,8.971932,2,0,2,0,0,45,14203103,0,14203103,639.8,9948.3,0.921706,11.1337,10394,933.5620683151154,0,0.069157,0,1,0,0.006212,0,0,88223,11.229804,no,15949.81,-0.501004,Non signif,Non signif
85015,Riesi,85,Caltanissetta,19,37.281961,14.082414,1,0,0,0,1,259,0,43065580,43065580,3526.3,29659,0.963434,66.9963,11402,170.18850294717765,0.724046,0,290,0,0.010807,0,0,465421,0,20.302008,no,87431.78,-0.30054,Low-High,Hotspot 99%
22118,Moena,22,Trento,4,46.376943,11.659266,1,0,1,0,0,46,18946153,0,18946153,3745,10384.7,0.964535,82.5984,2639,31.949771424143808,18.585164,0.127156,164,3,0.225006,0.001539,4263005,0,29167,14.82766,no,28092.71,0.42722,Non signif,Coldspot 95%
10054,Santa Margherita Ligure,10,Genova,7,44.333976,9.211127,2,0,0,2,0,177,67295334,0,67295334,7953.1,25614.2,0.975183,10.0449,9124,908.321635855011,2.213335,0.195497,590,1302,0.220344,0.019462,14828133,0,1309723,24.504626,no,164904.7,-0.296685,Non signif,Non signif
111011,Castiadas,111,Sud Sardegna,20,39.236335,9.501016,1,0,1,0,0,41,20067687,0,20067687,920.9,4341.3,0.986417,103.88940000000001,1655,15.930402909247718,0.190183,1.525419,1,14,0.001831,0.014683,36736,0,294656,15.448131,si,31000.83,-1.808998,Non signif,Non signif
1097,Cumiana,1,Torino,1,44.979742,7.376717,4,0,0,4,0,401,82133175,0,82133175,9255,63354.8,0.932763,60.734399999999994,7873,129.62999552148372,0.030709,3.514645,1,225,0.000506,0.057869,41529,0,4752973,20.594868,no,169152.19,0.111014,Non signif,Non signif
74003,Ceglie Messapica,74,Brindisi,16,40.646044,17.517057,2,0,2,0,0,18,18684652,0,18684652,1635.6,20608.2,0.876745,132.0224,19833,150.2245073563274,0.329136,1.529258,833,271,0.002493,0.011583,46581,0,216430,13.243039,no,24744.16,-0.292597,Non signif,Non signif
91061,Orani,91,Nuoro,20,40.248344,9.182835,1,0,1,0,0,23,24075797,0,24075797,2738.9,6704.2,0.979864,130.4339,2865,21.96514863083907,4.360185,2.911814,16,178,0.033428,0.022324,804813,0,537469,14.344669,si,34535.93,-0.219371,Non signif,Non signif
55001,Acquasparta,55,Terni,10,42.691172,12.546451,5,0,2,3,0,259,66353200,0,66353200,11161.3,87266.6,0.88925,81.6071,4676,57.29893599944122,5.371631,0.483563,68,11,0.065823,0.005926,4367572,0,393176,34.830185,no,231109.42,0.137196,Non signif,Non signif
16100,Fiorano al Serio,16,Bergamo,3,45.799841,9.842294,1,0,0,1,0,45,18255513,0,18255513,2916.8,16686.5,0.913361,1.0601,3016,2845.014621262145,0.037342,0.050941,2,30,0.035225,0.048053,643050,0,877232,21.203762,no,38708.55,1.235343,Non signif,Non signif
4107,Lequio Tanaro,4,Cuneo,1,44.559937,7.882136,2,0,1,1,0,72,35541293,0,35541293,3216.8,22392.5,0.900138,12.2006,752,61.63631296821468,2.770515,0.871447,54,19,0.22708,0.071427,8070725,0,2538593,16.396584,no,58275.58,-0.575015,Non signif,Non signif
19086,Romanengo,19,Cremona,3,45.377177,9.784985,1,0,0,1,0,177,41952042,0,41952042,4226.1,37245,0.919028,15.0473,3110,206.68159736298207,0,0,0,0,0,0,0,0,0,21.210647,no,88982.99,-0.181847,Non signif,Non signif
19085,Robecco d'Oglio,19,Cremona,3,45.259374,10.076571,2,0,0,0,2,578,0,648860822,648860822,37460.2,552040.9,0.879997,17.9634,2327,129.54117817339701,0,1.899957,0,18,0,0.105768,0,0,0,21.210647,no,1376275.76,-0.750125,Non signif,Non signif
30104,Santa Maria la Longa,30,Udine,6,45.933052,13.288023,2,0,2,0,0,45,19249029,0,19249029,1969.4,18612.1,0.89719,19.6033,2313,117.99033836139833,0,0,0,0,0,0,0,0,0,22.91097,no,44101.39,-0.530431,Non signif,Non signif
82017,Campofelice di Roccella,82,Palermo,19,37.992334,13.886183,1,0,1,0,0,12,7927390,0,7927390,588.7,5926.1,0.898891,14.5062,7516,518.1232852159766,0.169087,1.237046,303,137,0.011656,0.085277,92403,0,676024,29.57954,no,23448.86,0.663225,Non signif,Non signif
30112,Sutrio,30,Udine,6,46.512002,12.990757,1,0,1,0,0,36,3789799,0,3789799,198.2,2276.3,0.950866,20.745900000000002,1296,62.47017482972539,0.045421,0,1,0,0.002189,0,8297,0,0,22.91097,no,8682.8,-1.994793,Low-Low,Coldspot 99%
5096,Rocchetta Tanaro,5,Asti,1,44.858671,8.345706,1,0,0,1,0,71,9922034,0,9922034,1159.6,10191.6,0.921197,15.9111,1453,91.31989617311186,0.57511,0.039176,18,0,0.036145,0.002462,358634,0,24430,21.748752,no,21579.19,1.002019,Non signif,Coldspot 95%
80028,Cittanova,80,Reggio di Calabria,18,38.353949,16.080602,2,0,2,0,0,48,8484679,0,8484679,719.9,15684.7,0.804727,61.983900000000006,10284,165.91405187476101,1.170645,1.625859,25,244,0.018886,0.02623,160244,0,222556,48.652369,no,41279.97,0.429496,Non signif,Non signif
50005,Capannoli,50,Pisa,9,43.586731,10.674457,4,0,3,1,0,167,39924832,0,39924832,3258.9,76508.6,0.785244,22.6904,6359,280.2506787011247,0.602743,3.681433,59,62,0.026564,0.162246,1060555,0,6477655,28.10564,no,112211.29,0.31427,Non signif,Non signif
4068,Chiusa di Pesio,4,Cuneo,1,44.32643,7.675436,1,0,0,1,0,55,8738163,0,8738163,1554.1,12863.2,0.885893,95.0203,3653,38.44441661413403,0.411827,2.455111,7,434,0.004334,0.025838,37872,0,225774,16.396584,no,14327.6,2.45763,Non signif,Non signif
16059,Casirate d'Adda,16,Bergamo,3,45.494124,9.567808,2,0,0,2,0,164,39957604,0,39957604,3464.6,39506.6,0.91962,10.1748,4120,404.92196406808984,0,0,0,0,0,0,0,0,0,21.203762,no,84725.15,-0.557239,Non signif,Non signif
4228,Torre San Giorgio,4,Cuneo,1,44.735739,7.528128,4,0,1,1,2,1143,26059731,413151531,439211262,39600.6,409488.4,0.898703,5.3902,725,134.50335794590183,0,0.11422,0,2,0,0.02119,0,0,552214,16.396584,no,720156.43,-0.322109,Non signif,Non signif
64055,Montefredane,64,Avellino,15,40.962395,14.810959,4,0,3,1,0,196,26623666,0,26623666,2140.3,26832,0.897603,9.4463,2239,237.02401998666141,0.12591,0.135787,9,19,0.013329,0.014375,354868,0,382705,37.737871,no,100472.05,-0.417536,Non signif,Non signif
27004,Camponogara,27,Venezia,5,45.385068,12.072122,6,0,3,3,0,245,80496140,0,80496140,12550,82851.8,0.899156,21.299400000000002,13117,615.8389438200137,0,1.397137,0,285,0,0.065595,0,0,5280155,17.526854,no,141084.41,0.570526,Non signif,Hotspot 95%
7054,Quart,7,Valle d'Aosta/Vallée d'Aoste,2,45.740958,7.414362,3,0,0,3,0,103,43354327,0,43354327,2246.1,56261.2,0.8674,62.0529,4066,65.52473776406904,38.193518,4.022942,180,37,0.615499,0.064831,26684559,0,2810698,17.572597,no,76184.81,-0.475249,Non signif,Coldspot 95%
1175,Oulx,1,Torino,1,45.033052,6.83251,1,0,1,0,0,12,4937550,0,4937550,192.1,1454.5,0.969245,99.7872,3363,33.70171725431719,41.178821,3.85544,774,382,0.412666,0.038637,2037561,0,190770,20.594868,no,10168.82,-0.945562,Non signif,Non signif
63022,Casola di Napoli,63,Napoli,15,40.696037,14.533447,2,1,0,1,0,65,24824633,0,24824633,1085.2,32686.3,0.778256,2.5932,3845,1482.7240475088695,1.384739,0.14214,745,582,0.533989,0.054813,13256069,0,1360702,35.751904,no,88752.79,0.275966,Non signif,Non signif
1236,San Benigno Canavese,1,Torino,1,45.227052,7.785021,2,0,1,1,0,177,36558127,0,36558127,2486.8,33993,0.876615,22.2321,6044,271.8591586040005,0,5.364952,0,427,0,0.241316,0,0,8822045,20.594868,no,75290.98,-0.995668,Non signif,Non signif
4160,Paroldo,4,Cuneo,1,44.432036,8.072442,1,0,0,1,0,123,86917431,0,86917431,13316.7,37316.5,0.974934,12.4251,212,17.062236923646488,1.19146,0.097018,59,1,0.095891,0.007808,8334633,0,678671,16.396584,no,142514.9,1.160011,Non signif,Non signif
82006,Bagheria,82,Palermo,19,38.079351,13.509349,8,1,4,3,0,352,93926129,0,93926129,7953,111857.8,0.877647,29.835500000000003,55047,1845.0168423522312,1.092641,0.377924,72,17,0.036622,0.012667,3439779,0,1189755,29.57954,no,277829.17,0.137161,Non signif,Non signif
16143,Mozzo,16,Bergamo,3,45.69868,9.608652,2,0,0,2,0,194,44446622,0,44446622,5973.7,47421.1,0.90814,3.6417,7425,2038.8829392865969,0.008709,0.213292,0,166,0.002391,0.058569,106293,0,2603210,21.203762,no,94243.56,0.04938,Non signif,Non signif
63056,Pollena Trocchia,63,Napoli,15,40.854635,14.379468,3,0,0,3,0,106,77704475,0,77704475,3545.6,78123.4,0.878535,8.0158,13478,1681.429177374685,2.464732,1.495944,483,3744,0.307484,0.186624,23892900,0,14501552,35.751904,no,277808.3,-0.128007,Low-High,Hotspot 99%
65017,Buccino,65,Salerno,15,40.632913,15.369658,1,0,0,0,1,301,0,47382311,47382311,6293.5,42358.3,0.905448,65.9191,4889,74.16666793084251,9.942147,2.163423,499,77,0.150823,0.032819,0,7146364,0,25.585615,no,121230.56,0.134509,Non signif,Non signif
76050,Moliterno,76,Potenza,17,40.241932,15.86902,1,0,1,0,0,13,3016392,0,3016392,257.5,9291,0.696979,98.5535,3916,39.734763351885015,1.319963,0,97,0,0.013393,0,40400,0,0,40.913322,no,12341.06,0.493002,Non signif,Non signif
16137,Monasterolo del Castello,16,Bergamo,3,45.763185,9.931658,1,0,1,0,0,14,5509139,0,5509139,725.6,8632.5,0.832101,8.7536,1147,131.03180405775908,3.033235,0.514559,163,380,0.346513,0.058783,1908988,0,323841,21.203762,no,11681.45,0.66058,Non signif,Non signif
65090,Pellezzano,65,Salerno,15,40.725211,14.757443,2,0,0,2,0,89,97472528,0,97472528,7975.2,56185.8,0.912628,14.0377,11101,790.7990625244877,8.745829,0.088922,1829,57,0.623024,0.006335,60727759,0,617441,25.585615,no,249389.45,-0.946925,Non signif,Non signif
60086,Vicalvi,60,Frosinone,12,41.676723,13.706407,1,0,0,1,0,23,30705126,0,30705126,3840.9,17797.3,0.938675,8.2085,770,93.80520192483401,1.373371,0,27,0,0.167311,0,5137300,0,0,34.188464,no,104976.11,-0.239844,Non signif,Non signif
62068,San Salvatore Telesino,62,Benevento,15,41.236019,14.499131,1,0,1,0,0,22,5894677,0,5894677,281.1,8856,0.831019,18.3111,4075,222.5426107661473,0.23048,0,96,0,0.012587,0,74196,0,0,40.937916,no,24131.58,-1.11157,Non signif,Non signif
97072,Rogeno,97,Lecco,3,45.782379,9.274043,3,0,0,3,0,248,75317815,0,75317815,5078.7,67669.4,0.907365,4.8249,3142,651.2052063255196,0,0.771922,0,25,0,0.159987,0,0,12049883,14.425007,no,108646,-1.073656,Non signif,Non signif
20032,Mariana Mantovana,20,Mantova,3,45.192876,10.486881,1,0,0,1,0,56,16693039,0,16693039,919.6,13028,0.923042,8.9127,745,83.58858707237987,0,0.038363,0,0,0,0.004304,0,0,71852,21.044843,no,35130.24,-1.28394,Non signif,Non signif
44012,Castignano,44,Ascoli Piceno,11,42.93935,13.623987,1,0,0,1,0,58,41334806,0,41334806,10639.3,61262.7,0.85239,38.7958,2737,70.54887384716902,9.025944,0,210,0,0.232653,0,9616650,0,0,32.834347,no,135720.14,1.745206,Non signif,Non signif
29048,Villadose,29,Rovigo,5,45.068916,11.893738,5,0,2,2,1,527,86042975,48524348,134567323,20965.8,184108.9,0.878612,32.0745,5014,156.32355921370558,0,0,0,0,0,0,0,0,0,24.853738,no,334450.1,0.168791,Non signif,Non signif
96010,Camburzano,96,Biella,1,45.543668,8.003131,1,0,1,0,0,20,8990872,0,8990872,763.1,4137.7,0.960837,3.8025,1178,309.79618671926363,0.007288,0,0,0,0.001917,0,17232,0,0,19.06674,no,17142.66,-0.505499,Low-Low,Coldspot 99%
64063,Morra De Sanctis,64,Avellino,15,40.929019,15.242851,2,0,0,1,1,854,12248898,154183215,166432113,9541.5,159407.8,0.904219,30.4126,1231,40.47664454864102,3.748275,0,44,0,0.123247,0,1509645,19002686,0,37.737871,no,628079.36,-0.920909,Non signif,Non signif
17146,Pompiano,17,Brescia,3,45.431977,9.989265,2,0,0,2,0,214,79490561,0,79490561,10424.6,75089.1,0.889492,15.273599999999998,3776,247.22396815420075,0,0,0,0,0,0,0,0,0,20.48295,no,162820.12,0.036538,Non signif,Non signif
108003,Albiate,108,Monza e della Brianza,3,45.65899,9.255796,1,0,1,0,0,49,11202713,0,11202713,1371,11518.7,0.892829,2.8632,6352,2218.496786811959,0,0.013394,0,41,0,0.004678,0,0,52406,13.279771,no,14876.95,-0.495403,Non signif,Non signif
4101,Guarene,4,Cuneo,1,44.739486,8.034836,3,0,3,0,0,77,28017701,0,28017701,2083.6,39451.2,0.840582,13.4461,3558,264.612043640907,3.647947,0.122244,206,73,0.271301,0.009091,7601244,0,254720,16.396584,no,45939.46,-0.527959,Non signif,Non signif
27006,Cavarzere,27,Venezia,5,45.136099,12.081285,2,0,1,1,0,80,35210638,0,35210638,2623.1,23572.6,0.926544,140.43959999999998,13791,98.1987986294464,0,47.071992,0,2121,0,0.335176,0,0,11801763,17.526854,no,61713.17,-0.314908,Non signif,Non signif
56001,Acquapendente,56,Viterbo,12,42.743996,11.864988,1,0,0,1,0,60,17349115,0,17349115,1643.5,41916.7,0.745828,131.6075,5439,41.32743194726745,30.2104,2.138701,457,11,0.229549,0.016251,3982476,0,281934,19.086634,no,33113.62,0.551262,Non signif,Non signif
34033,San Secondo Parmense,34,Parma,8,44.92016,10.229558,2,0,1,1,0,108,26807684,0,26807684,2616.4,32732.6,0.868527,37.71,5685,150.75576770087508,0,14.748441,0,1048,0,0.391102,0,0,10484528,33.475863,no,89741.04,0.097229,Non signif,Non signif
18053,Copiano,18,Pavia,3,45.196266,9.322455,1,0,0,1,0,65,20967207,0,20967207,2633.4,21522.4,0.906623,4.340199999999999,1680,387.0789364545413,0,0.031839,0,0,0,0.007336,0,0,153812,18.961299,no,39756.55,0.063622,Non signif,Non signif
59006,Cori,59,Latina,12,41.643104,12.915851,2,0,1,1,0,66,18799550,0,18799550,1781.7,13226.5,0.93487,85.31290000000001,10893,127.68291782368198,2.369993,0.679049,478,84,0.02778,0.00796,522252,0,149635,21.481102,no,40383.51,-0.456926,Non signif,Non signif
4072,Corneliano d'Alba,4,Cuneo,1,44.735937,7.959851,2,0,2,0,0,24,16154164,0,16154164,1214.4,20230.5,0.859265,10.088,2111,209.25852498017449,0.714621,0.21566,32,76,0.070839,0.021378,1144340,0,345342,16.396584,no,26487.31,-0.440153,Non signif,Non signif
1045,Buttigliera Alta,1,Torino,1,45.068804,7.434488,3,0,0,2,1,480,30488063,193657000,224145063,10435.5,138947.1,0.90896,8.0974,6435,794.699533183491,0,0.017101,0,0,0,0.002112,0,0,64388,20.594868,no,461623.8,-1.066015,Non signif,Non signif
82049,Monreale,82,Palermo,19,38.082632,13.291993,1,0,0,1,0,15,15486497,0,15486497,677.4,17093.3,0.863376,530.1763,39047,73.64908616247087,16.410163,0.015444,775,0,0.030952,0.000029,479342,0,451,29.57954,no,45808.35,-0.513781,Non signif,Non signif
74006,Erchie,74,Brindisi,16,40.436042,17.734629,1,0,0,1,0,147,44148150,0,44148150,6162.6,14810.1,0.976845,44.6292,8671,194.28983714698,0,0.433306,0,4,0,0.009709,0,0,428635,13.243039,no,58465.57,,,
93038,San Giorgio della Richinvelda,93,Pordenone,6,46.039508,12.882333,2,0,2,0,0,36,32330497,0,32330497,1618.6,18900.8,0.900725,48.1532,4633,96.21375111103728,0,0,0,0,0,0,0,0,0,22.312037,no,72135.93,-0.460662,Non signif,Non signif
15136,Masate,15,Milano,3,45.567547,9.463821,2,0,0,0,2,543,0,96997173,96997173,16818.8,145239.2,0.886207,4.3853,3514,801.3134791234352,0,0.173947,0,79,0,0.039666,0,0,0,15.050002,no,145980.77,1.263146,Non signif,Non signif
29045,Stienta,29,Rovigo,5,44.937837,11.544413,1,0,0,1,0,43,12902235,0,12902235,2162.5,13540.4,0.901795,24.0235,3221,134.07704955564344,0,1.920845,0,16,0,0.079957,0,0,1031623,24.853738,no,32066.88,0.83722,Non signif,Non signif
3143,Suno,3,Novara,1,45.633369,8.54283,1,0,1,0,0,18,7531379,0,7531379,911.5,6973.6,0.905447,21.327399999999997,2788,130.72385757288748,0,1.380893,0,134,0,0.064747,0,0,487637,12.08995,no,9105.4,-0.303363,Non signif,Non signif
5042,Cocconato,5,Asti,1,45.087459,8.039221,2,0,0,2,0,199,24208436,0,24208436,3742,38626.3,0.831754,16.5228,1452,87.87856779722566,1.516107,0.169787,17,4,0.091758,0.010276,2221329,0,248764,21.748752,no,52650.33,1.016222,Non signif,Coldspot 95%
1014,Azeglio,1,Torino,1,45.423459,7.993922,2,0,0,2,0,129,68797711,0,68797711,6802.1,37898.4,0.944196,9.960700000000001,1267,127.19989558966738,0,3.340418,0,28,0,0.33536,0,0,23071984,20.594868,no,141687.98,-0.066724,Non signif,Coldspot 95%
16216,Torre de' Roveri,16,Bergamo,3,45.700822,9.773514,2,0,0,2,0,311,27470785,0,27470785,3444.1,37592.6,0.905287,2.6902999999999997,2470,918.1132215738023,0.135494,0.000649,11,2,0.050364,0.000241,1383536,0,6627,21.203762,no,58248.4,1.106581,Non signif,Hotspot 95%
75061,Poggiardo,75,Lecce,16,40.054223,18.379132,3,0,2,1,0,172,31442772,0,31442772,2908.9,44273.5,0.820898,19.9597,5992,300.20491289949246,0,0.461309,0,21,0,0.023112,0,0,726706,14.108941,no,44362.42,0.130787,Non signif,Non signif
64059,Montemiletto,64,Avellino,15,41.011342,14.908704,2,0,0,2,0,210,49698999,0,49698999,5162.5,42848.9,0.930566,21.6352,5288,244.41650643395946,0.322312,0.181151,18,7,0.014898,0.008373,740395,0,416129,37.737871,no,187553.44,0.981395,Non signif,Non signif
30137,Forgaria nel Friuli,30,Udine,6,46.222822,12.973486,1,0,0,1,0,170,31164898,0,31164898,5113.2,23403.5,0.952522,28.9395,1773,61.26574405224693,1.950659,0,51,0,0.067405,0,2100661,0,0,22.91097,no,71401.8,-0.696589,Low-Low,Coldspot 99%
78154,Villapiana,78,Cosenza,18,39.846505,16.455191,1,0,0,1,0,62,30905379,0,30905379,1711.1,7793.3,0.976386,39.7337,5367,135.07425686507926,0.208068,4.52932,147,37,0.005237,0.113992,161838,0,3522963,50.996071,no,157605.29,-0.996634,Non signif,Non signif
21044,Luson/Lüsen,21,Bolzano/Bozen,4,46.746466,11.761084,1,0,1,0,0,43,22218547,0,22218547,3909.7,9331.6,0.977242,74.4137,1545,20.76230586572096,1.48154,0,62,0,0.01991,0,442360,0,0,10.80791,no,24013.61,0.342192,Non signif,Non signif
63071,Sant'Agnello,63,Napoli,15,40.630006,14.397136,1,0,0,1,0,53,12705957,0,12705957,3691.6,10827.9,0.947877,4.1483,9125,2199.696261119013,1.269622,0.140117,887,400,0.306058,0.033777,3888765,0,429169,35.751904,no,45426.22,1.013835,Non signif,Non signif
21101,Tirolo/Tirol,21,Bolzano/Bozen,4,46.708518,11.142386,1,0,0,1,0,59,59823161,0,59823161,4101.1,10962.4,0.988674,25.618499999999997,2456,95.86822023147336,0.017112,0,2,0,0.000668,0,39959,0,0,10.80791,no,64656.34,-0.915698,Low-Low,Coldspot 99%
30032,Dignano,30,Udine,6,46.085028,12.939294,2,0,2,0,0,50,15461611,0,15461611,1403.9,16441.2,0.890299,27.5411,2302,83.5841705668982,0,0,0,0,0,0,0,0,0,22.91097,no,35424.05,-0.037651,High-Low,Coldspot 99%
12047,Castronno,12,Varese,3,45.74683,8.814162,2,0,1,1,0,260,45183774,0,45183774,2423.1,66880.9,0.858126,3.7591,5253,1397.4089542709692,0,0.247207,0,58,0,0.065762,0,0,2971388,11.229804,no,50740.49,-0.41328,Non signif,Non signif
28002,Agna,28,Padova,5,45.170164,11.960731,1,0,1,0,0,46,10151164,0,10151164,963.2,9273.5,0.927968,18.8044,3277,174.26772457509944,0,0,0,0,0,0,0,0,0,17.804557,no,18073.7,0.073124,Non signif,Non signif
22104,Levico Terme,22,Trento,4,46.009126,11.301777,3,0,0,2,1,445,109050699,375685510,484736209,50344.9,314279.4,0.912685,62.8319,8000,127.32385937716352,13.687737,0,149,0,0.217847,0,23756361,81841938,0,14.82766,no,718750.35,0.177602,Non signif,Non signif
21089,Selva di Val Gardena/Wolkenstein in Gröden,21,Bolzano/Bozen,4,46.552588,11.766541,1,0,1,0,0,45,18038704,0,18038704,2250.3,7050.6,0.981418,56.2407,2621,46.60326062797938,0.079023,0.099497,18,95,0.001405,0.001769,25346,0,31913,10.80791,no,19496.07,-2.541062,Non signif,Non signif
21085,Santa Cristina Valgardena/St. Christina in Gröden,21,Bolzano/Bozen,4,46.558875,11.720036,1,0,0,1,0,88,16072594,0,16072594,1702.7,19318.8,0.90603,31.9236,1956,61.27128519339924,1.847376,0.007251,45,2,0.057869,0.000227,930100,0,3651,10.80791,no,17371.12,1.831266,Non signif,Coldspot 95%
28011,Battaglia Terme,28,Padova,5,45.288143,11.781834,1,0,0,1,0,68,6715341,0,6715341,368.9,25314.9,0.703941,6.2292,3838,616.1304822449111,0.11568,0.241495,0,59,0.018571,0.038768,124708,0,260342,17.804557,no,11956.37,0.994621,Non signif,Non signif
24095,Santorso,24,Vicenza,5,45.737299,11.390321,3,0,2,1,0,105,32623633,0,32623633,3826.1,43536.7,0.834085,13.208699999999999,5711,432.3665462914595,0,0,0,0,0,0,0,0,0,21.315155,no,69537.78,0.331454,Non signif,Non signif
3084,Lesa,3,Novara,1,45.829644,8.564857,1,0,0,0,1,247,0,237228366,237228366,11834.6,156894.8,0.920081,13.5813,2236,164.63814215134045,0.641929,7.200675,439,189,0.047266,0.53019,0,11212753,0,12.08995,no,286807.92,-1.274494,Non signif,Non signif
12130,Uboldo,12,Varese,3,45.610905,9.003388,3,0,2,1,0,144,77515990,0,77515990,6639.6,70721.3,0.870906,10.736400000000001,10565,984.035617152863,0,0.112908,0,1,0,0.010516,0,0,815187,11.229804,no,87048.94,-0.141872,Non signif,Non signif
15184,Robecco sul Naviglio,15,Milano,3,45.436507,8.887279,2,0,2,0,0,31,17800164,0,17800164,1639.9,43159.9,0.761021,19.785899999999998,6723,339.78742437796615,0,2.080841,0,13,0,0.105168,0,0,1872005,15.050002,no,26789.25,0.330777,Non signif,Non signif
29049,Villamarzana,29,Rovigo,5,45.014404,11.693308,1,0,0,1,0,135,17550420,0,17550420,2727,11692.3,0.984872,14.1515,1174,82.95940359679186,0,0,0,0,0,0,0,0,0,24.853738,no,43619.35,-0.838968,Non signif,Non signif
26067,Revine Lago,26,Treviso,5,46.001033,12.225549,1,0,0,0,1,71,0,96277654,96277654,4551.5,150839.2,0.818364,18.793,2162,115.04283509817486,0,0,0,0,0,0,0,0,0,21.139592,no,203527.03,0.974716,Non signif,Non signif
20036,Monzambano,20,Mantova,3,45.386139,10.692404,1,0,0,1,0,140,26716536,0,26716536,2583.3,26271.2,0.9058,30.0177,4877,162.4708088894219,0,0.308359,0,19,0,0.010273,0,0,274448,21.044843,no,56224.53,-0.381457,Non signif,Coldspot 95%
51013,Cavriglia,51,Arezzo,9,43.521874,11.488972,2,0,1,1,0,101,40296743,0,40296743,2505.6,25729.5,0.933075,60.869,9543,156.7793129507631,5.633865,0.173171,226,100,0.092557,0.002845,3729754,0,114643,29.518286,no,118949.08,-1.580248,Non signif,Non signif
71009,Candela,71,Foggia,16,41.137925,15.514654,1,0,0,1,0,63,16395864,0,16395864,376.6,22668.1,0.838274,96.81559999999999,2784,28.755696396035354,7.197347,0.55569,540,3,0.074341,0.00574,1218881,0,94107,37.634206,no,61704.53,0.019206,Non signif,Non signif
79143,Stalettì,79,Catanzaro,18,38.765485,16.537605,1,0,0,1,0,47,27819091,0,27819091,1264.4,12559.7,0.953057,12.1086,2418,199.69278033794166,1.349154,0.15788,97,17,0.111421,0.013039,3099635,0,362724,52.451966,no,145916.6,-1.745581,Non signif,Non signif
76010,Baragiano,76,Potenza,17,40.679738,15.593966,1,0,1,0,0,18,12442465,0,12442465,637.3,5814.4,0.953732,29.6035,2615,88.3341496782475,0.782263,0,26,0,0.026425,0,328788,0,0,40.913322,no,50906.26,-0.655607,Non signif,Non signif
64076,Quadrelle,64,Avellino,15,40.946996,14.63826,1,0,1,0,0,15,12215209,0,12215209,1197.7,21731.9,0.799348,6.9313,1877,270.8005713213971,5.572095,0.114251,21,240,0.803903,0.016483,9819847,0,201347,37.737871,no,46097.6,0.064441,Non signif,Non signif
29032,Melara,29,Rovigo,5,45.063185,11.198458,3,0,1,2,0,129,79801645,0,79801645,8400.8,58310.8,0.930934,17.584500000000002,1762,100.2018823395604,0,1.32025,0,27,0,0.07508,0,0,5991534,24.853738,no,198336.92,-0.260107,Non signif,Non signif
16211,Tavernola Bergamasca,16,Bergamo,3,45.709385,10.046262,2,0,1,1,0,159,31774823,0,31774823,4446,31397.4,0.929671,11.1709,2042,182.7963727184023,2.218398,4.352318,129,64,0.198587,0.389612,6310074,0,12379856,21.203762,no,67374.58,0.249523,Non signif,Non signif
38003,Bondeno,38,Ferrara,8,44.886177,11.410807,3,0,1,2,0,239,117357765,0,117357765,13616.5,68159.7,0.950155,174.7645,14217,81.34947314815079,0,93.508317,0,3341,0,0.535053,0,0,62792656,39.906082,no,468328.86,-0.146559,Non signif,Non signif
12101,Mercallo,12,Varese,3,45.749866,8.669572,2,1,0,1,0,61,12457720,0,12457720,814.9,17056.7,0.88085,5.4817,1795,327.45316234014996,0,0,0,0,0,0,0,0,0,11.229804,no,13989.78,0.096258,Non signif,Non signif
30062,Mortegliano,30,Udine,6,45.945806,13.172796,3,0,1,2,0,292,44869335,0,44869335,3809.9,94808.1,0.833668,30.0533,4969,165.33958001284384,0,2.995012,0,107,0,0.099657,0,0,4471529,22.91097,no,102800,0.55728,Non signif,Non signif
95001,Abbasanta,95,Oristano,20,40.126752,8.818027,1,0,1,0,0,30,7393623,0,7393623,1055.8,15633.3,0.763764,39.8475,2689,67.48227617792836,0,0.19383,0,224,0,0.004864,0,0,35965,13.76477,si,10177.15,0.711351,Non signif,Non signif
56027,Gallese,56,Viterbo,12,42.373287,12.402804,2,0,0,2,0,208,68541448,0,68541448,7418.9,50480,0.904762,37.174099999999996,2821,75.88616805786826,0.090207,2.294442,49,24,0.002427,0.061722,166323,0,4230482,19.086634,no,130822.55,0.12869,Non signif,Non signif
1035,Bricherasio,1,Torino,1,44.823409,7.305296,1,0,1,0,0,23,8443771,0,8443771,949.1,14462,0.816914,22.7588,4608,202.4711320456263,0,3.174364,0,79,0,0.139479,0,0,1177725,20.594868,no,17389.83,0.655911,Non signif,Non signif
111077,Serramanna,111,Sud Sardegna,20,39.42404,8.923138,2,0,1,1,0,113,74446382,0,74446382,9208.1,32800.2,0.933033,83.8397,9110,108.65973995613058,0,3.354218,0,14,0,0.040008,0,0,2978415,15.448131,si,115005.75,-0.750531,Non signif,Non signif
45012,Mulazzo,45,Massa-Carrara,9,44.315926,9.889626,2,0,0,1,1,184,16028483,96772218,112800701,6863,98324.9,0.907287,62.506,2425,38.79627555754647,3.474256,3.662489,116,213,0.055583,0.058594,890907,5378867,939176,30.748861,no,346849.3,0.547385,Non signif,Non signif
26011,Castelcucco,26,Treviso,5,45.833324,11.883969,1,0,0,0,1,239,0,156512905,156512905,18711.7,166266.3,0.876835,8.791699999999999,2258,256.83314944777464,0,0,0,0,0,0,0,0,0,21.139592,no,330861.89,0.36097,Non signif,Hotspot 95%
6043,Cassine,6,Alessandria,1,44.749948,8.527846,1,0,0,1,0,94,24467832,0,24467832,1784.9,22655.1,0.916167,33.093,2953,89.23337261656543,0.140885,5.52763,163,83,0.004257,0.167033,104166,0,4086941,20.84217,no,50996.27,-0.462953,Non signif,Non signif
1225,Rondissone,1,Torino,1,45.246854,7.963125,2,0,1,1,0,34,24856650,0,24856650,3210.9,18080.3,0.930597,10.687899999999999,1881,175.9934131120239,0,1.670531,0,3,0,0.156301,0,0,3885123,20.594868,no,51191.94,0.013274,Non signif,Non signif
80067,Roccella Ionica,80,Reggio di Calabria,18,38.321976,16.400907,3,0,1,2,0,128,65946883,0,65946883,4398.1,62116.2,0.900381,37.8205,6450,170.54243069234937,1.167521,0.512524,246,4,0.03087,0.013551,2035784,0,893678,48.652369,no,320847.21,0.174438,Non signif,Non signif
62005,Arpaia,62,Benevento,15,41.036126,14.546974,1,0,0,0,1,293,0,7872681,7872681,89.8,16601.3,0.908244,4.9611,2046,412.40853842897747,2.972968,0.194841,615,280,0.599256,0.039274,0,4717750,0,40.937916,no,32229.12,1.109451,High-Low,Coldspot 99%
3030,Caltignaga,3,Novara,1,45.516976,8.587782,1,0,1,0,0,15,2240172,0,2240172,236.6,3470.2,0.844257,22.3216,2542,113.88072539602896,0,2.645703,0,2,0,0.118527,0,0,265520,12.08995,no,2708.36,-0.062312,Non signif,Non signif
93002,Arba,93,Pordenone,6,46.14498,12.7914,1,0,0,1,0,98,19975602,0,19975602,2040.5,12729.9,0.942977,15.3114,1278,83.46722050237078,0.00082,0,0,0,0.000054,0,1070,0,0,22.312037,no,44569.64,-1.168864,Low-Low,Coldspot 99%
69036,Fresagrandinaria,69,Chieti,13,41.978949,14.663436,1,0,0,1,0,135,107794832,0,107794832,11101,52188.9,0.956726,25.1503,946,37.613865440968894,2.52285,0.483686,139,4,0.100311,0.019232,10813000,0,2073091,28.116343,no,303079.65,-0.569813,Non signif,Non signif
36001,Bastiglia,36,Modena,8,44.726969,10.9986,4,0,2,2,0,63,60094450,0,60094450,3090.4,57928,0.875686,10.4664,4234,404.5325995566766,0,0.462961,0,44,0,0.044233,0,0,2658162,36.541065,no,219591.52,-0.733087,Low-Low,Coldspot 99%
111098,Villamassargia,111,Sud Sardegna,20,39.275899,8.640475,1,0,1,0,0,23,8796248,0,8796248,632,14726.8,0.815487,91.389,3546,38.80116863079802,3.39284,4.078217,43,64,0.037125,0.044625,326563,0,392531,15.448131,si,13588.56,-0.196823,Non signif,Non signif
68033,Popoli,68,Pescara,13,42.171311,13.832817,1,0,0,0,1,184,0,113067397,113067397,10499,86014.7,0.909751,35.039899999999996,5035,143.6933324581406,1.336169,0,79,0,0.038133,0,0,4311575,0,27.533978,no,311319.52,-0.637178,Non signif,Non signif
8020,Chiusavecchia,8,Imperia,7,43.968424,7.983548,2,0,0,1,1,209,39037912,86484936,125522848,18184.8,157787.4,0.870963,4.0919,556,135.87819839194506,0.361197,0.172094,76,105,0.088271,0.042057,3445924,7634131,1641827,29.468433,no,369896.17,0.950708,Non signif,Non signif
23065,Roverchiara,23,Verona,5,45.272316,11.2478,1,0,1,0,0,34,15961499,0,15961499,1286.8,12391.1,0.913926,19.646900000000002,2695,137.17176755620477,0,0,0,0,0,0,0,0,0,20.167921,no,32191.03,-0.122561,Non signif,Non signif
20008,Canneto sull'Oglio,20,Mantova,3,45.149405,10.379736,3,0,1,2,0,152,112482319,0,112482319,8636.8,76395.7,0.92604,25.8669,4388,169.63764502124334,0,3.247657,0,171,0,0.125553,0,0,14122450,21.044843,no,236717.27,-0.178644,Non signif,Non signif
38025,Goro,38,Ferrara,8,44.850883,12.294927,3,0,3,0,0,82,21835040,0,21835040,1238.5,55214.2,0.732569,33.1764,3742,112.79102012273785,0,3.870356,0,717,0,0.11666,0,0,2547274,39.906082,no,87135.09,0.14017,Non signif,Non signif
53009,Follonica,53,Grosseto,9,42.926326,10.761625,4,0,2,2,0,358,80586575,0,80586575,6009.1,86663.5,0.841374,56.0191,21308,380.3702665697949,0.012953,3.170828,0,2620,0.000231,0.056603,18634,0,4561412,19.796812,no,159535.72,-0.059413,Low-Low,Coldspot 99%
30040,Forni Avoltri,30,Udine,6,46.586831,12.776908,1,0,0,1,0,27,69563101,0,69563101,10004.1,27926.5,0.961236,80.7458,562,6.960114334120164,3.15658,0,80,0,0.039093,0,2719417,0,0,22.91097,no,159375.81,-1.303374,Low-Low,Coldspot 99%
22123,Mori,22,Trento,4,45.852444,10.978275,3,0,2,1,0,116,36325150,0,36325150,5810,34881.2,0.911891,40.0843,9846,245.63232986480992,7.899129,0.452318,697,0,0.197063,0.011284,7158340,0,409899,14.82766,no,53861.7,0.091836,Low-Low,Coldspot 99%
64067,Ospedaletto d'Alpinolo,64,Avellino,15,40.938671,14.743934,2,0,0,2,0,194,40884304,0,40884304,5426.3,39444.5,0.901338,5.6765,2123,373.9980621862063,1.568863,0,495,0,0.276379,0,11299546,0,0,37.737871,no,154288.66,0.067776,Non signif,Non signif
13145,Menaggio,13,Como,3,46.022565,9.241433,1,0,0,1,0,62,14143207,0,14143207,1132.3,10866.2,0.929458,11.770199999999999,3107,263.9717252043296,0.398523,6.033328,62,74,0.033859,0.512593,478870,0,7249716,12.029442,no,17013.49,-1.276706,Non signif,Non signif
17099,Mairano,17,Brescia,3,45.449179,10.079567,3,0,1,2,0,229,169220664,0,169220664,11462.7,95251.4,0.911695,11.5283,3469,300.9116695436448,0,0.015363,0,0,0,0.001333,0,0,225509,20.48295,no,346613.84,-1.307967,Non signif,Non signif
6081,Gavi,6,Alessandria,1,44.687649,8.809353,1,0,0,1,0,118,13085848,0,13085848,993.3,11885,0.924743,45.0439,4533,100.63515814572007,0.005583,2.239103,0,256,0.000124,0.049709,1622,0,650489,20.84217,no,27273.75,0.170559,Non signif,Non signif
63015,Carbonara di Nola,63,Napoli,15,40.874228,14.57863,1,0,0,1,0,35,27900588,0,27900588,4644.2,24630.6,0.905682,3.6494999999999997,2437,667.7627072201672,1.708485,0.136827,81,183,0.468142,0.037492,13061443,0,1046048,35.751904,no,99749.92,0.641589,Non signif,Non signif
4245,Villanova Mondovì,4,Cuneo,1,44.346932,7.766338,3,0,1,1,1,310,54903942,90792374,145696316,11706.8,121039,0.918841,28.288200000000003,5795,204.8557349000643,0.879012,0.257961,22,9,0.031073,0.009119,1706055,2821232,500671,16.396584,no,238892.19,0.103751,Non signif,Non signif
84027,Palma di Montechiaro,84,Agrigento,19,37.191664,13.763714,1,0,1,0,0,5,6258844,0,6258844,549.5,7750.9,0.836898,77.0638,22663,294.0810082035923,0.509815,0,211,0,0.006615,0,41405,0,0,20.102118,no,12581.6,-0.021249,Low-High,Hotspot 99%
87016,Fiumefreddo di Sicilia,87,Catania,19,37.792355,15.206946,1,0,0,1,0,203,14922532,0,14922532,1687.7,40566.5,0.749753,12.1601,9505,781.6547561286503,0,0,0,0,0,0,0,0,0,36.827421,no,54955.84,0.326809,Non signif,Non signif
78002,Acquappesa,78,Cosenza,18,39.493695,15.952084,1,0,1,0,0,48,9799325,0,9799325,557.6,10770.3,0.879535,14.4539,1853,128.2006932385031,0.944856,0.294936,353,215,0.06537,0.020405,640585,0,199958,50.996071,no,49972.71,0.341326,Non signif,Non signif
45001,Aulla,45,Massa-Carrara,9,44.214548,9.967787,1,0,1,0,0,44,5475778,0,5475778,516.8,15894.1,0.711239,59.9882,11092,184.90303092941613,1.862134,3.109884,50,754,0.031042,0.051842,169977,0,283873,30.748861,no,16837.39,0.019614,Non signif,Non signif
22007,Avio,22,Trento,4,45.733793,10.937181,3,0,1,1,1,479,28986603,127992224,156978827,34641,194976.1,0.896209,68.8955,4091,59.37978532705329,20.680412,0.821316,188,6,0.300171,0.011921,8700930,38419518,345555,14.82766,no,232762.86,0.410858,Non signif,Non signif
14049,Piateda,14,Sondrio,3,46.159595,9.934951,1,0,1,0,0,11,5525557,0,5525557,296.7,10653.5,0.796195,70.8008,2158,30.479881583258948,1.147944,1.198087,95,109,0.016214,0.016922,89590,0,93503,12.776609,no,7059.79,,,
4180,Revello,4,Cuneo,1,44.654948,7.389914,1,0,0,1,0,157,60047185,0,60047185,4682.7,51319.3,0.912322,52.4708,4252,81.0355473901675,0.064122,3.419583,50,93,0.001222,0.065171,73381,0,3913345,16.396584,no,98456.87,-0.432419,Non signif,Non signif
97001,Abbadia Lariana,97,Lecco,3,45.900045,9.334056,3,0,2,1,0,110,24301353,0,24301353,1327.6,27568.7,0.897041,16.6727,3216,192.89017375709994,3.452365,3.74233,19,71,0.207067,0.224459,5032007,0,5454646,14.425007,no,35054.72,-0.694077,Non signif,Non signif
109040,Torre San Patrizio,109,Fermo,11,43.182855,13.612784,1,0,1,0,0,29,9792533,0,9792533,1296.9,14530.5,0.839431,11.9331,1987,166.51163570237406,0.921445,0,239,0,0.077218,0,756156,0,0,25.228384,no,24704.98,0.832242,Non signif,Non signif
18108,Pancarana,18,Pavia,3,45.074928,9.05079,1,0,1,0,0,9,11912153,0,11912153,726.7,14935.9,0.84901,6.1019000000000005,318,52.11491502646716,0,1.892286,0,4,0,0.310114,0,0,3694128,18.961299,no,22586.99,-0.69139,Non signif,Non signif
75081,Supersano,75,Lecce,16,40.017721,18.243229,1,0,0,0,1,430,0,68317574,68317574,1522.5,17089.1,0.989277,36.4061,4398,120.8039312093303,0.013392,0.479784,1,40,0.000368,0.013179,0,25131,0,14.108941,no,96388.86,-1.765419,Non signif,Hotspot 95%
75085,Taviano,75,Lecce,16,39.983519,18.086826,2,0,0,1,1,658,7476115,24804970,32281085,3717.5,58699.7,0.847625,22.131500000000003,11972,540.9484219325395,0.004383,0.550972,0,10,0.000198,0.024895,1481,4912,186121,14.108941,no,45545.19,0.42178,Non signif,Non signif
72025,Locorotondo,72,Bari,16,40.789167,17.299348,1,0,0,0,1,810,0,34324126,34324126,4197.9,80011.4,0.78912,48.185500000000005,14190,294.4869307156717,0,0,0,0,0,0,0,0,0,14.160402,no,48604.34,0.11096,Non signif,Non signif
82055,Petralia Soprana,82,Palermo,19,37.79634,14.108468,2,0,0,1,1,397,9652591,57016941,66669532,4722.2,107927.8,0.808701,56.1033,3242,57.78626212718325,0.620723,0,98,0,0.011064,0,106796,630831,0,29.57954,no,197205.41,-0.553191,Low-High,Hotspot 99%
102027,Pizzo,102,Vibo Valentia,18,38.735436,16.162085,1,0,0,0,1,173,0,67481648,67481648,12432.3,87582.5,0.869987,22.8883,9329,407.588156394315,2.189364,2.218651,364,750,0.095654,0.096934,0,6454909,0,39.815188,no,268679.45,1.125164,Non signif,Non signif
24101,Solagna,24,Vicenza,5,45.816721,11.71817,2,0,1,1,0,120,41883120,0,41883120,4042.3,31024.2,0.936201,15.812100000000001,1875,118.58007475287911,0.262179,0.038035,38,10,0.016581,0.002405,694460,0,100747,21.315155,no,89274.52,-0.308683,Non signif,Non signif
14010,Buglio in Monte,14,Sondrio,3,46.182788,9.674828,2,0,0,1,1,304,53652483,106556560,160209043,18170.1,197829.3,0.864596,27.707399999999996,2012,72.6159798465392,1.803356,0.974122,16,1,0.065086,0.035157,3492010,6935310,1886285,12.776609,no,204692.83,-0.241594,Non signif,Non signif
20038,Ostiglia,20,Mantova,3,45.07039,11.13641,2,0,0,1,1,404,23861770,66796074,90657844,9333.1,130444.7,0.863912,39.838899999999995,6741,169.20647909455334,0,5.828487,0,149,0,0.146301,0,0,3491010,21.044843,no,190788.01,0.839433,Non signif,Non signif
82031,Cinisi,82,Palermo,19,38.154943,13.109841,3,0,0,1,2,593,25025155,261056160,286081315,31715.1,115106,0.953067,33.1622,12250,369.3964815362069,4.825585,0,70,0,0.145515,0,3641526,37987488,0,29.57954,no,846215.37,-0.5591,Non signif,Non signif
111042,Muravera,111,Sud Sardegna,20,39.420945,9.573551,1,0,0,1,0,76,52854780,0,52854780,4101.9,12482.1,0.983402,93.508,5273,56.390897035547766,2.096694,10.556294,359,1063,0.022423,0.112892,1185142,0,5966876,15.448131,si,81650.76,-0.414185,Non signif,Non signif
65039,Centola,65,Salerno,15,40.066502,15.311963,1,0,0,1,0,209,15505595,0,15505595,2388.2,24243,0.869419,47.751599999999996,5153,107.91261444642693,11.32999,1.553303,1428,31,0.237269,0.032529,3679002,0,504379,25.585615,no,39672.02,0.935262,Non signif,Non signif
75047,Minervino di Lecce,75,Lecce,16,40.088424,18.420432,1,0,1,0,0,23,2464441,0,2464441,536.2,8381.4,0.672773,18.128800000000002,3602,198.68937822690964,0,0,0,0,0,0,0,0,0,14.108941,no,3477.07,1.979492,Non signif,Non signif
1040,Bruzolo,1,Torino,1,45.142226,7.195648,1,0,0,1,0,152,36661551,0,36661551,1712.8,30952,0.913436,12.56,1533,122.05414012738854,2.032996,0.292633,1277,9,0.161863,0.023299,5934139,0,854170,20.594868,no,75503.98,-1.41866,Non signif,Non signif
75048,Monteroni di Lecce,75,Lecce,16,40.324398,18.09759,1,0,1,0,0,45,4219296,0,4219296,138.8,9379.6,0.759822,16.7431,13923,831.5664363230227,0,0.115436,0,7,0,0.006895,0,0,29090,14.108941,no,5952.98,-0.304818,Non signif,Non signif
63081,Striano,63,Napoli,15,40.815855,14.576468,2,0,0,2,0,43,50379362,0,50379362,3218.2,61659.6,0.862942,7.6519,8522,1113.710320312602,0,0.003398,0,0,0,0.000444,0,0,22372,35.751904,no,180115.81,-0.234531,Non signif,Non signif
103024,Craveggia,103,Verbano-Cusio-Ossola,1,46.140377,8.489429,1,0,1,0,0,13,5099307,0,5099307,567.9,5229.4,0.889123,36.2173,766,21.150113343623076,0,0.608815,0,20,0,0.01681,0,0,85720,17.575018,no,8962.04,-0.371106,Non signif,Non signif
5034,Celle Enomondo,5,Asti,1,44.857347,8.122392,1,0,0,1,0,103,17635733,0,17635733,1838.7,21297.7,0.896106,5.592899999999999,476,85.10790466484293,0.258911,0.811647,8,14,0.046293,0.145121,816407,0,2559314,21.748752,no,38355.52,-0.174125,Non signif,Non signif
15022,Besate,15,Milano,3,45.312965,8.969645,1,0,0,1,0,36,14937655,0,14937655,775.1,17408,0.867278,12.742799999999999,2045,160.48278243400196,0,2.464715,0,0,0,0.19342,0,0,2889244,15.050002,no,22481.17,-0.789552,Non signif,Non signif
43048,Sant'Angelo in Pontano,43,Macerata,11,43.098644,13.396756,1,0,0,1,0,51,38229997,0,38229997,4139.2,21921.7,0.947717,27.3841,1377,50.284654233661136,2.799418,0,65,0,0.102228,0,3908171,0,0,27.736975,no,106038.45,-0.546607,Non signif,Non signif
17003,Agnosine,17,Brescia,3,45.650676,10.353335,3,0,1,2,0,107,41323642,0,41323642,5287.5,53671.7,0.869012,13.5548,1713,126.37589636143653,0.811226,0,25,0,0.059848,0,2473132,0,0,20.48295,no,84643.01,0.350182,High-Low,Coldspot 99%
30079,Pozzuolo del Friuli,30,Udine,6,45.986019,13.195029,3,0,1,1,1,1422,29025254,1577028000,1606053254,72532.1,1301165.4,0.859021,34.3702,6927,201.54086970689727,0,7.27,0,144,0,0.21152,0,0,6139435,22.91097,no,3679623.81,-0.12118,Non signif,Non signif
99011,Morciano di Romagna,99,Rimini,8,43.913748,12.646067,2,0,0,2,0,213,38478654,0,38478654,4223.6,37567.8,0.914352,5.4401,7020,1290.4174555614786,0.00821,0.478729,0,6,0.001509,0.088,58071,0,3386123,28.763441,no,110677.85,0.288353,Non signif,Non signif
5028,Castello di Annone,5,Asti,1,44.879039,8.31389,1,0,0,1,0,180,34442722,0,34442722,1111.1,35456.8,0.89036,23.1789,1875,80.89253588392893,0,1.070538,0,75,0,0.046186,0,0,1590768,21.748752,no,74908.62,-1.045917,Non signif,Coldspot 95%
64104,Sturno,64,Avellino,15,41.019827,15.111318,1,0,0,1,0,51,12422187,0,12422187,792,9675.2,0.93424,16.6736,3038,182.20420305153056,0.523129,0.154568,29,1,0.031375,0.00927,389742,0,115156,37.737871,no,46878.69,-0.331899,Non signif,Non signif
35003,Baiso,35,Reggio nell'Emilia,8,44.496827,10.601678,1,0,0,1,0,31,25984598,0,25984598,4188.1,29917.4,0.875545,75.5542,3265,43.2140106043079,26.352329,1.695346,1477,41,0.348787,0.022439,9063092,0,583063,36.618436,no,95151.53,0.544236,High-Low,Coldspot 99%
71049,San Nicandro Garganico,71,Foggia,16,41.838446,15.565338,1,0,0,1,0,35,21246029,0,21246029,1122.4,28790.9,0.84204,173.3603,15224,87.8171069154818,1.899835,0.278283,2,31,0.010959,0.001605,232833,0,34105,37.634206,no,79957.74,-0.900394,Non signif,Non signif
58013,Bracciano,58,Roma,12,42.101095,12.173857,1,0,0,1,0,61,34096846,0,34096846,3479.3,27806.1,0.920729,143.0627,19219,134.33969860767343,0.512562,0,11,0,0.003583,0,122161,0,0,29.689549,no,101232,-1.19934,Non signif,Non signif
82048,Misilmeri,82,Palermo,19,38.03522,13.451404,2,0,1,1,0,98,10991898,0,10991898,983.8,13777.6,0.853434,69.4896,29376,422.7395178559094,0.555413,0.579804,687,20,0.007993,0.008344,87855,0,91714,29.57954,no,32513.53,0.084658,Non signif,Non signif
33005,Bobbio,33,Piacenza,8,44.769273,9.386281,1,0,0,1,0,45,39953218,0,39953218,1820,17469.9,0.954967,106.5279,3589,33.690704500886625,29.040644,2.967272,583,53,0.272611,0.027854,10891674,0,1112873,28.260932,no,112911.52,-1.04169,Non signif,Non signif
88008,Pozzallo,88,Ragusa,19,36.72633,14.846343,1,0,1,0,0,12,13569784,0,13569784,313.9,9835.1,0.906376,15.376600000000002,19466,1265.9495597206144,0.074845,0,12,0,0.004867,0,66050,0,0,23.45042,no,31821.71,-1.608698,Non signif,Non signif
63028,Cimitile,63,Napoli,15,40.940513,14.525435,1,0,0,1,0,58,6883417,0,6883417,458.4,17026.4,0.739758,2.7407,7167,2615.025358485059,0,0.501085,0,158,0,0.182831,0,0,1258502,35.751904,no,24609.53,0.19166,Non signif,Coldspot 95%
1302,Villarbasse,1,Torino,1,45.045145,7.468418,1,0,0,1,0,60,13882024,0,13882024,1061.2,8735.1,0.949847,10.409,3460,332.40464982226916,0,0.002645,0,0,0,0.000254,0,0,3528,20.594868,no,28589.85,-1.41576,Non signif,Non signif
42029,Monte Roberto,42,Ancona,11,43.48135,13.138378,6,0,0,6,0,437,130972885,0,130972885,14734.6,119198.9,0.898946,13.569600000000001,3088,227.56750383209524,1.348566,0,78,0,0.099381,0,13016270,0,0,27.781362,no,363860.51,0.250325,Non signif,Non signif
90035,La Maddalena,90,Sassari,20,41.212783,9.40666,1,0,1,0,0,34,4571166,0,4571166,577,12225.5,0.724574,52.0137,11233,215.96233300072865,0.023988,0.198368,2,691,0.000461,0.003814,2108,0,17433,12.837123,si,5868.06,0.628691,Non signif,Non signif
78029,Cassano all'Ionio,78,Cosenza,18,39.785022,16.315928,1,0,1,0,0,7,3093153,0,3093153,201.8,4007.3,0.848205,159.0704,18270,114.85480642533118,0.79537,8.810909,626,520,0.005,0.05539,15466,0,171330,50.996071,no,15773.87,-0.54936,Non signif,Non signif
33011,Carpaneto Piacentino,33,Piacenza,8,44.915212,9.788095,3,0,1,1,1,255,29498051,110450908,139948959,9944.5,123178.4,0.902183,63.077299999999994,7733,122.59560887989817,0.500469,5.983816,14,147,0.007934,0.094865,234044,876341,2798327,28.260932,no,395508.8,-0.556071,Non signif,Non signif
70046,Montenero di Bisaccia,70,Campobasso,14,42.06545,14.789569,1,0,0,1,0,72,14142259,0,14142259,138.9,5880.7,0.963085,93.3159,6612,70.85609204862195,8.499179,5.730006,385,66,0.09108,0.061404,1288072,0,868397,35.851049,no,50701.48,-1.850845,Non signif,Non signif
37056,Sant'Agata Bolognese,37,Bologna,8,44.664169,11.134004,3,0,1,2,0,407,102533824,0,102533824,11577.6,85775.4,0.919713,34.7922,7344,211.08179419525067,0,0.567906,0,361,0,0.016323,0,0,1673639,38.815968,no,397994.96,0.995463,Non signif,Non signif
60030,Coreno Ausonio,60,Frosinone,12,41.346321,13.779672,1,0,1,0,0,21,6093266,0,6093266,558.3,5521.9,0.914754,26.3842,1613,61.13507326354409,3.646133,0,382,0,0.138194,0,842052,0,0,34.188464,no,20831.94,-0.173876,Non signif,Non signif
3001,Agrate Conturbia,3,Novara,1,45.675837,8.559812,1,0,1,0,0,40,9287055,0,9287055,1030.8,9712,0.919199,14.5366,1544,106.21465817316292,0,0.382411,0,31,0,0.026307,0,0,244312,12.08995,no,11228,0.506428,Non signif,Non signif
84010,Campobello di Licata,84,Agrigento,19,37.25844,13.918266,1,0,1,0,0,26,11320409,0,11320409,801,4949.1,0.958903,81.3289,9860,121.23611655881243,0.140804,0,1,0,0.001731,0,19599,0,0,20.102118,no,22756.42,-1.647127,Low-High,Hotspot 99%
22224,Volano,22,Trento,4,45.917179,11.060803,2,0,1,1,0,78,13929331,0,13929331,651.4,15081.2,0.910443,10.7403,3048,283.79095555990057,1.209422,2.134455,24,253,0.112606,0.198733,1568526,0,2768222,14.82766,no,20653.94,-0.520903,Non signif,Non signif
65002,Agropoli,65,Salerno,15,40.346905,14.996553,3,0,2,1,0,120,16734936,0,16734936,1642.9,34208.2,0.782883,32.766999999999996,21874,667.5618762779627,1.24701,0.629763,769,607,0.038057,0.019219,636880,0,321636,25.585615,no,42817.36,0.2234,Non signif,Non signif
46019,Minucciano,46,Lucca,9,44.170449,10.207592,1,0,0,1,0,16,15671168,0,15671168,2759.7,17887.7,0.882619,57.283199999999994,2024,35.33322160773142,19.402462,1.427195,567,158,0.338711,0.024915,5308000,0,390443,29.45658,no,46161.9,1.174384,High-Low,Coldspot 99%
71046,San Giovanni Rotondo,71,Foggia,16,41.705055,15.730646,1,0,1,0,0,35,3408578,0,3408578,479.2,12555.2,0.646677,261.8832,27172,103.75617832682661,3.745677,3.253281,13,14,0.014303,0.012423,48752,0,42344,37.634206,no,12827.91,0.762933,Non signif,Non signif
42014,Chiaravalle,42,Ancona,11,43.602662,13.324571,1,0,1,0,0,26,11330041,0,11330041,514.7,29931.9,0.700564,17.6022,14733,836.99764802127,0.1572,0,5,0,0.008931,0,101185,0,0,27.781362,no,31476.4,0.283569,Non signif,Coldspot 95%
48004,Borgo San Lorenzo,48,Firenze,9,43.954248,11.386468,5,1,2,2,0,145,29586894,0,29586894,4691.4,51695,0.769626,146.365,18419,125.8429269292522,33.93207,4.110634,950,2891,0.231832,0.028085,6859185,0,830942,35.050589,no,103703.81,0.570737,Non signif,Non signif
24037,Crespadoro,24,Vicenza,5,45.620193,11.22589,1,0,1,0,0,20,4072727,0,4072727,607.3,5505.7,0.866305,30.201900000000002,1322,43.77208056446779,0.143783,0,14,0,0.004761,0,19389,0,0,21.315155,no,8681.08,2.065316,Non signif,Coldspot 95%
21047,Marebbe/Enneberg,21,Bolzano/Bozen,4,46.648879,12.026938,1,0,0,1,0,101,63006719,0,63006719,8149.9,23606,0.974047,160.3187,3037,18.943516882310046,0.034888,0.202392,0,25,0.000218,0.001262,13711,0,79542,10.80791,no,68097.1,-2.294796,Non signif,Non signif
7041,La Thuile,7,Valle d'Aosta/Vallée d'Aoste,2,45.716288,6.948612,1,0,0,1,0,71,24251514,0,24251514,3979.6,13323.8,0.968219,125.6684,783,6.230683290310054,118.250637,3.323166,151,44,0.940974,0.026444,22820033,0,641305,17.572597,no,42616.21,-0.209002,Low-Low,Coldspot 99%
22048,Castello Tesino,22,Trento,4,46.064175,11.632171,1,0,1,0,0,26,12054604,0,12054604,475.5,2692.8,0.980837,112.8414,1201,10.64325681886258,11.938428,0,12,0,0.105798,0,1275357,0,0,14.82766,no,17874.16,-2.305153,Non signif,Non signif
22064,Commezzadura,22,Trento,4,46.31299,10.832832,1,0,0,1,0,133,178685093,0,178685093,19233.1,49654.7,0.98045,22.0253,1010,45.856356099576395,2.620762,0.105804,31,6,0.118989,0.004804,21261508,0,858358,14.82766,no,264948.17,-1.453962,Non signif,Coldspot 95%
21095,Stelvio/Stilfs,21,Bolzano/Bozen,4,46.542439,10.557829,1,0,0,1,0,56,29813419,0,29813419,4983.6,11508.4,0.979508,141.63469999999998,1150,8.119479195423157,3.085184,0,22,0,0.021783,0,649416,0,0,10.80791,no,32222.08,-0.791116,Low-Low,Coldspot 99%
25030,Livinallongo del Col di Lana,25,Belluno,5,46.506634,11.936812,1,0,0,1,0,103,56440106,0,56440106,11528.1,23656.2,0.979747,100.0071,1300,12.999077065528349,4.815406,0,48,0,0.048151,0,2717627,0,0,17.91629,no,101119.73,-0.195906,Non signif,Non signif
22131,Ossana,22,Trento,4,46.306453,10.737701,1,0,0,1,0,67,16122311,0,16122311,1430.3,19495.9,0.884985,25.2489,837,33.149959008115204,8.720623,0.006723,42,0,0.345386,0.000266,5568425,0,4293,14.82766,no,23905.61,-0.748905,Low-Low,Coldspot 99%
21055,Nalles/Nals,21,Bolzano/Bozen,4,46.543487,11.204627,1,0,0,1,0,29,23359599,0,23359599,3587.1,29461.4,0.864898,12.24,2019,164.95098039215685,0,0,0,0,0,0,0,0,0,10.80791,no,25246.84,1.356603,Non signif,Coldspot 95%
63046,Meta,63,Napoli,15,40.639206,14.418237,1,0,1,0,0,15,2665474,0,2665474,262.2,4340.7,0.828409,2.2511,7947,3530.274088223535,1.250731,0.069528,1987,120,0.555609,0.030886,1480961,0,82326,35.751904,no,9529.58,0.638179,Non signif,Non signif
30018,Carlino,30,Udine,6,45.80225,13.188223,1,0,0,1,0,110,49866597,0,49866597,6102.6,89720.8,0.807045,30.2265,2784,92.10461019304252,0,3.343245,0,62,0,0.110606,0,0,5515566,22.91097,no,114249.21,0.228505,Non signif,Non signif
93050,Vivaro,93,Pordenone,6,46.078002,12.775846,1,0,0,1,0,49,30384727,0,30384727,1493.9,15792.1,0.950362,37.6773,1343,35.644804696727206,0,0,0,0,0,0,0,0,0,22.312037,no,67794.52,-1.46846,Low-Low,Coldspot 99%
3016,Bellinzago Novarese,3,Novara,1,45.568768,8.643233,1,0,1,0,0,20,2782687,0,2782687,157.6,4758.8,0.832955,39.1791,9646,246.2026948041175,0,1.104045,0,1,0,0.028179,0,0,78415,12.08995,no,3364.25,0.890996,Non signif,Coldspot 95%
20043,Pomponesco,20,Mantova,3,44.928756,10.591879,5,0,2,1,2,535,54360045,594734887,649094932,35454.5,310196,0.934033,12.558900000000001,1686,134.24742612808444,0,1.691947,0,4,0,0.134721,0,0,7323437,21.044843,no,1366010.08,-0.764897,Low-Low,Coldspot 99%
1107,Forno Canavese,1,Torino,1,45.345353,7.591015,3,0,2,1,0,102,58085999,0,58085999,5610,43304.4,0.896326,16.5005,3382,204.96348595497108,2.759174,0.064488,34,45,0.167218,0.003908,9713001,0,227014,20.594868,no,119627.35,-0.446243,Low-Low,Coldspot 99%
96046,Pollone,96,Biella,1,45.579763,8.005919,2,0,1,0,1,356,6779618,99638039,106417657,13123.5,90486.8,0.905431,16.217,2100,129.4937411358451,0.109317,0.021598,13,0,0.006741,0.001332,45701,671649,9029,19.06674,no,202903.78,0.350808,Low-Low,Coldspot 99%
95082,Laconi,95,Oristano,20,39.852649,9.050435,1,0,0,1,0,22,18885680,0,18885680,2187.6,13394.5,0.922391,124.7533,1855,14.869346141544954,0.107371,0.531604,0,0,0.000861,0.004261,16254,0,80476,13.76477,si,25995.7,-0.100441,Non signif,Non signif
86019,Valguarnera Caropepe,86,Enna,19,37.49542,14.390791,1,0,0,0,1,2171,0,666030014,666030014,82270.8,1221088,0.792797,9.4135,7648,812.4502044935464,0.07736,0,25,0,0.008218,0,0,5473425,0,34.389868,no,2290468.41,0.428474,High-High,Hotspot 99%
60055,Pofi,60,Frosinone,12,41.565274,13.415532,3,0,2,1,0,88,62646050,0,62646050,3095.9,50700.3,0.911887,30.6814,4134,134.73961422881615,0.482137,0.423586,45,36,0.015714,0.013806,984439,0,864888,34.188464,no,214177.22,-0.922693,Non signif,Non signif
9009,Bardineto,9,Savona,7,44.193123,8.132452,1,0,0,1,0,77,21280251,0,21280251,2756.5,40233.7,0.805556,29.7938,744,24.97163839456531,0.015823,0.391458,0,4,0.000531,0.013139,11302,0,279599,24.791781,no,52757.53,0.973665,Non signif,Hotspot 95%
30015,Camino al Tagliamento,30,Udine,6,45.927016,12.945124,1,0,0,1,0,61,26193901,0,26193901,1265.1,18520.8,0.91957,22.3182,1614,72.3176600263462,0,0,0,0,0,0,0,0,0,22.91097,no,60012.77,-0.4645,Non signif,Non signif
33044,Vernasca,33,Piacenza,8,44.799438,9.830668,2,0,1,1,0,79,13186265,0,13186265,809.6,24695,0.783501,72.567,2079,28.649386084583906,13.759191,2.951248,205,33,0.189607,0.040669,2500204,0,536276,28.260932,no,37265.61,0.99906,Non signif,Non signif
64043,Lauro,64,Avellino,15,40.879968,14.629467,1,0,0,1,0,61,17015774,0,17015774,1891.5,27818.8,0.818948,11.2936,3445,305.0400226677056,6.319461,0.757385,861,895,0.559561,0.067063,9521368,0,1141132,37.737871,no,64213.91,1.881614,High-Low,Coldspot 99%
12038,Casciago,12,Varese,3,45.832797,8.784327,1,0,0,1,0,52,18751885,0,18751885,833.8,23029.1,0.862445,4.0455000000000005,3763,930.1693239401803,0.063956,0,2,0,0.015809,0,296452,0,0,11.229804,no,21058,-0.550406,Non signif,Non signif
8028,Diano San Pietro,8,Imperia,7,43.931424,8.071651,1,0,0,1,0,33,24302751,0,24302751,4186.6,19665.1,0.917152,11.911900000000001,1150,96.54211334883603,0.638584,0.08699,78,31,0.053609,0.007303,1302844,0,177478,29.468433,no,71616.4,0.473531,Non signif,Non signif
55005,Arrone,55,Terni,10,42.583433,12.769865,1,0,0,1,0,28,14041458,0,14041458,705,13695.6,0.883595,41.0374,2743,66.84146656464591,2.396952,0.732246,135,384,0.058409,0.017843,820147,0,250547,34.830185,no,48906.66,-0.45125,Non signif,Non signif
6020,Borgo San Martino,6,Alessandria,1,45.090963,8.525829,1,0,0,1,0,85,20522516,0,20522516,3347.3,21163.7,0.910189,9.7232,1411,145.11683396412704,0,1.52555,0,3,0,0.156898,0,0,3219940,20.84217,no,42773.38,0.595476,Non signif,Non signif
1173,Osasco,1,Torino,1,44.849368,7.343243,2,0,2,0,0,53,16087694,0,16087694,1227.3,16466.8,0.871284,5.4886,1152,209.88958933061255,0,0.320489,0,4,0,0.058392,0,0,939389,20.594868,no,33132.39,0.750528,Non signif,Non signif
60010,Arpino,60,Frosinone,12,41.647983,13.610141,2,0,0,2,0,113,50423255,0,50423255,4199.5,51191.5,0.88196,56.2407,7150,127.13213028998572,4.425094,0.062702,274,9,0.078681,0.001115,3967370,0,56216,34.188464,no,172389.36,-0.602806,Non signif,Non signif
79008,Badolato,79,Catanzaro,18,38.568681,16.524607,1,0,0,1,0,90,7800685,0,7800685,840.9,21454.6,0.724046,37.0672,2974,80.23265852289896,0.748272,1.258951,174,50,0.020187,0.033964,157472,0,264943,52.451966,no,40916.13,0.933997,Non signif,Non signif
7019,Charvensod,7,Valle d'Aosta/Vallée d'Aoste,2,45.720879,7.326089,1,0,0,1,0,120,24279928,0,24279928,4607.7,24615.9,0.915894,25.862199999999998,2428,93.88219099689896,17.769622,0.982104,175,250,0.687089,0.037974,16682461,0,922018,17.572597,no,42666.14,1.226973,High-Low,Coldspot 99%
5052,Dusino San Michele,5,Asti,1,44.925493,7.97219,1,0,0,1,0,118,25750817,0,25750817,114.4,12324.2,0.952905,11.9252,1047,87.79726964746922,3.089513,0.790408,74,12,0.259074,0.06628,6671375,0,1706777,21.748752,no,56004.81,-1.889348,Non signif,Non signif
33012,Castell'Arquato,33,Piacenza,8,44.85118,9.867118,1,0,1,0,0,24,12562733,0,12562733,296.3,11743.7,0.908815,52.749300000000005,4621,87.6030582396354,0.58492,2.628348,13,194,0.011089,0.049827,139304,0,625965,28.260932,no,35503.45,-0.469421,Non signif,Non signif
24115,Velo d'Astico,24,Vicenza,5,45.788399,11.36769,2,0,0,1,1,709,48486544,552181711,600668255,59900.9,330906,0.913636,21.9044,2368,108.10613392743011,1.227636,0,8,0,0.056045,0,2717437,30947122,0,21.315155,no,1280333.71,-0.163877,Non signif,Non signif
25036,Pedavena,25,Belluno,5,46.039624,11.880433,1,0,0,1,0,183,62105312,0,62105312,4019.6,37998.6,0.939014,25.0557,4445,177.40474223430198,0.501285,0,14,0,0.020007,0,1242530,0,0,17.91629,no,111269.67,-1.877312,Non signif,Non signif
108031,Mezzago,108,Monza e della Brianza,3,45.628977,9.44485,3,0,2,1,0,47,31752196,0,31752196,2679.1,55477.8,0.81011,4.3185,4493,1040.4075489174481,0,0.003768,0,0,0,0.000873,0,0,27705,13.279771,no,42166.19,-0.324397,Non signif,Non signif
79042,Davoli,79,Catanzaro,18,38.647383,16.486205,1,0,1,0,0,41,13514803,0,13514803,423.5,6121.3,0.945786,25.0256,5531,221.0136819896426,0.181863,1.369259,187,311,0.007267,0.054714,98213,0,739453,52.451966,no,70887.8,-1.978912,Non signif,Hotspot 95%
24080,Posina,24,Vicenza,5,45.791088,11.262517,1,0,0,1,0,62,26951252,0,26951252,3143.5,38040,0.833587,43.6396,557,12.763636696944976,1.512992,0,44,0,0.03467,0,934404,0,0,21.315155,no,57447.01,0.62899,Non signif,Non signif
4157,Paesana,4,Cuneo,1,44.684564,7.273841,1,0,0,1,0,48,52083247,0,52083247,11828.6,41732,0.916439,58.2702,2724,46.747737265360335,8.788274,0.858175,26,49,0.150819,0.014728,7855162,0,767057,16.396584,no,85398.73,0.870998,Non signif,Non signif
46022,Pescaglia,46,Lucca,9,43.966246,10.4111,2,0,1,1,0,85,30926926,0,30926926,2901.7,46761.2,0.850743,70.54899999999999,3456,48.98722873463834,15.988185,1.351845,666,328,0.226625,0.019162,7008822,0,592615,29.45658,no,91100.15,0.184167,Non signif,Non signif
65106,Roccadaspide,65,Salerno,15,40.425364,15.191785,3,0,2,1,0,84,31154420,0,31154420,3968.9,34859.8,0.859623,64.15899999999999,7116,110.91195311647627,16.607049,0.658329,1290,57,0.258842,0.010261,8064075,0,319672,25.585615,no,79710.5,-0.080193,Non signif,Non signif
53015,Massa Marittima,53,Grosseto,9,43.050103,10.888059,1,0,0,1,0,48,20536894,0,20536894,3597.2,17370,0.907782,283.4474,8286,29.232937045815202,3.409969,4.360177,261,59,0.01203,0.015383,247066,0,315912,19.796812,no,40656.5,0.659767,High-Low,Coldspot 99%
16020,Bariano,16,Bergamo,3,45.512646,9.704925,1,0,1,0,0,23,4521460,0,4521460,178.2,2950.5,0.937297,7.0712,4270,603.8579024776558,0,0.533574,0,1,0,0.075457,0,0,341177,21.203762,no,9587.2,-1.620128,Non signif,Non signif
5025,Castell'Alfero,5,Asti,1,44.982097,8.209929,2,0,0,2,0,141,39184262,0,39184262,2982.8,41819.9,0.887626,20.0884,2709,134.85394556062204,0,1.598859,0,70,0,0.079591,0,0,3118721,21.748752,no,85220.88,-0.705269,Non signif,Non signif
4189,Rocca de' Baldi,4,Cuneo,1,44.423633,7.761136,1,0,0,1,0,82,35713969,0,35713969,5215.8,30992.8,0.905211,26.4027,1639,62.07698455082245,0,1.861991,0,53,0,0.070523,0,0,2518647,16.396584,no,58558.71,-0.002779,Non signif,Non signif
52020,Piancastagnaio,52,Siena,9,42.848967,11.692881,1,0,0,1,0,100,26511675,0,26511675,1801.7,7108,0.985194,69.6268,4181,60.04871687338783,10.63377,1.098553,50,9,0.152725,0.015778,4049002,0,418294,24.090373,no,63867.61,-1.626537,Non signif,Coldspot 95%
56012,Canino,56,Viterbo,12,42.463963,11.749509,1,0,1,0,0,34,18114293,0,18114293,2302.9,10134.3,0.955487,124.0396,5284,42.59929893356638,3.335939,3.810722,961,2,0.026894,0.030722,487168,0,556504,19.086634,no,34574.09,1.413981,Non signif,Coldspot 95%
63007,Barano d'Ischia,63,Napoli,15,40.709018,13.918602,1,0,1,0,0,47,3040403,0,3040403,369.5,10373.9,0.683626,10.961099999999998,10001,912.408426161608,6.19486,0.68531,2995,719,0.565168,0.062522,1718338,0,190092,35.751904,no,10870.02,0.985151,Non signif,Non signif
4243,Vignolo,4,Cuneo,1,44.362229,7.472731,1,0,1,0,0,31,9352524,0,9352524,827.9,9290.1,0.882439,7.9418,2583,325.24112921503945,0.351364,0.508929,6,32,0.044242,0.064082,413778,0,599331,16.396584,no,15334.94,-1.165634,Non signif,Non signif
17168,Sabbio Chiese,17,Brescia,3,45.658587,10.420571,3,0,1,1,1,201,40470387,68963557,109433944,8444.4,111915.3,0.879504,18.4475,3899,211.35655237837105,1.173171,0.322343,58,174,0.063595,0.017474,2573719,4385746,707161,20.48295,no,224153,0.151115,Non signif,Non signif
81013,Paceco,81,Trapani,19,37.981297,12.557309,1,0,0,1,0,44,34881752,0,34881752,2023.8,21045.6,0.922676,58.008199999999995,11307,194.92071810537132,0.021412,0,1,0,0.000369,0,12876,0,0,16.86353,no,58822.95,-0.891725,Non signif,Non signif
36012,Finale Emilia,36,Modena,8,44.834574,11.293905,7,0,1,4,2,974,113216531,380803132,494019663,29521.3,413916.5,0.87479,105.12729999999999,15581,148.21078825385985,0,19.046715,0,1053,0,0.181178,0,0,20512303,36.541065,no,1805200.44,-0.405924,Low-Low,Coldspot 99%
71055,Stornarella,71,Foggia,16,41.25638,15.729788,1,0,0,1,0,38,33572029,0,33572029,1786.6,32987.8,0.877849,33.8128,5344,158.0466568873326,0,0,0,0,0,0,0,0,0,37.634206,no,126345.67,-0.316138,Non signif,Non signif
65083,Oliveto Citra,65,Salerno,15,40.690808,15.231782,1,0,0,0,1,117,0,78600003,78600003,11724.7,73289.5,0.900726,31.622,3739,118.24046549870343,17.036847,0.372838,962,33,0.538766,0.01179,0,42346981,0,25.585615,no,201102.94,1.751991,Non signif,Non signif
6132,Pontecurone,6,Alessandria,1,44.960475,8.933609,1,0,1,0,0,36,5296854,0,5296854,736.4,7559.1,0.877756,29.7025,3603,121.30292062957663,0,1.222234,0,6,0,0.041149,0,0,217961,20.84217,no,11039.79,0.914208,Non signif,Non signif
9049,Pietra Ligure,9,Savona,7,44.152931,8.286552,1,0,0,1,0,15,18497062,0,18497062,548.1,36227.1,0.775492,9.878300000000001,8837,894.5871253150844,0.354437,0.408259,182,966,0.03588,0.041329,663681,0,764463,24.791781,no,45857.51,-0.760966,Low-High,Hotspot 99%
108022,Correzzana,108,Monza e della Brianza,3,45.665689,9.303626,2,0,2,0,0,42,34730389,0,34730389,4236.7,21358.3,0.934487,2.5061,3025,1207.0547863213758,0,0,0,0,0,0,0,0,0,13.279771,no,46121.16,-0.885122,Non signif,Non signif
1195,Piscina,1,Torino,1,44.919442,7.426212,1,0,0,1,0,67,19943669,0,19943669,3751,24310.7,0.88676,9.9036,3364,339.67446181186637,0,0.15854,0,4,0,0.016008,0,0,319265,20.594868,no,41073.72,1.449742,Non signif,Non signif
44006,Arquata del Tronto,44,Ascoli Piceno,11,42.772361,13.296583,1,0,1,0,0,14,8685673,0,8685673,389.9,11273,0.842775,92.2257,1115,12.089905525249469,2.710779,0,103,0,0.029393,0,255297,0,0,32.834347,no,28518.84,-0.537898,Non signif,Non signif
16023,Berbenno,16,Bergamo,3,45.814783,9.571049,1,0,0,1,0,86,11234481,0,11234481,2006.9,12275.4,0.920432,6.1448,2357,383.57635724515035,0.081229,0,5,0,0.013219,0,148510,0,0,21.203762,no,23821.33,0.869208,Non signif,Non signif
41034,Montefelcino,41,Pesaro e Urbino,11,43.734761,12.833958,2,0,1,1,0,93,16924840,0,16924840,1440.1,16408.2,0.92255,39.007,2627,67.34688645627708,0.178191,0,4,0,0.004568,0,77316,0,0,24.621765,no,41671.94,-0.441804,Non signif,Non signif
16213,Terno d'Isola,16,Bergamo,3,45.685479,9.530951,2,0,0,2,0,153,41422523,0,41422523,3922.3,42848.4,0.915145,4.1331,8106,1961.2397474050956,0,0.002492,0,0,0,0.000603,0,0,24975,21.203762,no,87831.33,-0.557255,Non signif,Non signif
61080,San Potito Sannitico,61,Caserta,15,41.337736,14.392902,1,0,0,0,1,347,0,433238000,433238000,27705,61092,0.994035,23.1316,1922,83.0897992356776,4.802999,0,244,0,0.207638,0,0,89956669,0,28.435248,no,1231923.01,-1.543087,Non signif,Non signif
82022,Castelbuono,82,Palermo,19,37.931953,14.088562,1,0,0,1,0,131,35319029,0,35319029,3555.9,33134,0.904136,60.7868,8688,142.92576677831372,0.977907,1.36064,212,30,0.016087,0.022384,568195,0,790574,29.57954,no,104472.06,0.176283,High-High,Hotspot 99%
14020,Chiuro,14,Sondrio,3,46.170821,9.989355,3,0,1,2,0,258,42762007,0,42762007,4489.3,62074.8,0.857417,51.7575,2552,49.30686373955465,1.964842,2.001812,0,5,0.037962,0.038677,1623351,0,1653896,12.776609,no,54635.35,0.177499,Non signif,Non signif
110008,Spinazzola,110,Barletta-Andria-Trani,16,40.969168,16.088007,1,0,0,0,1,35,0,66560109,66560109,2269.1,84538.7,0.866312,184.00900000000001,6515,35.40587688645664,0.198321,0.361312,6,0,0.001078,0.001964,0,71737,0,22.254355,no,148125.23,-1.345206,Non signif,Non signif
54008,Castel Ritaldi,54,Perugia,10,42.82326,12.672287,1,0,1,0,0,15,3020733,0,3020733,127.4,6153.9,0.768313,22.441799999999997,3245,144.5962445080163,0.835045,1.818593,18,216,0.037209,0.081036,112400,0,244788,38.922787,no,11757.53,-0.545848,Non signif,Non signif
4114,Magliano Alpi,4,Cuneo,1,44.459634,7.805336,1,0,0,1,0,96,45376433,0,45376433,2597,24710.6,0.945691,33.2209,2206,66.4039806266537,0.142209,0.276231,1,3,0.004281,0.008315,194243,0,377304,16.396584,no,74401.85,-1.446012,Non signif,Non signif
19006,Bonemerse,19,Cremona,3,45.11367,10.077473,1,0,0,0,1,71,0,91272438,91272438,13424.3,169923.4,0.796167,5.9008,1528,258.94793926247286,0,0.286117,0,335,0,0.048488,0,0,0,21.210647,no,193594.74,1.036362,Non signif,Non signif
47022,Chiesina Uzzanese,47,Pistoia,9,43.8391,10.719342,2,0,1,1,0,125,24884564,0,24884564,2194.1,40639.8,0.856889,7.1959,4558,633.4162509206632,0,0.0226,0,6,0,0.003141,0,0,78154,29.709501,no,73930.8,0.272563,Non signif,Non signif
37048,Pieve di Cento,37,Bologna,8,44.713209,11.306598,2,0,2,0,0,56,15770227,0,15770227,2385.5,30521.7,0.784899,15.937100000000001,7068,443.49348375802373,0,13.440456,0,3249,0,0.843344,0,0,13299725,38.815968,no,61213.66,0.682206,High-Low,Coldspot 99%
31013,Moraro,31,Gorizia,6,45.930571,13.49653,1,0,0,1,0,93,25148006,0,25148006,1911.5,23224.9,0.91708,3.5655,753,211.1905763567522,0,0,0,0,0,0,0,0,0,23.340869,no,58697.63,-0.618665,Non signif,Non signif
58038,Formello,58,Roma,12,42.082521,12.400273,1,0,1,0,0,12,11122373,0,11122373,915.5,16477,0.829481,31.1454,13070,419.6446345206676,0.121077,0.004928,72,0,0.003887,0.000158,43238,0,1760,29.689549,no,33021.82,0.596843,Non signif,Non signif
43046,San Ginesio,43,Macerata,11,43.53009,12.961252,1,0,1,0,0,38,6663181,0,6663181,1308.5,9263.6,0.881948,78.0208,3376,43.270512478723624,10.65044,0,263,0,0.136508,0,909576,0,0,27.736975,no,18481.65,0.858763,Non signif,Non signif
18004,Albuzzano,18,Pavia,3,45.186626,9.27504,1,0,0,0,1,451,0,116287535,116287535,5411.8,78505.2,0.944874,15.449000000000002,3566,230.8240015534986,0,0.055612,0,0,0,0.0036,0,0,0,18.961299,no,220496.28,-1.023308,Non signif,Non signif
94021,Fornelli,94,Isernia,14,41.606727,14.139489,1,0,0,1,0,93,40296065,0,40296065,1472.7,25211.7,0.923317,23.173099999999998,1929,83.24307062930727,4.1538,0.779807,83,29,0.179251,0.033651,7223108,0,1356019,43.903663,no,176914.48,1.45021,Non signif,Non signif
55008,Calvi dell'Umbria,55,Terni,10,42.403124,12.567432,1,0,1,0,0,21,5178109,0,5178109,279.8,9060.2,0.815665,45.7852,1796,39.22664965971536,1.745516,0,137,0,0.038124,0,197410,0,0,34.830185,no,18035.45,-0.43709,Non signif,Non signif
61004,Arienzo,61,Caserta,15,41.024257,14.497052,1,0,1,0,0,19,6437392,0,6437392,756.1,8946.3,0.849241,14.008199999999999,5374,383.6324438543139,9.025186,0.826433,496,1110,0.644279,0.058996,4147475,0,379783,28.435248,no,18304.88,0.593721,Non signif,Non signif
61009,Caiazzo,61,Caserta,15,41.178322,14.364948,3,0,0,3,0,278,40273684,0,40273684,2643.3,47799.7,0.884569,37.041,5489,148.18714397559464,3.275811,1.443436,79,46,0.088437,0.038969,3561701,0,1569409,28.435248,no,114519.22,-0.148218,Non signif,Non signif
19084,Rivolta d'Adda,19,Cremona,3,45.470659,9.512551,2,0,0,1,1,523,17057073,338650000,355707073,38292,171341.6,0.849447,30.401500000000002,8140,267.74994654869,0,2.241654,0,48,0,0.073735,0,0,1257703,21.210647,no,754477.7,0.128912,Non signif,Non signif
23035,Fumane,23,Verona,5,45.542953,10.883974,1,0,1,0,0,16,8544409,0,8544409,703.4,15851,0.795788,34.2118,4125,120.57243407245454,0.122178,0,47,0,0.003571,0,30514,0,0,20.167921,no,17232.3,0.241779,Non signif,Non signif
10028,Lavagna,10,Genova,7,44.312154,9.341706,1,0,0,1,0,133,48516676,0,48516676,5022.8,42744.7,0.899066,13.8765,12617,909.235037653587,2.04149,1.416136,217,7147,0.147119,0.102053,7137701,0,4951264,24.504626,no,118888.3,-0.269305,Non signif,Non signif
79047,Falerna,79,Catanzaro,18,38.995559,16.162568,1,0,0,1,0,44,26387034,0,26387034,1360,84544.6,0.680516,24.0415,3929,163.42574298608656,5.000782,0.706648,1084,557,0.208006,0.029393,5488668,0,775590,52.451966,no,138405.18,1.019865,Non signif,Non signif
16217,Torre Pallavicina,16,Bergamo,3,45.446377,9.877063,1,0,0,1,0,56,20179377,0,20179377,4327.1,22645.9,0.915897,10.6243,1067,100.43014598608849,0,1.38223,0,15,0,0.130101,0,0,2625353,21.203762,no,42787.87,1.045917,High-High,Hotspot 99%
19072,Pianengo,19,Cremona,3,45.402174,9.694759,2,0,1,1,0,116,28913847,0,28913847,2602.6,22898.5,0.925435,5.7632,2538,440.3803442531926,0,1.445368,0,3,0,0.250793,0,0,7251379,21.210647,no,61328.14,-0.060189,Non signif,Non signif
30053,Majano,30,Udine,6,46.185205,13.068214,1,0,0,1,0,27,15680349,0,15680349,343.5,14550.2,0.907422,28.2756,5932,209.79218831784294,0,4.174036,0,53,0,0.14762,0,0,2314729,22.91097,no,35925.2,-0.972485,Low-Low,Coldspot 99%
80097,San Ferdinando,80,Reggio di Calabria,18,38.48317,15.916271,1,0,1,0,0,8,3860577,0,3860577,345.6,6316,0.690744,14.1983,4977,350.5349231950304,0,0.023985,0,0,0,0.001689,0,0,6522,48.652369,no,18782.62,1.053431,Non signif,Non signif
55018,Montecchio,55,Terni,10,42.663533,12.286862,1,0,1,0,0,30,41135926,0,41135926,157.8,12157.2,0.963237,49.218,1646,33.443049290909826,0.58793,0.472293,38,1,0.011945,0.009596,491386,0,394738,34.830185,no,143277.19,-2.366378,Non signif,Non signif
109005,Falerone,109,Fermo,11,43.107052,13.471682,1,0,0,1,0,45,19427136,0,19427136,4793.7,13486.3,0.953697,24.612800000000004,3330,135.29545602288238,4.259024,0,164,0,0.173041,0,3361691,0,0,25.228384,no,49011.52,1.577877,Non signif,Non signif
54033,Montone,54,Perugia,10,43.362337,12.326328,1,0,0,0,1,303,0,83199225,83199225,5364.4,71177.8,0.915255,51.095,1642,32.13621685096389,7.468209,0.697585,221,28,0.146163,0.013653,0,12160665,0,38.922787,no,323834.57,-0.998784,Non signif,Non signif
20018,Cavriana,20,Mantova,3,45.347559,10.598522,4,0,3,1,0,158,24885880,0,24885880,1527.2,36530.3,0.863976,36.9102,3828,103.71116927028301,0,0.17679,0,4,0,0.00479,0,0,119197,21.044843,no,52371.94,0.1249,Non signif,Coldspot 95%
56060,Vitorchiano,56,Viterbo,12,42.465427,12.172462,1,0,0,1,0,67,21970537,0,21970537,4770.9,19720.4,0.922952,30.1435,5235,173.66928193474547,1.276859,0,172,0,0.042359,0,930658,0,0,19.086634,no,41934.36,1.435858,High-Low,Coldspot 99%
65031,Castellabate,65,Salerno,15,40.276127,14.958119,1,0,0,1,0,56,12303146,0,12303146,1404.3,23015,0.807062,37.4338,9233,246.64875059438262,5.599052,0.002526,1558,0,0.149572,0.000067,1840207,0,830,25.585615,no,31478.36,0.315794,Non signif,Non signif
34045,Varano de' Melegari,34,Parma,8,44.68806,10.011479,2,0,1,1,0,138,31567973,0,31567973,3156.6,21412.9,0.936722,64.9224,2626,40.44828903429325,16.136375,5.639116,323,114,0.248549,0.086859,7846177,0,2741973,33.475863,no,105676.51,0.133317,Non signif,Non signif
39004,Brisighella,39,Ravenna,8,44.22214,11.772226,1,0,0,1,0,84,13894450,0,13894450,853.7,19795.5,0.884757,194.3319,7579,39.00028765220738,75.706279,6.386708,1244,387,0.389572,0.032865,5412890,0,456640,37.876303,no,52627.04,0.86101,Non signif,Non signif
24018,Caldogno,24,Vicenza,5,45.611836,11.50758,3,0,2,1,0,258,44298164,0,44298164,10967.2,52165.7,0.891453,15.8847,11272,709.6136533897397,0,2.21378,0,1862,0,0.139366,0,0,6173638,21.315155,no,94422.22,0.033514,Non signif,Non signif
1104,Fiano,1,Torino,1,45.216871,7.522685,1,0,0,1,0,63,18322609,0,18322609,1259.8,19950.6,0.890388,12.0416,2679,222.47874036672866,0.51976,0.048066,3,0,0.043164,0.003992,790872,0,73138,20.594868,no,37735.17,-0.667201,Non signif,Coldspot 95%
80061,Polistena,80,Reggio di Calabria,18,38.406509,16.077455,4,0,2,2,0,161,63066834,0,63066834,7491.3,93308.7,0.841034,11.7701,10373,881.3009235265631,0.027287,0.501257,37,143,0.002318,0.042587,146210,0,2685847,48.652369,no,306835.09,0.111231,Non signif,Non signif
3044,Cavaglietto,3,Novara,1,45.602168,8.50213,1,0,1,0,0,29,8500103,0,8500103,1563.8,16065,0.817426,6.4856,383,59.053904033551255,0,0.507934,0,0,0,0.078317,0,0,665704,12.08995,no,10276.58,1.404715,Non signif,Non signif
30006,Artegna,30,Udine,6,46.239096,13.155651,1,0,1,0,0,12,10006103,0,10006103,1343.6,20445.1,0.778365,11.2211,2871,255.85726889520635,0.027859,1.13581,30,5,0.002483,0.101221,24842,0,1012827,22.91097,no,22924.95,0.759439,High-Low,Coldspot 99%
70029,Guglionesi,70,Campobasso,14,41.913888,14.913613,1,0,1,0,0,5,5557868,0,5557868,171.4,10912.8,0.776023,100.9477,5246,51.96750396492441,6.980335,4.933179,39,24,0.069148,0.048869,384316,0,271606,35.851049,no,19925.54,-0.653481,Non signif,Non signif
50024,Palaia,50,Pisa,9,43.605041,10.772014,1,0,0,1,0,50,12115395,0,12115395,1499,16354.1,0.877405,73.70739999999999,4542,61.622035236624825,16.825824,0.66965,515,25,0.228279,0.009085,2765686,0,110071,28.10564,no,34051.09,1.35129,Non signif,Non signif
69031,Fara San Martino,69,Chieti,13,42.089815,14.205333,1,0,0,0,1,569,0,655004080,655004080,44421.2,643680.3,0.883153,44.6927,1379,30.855150841188827,5.422293,0,291,0,0.121324,0,0,79467654,0,28.116343,no,1841631.95,-0.484254,Non signif,Non signif
78013,Belmonte Calabro,78,Cosenza,18,39.162203,16.082536,1,0,1,0,0,25,3081882,0,3081882,88.1,2594.4,0.91047,23.9787,1966,81.98943228782211,2.8158,0.465014,224,36,0.117429,0.019393,361903,0,59766,50.996071,no,15716.39,-0.120915,Non signif,Non signif
54017,Deruta,54,Perugia,10,42.98229,12.419588,1,0,1,0,0,33,5929192,0,5929192,1014.9,13772.3,0.761088,44.5104,9713,218.21866350336103,1.415103,4.523301,214,141,0.031793,0.101623,188505,0,602545,38.922787,no,23078.07,1.966896,Non signif,Non signif
83095,Sinagra,83,Messina,19,38.083051,14.849338,1,0,0,1,0,19,13750704,0,13750704,428.5,14900,0.864675,24.0273,2643,109.99987514202594,0.958643,0,33,0,0.039898,0,548627,0,0,44.663628,no,61415.63,-0.843036,Non signif,Non signif
83106,Terme Vigliatore,83,Messina,19,38.136764,15.162675,1,0,0,1,0,84,24846578,0,24846578,3969.7,43932.7,0.841768,13.2282,7359,556.3115163060734,0.016204,0.168499,0,1,0.001225,0.012738,30436,0,316492,44.663628,no,110973.83,0.82855,Non signif,Non signif
29012,Castelmassa,29,Rovigo,5,45.016852,11.310498,1,0,1,0,0,39,5974530,0,5974530,821.1,6313.2,0.911832,11.840499999999999,4102,346.43807271652383,0,0.910968,0,20,0,0.076937,0,0,459660,24.853738,no,14848.94,-0.055681,Non signif,Non signif
80093,Taurianova,80,Reggio di Calabria,18,38.355054,16.014778,2,0,2,0,0,26,11748600,0,11748600,-240.3,7651.1,0.873653,48.5453,15501,319.31000529402434,0.028267,1.443729,0,370,0.000582,0.02974,6841,0,349401,48.652369,no,57159.72,-0.874493,Non signif,Non signif
103075,Villadossola,103,Verbano-Cusio-Ossola,1,46.066663,8.260717,2,0,1,1,0,72,36229806,0,36229806,-189.9,42758.6,0.865529,18.7335,6617,353.2174980649638,3.01229,1.931133,1442,263,0.160797,0.103084,5825643,0,3734731,17.575018,no,63673.95,-0.999667,Low-Low,Coldspot 99%
97090,Viganò,97,Lecco,3,45.724635,9.32456,1,0,0,0,1,178,0,95042170,95042170,12205.6,95484.3,0.898932,1.6049,2105,1311.6081998878435,0,0,0,0,0,0,0,0,0,14.425007,no,137098.4,1.410879,High-Low,Coldspot 99%
13188,Ponte Lambro,13,Como,3,45.82658,9.225441,1,0,1,0,0,6,2958152,0,2958152,159.3,5423,0.775001,3.3802,4303,1273.0015975386073,0.118042,0.024463,26,59,0.034922,0.007237,103303,0,21409,12.029442,no,3558.49,0.138221,Non signif,Non signif
16197,Selvino,16,Bergamo,3,45.781144,9.751675,1,0,0,1,0,56,57447019,0,57447019,9549.4,35136.2,0.94372,6.528,2044,313.1127450980392,0.640008,0.030849,9,0,0.09804,0.004726,5632131,0,271474,21.203762,no,121809.29,-0.357832,Non signif,Non signif
4081,Dogliani,4,Cuneo,1,44.530782,7.947233,1,0,0,0,1,218,0,120164837,120164837,11482,73478.1,0.942302,35.6834,4729,132.5266090114731,4.249233,0.0915,164,3,0.119082,0.002564,0,14309410,0,16.396584,no,197029.28,-0.40512,Non signif,Non signif
102040,Soriano Calabro,102,Vibo Valentia,18,38.596934,16.230355,1,0,1,0,0,14,2970158,0,2970158,210.2,4153.7,0.851919,15.4372,2372,153.65480786671156,0.454209,1.400476,16,279,0.029423,0.090721,87391,0,269455,39.815188,no,11825.74,0.377505,Non signif,Non signif
41045,Petriano,41,Pesaro e Urbino,11,43.779162,12.733355,1,0,0,0,1,474,0,120445417,120445417,15832.3,122357.6,0.894025,11.271500000000001,2781,246.7284744710109,0.797699,0,24,0,0.070771,0,0,8524082,0,24.621765,no,296557.88,0.266171,Non signif,Non signif
73025,San Marzano di San Giuseppe,73,Taranto,16,40.454425,17.505607,1,0,0,1,0,230,20281374,0,20281374,1075.2,21595.7,0.909012,19.1947,9228,480.75770915929917,0.007598,0.201919,0,2,0.000396,0.01052,8028,0,213350,15.194153,no,30815.83,0.119845,Non signif,Non signif
39011,Fusignano,39,Ravenna,8,44.467503,11.960192,2,0,0,1,1,230,42902251,149307286,192209537,20581.7,162429.2,0.902177,24.549899999999997,8164,332.5471794182461,0,3.766645,0,1564,0,0.153428,0,0,6582412,37.876303,no,728018.66,-0.135919,High-Low,Coldspot 99%
98061,Zelo Buon Persico,98,Lodi,3,45.41106,9.431757,2,0,0,2,0,111,34082297,0,34082297,3053.4,28987.3,0.906663,18.8827,7373,390.4632282459606,0,0.550993,0,0,0,0.02918,0,0,994514,19.574231,no,66713.47,0.079077,High-High,Hotspot 99%
17086,Isorella,17,Brescia,3,45.309153,10.322164,5,0,3,2,0,211,72504886,0,72504886,5368.7,59623.1,0.912401,15.3286,4077,265.9734091828347,0,0,0,0,0,0,0,0,0,20.48295,no,148511.39,-0.538957,Non signif,Non signif
94028,Montaquila,94,Isernia,14,41.566723,14.112618,2,0,1,1,0,216,89030321,0,89030321,8893,57117.3,0.964501,25.4494,2394,94.06901537953743,1.043557,0.698086,43,6,0.041005,0.02743,3650704,0,2442133,43.903663,no,390875.72,-2.076581,Non signif,Non signif
45007,Fivizzano,45,Massa-Carrara,9,44.23835,10.12599,1,0,0,1,0,35,45407109,0,45407109,6710.6,38201.4,0.911933,181.1827,7730,42.66411749024603,7.412477,1.498124,145,82,0.040912,0.008269,1857678,0,375452,30.748861,no,139621.69,0.177113,Non signif,Non signif
102033,San Costantino Calabro,102,Vibo Valentia,18,38.632279,16.073897,1,0,1,0,0,24,10093725,0,10093725,-90.7,5185,0.928722,6.7893,2196,323.4501347708895,0.136699,0.001138,12,0,0.020134,0.000168,203232,0,1692,39.815188,no,40188.36,-2.206454,Non signif,Non signif
63069,San Paolo Bel Sito,63,Napoli,15,40.914813,14.546736,1,0,0,1,0,14,19404162,0,19404162,1318,14693.3,0.90706,2.948,3468,1176.3907734056988,0.23598,0.085809,10,48,0.080047,0.029108,1553254,0,564807,35.751904,no,69373.57,-0.812644,Non signif,Non signif
6185,Villanova Monferrato,6,Alessandria,1,45.182857,8.479237,2,0,1,1,0,102,30722424,0,30722424,1069.7,25333.3,0.907026,16.5565,1845,111.43659589889168,0,0.290212,0,2,0,0.017529,0,0,538521,20.84217,no,64032.2,-1.282494,Non signif,Non signif
18150,Siziano,18,Pavia,3,45.314367,9.20315,2,0,0,2,0,124,41893966,0,41893966,4975.9,40169,0.913441,11.788,6074,515.2697658635901,0,0.014783,0,1,0,0.001254,0,0,52538,18.961299,no,79436.4,0.616973,Non signif,Non signif
84031,Ravanusa,84,Agrigento,19,37.267914,13.973255,1,0,0,1,0,61,14142001,0,14142001,2728.7,62841.4,0.58785,49.5013,11471,231.73128786516716,2.487246,0,69,0,0.050246,0,710580,0,0,20.102118,no,28428.42,2.358392,High-High,Hotspot 99%
54023,Gualdo Tadino,54,Perugia,10,43.231652,12.780962,3,0,1,2,0,102,28147299,0,28147299,3357.8,49240.6,0.814281,124.28540000000001,15018,120.83478831785551,7.877038,0.729096,90,19,0.063379,0.005866,1783937,0,165121,38.922787,no,109557.13,0.21972,Non signif,Non signif
1270,Susa,1,Torino,1,45.137212,7.053979,2,0,2,0,0,32,8116511,0,8116511,825.3,11366.5,0.764681,10.988,6340,576.9930833636695,1.426111,0.401897,734,641,0.129788,0.036576,1053426,0,296869,20.594868,no,16715.85,0.065937,Non signif,Non signif
27009,Cinto Caomaggiore,27,Venezia,5,45.825893,12.785572,1,0,0,1,0,70,13659791,0,13659791,2805.4,15533.2,0.905408,21.3227,3238,151.85694119412645,0,1.649953,0,34,0,0.07738,0,0,1056996,17.526854,no,23941.32,0.756172,Non signif,Non signif
28102,Villa Estense,28,Padova,5,45.172108,11.666979,1,0,1,0,0,13,4475992,0,4475992,433.3,5348.4,0.876316,16.006600000000002,2225,139.0051603713468,0,0.142008,0,7,0,0.008872,0,0,39710,17.804557,no,7969.31,0.451069,Non signif,Non signif
109038,Servigliano,109,Fermo,11,43.081621,13.493764,1,0,0,1,0,55,34298546,0,34298546,1476.1,17415.4,0.948722,18.4921,2267,122.59289101832674,2.396002,0,104,0,0.129569,0,4444027,0,0,25.228384,no,86529.69,-0.264478,Non signif,Non signif
16105,Fornovo San Giovanni,16,Bergamo,3,45.497925,9.676906,2,0,0,1,1,446,16960202,123385747,140345949,14237.1,159848.5,0.91121,7.0449,3435,487.5867648937529,0,0.466527,0,1,0,0.066222,0,0,1123138,21.203762,no,297586.21,-0.893968,Non signif,Non signif
49013,Porto Azzurro,49,Livorno,9,42.766298,10.395753,1,0,0,1,0,35,44410329,0,44410329,1671.6,13011.2,0.967599,13.3303,3740,280.56382827093165,0.248793,1.857925,16,1386,0.018664,0.139376,828862,0,6189738,23.707966,no,105287.86,-1.089854,Low-Low,Coldspot 99%
30030,Corno di Rosazzo,30,Udine,6,45.997061,13.441595,1,0,1,0,0,15,6585778,0,6585778,278.7,5270.7,0.901378,12.6217,3170,251.1547572830918,0.092159,0.12931,1,2,0.007302,0.010245,48087,0,67472,22.91097,no,15088.66,-1.17634,Low-Low,Coldspot 99%
49002,Campiglia Marittima,49,Livorno,9,43.060628,10.615496,4,0,2,2,0,321,86299061,0,86299061,5882.7,148920.1,0.813539,83.2832,13018,156.31003611772843,15.294741,16.981982,485,2549,0.183647,0.203906,15848596,0,17596936,23.707966,no,204597.52,0.340132,Non signif,Non signif
87047,Santa Maria di Licodia,87,Catania,19,37.61642,14.887493,1,0,0,1,0,42,19054286,0,19054286,1468.5,33131,0.799862,26.276999999999997,7691,292.6894242112875,0.084882,0,12,0,0.00323,0,61551,0,0,36.827421,no,70172.02,0.395999,Non signif,Non signif
87022,Maletto,87,Catania,19,37.829022,14.865664,1,0,1,0,0,22,4891072,0,4891072,458.8,9560.5,0.793926,40.9577,3818,93.21812504120103,0.007082,0,64,0,0.000173,0,846,0,0,36.827421,no,18012.56,0.622132,Non signif,Non signif
74013,San Donaci,74,Brindisi,16,40.44938,17.922606,2,0,0,2,0,169,44911413,0,44911413,2884.1,37409.7,0.914139,34.0449,6569,192.95107343537506,0,1.046647,0,1,0,0.030743,0,0,1380718,13.243039,no,59476.36,-0.494311,Non signif,Non signif
17082,Idro,17,Brescia,3,45.737745,10.478326,1,0,0,1,0,51,37691370,0,37691370,5484.9,56382.3,0.835499,22.8931,1933,84.4359217406118,0.916923,6.699831,159,211,0.040052,0.292657,1509629,0,11030652,20.48295,no,77203.04,1.075609,Non signif,Non signif
22053,Cavedine,22,Trento,4,45.9952,10.973577,1,0,0,1,0,56,15230289,0,15230289,816.5,13997.6,0.910332,38.2271,2952,77.22270326548444,2.162611,0,8,0,0.056573,0,861619,0,0,14.82766,no,22582.95,-1.226453,Non signif,Non signif
23019,Casaleone,23,Verona,5,45.170669,11.199365,2,0,0,1,1,296,18484451,183827693,202312144,30522.2,161494.6,0.917404,38.6055,5648,146.30039761173927,0,0,0,0,0,0,0,0,0,20.167921,no,408021.54,0.071398,Non signif,Non signif
78003,Acri,78,Cosenza,18,39.493005,16.38495,1,1,0,0,0,9,2200440,0,2200440,30.9,598.5,0.963444,200.63099999999997,20442,101.88854165109082,4.065814,2.246288,631,50,0.020265,0.011196,44592,0,24636,50.996071,no,11221.38,-2.136562,Non signif,Non signif
3019,Boca,3,Novara,1,45.678969,8.408726,1,0,1,0,0,18,5943315,0,5943315,308.6,2504.1,0.96351,9.6081,1213,126.24764521601566,0,0,0,0,0,0,0,0,0,12.08995,no,7185.44,-1.582147,Non signif,Non signif
111072,Sardara,111,Sud Sardegna,20,39.616442,8.820634,1,0,1,0,0,42,7985762,0,7985762,330,6527.7,0.912883,56.2304,4033,71.7227691782381,0.15961,0.107931,40,0,0.002839,0.001919,22668,0,15328,15.448131,si,12336.51,-1.64681,Non signif,Non signif
19041,Dovera,19,Cremona,3,45.365153,9.541688,1,0,0,1,0,52,6354349,0,6354349,1088.6,9315,0.896279,20.652800000000003,3841,185.97962503873563,0,0,0,0,0,0,0,0,0,21.210647,no,13477.99,0.450074,Non signif,Non signif
3042,Castellazzo Novarese,3,Novara,1,45.513366,8.486931,1,0,0,1,0,59,21840746,0,21840746,1596.8,22847.3,0.886915,10.7919,336,31.134461957579294,0,0,0,0,0,0,0,0,0,12.08995,no,26405.35,-0.817885,Non signif,Non signif
53001,Arcidosso,53,Grosseto,9,42.871631,11.538343,2,0,2,0,0,41,18441516,0,18441516,2840.6,24928,0.828486,93.2556,4315,46.27067972325523,20.075854,1.352173,397,106,0.215278,0.0145,3970048,0,267395,19.796812,no,36508.32,0.678758,High-Low,Coldspot 99%
16156,Palazzago,16,Bergamo,3,45.752115,9.535027,1,0,0,1,0,130,27099409,0,27099409,1165.2,36443.1,0.866966,13.9602,4497,322.13005544333174,0.026977,0.070725,1,119,0.001932,0.005066,52367,0,137291,21.203762,no,57460.94,-0.833745,Non signif,Non signif
76030,Episcopia,76,Potenza,17,40.074807,16.098181,1,0,0,1,0,13,21619789,0,21619789,4011,17925,0.923683,28.644499999999997,1389,48.490984307633234,1.27332,0.377149,247,8,0.044453,0.013167,961054,0,284658,40.913322,no,88453.74,0.701701,Non signif,Non signif
39018,Solarolo,39,Ravenna,8,44.360368,11.844525,2,0,2,0,0,77,15720806,0,15720806,1779.4,15785.4,0.918266,26.0387,4460,171.28351261775742,0,4.383195,0,1640,0,0.168334,0,0,2646344,37.876303,no,59544.6,0.579885,Non signif,Non signif
19054,Izano,19,Cremona,3,45.355385,9.750043,1,0,1,0,0,37,3122460,0,3122460,449,4046.5,0.901502,6.1917,1976,319.1369090879726,0,0,0,0,0,0,0,0,0,21.210647,no,6622.94,0.716941,Non signif,Non signif
56050,Tarquinia,56,Viterbo,12,42.253239,11.759175,1,0,1,0,0,26,7954424,0,7954424,1204.4,23108.2,0.737587,279.3352,16269,58.241854231045714,3.499685,24.338959,718,716,0.012529,0.087132,99658,0,693083,19.086634,no,15182.32,1.632394,High-Low,Coldspot 99%
30020,Castions di Strada,30,Udine,6,45.908309,13.185337,1,0,1,0,0,12,1844174,0,1844174,128.5,5127.3,0.726532,32.8333,3767,114.73108094525983,0,2.730662,0,29,0,0.083167,0,0,153375,22.91097,no,4225.18,0.457593,Non signif,Non signif
29001,Adria,29,Rovigo,5,45.053123,12.0572,3,0,2,1,0,136,43768246,0,43768246,5039.9,46146.8,0.851307,113.39,19436,171.40841344033865,0,2.112567,0,15,0,0.018631,0,0,815445,24.853738,no,108780.45,0.358201,Non signif,Non signif
82067,Santa Flavia,82,Palermo,19,38.081331,13.52544,1,0,0,1,0,53,6512799,0,6512799,896.1,9937.2,0.885608,14.5997,11212,767.960985499702,0.551066,0,108,0,0.037745,0,245826,0,0,29.57954,no,19264.56,,,
61056,Piana di Monte Verna,61,Caserta,15,41.167117,14.333728,2,0,1,1,0,102,71063547,0,71063547,7174.3,17824.7,0.95951,23.4958,2312,98.40056520739877,4.178825,1.006646,848,34,0.177854,0.042844,12638945,0,3044622,28.435248,no,202070.96,-1.524279,Non signif,Non signif
24079,Pojana Maggiore,24,Vicenza,5,45.291381,11.501347,1,0,0,0,1,207,0,113980000,113980000,21038,94223,0.918991,28.6156,4348,151.94509288639762,0,0,0,0,0,0,0,0,0,21.315155,no,242950.14,1.029119,Non signif,Non signif
17116,Muscoline,17,Brescia,3,45.562485,10.461874,2,0,0,2,0,122,15431994,0,15431994,2413.2,20312.2,0.919164,10.0782,2654,263.3406759143498,0,0.068902,0,1,0,0.006837,0,0,105504,20.48295,no,31609.28,1.184774,Non signif,Non signif
17019,Bione,17,Brescia,3,45.672786,10.338869,2,0,0,1,1,294,33133432,172949846,206083278,28809.7,127905.9,0.894628,17.287300000000002,1360,78.67046907267184,1.234782,0,16,0,0.071427,0,2366626,12353309,0,20.48295,no,422119.35,0.404298,High-Low,Coldspot 99%
6051,Castelletto Monferrato,6,Alessandria,1,44.981148,8.564545,2,1,0,1,0,103,30145911,0,30145911,1668,19013.3,0.938374,9.5777,1526,159.32844002213474,0,0.393898,0,10,0,0.041127,0,0,1239798,20.84217,no,62830.62,-0.972259,Non signif,Non signif
39015,Riolo Terme,39,Ravenna,8,44.277084,11.72452,2,0,1,1,0,43,53612543,0,53612543,2386.3,54940.1,0.824401,44.258900000000004,5681,128.35836408044483,14.812217,3.962752,458,425,0.334672,0.089536,17942620,0,4800237,37.876303,no,203064.49,-0.649541,Non signif,Non signif
1096,Cuceglio,1,Torino,1,45.359435,7.815187,1,0,0,1,0,80,12008231,0,12008231,633.1,7754.9,0.938091,6.871,998,145.24814437490903,0,0,0,0,0,0,0,0,0,20.594868,no,24730.79,-1.101771,Low-Low,Coldspot 99%
70059,Ripalimosani,70,Campobasso,14,41.611029,14.662729,1,0,0,1,0,126,18159346,0,18159346,3724.8,29403.2,0.839329,33.827600000000004,3102,91.70026841987016,15.893942,0.191454,236,1,0.469851,0.00566,8532192,0,102776,35.851049,no,65103.16,1.217831,Non signif,Non signif
12053,Cocquio-Trevisago,12,Varese,3,45.863436,8.695665,2,0,1,1,0,245,23856640,0,23856640,2220.8,50426,0.830227,9.8057,4755,484.9220351428251,0.00017,0.006055,0,0,0.000017,0.000617,414,0,14731,11.229804,no,26790.54,0.362815,Non signif,Non signif
61094,Trentola-Ducenta,61,Caserta,15,40.97623,14.177166,3,0,3,0,0,80,56427704,0,56427704,2643,27123.4,0.861428,6.6552,19844,2981.728573145811,0,0,0,0,0,0,0,0,0,28.435248,no,160453.58,-0.530094,Non signif,Hotspot 95%
33026,Lugagnano Val d'Arda,33,Piacenza,8,44.821994,9.828482,1,0,0,0,1,302,0,139589331,139589331,22862.6,163998.8,0.885855,54.3983,3976,73.09051937284805,11.399355,2.917843,444,129,0.209554,0.053638,0,29251435,0,28.260932,no,394492.46,1.637994,Non signif,Non signif
24010,Asigliano Veneto,24,Vicenza,5,45.304512,11.446266,1,0,1,0,0,46,9691332,0,9691332,1422.8,10782.7,0.906216,8.0657,862,106.87231114472397,0,0,0,0,0,0,0,0,0,21.315155,no,20657.22,1.35763,Non signif,Non signif
82028,Cerda,82,Palermo,19,37.903579,13.81547,1,0,1,0,0,14,708458,0,708458,120.9,2171.6,0.781098,43.8349,5176,118.0794298606818,1.642707,0,84,0,0.037475,0,26549,0,0,29.57954,no,2095.59,2.417774,Non signif,Non signif
70003,Bojano,70,Campobasso,14,41.485724,14.472927,3,0,1,2,0,166,31670172,0,31670172,5307.7,31103.1,0.882876,52.631400000000006,8178,155.3825283005962,1.292698,2.099827,8,27,0.024561,0.039897,777862,0,1263540,35.851049,no,113540.89,0.697703,Non signif,Non signif
101009,Cotronei,101,Crotone,18,39.15835,16.773505,1,0,0,1,0,163,13218768,0,13218768,1344.7,16043.4,0.918479,79.2026,5465,69.0002600924717,0.160914,0.954633,17,1,0.002032,0.012053,26856,0,159326,41.916345,no,55408.24,0.967514,Non signif,Non signif
12015,Bisuschio,12,Varese,3,45.874873,8.871723,1,0,0,1,0,53,9069564,0,9069564,1292.7,9817,0.912856,7.0301,4294,610.80212230267,0.253682,0.081441,173,92,0.036085,0.011585,327276,0,105067,11.229804,no,10184.94,1.065031,Non signif,Non signif
17079,Gianico,17,Brescia,3,45.86453,10.183653,2,0,0,2,0,170,42606111,0,42606111,2620.2,46067.2,0.885983,13.381300000000001,2152,160.8214448521444,8.673477,0.867021,183,177,0.648179,0.064793,27616384,0,2760598,20.48295,no,87269.88,-0.376673,Non signif,Non signif
54028,Massa Martana,54,Perugia,10,42.773137,12.524966,2,0,0,2,0,462,82224082,0,82224082,4403.5,67922.9,0.9225,78.4095,3742,47.72380897722853,2.855938,1.078299,148,28,0.036423,0.013752,2994878,0,1130758,38.922787,no,320039.04,-0.133627,Non signif,Coldspot 95%
97053,Montevecchia,97,Lecco,3,45.705744,9.375436,1,0,0,1,0,80,24586797,0,24586797,1743,17423.7,0.939701,5.7994,2682,462.461633962134,0.019193,0.024747,1,0,0.003309,0.004267,81370,0,104916,14.425007,no,35466.47,-0.354175,Non signif,Non signif
17180,Soiano del Lago,17,Brescia,3,45.527784,10.512675,1,0,0,1,0,46,14714382,0,14714382,2391.3,12763.1,0.927511,5.7735,1919,332.3807049450073,0,0,0,0,0,0,0,0,0,20.48295,no,30139.39,0.342366,High-High,Hotspot 99%
4027,Bossolasco,4,Cuneo,1,44.529338,8.05094,1,0,0,1,0,164,36580582,0,36580582,4124.9,49727,0.87244,14.545499999999999,654,44.96235949262659,4.617173,0.658627,110,5,0.31743,0.04528,11611761,0,1656386,16.396584,no,59979.66,-0.25594,Non signif,Non signif
37026,Fontanelice,37,Bologna,8,44.260098,11.559736,1,0,1,0,0,42,4531282,0,4531282,347.4,4412.4,0.928871,36.5578,1944,53.17606639349195,2.799968,1.369884,135,35,0.07659,0.037472,347052,0,169795,38.815968,no,17588.61,-0.27626,Non signif,Non signif
16044,Calcio,16,Bergamo,3,45.50921,9.850979,1,0,0,1,0,51,6088652,0,6088652,981.3,10546.9,0.85038,15.668,5326,339.9285167219811,0,1.288361,0,40,0,0.082229,0,0,500663,21.203762,no,12910.23,0.787879,Non signif,Hotspot 95%
67015,Cellino Attanasio,67,Teramo,13,42.587311,13.850525,2,0,1,1,0,117,83739050,0,83739050,12796.3,67232.6,0.909174,43.9401,2493,56.736329685185055,12.543116,0.390749,273,0,0.285459,0.008893,23904102,0,744672,27.38232,no,229296.94,0.216641,Non signif,Non signif
21010,Brennero/Brenner,21,Bolzano/Bozen,4,47.00378,11.504557,1,0,0,1,0,113,57958861,0,57958861,5740.1,37154,0.936387,114.29350000000001,2184,19.108698219933764,0.158851,0.389208,1,199,0.00139,0.003405,80554,0,197370,10.80791,no,62641.42,-0.189662,Non signif,Non signif
7037,Issogne,7,Valle d'Aosta/Vallée d'Aoste,2,45.654378,7.684603,1,0,0,1,0,20,18127892,0,18127892,1198.4,12576.8,0.909703,23.610599999999998,1386,58.702447205915995,20.732209,1.681371,430,260,0.878089,0.071213,15917903,0,1290933,17.572597,no,31855.41,-1.042534,Non signif,Non signif
74005,Cisternino,74,Brindisi,16,40.742985,17.425745,2,0,1,1,0,104,25528618,0,25528618,2856.6,24783.4,0.914024,54.169700000000006,11553,213.27421049036636,0.144345,0.80976,53,88,0.002665,0.014949,68026,0,381617,13.243039,no,33807.65,-0.014403,Non signif,Non signif
43051,Serrapetrona,43,Macerata,11,43.17743,13.189752,1,0,0,1,0,45,18988273,0,18988273,2510.3,18447.9,0.900875,37.6474,929,24.676338870678986,2.539849,0,76,0,0.067464,0,1281027,0,0,27.736975,no,52667.73,0.123055,Non signif,Non signif
82045,Lercara Friddi,82,Palermo,19,37.746946,13.604854,1,0,0,1,0,62,4476354,0,4476354,183.3,2439.9,0.981985,37.4323,6764,180.69955626557814,0.044701,0,0,0,0.001194,0,5346,0,0,29.57954,no,13240.85,-0.046271,Non signif,Non signif
16205,Spinone al Lago,16,Bergamo,3,45.767485,9.924158,1,0,0,1,0,53,19342798,0,19342798,1784.3,11922,0.938833,1.9736000000000002,1023,518.3421159302796,0.021875,0.084066,5,14,0.011084,0.042595,214392,0,823911,21.203762,no,41014.01,0.438979,Non signif,Non signif
98015,Castiraga Vidardo,98,Lodi,3,45.264809,9.392875,1,0,1,0,0,21,18088448,0,18088448,5347.3,9366.6,0.97817,5.0382,2836,562.8994482156326,0,0.203955,0,2,0,0.040482,0,0,732251,19.574231,no,35406.75,0.790669,Non signif,Non signif
54014,Collazzone,54,Perugia,10,42.900468,12.435186,1,0,0,1,0,18,22934781,0,22934781,2439.4,25590.3,0.880216,55.6751,3448,61.93073743917837,3.368844,5.235788,204,123,0.060509,0.094042,1387760,0,2156829,38.922787,no,89268.56,1.987673,Non signif,Non signif
76053,Muro Lucano,76,Potenza,17,40.752517,15.485759,1,0,0,1,0,95,10935954,0,10935954,629.9,6724,0.957777,126.18270000000001,5344,42.35128904358521,6.614648,0,88,0,0.052421,0,573276,0,0,40.913322,no,44742.62,0.139541,Non signif,Non signif
9035,Magliolo,9,Savona,7,44.191486,8.250396,1,0,1,0,0,40,12201463,0,12201463,1592.2,13646.9,0.884651,19.5721,985,50.32674061546794,0.82673,0.065313,25,1,0.04224,0.003337,515393,0,40717,24.791781,no,30249.6,2.020545,High-High,Hotspot 99%
60063,San Giorgio a Liri,60,Frosinone,12,41.404117,13.761312,3,0,1,1,1,146,30943857,63049272,93993129,4566.6,143801.3,0.790132,15.7057,3123,198.84500531654112,2.49996,1.56123,100,62,0.159175,0.099405,4925499,10035889,3075984,34.188464,no,321348.07,-0.510358,Non signif,Non signif
43007,Camerino,43,Macerata,11,43.135764,13.068309,4,0,2,2,0,384,100722315,0,100722315,9885.6,191194.8,0.845753,129.8842,6956,53.55539780820146,8.615235,0,289,0,0.06633,0,6680924,0,0,27.736975,no,279373.23,-0.167156,Non signif,Non signif
26053,Orsago,26,Treviso,5,45.930861,12.423587,1,1,0,0,0,3,1280828,0,1280828,89.2,2535.3,0.767794,10.706700000000001,3877,362.1097070058935,0,0,0,0,0,0,0,0,0,21.139592,no,2707.62,0.641265,Non signif,Non signif
10001,Arenzano,10,Genova,7,44.402518,8.683132,2,0,0,1,1,1132,13433788,678900000,692333788,38027.4,248886.1,0.937264,24.297600000000003,11478,472.39233504543654,12.695213,0.165573,880,404,0.522488,0.006814,7018998,354717343,91543,24.504626,no,1696538.08,0.425567,Low-High,Hotspot 99%
44020,Folignano,44,Ascoli Piceno,11,42.820247,13.634289,1,0,1,0,0,4,10994121,0,10994121,360.8,8000.9,0.894742,14.8595,9182,617.9211951949931,0.404082,0,23,0,0.027194,0,298969,0,0,32.834347,no,36098.48,-0.774684,Non signif,Non signif
10059,Sestri Levante,10,Genova,7,44.271453,9.395863,2,0,2,0,0,52,52369795,0,52369795,1463.1,25322,0.831463,33.6168,18339,545.5308060255587,5.431507,0.654095,344,1717,0.161571,0.019457,8461451,0,1018979,24.504626,no,128330.23,-0.672381,Non signif,Non signif
13159,Mozzate,13,Como,3,45.675188,8.955762,2,0,1,0,1,108,6178322,99943875,106122197,1542.7,140197,0.864945,10.681700000000001,8971,839.8475898031212,0,0.018809,0,46,0,0.001761,0,0,10879,12.029442,no,127659.08,-0.949793,Non signif,Non signif
35044,Viano,35,Reggio nell'Emilia,8,44.543729,10.62162,1,0,0,0,1,833,0,931637208,931637208,46395.6,426764.9,0.950477,44.9719,3337,74.20189051385421,11.682436,0.107344,557,6,0.259772,0.002387,0,242013170,0,36.618436,no,3411509.71,1.019727,Non signif,Non signif
54021,Giano dell'Umbria,54,Perugia,10,42.833467,12.577711,2,0,2,0,0,26,19503654,0,19503654,2364.2,20249.4,0.860777,44.4759,3893,87.5305502530584,0.803533,0.059243,62,39,0.018067,0.001332,352367,0,25979,38.922787,no,75913.66,1.05106,Non signif,Non signif
13042,Canzo,13,Como,3,45.850641,9.274802,1,0,0,1,0,186,34423610,0,34423610,5754.8,48144.3,0.881185,11.1054,5081,457.5251679363193,1.442821,0.000419,42,1,0.129921,0.000038,4472338,0,1299,12.029442,no,41409.68,1.424045,Non signif,Coldspot 95%
43031,Monte San Giusto,43,Macerata,11,43.236431,13.595124,4,0,2,2,0,248,49898583,0,49898583,4301.5,48095.6,0.909551,20.037300000000002,7984,398.45687792267415,1.49847,0,121,0,0.074784,0,3731617,0,0,27.736975,no,138403.57,-0.784262,Non signif,Non signif
12024,Brusimpiano,12,Varese,3,45.947756,8.889216,1,0,0,1,0,87,22656632,0,22656632,1634.1,17250.6,0.922073,5.9059,1213,205.38783250647657,1.566381,1.991941,109,60,0.265223,0.33728,6009062,0,7641625,11.229804,no,25442.95,-0.38744,Non signif,Non signif
65081,Ogliastro Cilento,65,Salerno,15,40.352405,15.043154,1,0,0,1,0,74,29625831,0,29625831,5085.1,22716,0.936103,13.242799999999999,2250,169.90364575467424,1.584751,0,350,0,0.119669,0,3545290,0,0,25.585615,no,75799.51,0.752154,Non signif,Non signif
65008,Aquara,65,Salerno,15,40.443909,15.253857,1,0,1,0,0,45,8947917,0,8947917,1366.1,8102.2,0.918527,32.7344,1476,45.09018036072144,3.05646,0.715027,69,5,0.093371,0.021843,835480,0,195452,25.585615,no,22893.8,0.608898,Non signif,Non signif
18006,Badia Pavese,18,Pavia,3,45.120328,9.468797,1,0,1,0,0,12,10630332,0,10630332,2091,12701.9,0.873695,5.0572,374,73.95396662184608,0,0,0,0,0,0,0,0,0,18.961299,no,20156.49,0.844085,Non signif,Non signif
50014,Fauglia,50,Pisa,9,43.570638,10.514409,2,0,0,1,1,955,30084027,232232311,262316338,35313.6,293162.2,0.90235,42.431999999999995,3672,86.53846153846155,0.761546,0.728477,69,30,0.017947,0.017168,539931,4167977,516486,28.10564,no,737256.84,-0.858252,Non signif,Non signif
27030,Pramaggiore,27,Venezia,5,45.814565,12.738813,2,0,0,2,0,175,20878014,0,20878014,1874.9,30760,0.87071,24.2199,4644,191.74315335736316,0,0.051513,0,0,0,0.002127,0,0,44405,17.526854,no,36592.59,0.397942,Non signif,Non signif
5022,Castagnole delle Lanze,5,Asti,1,44.75114,8.150245,1,0,0,1,0,69,12626292,0,12626292,925,10703.4,0.928723,21.5651,3770,174.81950002550417,1.245849,0.00909,67,0,0.057772,0.000422,729440,0,5322,21.748752,no,27460.61,-1.297663,Non signif,Non signif
96085,Lessona,96,Biella,1,45.58727,8.194337,1,0,0,1,0,151,38657316,0,38657316,5448.4,39005.1,0.900484,12.775099999999998,2745,214.87111646875564,0.058923,0.594739,6,18,0.004612,0.046555,178300,0,1799674,19.06674,no,73706.9,0.344533,High-Low,Coldspot 99%
94025,Macchia d'Isernia,94,Isernia,14,41.561624,14.167119,1,0,0,1,0,65,28409604,0,28409604,520.2,25471.3,0.883645,17.7118,1100,62.10548899603654,2.177199,1.006113,14,11,0.122924,0.056805,3492212,0,1613798,43.903663,no,124728.57,0.173047,Non signif,Non signif
61075,San Felice a Cancello,61,Caserta,15,41.012394,14.482993,1,0,0,1,0,78,41027773,0,41027773,3402.7,33011.3,0.908524,27.179499999999997,17462,642.4695082691,11.740643,0.89606,2659,1859,0.431967,0.032968,17722638,0,1352613,28.435248,no,116663.49,-0.796155,Non signif,Non signif
99008,Montefiore Conca,99,Rimini,8,43.890236,12.610315,1,0,1,0,0,30,7584681,0,7584681,513.4,6790.4,0.903359,22.3218,2278,102.05270184304133,6.357676,0.147073,211,5,0.284819,0.006589,2160262,0,49974,28.763441,no,21816.15,-0.823837,Non signif,Non signif
41030,Montecalvo in Foglia,41,Pesaro e Urbino,11,43.811562,12.631052,1,0,0,1,0,117,9677343,0,9677343,712.5,12302.7,0.902735,18.2485,2750,150.69731758774694,4.406711,0,60,0,0.241483,0,2336918,0,0,24.621765,no,23827.33,0.21293,Non signif,Non signif
54050,Spello,54,Perugia,10,42.990945,12.671775,4,0,0,4,0,398,99463390,0,99463390,10228.5,95633.6,0.90927,61.6455,8565,138.9395819646203,1.397508,3.885758,73,699,0.02267,0.063034,2254842,0,6269568,38.922787,no,387139.23,-0.357495,Non signif,Non signif
18087,Marzano,18,Pavia,3,45.247967,9.295054,1,0,1,0,0,47,9558591,0,9558591,800.6,12817.5,0.877857,9.2896,1675,180.30916293489494,0,0.150267,0,7,0,0.016176,0,0,154618,18.961299,no,18124.33,-0.391319,Non signif,Non signif
5065,Mombaruzzo,5,Asti,1,44.771349,8.448909,1,0,1,0,0,24,28639971,0,28639971,2539.7,11637.7,0.953631,22.397399999999998,1090,48.66636305999804,0.421552,0.669453,8,18,0.018821,0.02989,539046,0,856042,21.748752,no,62288.36,-1.356398,Non signif,Non signif
22127,Nogaredo,22,Trento,4,45.912089,11.023046,1,0,0,1,0,82,27339707,0,27339707,4304.7,26916,0.89974,3.6147000000000005,2066,571.5550391457105,0.201707,0.051617,65,1,0.055802,0.01428,1525607,0,390404,14.82766,no,40538.39,0.670472,High-Low,Coldspot 99%
67040,Silvi,67,Teramo,13,42.548792,14.118769,2,0,0,1,1,684,10788309,275769939,286558248,45656.7,161496,0.936099,20.6263,15708,761.5519991467204,4.812317,0.338838,461,87,0.23331,0.016427,2517018,64339817,177225,27.38232,no,784662.96,0.31259,High-High,Hotspot 99%
111014,Dolianova,111,Sud Sardegna,20,39.378241,9.178644,1,0,0,1,0,169,21004541,0,21004541,1256.9,65311.9,0.677108,84.3056,9696,115.01015353665711,0.010766,0.642095,0,16,0.000128,0.007616,2682,0,159976,15.448131,si,32448.09,-0.147716,Non signif,Non signif
6159,Serralunga di Crea,6,Alessandria,1,45.100254,8.282034,1,0,0,1,0,88,28018554,0,28018554,4289,19119.5,0.945986,8.8427,532,60.162620014249036,0.215386,0.875836,3,97,0.024357,0.099046,682462,0,2775132,20.84217,no,58396.75,0.316482,Non signif,Non signif
29031,Lusia,29,Rovigo,5,45.100535,11.66278,3,0,3,0,0,72,22319974,0,22319974,2948.1,34392.9,0.799135,17.6766,3429,193.9852686602627,0,0,0,0,0,0,0,0,0,24.853738,no,55473.48,0.801343,Non signif,Non signif
56053,Valentano,56,Viterbo,12,42.569098,11.81833,1,0,0,0,1,528,0,35636503,35636503,6653.5,63230.7,0.87053,43.4977,2879,66.18740761005753,2.940667,0.290017,343,0,0.067605,0.006667,0,2409210,0,19.086634,no,68018.09,1.405592,Non signif,Non signif
30028,Colloredo di Monte Albano,30,Udine,6,46.166405,13.139017,1,0,0,1,0,63,24294742,0,24294742,5049.6,43687.4,0.819539,21.750799999999998,2187,100.54802581973998,0,0.728093,0,10,0,0.033474,0,0,813250,22.91097,no,55661.61,0.996365,High-Low,Coldspot 99%
76071,Ruoti,76,Potenza,17,40.718017,15.678963,1,0,1,0,0,43,5314232,0,5314232,309.1,3100.4,0.949777,55.451800000000006,3542,63.87529349813711,2.393015,0,156,0,0.043155,0,229335,0,0,40.913322,no,21742.29,0.041854,Non signif,Non signif
19037,Cremosano,19,Cremona,3,45.394917,9.639553,1,0,1,0,0,16,7834286,0,7834286,648.6,12986.5,0.81788,5.7578,1760,305.6723053944215,0,0,0,0,0,0,0,0,0,21.210647,no,16617.03,-0.299258,Non signif,Non signif
80054,Motta San Giovanni,80,Reggio di Calabria,18,38.003165,15.695096,1,0,0,1,0,13,17033036,0,17033036,3708.4,13496.6,0.928534,46.4766,6086,130.9476166500992,0.313984,0.733908,72,260,0.006756,0.015791,115071,0,268967,48.652369,no,82869.76,1.511863,Non signif,Non signif
71047,San Marco in Lamis,71,Foggia,16,41.713138,15.63985,1,0,1,0,0,21,12090695,0,12090695,1161.2,5663.6,0.948878,234.2012,13583,57.99714091985865,5.66906,17.663502,120,1136,0.024206,0.07542,292667,0,911883,37.634206,no,45502.37,0.262786,Non signif,Non signif
23084,Sorgà,23,Verona,5,45.2134,10.979362,3,0,1,0,2,755,5503683,165665508,171169191,13263.5,237778.7,0.816287,31.539299999999997,3019,95.72184544362113,0,0.056296,0,0,0,0.001785,0,0,9824,20.167921,no,345212.68,0.40985,Non signif,Non signif
96018,Cerrione,96,Biella,1,45.468361,8.068123,3,0,0,3,0,201,50876904,0,50876904,6456.4,53753.4,0.896724,27.988000000000003,2894,103.40145776761469,0,3.437757,0,34,0,0.12283,0,0,6249194,19.06674,no,97005.67,-0.299716,Low-Low,Coldspot 99%
27005,Caorle,27,Venezia,5,45.599004,12.888008,2,0,2,0,0,53,6956494,0,6956494,1215,18559.8,0.723303,153.8363,11606,75.44383217745097,0,21.897546,0,239,0,0.142343,0,0,990209,17.526854,no,12192.55,0.916443,Non signif,Hotspot 95%
66075,Pratola Peligna,66,L'Aquila,13,42.098314,13.87398,1,0,0,1,0,73,13218962,0,13218962,1019.4,14104.2,0.883961,28.6741,7528,262.53657481839014,0.47075,0.509474,3,35,0.016417,0.017768,217019,0,234871,47.395882,no,62652.44,-0.300711,Non signif,Non signif
94022,Frosolone,94,Isernia,14,41.600627,14.446525,1,0,1,0,0,13,8149957,0,8149957,798.1,6339.2,0.904646,49.887,3172,63.58369916010183,3.005714,0.035052,58,0,0.06025,0.000703,491039,0,5726,43.903663,no,35781.3,0.294817,Non signif,Non signif
72044,Toritto,72,Bari,16,40.99823,16.679779,1,0,1,0,0,39,5640308,0,5640308,343.4,18880.5,0.678661,75.3515,8352,110.84052739494237,0,0.342725,0,620,0,0.004548,0,0,25654,14.160402,no,7986.9,0.372595,Non signif,Non signif
83025,Francavilla di Sicilia,83,Messina,19,37.901129,15.136208,1,0,0,1,0,63,26420697,0,26420697,2282.7,20951.7,0.912682,82.7274,3854,46.58674151490316,0.31053,0,0,0,0.003754,0,99174,0,0,44.663628,no,118004.42,-1.000131,Non signif,Non signif
69037,Frisa,69,Chieti,13,42.26124,14.369414,1,0,0,1,0,49,16595256,0,16595256,1059.8,20598.7,0.858896,11.488399999999999,1737,151.1959889975976,4.635218,0.02625,64,1,0.403469,0.002285,6695678,0,37919,28.116343,no,46659.79,-0.986346,Non signif,Non signif
87010,Calatabiano,87,Catania,19,37.822445,15.227636,1,0,0,1,0,32,13809564,0,13809564,854.1,17520.1,0.856588,26.417600000000004,5274,199.63963418327174,0.246338,0,82,0,0.009325,0,128771,0,0,36.827421,no,50857.06,-0.425341,Non signif,Non signif
34019,Lesignano de' Bagni,34,Parma,8,44.643428,10.300484,1,0,0,1,0,28,52044810,0,52044810,2924.3,33038.1,0.921658,47.4858,5005,105.39993008436207,12.077053,3.563839,326,101,0.25433,0.075051,13236545,0,3905996,33.475863,no,174224.49,-1.319401,Low-Low,Coldspot 99%
4033,Brossasco,4,Cuneo,1,44.569837,7.361615,1,1,0,0,0,7,2472421,0,2472421,70.9,3582.3,0.823251,28.0643,1051,37.44971369319741,1.857219,0.496799,9,60,0.066177,0.017702,163618,0,43767,16.396584,no,4053.93,-1.368597,Non signif,Non signif
4151,Niella Tanaro,4,Cuneo,1,44.413112,7.922952,1,0,0,1,0,28,30270501,0,30270501,5524.3,42886.7,0.872921,15.7072,1041,66.27533869817663,0.202019,0.04658,9,0,0.012862,0.002966,389326,0,89768,16.396584,no,49633.28,1.40757,Non signif,Non signif
25008,Calalzo di Cadore,25,Belluno,5,46.446715,12.380385,1,0,0,0,1,256,0,61120431,61120431,9577,45903.2,0.938315,43.5075,2000,45.96908578980636,0.831098,0,0,0,0.019102,0,0,1167547,0,17.91629,no,109505.13,-0.817086,Non signif,Non signif
1137,Loranzè,1,Torino,1,45.441657,7.812718,1,0,0,1,0,60,12404703,0,12404703,855.9,8887,0.937562,4.1915,1170,279.13634736967674,0.165006,0.259814,6,11,0.039367,0.061986,488334,0,768917,20.594868,no,25547.32,,,
4194,Roddi,4,Cuneo,1,44.679641,7.975435,2,1,0,1,0,114,30761867,0,30761867,3099,45199.4,0.856328,9.353200000000001,1658,177.2655347902322,0.667309,0.355056,30,27,0.071346,0.037961,2194722,0,1167749,16.396584,no,50438.95,-0.715587,Non signif,Non signif
30065,Nimis,30,Udine,6,46.200671,13.266254,1,0,1,0,0,35,2962104,0,2962104,50.7,4669.4,0.888171,33.8952,2711,79.98182633529231,1.979308,0.054105,52,9,0.058395,0.001596,172972,0,4728,22.91097,no,6786.47,-0.533935,Low-Low,Coldspot 99%
90054,Palau,90,Sassari,20,41.181076,9.382042,1,0,0,0,1,525,0,72567162,72567162,5793.1,81786.3,0.902947,44.4418,4224,95.04565521648539,0,2.050782,0,53,0,0.046145,0,0,0,12.837123,si,93155.36,0.062967,Non signif,Non signif
26065,Refrontolo,26,Treviso,5,45.924858,12.20783,1,0,0,1,0,65,10971558,0,10971558,757.6,14703.6,0.857981,13.0351,1732,132.872014790834,0,0,0,0,0,0,0,0,0,21.139592,no,23193.43,-0.858527,Non signif,Non signif
51007,Caprese Michelangelo,51,Arezzo,9,43.639852,11.98484,1,0,0,1,0,99,28535059,0,28535059,3026.2,18056.7,0.942997,66.5312,1406,21.132942138425282,8.804522,0,75,0,0.132337,0,3776237,0,0,29.518286,no,84230.6,-0.139624,Non signif,Non signif
64092,Sant'Angelo dei Lombardi,64,Avellino,15,40.92703,15.177524,2,0,2,0,0,26,11259198,0,11259198,209.1,7197.7,0.923869,55.1056,4207,76.34432798118522,10.387365,0,556,0,0.188499,0,2122351,0,0,37.737871,no,42489.82,-0.390134,Non signif,Non signif
19011,Campagnola Cremasca,19,Cremona,3,45.398474,9.669459,1,0,1,0,0,27,8017531,0,8017531,1176.1,11622.5,0.857227,4.6408,672,144.80262023789004,0,0,0,0,0,0,0,0,0,21.210647,no,17005.7,0.411337,Non signif,Non signif
102044,Tropea,102,Vibo Valentia,18,38.675379,15.894792,1,0,0,1,0,81,5946916,0,5946916,510.5,12907.4,0.794644,3.6604,6307,1723.0357337995847,0.338547,0.644334,332,905,0.092489,0.176028,550025,0,1046826,39.815188,no,23677.76,0.655101,Non signif,Non signif
67013,Castiglione Messer Raimondo,67,Teramo,13,42.531915,13.881545,1,0,1,0,0,28,10033278,0,10033278,892.4,14589.2,0.821131,30.6856,2247,73.22652970774566,7.845348,0.727024,328,23,0.255669,0.023693,2565195,0,237715,27.38232,no,27473.44,0.004598,Non signif,Non signif
18137,San Martino Siccomario,18,Pavia,3,45.160963,9.135952,3,0,1,2,0,217,58991003,0,58991003,6699.5,41070.3,0.943709,14.290899999999999,6278,439.3005339061921,0,4.329903,0,29,0,0.302983,0,0,17873284,18.961299,no,111854.61,-0.438635,Non signif,Non signif
68044,Turrivalignani,68,Pescara,13,42.261938,14.026706,1,0,1,0,0,31,2330850,0,2330850,187.6,9623.9,0.64693,6.1123,887,145.11722264941184,0.210846,0.061043,5,1,0.034495,0.009987,80404,0,23278,27.533978,no,6417.76,0.851343,Non signif,Non signif
78138,Scalea,78,Cosenza,18,39.81666,15.790547,2,0,1,1,0,59,27462563,0,27462563,2495.1,69624.8,0.760754,22.555799999999998,11022,488.65480275583224,0.519182,1.643442,298,952,0.023018,0.072861,632124,0,2000954,50.996071,no,140048.28,0.155396,Non signif,Non signif
61059,Pietravairano,61,Caserta,15,41.325219,14.165922,1,0,1,0,0,7,3015297,0,3015297,382.3,9590.8,0.691041,33.4935,2965,88.52463910908088,5.774485,2.92679,1239,17,0.172406,0.087384,519856,0,263488,28.435248,no,8574.07,0.753347,Non signif,Non signif
25050,Santo Stefano di Cadore,25,Belluno,5,46.557938,12.549142,1,0,0,0,1,407,0,48434666,48434666,8600.3,66595.8,0.909256,100.6214,2511,24.954930064578708,0.050182,0,0,0,0.000499,0,0,24155,0,17.91629,no,86776.95,2.1247,High-Low,Coldspot 99%
12014,Biandronno,12,Varese,3,45.821512,8.713238,2,0,1,1,0,90,23360165,0,23360165,1356.1,58558.3,0.770903,9.521,3325,349.2280222665686,0,5.119899,0,122,0,0.537748,0,0,12561883,11.229804,no,26233.01,0.394542,Non signif,Non signif
73019,Mottola,73,Taranto,16,40.633225,17.037195,1,0,0,1,0,76,15143224,0,15143224,1617.3,10650.9,0.933149,213.96400000000003,15842,74.04049279318015,0,4.604964,0,126,0,0.021522,0,0,325915,15.194153,no,23008.85,2.371788,Non signif,Hotspot 95%
92080,Sinnai,92,Cagliari,20,39.30424,9.203538,2,0,0,2,0,117,26773232,0,26773232,4159.5,37180.8,0.798371,223.9116,17562,78.43273863435391,0.971274,0.875191,0,90,0.004338,0.003909,116136,0,104647,12.810064,si,34296.68,1.047392,Non signif,Non signif
75062,Presicce,75,Lecce,16,40.0053,18.2642,1,0,1,0,0,31,7470434,0,7470434,503.9,10570.1,0.827643,24.3609,5285,216.9460077419143,0,0.193032,0,5,0,0.007924,0,0,59195,14.108941,no,10539.99,-0.303962,Low-High,Hotspot 99%
29010,Canda,29,Rovigo,5,45.034356,11.505648,1,0,1,0,0,29,9485954,0,9485954,1057.4,14529.2,0.840563,14.374600000000001,895,62.26260208979728,0,0,0,0,0,0,0,0,0,24.853738,no,23576.14,0.294134,Non signif,Non signif
1217,Rivarolo Canavese,1,Torino,1,45.331216,7.717134,1,0,1,0,0,14,7452801,0,7452801,834.7,13194.4,0.808398,32.2464,12539,388.8496080182594,0,5.334853,0,42,0,0.16544,0,0,1232993,20.594868,no,15348.95,1.110056,High-Low,Coldspot 99%
15038,Buscate,15,Milano,3,45.544916,8.812943,1,0,1,0,0,46,11953164,0,11953164,606.4,18582.7,0.817177,7.8323,4750,606.462980222923,0,0,0,0,0,0,0,0,0,15.050002,no,17989.51,-0.568756,Non signif,Non signif
30058,Mereto di Tomba,30,Udine,6,46.049752,13.042751,1,0,0,1,0,56,10977346,0,10977346,617.9,7825.1,0.945616,27.2117,2606,95.76762936530977,0,0.790085,0,81,0,0.029035,0,0,318725,22.91097,no,25150.16,-1.043378,Non signif,Non signif
78088,Orsomarso,78,Cosenza,18,39.800172,15.909528,1,0,0,1,0,64,5542309,0,5542309,1126.8,19116.6,0.672493,90.4143,1243,13.7478252886988,1.491781,3.193037,301,409,0.016499,0.035316,91445,0,195730,50.996071,no,28263.6,1.614989,Non signif,Non signif
35041,Toano,35,Reggio nell'Emilia,8,44.376357,10.561197,1,0,0,1,0,57,7343572,0,7343572,615,8991.4,0.901454,67.25489999999999,4433,65.91341300039106,31.720611,1.853854,1893,80,0.471648,0.027565,3463578,0,202423,36.618436,no,26891.01,-0.426415,Non signif,Coldspot 95%
58042,Genazzano,58,Roma,12,41.829673,12.972246,2,1,1,0,0,53,15735042,0,15735042,1065.6,13107.2,0.862643,32.065599999999996,5949,185.52592186018663,1.620701,0.062161,478,1,0.050543,0.001939,795301,0,30503,29.689549,no,46716.63,-0.278067,Non signif,Non signif
69086,San Vito Chietino,69,Chieti,13,42.296042,14.444515,1,0,0,0,1,219,0,94447000,94447000,6407,73223,0.925177,17.0006,5270,309.98905920967496,2.586785,0.498858,184,99,0.152158,0.029344,0,14370909,0,28.116343,no,265550.43,-1.151405,Non signif,Non signif
57053,Poggio Mirteto,57,Rieti,12,42.264368,12.684788,1,0,1,0,0,12,3814270,0,3814270,262.6,2612,0.929056,26.395300000000002,6391,242.1264391766716,0.458325,1.594047,39,463,0.017364,0.060391,66231,0,230349,44.772003,no,17077.25,-0.698569,Non signif,Non signif
64053,Montefalcione,64,Avellino,15,40.961038,14.882215,1,0,0,0,1,465,0,417300698,417300698,20244.5,108369,0.974998,15.2942,3285,214.78730499143467,0.061646,0,3,0,0.004031,0,0,1682005,0,37.737871,no,1574803.99,1.170646,Non signif,Non signif
34004,Berceto,34,Parma,8,44.510608,9.989655,1,0,0,1,0,64,22214837,0,22214837,1958.6,18748.9,0.935202,131.7066,2022,15.352305806998281,46.007878,2.334258,1159,86,0.349321,0.017723,7760109,0,393717,33.475863,no,74366.08,1.343189,High-Low,Coldspot 99%
33007,Cadeo,33,Piacenza,8,44.975365,9.83107,1,0,0,0,1,99,0,56031098,56031098,6809.8,89265.5,0.833867,38.4798,6083,158.0829422190344,0,1.716587,0,242,0,0.04461,0,0,0,28.260932,no,158349.11,0.882761,Non signif,Non signif
18168,Valle Lomellina,18,Pavia,3,45.153058,8.668542,1,0,0,0,1,195,0,150670000,150670000,24777,278964,0.804795,27.2361,2180,80.04082816555967,0,0,0,0,0,0,0,0,0,18.961299,no,285689.9,1.939378,Non signif,Coldspot 95%
44017,Cupra Marittima,44,Ascoli Piceno,11,43.025023,13.858764,1,0,1,0,0,42,5504703,0,5504703,537.5,14203.5,0.759573,17.3368,5358,309.0535739006045,0.27886,0,47,0,0.016085,0,88542,0,0,32.834347,no,18074.33,0.406717,High-High,Hotspot 99%
22184,Strembo,22,Trento,4,46.119912,10.751452,2,0,1,1,0,46,29472000,0,29472000,3452.1,64817.3,0.822608,38.3318,562,14.66145602345833,14.253839,0.001109,16,0,0.371854,0.000029,10959286,0,853,14.82766,no,43700.08,0.197213,Low-Low,Coldspot 99%
22037,Campodenno,22,Trento,4,46.257827,11.0332,1,0,1,0,0,20,5958572,0,5958572,541.4,7759,0.854547,25.0233,1486,59.384653502935265,2.10037,0.197472,19,1,0.083937,0.007892,500142,0,47022,14.82766,no,8835.17,0.629587,Non signif,Non signif
14018,Chiavenna,14,Sondrio,3,46.319979,9.398122,1,0,1,0,0,18,6492510,0,6492510,102.9,18953.4,0.672266,10.7743,7313,678.7447908448809,6.149643,0.448812,350,558,0.57077,0.041656,3705727,0,270451,12.776609,no,8295.23,0.039482,Non signif,Non signif
87052,Valverde,87,Catania,19,37.576954,15.124188,1,0,1,0,0,32,5897921,0,5897921,684.2,15068.5,0.735213,5.5219000000000005,7851,1421.7932233470362,0.087069,0,25,0,0.015768,0,92998,0,0,36.827421,no,21720.52,2.375891,Non signif,Non signif
80033,Ferruzzano,80,Reggio di Calabria,18,38.038715,16.087049,1,0,1,0,0,5,3563485,0,3563485,103.5,11231.8,0.6785,19.1065,785,41.08549446523434,4.551212,0.055733,23,1,0.238202,0.002917,848830,0,10395,48.652369,no,17337.2,0.373471,Non signif,Non signif
4238,Verduno,4,Cuneo,1,44.66614,7.930735,1,0,0,1,0,106,41538087,0,41538087,2800.3,20128.4,0.96192,7.1572000000000005,564,78.80176605376404,1.077426,0.113008,35,3,0.150537,0.015789,6253034,0,655862,16.396584,no,68108.27,-0.637778,Non signif,Non signif
17181,Sonico,17,Brescia,3,46.165499,10.35286,1,0,0,1,0,97,39364744,0,39364744,2573.8,30773.3,0.913315,60.8929,1265,20.7741789272641,15.592512,1.590494,69,35,0.256065,0.02612,10079915,0,1028189,20.48295,no,80630.61,-0.731387,Non signif,Non signif
28105,Vo',28,Padova,5,45.328899,11.641735,1,0,1,0,0,49,18593987,0,18593987,1394,11753,0.942001,20.366600000000002,3341,164.04309015741458,0.089478,3.202494,10,424,0.004393,0.157242,81690,0,2923764,17.804557,no,33105.77,-0.209337,Non signif,Non signif
65048,Corleto Monforte,65,Salerno,15,40.437209,15.37956,1,0,0,1,0,50,34221282,0,34221282,1461.9,38110.4,0.877364,58.967299999999994,567,9.615498759481952,4.492972,0,232,0,0.076194,0,2607467,0,0,25.585615,no,87557.25,0.481867,Non signif,Non signif
23078,Sant'Anna d'Alfaedo,23,Verona,5,45.627457,10.95155,1,0,0,1,0,81,12113386,0,12113386,799.5,14681.6,0.890925,43.4309,2535,58.3685808951691,0.006724,0,0,0,0.000155,0,1875,0,0,20.167921,no,24430.18,-0.789329,Non signif,Coldspot 95%
94042,Rocchetta a Volturno,94,Isernia,14,41.624626,14.086261,1,0,1,0,0,19,2953349,0,2953349,150.3,1863.7,0.941691,23.3413,1096,46.95539665742697,7.251189,0,113,0,0.310659,0,917485,0,0,43.903663,no,12966.28,0.056745,Non signif,Non signif
64080,Rotondi,64,Avellino,15,41.03118,14.596753,1,0,0,1,0,128,18411539,0,18411539,1314,17853.7,0.92919,7.8086,3654,467.9455984427426,2.240025,0.080529,2248,7,0.286866,0.010313,5281652,0,189876,37.737871,no,69481.23,0.643075,Non signif,Non signif
21082,San Martino in Badia/St. Martin in Thurn,21,Bolzano/Bozen,4,46.650928,11.841677,1,0,0,1,0,35,26718830,0,26718830,3608.6,13230.5,0.950136,75.9439,1744,22.964319714947482,0.000531,0,0,0,0.000007,0,187,0,0,10.80791,no,28877.47,1.930348,High-Low,Coldspot 99%
82030,Ciminna,82,Palermo,19,37.896816,13.562345,1,0,1,0,0,22,6270316,0,6270316,633.9,4618.1,0.929163,56.421400000000006,3697,65.52478314965597,2.970496,0,389,0,0.052648,0,330122,0,0,29.57954,no,18547.31,-0.133437,Non signif,Non signif
65068,Minori,65,Salerno,15,40.652708,14.624941,1,0,1,0,0,22,15973294,0,15973294,601.4,10288.3,0.921103,2.6624,2718,1020.8834134615385,2.150353,0.008025,2020,45,0.807675,0.003014,12901225,0,48147,25.585615,no,40868.65,-1.849036,Non signif,Non signif
22034,Caldonazzo,22,Trento,4,45.991523,11.262133,1,0,1,0,0,36,10217350,0,10217350,2537.4,12821.9,0.900922,21.4135,3736,174.4693767950125,7.498376,0,47,0,0.35017,0,3577815,0,0,14.82766,no,15149.94,1.280593,Non signif,Non signif
75031,Gallipoli,75,Lecce,16,40.05672,17.996423,3,0,1,2,0,213,97979202,0,97979202,2773,19537.6,0.939935,41.215,20545,498.4835618100206,0.334832,0.000539,2587,0,0.008124,0.000013,795986,0,1281,14.108941,no,138238.28,-1.045299,Non signif,Non signif
12104,Monvalle,12,Varese,3,45.856932,8.63373,1,0,0,1,0,53,38178715,0,38178715,5142.8,23401.9,0.943588,4.540299999999999,1950,429.48703830143387,0.080294,2.060536,25,71,0.017685,0.453833,675180,0,17326744,11.229804,no,42873.95,-0.571352,Non signif,Non signif
97036,Galbiate,97,Lecco,3,45.817534,9.375015,2,0,2,0,0,36,18605439,0,18605439,3039.4,23208.1,0.867454,15.6448,8545,546.1878707302106,1.431026,0.045743,22,19,0.09147,0.002924,1701835,0,54399,14.425007,no,26838.36,0.703781,Non signif,Non signif
6172,Terzo,6,Alessandria,1,44.670445,8.421645,1,0,1,0,0,27,9035460,0,9035460,1334.6,11113.3,0.875829,8.796100000000001,883,100.38539807414648,0.732247,0.357773,66,19,0.083247,0.040674,752173,0,367509,20.84217,no,18831.86,0.258728,Non signif,Coldspot 95%
67029,Morro d'Oro,67,Teramo,13,42.663744,13.919497,2,0,0,1,1,557,7038911,150785478,157824389,22766.7,121881.8,0.934734,28.7273,3593,125.07266607025373,3.768241,0.63487,126,13,0.131173,0.0221,923314,19778957,155559,27.38232,no,432159.79,-0.452532,Non signif,Non signif
61027,Castel Volturno,61,Caserta,15,41.034313,13.940835,2,0,2,0,0,34,8640702,0,8640702,845.6,27873.7,0.70726,73.9516,25847,349.5123837753341,0,60.054875,0,13436,0,0.812084,0,0,7016972,28.435248,no,24570.05,0.646566,High-High,Hotspot 99%
75007,Arnesano,75,Lecce,16,40.3352,18.091628,1,0,1,0,0,11,6172114,0,6172114,264.9,24065.9,0.633706,13.5614,4053,298.86294925302695,0.028292,0.19793,23,30,0.002086,0.014595,12876,0,90083,14.108941,no,8708.2,0.454147,Non signif,Non signif
12064,Daverio,12,Varese,3,45.778403,8.771828,3,0,0,1,2,460,23248100,108175437,131423537,10611.7,140762.1,0.894651,4.025,3056,759.2546583850931,0.005793,0.006776,0,0,0.001439,0.001683,33460,155692,39138,11.229804,no,147586.06,-0.410225,Non signif,Non signif
68026,Nocciano,68,Pescara,13,42.333041,13.984102,1,0,1,0,0,23,8911247,0,8911247,176,3846.2,0.943978,13.7623,1796,130.50144234611946,0.776053,0,46,0,0.05639,0,502503,0,0,27.533978,no,24536.21,-1.741843,Non signif,Non signif
59015,Monte San Biagio,59,Latina,12,41.352513,13.352204,1,0,1,0,0,25,4274885,0,4274885,443,8917,0.767045,65.1024,6308,96.89350930226843,6.804255,0.314554,1137,22,0.104516,0.004832,446795,0,20655,21.481102,no,9182.92,-0.306217,Non signif,Non signif
98057,Terranova dei Passerini,98,Lodi,3,45.19832,9.677121,1,0,1,0,0,39,6506234,0,6506234,473.2,5758.4,0.930355,11.2569,918,81.54998267729127,0,0.309532,0,7,0,0.027497,0,0,178903,19.574231,no,12735.45,0.060101,Non signif,Hotspot 95%
76006,Atella,76,Potenza,17,40.880321,15.650161,2,0,1,1,0,211,160336797,0,160336797,18799.7,44958.4,0.973212,88.4785,3829,43.27605011386947,1.555188,0,42,0,0.017577,0,2818242,0,0,40.913322,no,655991.1,-0.746926,Non signif,Non signif
64030,Conza della Campania,64,Avellino,15,40.858592,15.336066,2,0,0,2,0,143,86025786,0,86025786,9066.4,56587.6,0.929877,51.637,1329,25.7373588705773,5.169228,0,79,0,0.100107,0,8611788,0,0,37.737871,no,324643,-0.559723,Non signif,Non signif
15183,Robecchetto con Induno,15,Milano,3,45.532481,8.764558,2,0,2,0,0,39,19162090,0,19162090,1632.6,15499.4,0.904016,13.9295,4863,349.11518719264865,0,1.878441,0,13,0,0.134853,0,0,2584074,15.050002,no,28838.95,-0.238049,Non signif,Non signif
74004,Cellino San Marco,74,Brindisi,16,40.472228,17.966318,1,0,1,0,0,12,7453589,0,7453589,514.4,5735.4,0.899651,37.8391,6530,172.5728148925318,0.005668,1.525394,0,12,0.00015,0.040313,1116,0,300474,13.243039,no,9870.82,-0.134922,Non signif,Non signif
61053,Orta di Atella,61,Caserta,15,40.966512,14.268029,1,0,0,1,0,55,11636652,0,11636652,1322.1,31674.7,0.73497,10.834100000000001,27311,2520.8369869209255,0,0,0,0,0,0,0,0,0,28.435248,no,33089.11,1.502701,Non signif,Non signif
17124,Ono San Pietro,17,Brescia,3,46.016895,10.328362,1,0,0,1,0,14,15847454,0,15847454,1742.2,15469.4,0.904995,13.7799,972,70.53752204297564,0.875017,0.175069,3,3,0.0635,0.012705,1006306,0,201337,20.48295,no,32460.26,-0.243715,Non signif,Non signif
4131,Monesiglio,4,Cuneo,1,44.465037,8.118542,1,0,1,0,0,30,6549753,0,6549753,937.2,6309.9,0.910971,12.9332,631,48.78916277487397,1.539427,0.403513,29,19,0.119029,0.0312,779611,0,204351,16.396584,no,10739.36,0.990475,Non signif,Non signif
12048,Cavaria con Premezzo,12,Varese,3,45.692682,8.796529,3,0,1,2,0,147,33811805,0,33811805,2268.9,26666.7,0.913837,3.3177,5834,1758.4471169786298,0,0.207336,0,64,0,0.062494,0,0,2113031,11.229804,no,37970,-0.513803,Low-Low,Coldspot 99%
97004,Ballabio,97,Lecco,3,45.898184,9.423444,2,0,0,2,0,120,19904173,0,19904173,1669.3,24159.7,0.900828,15.038,4052,269.4507248304296,4.899244,0.100604,377,132,0.325791,0.00669,6484599,0,133159,14.425007,no,28711.78,0.175127,Non signif,Non signif
41002,Apecchio,41,Pesaro e Urbino,11,43.558554,12.420951,1,0,1,0,0,29,4160450,0,4160450,227.2,2678.1,0.946433,103.11370000000001,1819,17.640720874141845,0.972725,0,8,0,0.009434,0,39248,0,0,24.621765,no,10243.76,-1.239032,Non signif,Non signif
12084,Ispra,12,Varese,3,45.815457,8.610138,1,0,0,1,0,96,12044808,0,12044808,1309,7479.1,0.952345,15.9093,5276,331.6299271495289,0.039962,6.993717,36,198,0.002512,0.439599,30255,0,5294889,11.229804,no,13526.08,-0.032694,Non signif,Non signif
85016,San Cataldo,85,Caltanissetta,19,37.491446,13.993516,2,0,1,1,0,118,10881982,0,10881982,1108,31657.4,0.717932,72.7757,22557,309.95236047197074,1.438306,0,351,0,0.019764,0,215067,0,0,20.302008,no,22092.61,0.544002,High-High,Hotspot 99%
81015,Partanna,81,Trapani,19,37.727841,12.88854,2,0,1,1,0,60,31604798,0,31604798,4129.6,25676.8,0.901856,82.7275,10422,125.9798736816657,0.097907,1.300554,107,10,0.001183,0.015721,37404,0,496857,16.86353,no,53296.85,0.233989,Non signif,Non signif
98005,Borgo San Giovanni,98,Lodi,3,45.278042,9.435836,3,0,0,3,0,227,145131435,0,145131435,17292.4,92986.4,0.934716,7.5039,2445,325.8305681045856,0,0.513417,0,149,0,0.06842,0,0,9929896,19.574231,no,284083.62,0.226947,Non signif,Non signif
30087,Ragogna,30,Udine,6,46.173522,12.98242,1,0,1,0,0,43,9980873,0,9980873,1211.8,10612.7,0.894996,22.027399999999997,2858,129.74749630006266,0.451177,0,7,0,0.020483,0,204434,0,0,22.91097,no,22867.15,-0.015119,Low-Low,Coldspot 99%
57027,Fara in Sabina,57,Rieti,12,42.209558,12.72937,1,0,1,0,0,11,14458543,0,14458543,538.2,11647.4,0.901142,54.9633,13904,252.96879918054412,0.664206,0.000017,104,0,0.012085,0,174725,0,4,44.772003,no,64733.79,-1.355988,Non signif,Non signif
36047,Zocca,36,Modena,8,44.347264,10.990407,1,0,1,0,0,8,5455482,0,5455482,1052.3,6374.2,0.864213,69.3657,4608,66.43052690306592,26.448508,0.700317,1551,13,0.381291,0.010096,2080125,0,55079,36.541065,no,19934.91,2.134963,Non signif,Coldspot 95%
20056,San Giacomo delle Segnate,20,Mantova,3,44.972575,11.033097,2,0,1,1,0,106,17120735,0,17120735,1120.6,31703.7,0.823277,15.9782,1552,97.13234281708829,0,0.215247,0,6,0,0.013471,0,0,230638,21.044843,no,36030.32,-0.26898,Non signif,Non signif
69029,Dogliola,69,Chieti,13,41.941896,14.636275,1,0,1,0,0,40,2342793,0,2342793,184.9,7472.1,0.679591,11.848199999999999,346,29.20274809675732,1.148089,0.197985,16,0,0.0969,0.01671,227016,0,39148,28.116343,no,6587.08,0.669245,Non signif,Non signif
111067,Sanluri,111,Sud Sardegna,20,39.562642,8.898636,1,0,0,1,0,72,9567828,0,9567828,804.2,12920.3,0.860436,84.2266,8464,100.49081881495869,0,10.92181,0,154,0,0.129672,0,0,1240677,15.448131,si,14780.51,0.113509,Non signif,Non signif
61036,Francolise,61,Caserta,15,41.185015,14.056722,1,0,1,0,0,26,9179867,0,9179867,340.7,5291,0.936426,40.9251,4860,118.75352778612636,0.770957,0.313482,8,22,0.018838,0.00766,172933,0,70317,28.435248,no,26103.18,-1.094007,Low-High,Hotspot 99%
18049,Cigognola,18,Pavia,3,45.032761,9.244856,1,0,1,0,0,42,7055559,0,7055559,745.6,5770.1,0.946306,7.875800000000001,1317,167.22110769699583,1.676247,0.263912,61,37,0.212835,0.033509,1501671,0,236426,18.961299,no,13378.26,-0.945434,Low-Low,Coldspot 99%
30052,Magnano in Riviera,30,Udine,6,46.23133,13.176769,2,0,0,2,0,208,41988324,0,41988324,3584.3,42638.3,0.912116,8.340499999999999,2328,279.1199568371201,0.172184,1.5508,8,31,0.020644,0.185936,866821,0,7807145,22.91097,no,96199.32,0.111625,High-Low,Coldspot 99%
77017,Montescaglioso,77,Matera,17,40.552221,16.666887,1,0,0,1,0,22,28535696,0,28535696,5651.3,21799.6,0.922527,175.7931,9877,56.18536791262,1.060969,8.395154,135,39,0.006035,0.047756,172222,0,1362747,22.969725,no,65545.71,0.592357,Non signif,Non signif
6086,Guazzora,6,Alessandria,1,45.0138,8.843573,1,0,1,0,0,44,7014405,0,7014405,689.2,6295.5,0.941695,2.8022000000000005,306,109.19991435300834,0,0.483327,0,4,0,0.172481,0,0,1209853,20.84217,no,14619.54,-0.117705,Non signif,Non signif
80010,Bivongi,80,Reggio di Calabria,18,38.48317,16.453054,1,0,0,1,0,147,14712059,0,14712059,1590.8,22855.4,0.882567,25.3453,1332,52.55412246057454,1.13666,1.266288,156,287,0.044847,0.049961,659791,0,735036,48.652369,no,71577.65,1.50043,Non signif,Non signif
69013,Casacanditella,69,Chieti,13,42.247439,14.19931,1,0,0,1,0,112,11301304,0,11301304,1139.2,14789.4,0.900845,12.5383,1262,100.65160348691609,3.77913,0.350242,83,0,0.301407,0.027934,3406291,0,315688,28.116343,no,31775.13,,,
9058,Stella,9,Savona,7,44.404721,8.501565,1,0,1,0,0,34,8074366,0,8074366,1016.5,6860.3,0.921841,43.681400000000004,3006,68.81647566241008,4.03041,0.044436,629,2,0.092268,0.001017,745008,0,8214,24.791781,no,20017.79,0.11244,Non signif,Hotspot 95%
86005,Calascibetta,86,Enna,19,37.590191,14.271972,1,0,1,0,0,7,4446946,0,4446946,487.5,7886.2,0.790206,89.11930000000001,4403,49.4056842906082,1.022196,0,271,0,0.01147,0,51006,0,0,34.389868,no,15292.99,0.160451,High-High,Hotspot 99%
62070,Sant'Agata de' Goti,62,Benevento,15,41.088538,14.503793,1,0,0,1,0,112,18982071,0,18982071,723.6,7007.5,0.979067,63.3797,11151,175.93961473468633,6.670116,0.416945,716,18,0.105241,0.006579,1997684,0,124874,40.937916,no,77708.64,1.893258,Non signif,Non signif
17198,Vezza d'Oglio,17,Brescia,3,46.240213,10.399732,1,0,0,1,0,61,29221064,0,29221064,2714.7,24543.2,0.911548,54.148,1443,26.649183718696904,2.276099,1.329909,100,77,0.042035,0.024561,1228301,0,717688,20.48295,no,59853.36,0.439249,High-Low,Coldspot 99%
1136,Lombriasco,1,Torino,1,44.840941,7.635925,1,0,0,1,0,63,7305525,0,7305525,1072.3,10788.6,0.886101,7.209700000000001,1035,143.55659736188744,0,0.766402,0,13,0,0.106302,0,0,776588,20.594868,no,15045.63,2.261944,High-High,Hotspot 99%
76032,Filiano,76,Potenza,17,40.831879,15.716292,1,0,1,0,0,13,4907402,0,4907402,646.9,4773.1,0.900361,71.81,2890,40.24509121292299,3.736558,0,206,0,0.052034,0,255352,0,0,40.913322,no,20077.81,0.643096,Non signif,Non signif
20059,San Martino dall'Argine,20,Mantova,3,45.099056,10.518348,1,0,0,1,0,120,35435929,0,35435929,3862.6,48516.8,0.865046,16.9396,1742,102.83595834612389,0,0.61424,0,2,0,0.036261,0,0,1284928,21.044843,no,74574.36,-0.13286,Non signif,Non signif
1221,Rocca Canavese,1,Torino,1,45.308854,7.575863,1,0,1,0,0,32,17297822,0,17297822,736,10849.7,0.930464,14.191400000000002,1735,122.25714164916779,0.030383,0.718115,0,37,0.002141,0.050602,37034,0,875307,20.594868,no,35624.64,-1.319791,Low-Low,Coldspot 99%
52023,Radda in Chianti,52,Siena,9,43.487052,11.3747,1,0,1,0,0,28,15152081,0,15152081,948.8,11217.2,0.922546,80.4161,1581,19.66024216543702,3.953231,0.747209,58,5,0.04916,0.009292,744872,0,140790,24.090373,no,36501.93,-1.066761,Non signif,Non signif
43020,Gagliole,43,Macerata,11,43.238301,13.067304,1,0,1,0,0,20,3721336,0,3721336,275.7,4743.3,0.876723,24.050500000000003,597,24.822768757406287,2.468893,0,30,0,0.102655,0,382012,0,0,27.736975,no,10321.86,0.289103,Non signif,Non signif
46015,Gallicano,46,Lucca,9,44.060651,10.435668,1,0,0,1,0,29,14210820,0,14210820,2293.2,19965.2,0.857666,31.0408,3733,120.26107574547048,8.590823,1.900728,562,182,0.276759,0.061233,3932973,0,870174,29.45658,no,41860.22,1.05671,Non signif,Non signif
73024,San Giorgio Ionico,73,Taranto,16,40.456624,17.378704,2,1,1,0,0,30,5674459,0,5674459,290.1,17576.1,0.674489,23.5602,15101,640.9538119370803,0,1.028355,0,36,0,0.043648,0,0,247679,15.194153,no,8621.86,0.807667,Non signif,Non signif
61102,Cellole,61,Caserta,15,41.204814,13.854317,1,0,0,1,0,82,65224364,0,65224364,8045.8,48066.9,0.917819,36.7946,7937,215.7110010708093,0.028077,1.643587,1,46,0.000763,0.044669,49771,0,2913523,28.435248,no,185467.1,-0.21293,Non signif,Non signif
81002,Buseto Palizzolo,81,Trapani,19,38.012506,12.711586,1,0,0,1,0,80,22196712,0,22196712,1143.9,17649.9,0.910266,72.8103,2928,40.214090588831525,0,0,0,0,0,0,0,0,0,16.86353,no,37431.49,-1.14745,Non signif,Non signif
68003,Bolognano,68,Pescara,13,42.2181,13.960887,1,0,0,1,0,69,30832369,0,30832369,5766.5,29396,0.901395,16.9586,1095,64.56900923425283,4.510629,0,31,0,0.265979,0,8200758,0,0,27.533978,no,84893.78,1.050305,Non signif,Non signif
60076,Supino,60,Frosinone,12,41.610209,13.224731,1,0,0,1,0,69,10991998,0,10991998,652.6,11050.7,0.902419,35.5907,4825,135.56912339459467,10.716838,0.384251,918,2,0.301113,0.010796,3309838,0,118674,34.188464,no,37579.95,-0.876985,Non signif,Non signif
62007,Baselice,62,Benevento,15,41.393726,14.972839,1,0,1,0,0,9,7004434,0,7004434,374,7508.5,0.856722,47.8177,2313,48.37120982397731,17.907312,0.543845,448,4,0.374491,0.011373,2623100,0,79664,40.937916,no,28674.69,1.868344,Non signif,Non signif
90030,Giave,90,Sassari,20,40.451958,8.752221,1,0,0,1,0,25,22354019,0,22354019,2519.1,36807.5,0.811283,47.0669,522,11.090596576362582,3.89754,0,12,0,0.082809,0,1851103,0,0,12.837123,si,28696.13,0.214853,Non signif,Non signif
18029,Canneto Pavese,18,Pavia,3,45.050462,9.278757,1,0,1,0,0,11,11006483,0,11006483,1328.6,15004.1,0.846445,5.8148,1391,239.2171699800509,1.319765,0.071941,111,18,0.226967,0.012372,2498103,0,136173,18.961299,no,20869.72,0.563385,Non signif,Non signif
23049,Montecchia di Crosara,23,Verona,5,45.484518,11.253425,1,0,0,1,0,100,27116835,0,27116835,2697.8,31754.7,0.886382,21.0629,4325,205.33734670914262,0.037067,0,2,0,0.00176,0,47721,0,0,20.167921,no,54689.02,0.056008,Non signif,Non signif
2021,Buronzo,2,Vercelli,1,45.480862,8.267128,1,0,0,1,0,42,16811165,0,16811165,2292.1,27178.7,0.827741,25.0779,873,34.81152728099243,0,1.477345,0,5,0,0.05891,0,0,990350,17.175786,no,28874.5,0.734487,Non signif,Non signif
62028,Durazzano,62,Benevento,15,41.062481,14.447478,1,0,1,0,0,23,8544431,0,8544431,1090,10623,0.849871,12.9051,2201,170.55272721637184,4.170291,0,432,0,0.323151,0,2761138,0,0,40.937916,no,34979.12,0.434573,Non signif,Non signif
30039,Flaibano,30,Udine,6,46.058333,12.983642,1,0,0,0,1,70,0,117823501,117823501,6216.5,198106.4,0.803258,17.323900000000002,1122,64.76601688996126,0,0,0,0,0,0,0,0,0,22.91097,no,269945.07,-0.26397,Non signif,Non signif
36011,Fanano,36,Modena,8,44.207737,10.793837,1,0,0,1,0,66,26245801,0,26245801,1978.5,28113.8,0.883197,89.90889999999999,2946,32.7665003130947,21.687636,0.683061,930,12,0.241218,0.007597,6330957,0,199396,36.541065,no,95904.95,-0.708092,Low-Low,Coldspot 99%
111078,Serrenti,111,Sud Sardegna,20,39.492771,8.975228,1,0,0,1,0,96,47975677,0,47975677,2066.2,33549,0.920735,42.7849,4808,112.37609530465187,1.342559,0.815973,12,271,0.031379,0.019072,1505442,0,914969,15.448131,si,74113.46,-1.35763,Non signif,Non signif
59004,Castelforte,59,Latina,12,41.299016,13.824015,1,0,0,1,0,44,18208769,0,18208769,1147.7,19856.3,0.862235,29.706100000000003,4221,142.0920282366248,6.062982,0.969114,652,11,0.204099,0.032623,3716390,0,594032,21.481102,no,39114.44,0.421676,Non signif,Non signif
12054,Comabbio,12,Varese,3,45.77196,8.674392,1,0,1,0,0,20,8178042,0,8178042,1342.5,12457.5,0.811123,4.6875,1170,249.6,0,0.016228,0,8,0,0.003462,0,0,28312,11.229804,no,9183.78,1.950756,Non signif,Non signif
92050,Pula,92,Cagliari,20,39.007433,9.001646,1,0,0,1,0,129,46428849,0,46428849,2100.7,963.7,1.032347,138.918,7338,52.822528398047766,12.432765,9.117199,49,298,0.089497,0.06563,4155250,0,3047129,12.810064,si,59475.65,-0.57039,Non signif,Non signif
78143,Spezzano della Sila,78,Cosenza,18,39.299411,16.33945,1,0,1,0,0,25,4056137,0,4056137,177.3,5723.6,0.859889,80.2888,4566,56.869700381622344,0.25999,0,375,0,0.003238,0,13135,0,0,50.996071,no,20684.71,-0.754433,Non signif,Non signif
81019,Santa Ninfa,81,Trapani,19,37.771342,12.877639,1,0,1,0,0,30,6813006,0,6813006,424.9,19490,0.713815,60.9445,4953,81.27066429292225,0.560634,0,0,0,0.009199,0,62673,0,0,16.86353,no,11489.13,0.489314,Non signif,Non signif
58011,Artena,58,Roma,12,41.741915,12.912174,2,0,0,2,0,64,20618612,0,20618612,607.8,40284.8,0.776698,54.798,14107,257.4364027884229,3.410305,0,357,0,0.062234,0,1283181,0,0,29.689549,no,61215.73,0.047152,Non signif,Non signif
70084,Vinchiaturo,70,Campobasso,14,41.492925,14.590729,2,0,1,1,0,110,40100355,0,40100355,6885.4,49232.8,0.852772,35.4782,3320,93.57859192405476,0.292839,0.071656,6,2,0.008254,0.00202,330991,0,80991,35.851049,no,143763.98,0.674634,Non signif,Non signif
18163,Trivolzio,18,Pavia,3,45.258464,9.042748,2,0,1,0,1,551,15723000,675966000,691689000,42300,192471,0.961027,3.8313,2239,584.3969409860882,0,0,0,0,0,0,0,0,0,18.961299,no,1311532.22,-0.957126,Non signif,Non signif
20020,Commessaggio,20,Mantova,3,45.034443,10.545345,2,0,2,0,0,25,13040042,0,13040042,555.5,23355.8,0.79992,11.648900000000001,1108,95.11627707337172,0,0.00137,0,0,0,0.000118,0,0,1534,21.044843,no,27442.56,-0.085107,Low-Low,Coldspot 99%
66054,Massa d'Albe,66,L'Aquila,13,42.107229,13.394294,1,0,0,1,0,151,41223901,0,41223901,6488,46994.4,0.900777,68.5343,1461,21.317792696503794,33.298152,0,421,0,0.485861,0,20029091,0,0,47.395882,no,195384.32,0.648633,Non signif,Non signif
64057,Montella,64,Avellino,15,40.843856,15.017955,1,0,0,1,0,53,4588941,0,4588941,1019.2,12871.2,0.736539,82.955,7692,92.72497137001989,19.52542,0.480062,1211,17,0.235374,0.005787,1080116,0,26556,37.737871,no,17317.69,1.7385,Non signif,Non signif
70036,Mafalda,70,Campobasso,14,41.941736,14.713226,1,0,1,0,0,26,3826207,0,3826207,231.3,3897.9,0.907612,32.508,1184,36.42180386366432,2.727883,1.154885,34,5,0.083914,0.035526,321073,0,135931,35.851049,no,13717.35,-0.616687,Non signif,Non signif
62058,San Giorgio del Sannio,62,Benevento,15,41.069327,14.852458,1,0,0,1,0,36,15270212,0,15270212,1979.9,18313.7,0.871899,22.339000000000002,10064,450.51255651551094,0.17429,0,5,0,0.007802,0,119139,0,0,40.937916,no,62513.07,0.72128,Non signif,Non signif
78110,Rovito,78,Cosenza,18,39.307994,16.321094,1,0,0,1,0,216,1908058,0,1908058,152.1,4102.9,0.853663,10.6825,3166,296.37257196349174,1.350451,0,353,0,0.126417,0,241211,0,0,50.996071,no,9730.35,1.024688,Non signif,Non signif
62022,Ceppaloni,62,Benevento,15,41.044533,14.760051,1,0,1,0,0,10,2200488,0,2200488,286,7721.1,0.651623,23.8039,3370,141.57343964644448,1.712195,0.285957,71,9,0.071929,0.012013,158279,0,26435,40.937916,no,9008.34,1.516233,Non signif,Hotspot 95%
12010,Bedero Valcuvia,12,Varese,3,45.914271,8.794198,2,0,2,0,0,55,21128518,0,21128518,1878.5,28332.9,0.858359,2.5636,661,257.84053674520203,0.001985,0.004794,0,0,0.000774,0.00187,16360,0,39511,11.229804,no,23726.91,0.462509,Non signif,Non signif
103025,Crevoladossola,103,Verbano-Cusio-Ossola,1,46.148584,8.297416,1,0,1,0,0,17,10507268,0,10507268,1072.6,5126.1,0.959038,39.8743,4600,115.36252674028134,7.531759,1.758192,991,315,0.188888,0.044093,1984692,0,463301,17.575018,no,18466.54,-0.096828,Low-Low,Coldspot 99%
6147,Rocca Grimalda,6,Alessandria,1,44.671447,8.64845,2,0,1,1,0,46,30770021,0,30770021,2368.5,25009.7,0.886243,15.461400000000001,1503,97.20982575963366,0.437754,0.243516,137,10,0.028313,0.01575,871182,0,484626,20.84217,no,64131.4,-0.563109,Non signif,Non signif
87026,Milo,87,Catania,19,37.722445,15.115739,2,0,1,1,0,123,27716728,0,27716728,2945.3,15372.1,0.95391,16.6715,1049,62.9217526917194,0.003075,0,0,0,0.000184,0,5112,0,0,36.827421,no,102073.56,-0.577517,Non signif,Coldspot 95%
93009,Caneva,93,Pordenone,6,45.968662,12.448097,4,0,2,2,0,275,71856693,0,71856693,9036.9,89204,0.896946,41.790299999999995,6339,151.68591754545912,0.328325,0,4,0,0.007856,0,564541,0,0,22.312037,no,160326.92,0.072069,Non signif,Non signif
78101,Praia a Mare,78,Cosenza,18,39.900902,15.779276,1,0,0,1,0,52,7479326,0,7479326,566.5,11135.6,0.844586,23.5923,6717,284.71153723884487,0.500559,0.345551,75,157,0.021217,0.014647,158689,0,109548,50.996071,no,38141.62,-0.066079,Non signif,Non signif
15055,Casarile,15,Milano,3,45.317888,9.104903,1,0,0,1,0,204,77968734,0,77968734,3550.2,56897.5,0.921937,7.325,4083,557.4061433447099,0,0,0,0,0,0,0,0,0,15.050002,no,117342.96,-1.392114,Low-High,Hotspot 99%
9018,Carcare,9,Savona,7,44.357473,8.290162,1,0,0,1,0,23,33565270,0,33565270,3700.1,34783.4,0.871605,10.400599999999999,5534,532.0846874218796,0.140058,0.271735,1,273,0.013466,0.026127,452001,0,876955,24.791781,no,83214.28,1.550657,High-High,Hotspot 99%
31001,Capriva del Friuli,31,Gorizia,6,45.941416,13.513629,1,0,1,0,0,48,17205227,0,17205227,1356.5,6911.5,0.962611,6.3201,1717,271.6729165677758,0.006534,0.03244,0,0,0.001034,0.005133,17788,0,88312,23.340869,no,40158.5,-2.043077,Non signif,Non signif
64108,Teora,64,Avellino,15,40.852817,15.253352,1,0,1,0,0,13,9013313,0,9013313,1386.5,6720.8,0.924945,23.206500000000002,1494,64.37851464029474,2.296407,0,48,0,0.098955,0,891915,0,0,37.737871,no,34014.32,0.691494,Non signif,Non signif
17118,Niardo,17,Brescia,3,45.975994,10.333263,1,0,0,1,0,62,10357022,0,10357022,1198.9,20925.9,0.80729,22.1578,1995,90.0360144057623,6.013201,0.256015,107,159,0.271381,0.011554,2810697,0,119667,20.48295,no,21214.24,1.981234,Non signif,Non signif
103051,Ornavasso,103,Verbano-Cusio-Ossola,1,45.962083,8.393624,1,0,1,0,0,19,5586431,0,5586431,479,10910.9,0.793412,25.9198,3432,132.40842907738485,1.538094,2.521818,1370,168,0.059341,0.097293,331502,0,543521,17.575018,no,9818.16,-0.496974,Low-Low,Coldspot 99%
65026,Casalbuono,65,Salerno,15,40.21575,15.681587,1,0,1,0,0,17,18718068,0,18718068,1604.8,6236.5,0.968973,34.8231,1168,33.54095413676554,1.217145,0.024624,16,0,0.034952,0.000707,654238,0,13236,25.585615,no,47891.33,-0.447182,Non signif,Non signif
98042,Orio Litta,98,Lodi,3,45.160313,9.554207,1,0,0,1,0,15,18120728,0,18120728,1762.6,18275,0.881618,9.7833,2056,210.15403800353664,0,1.298184,0,255,0,0.132694,0,0,2404510,19.574231,no,35469.93,-0.004086,Non signif,Hotspot 95%
4217,Scarnafigi,4,Cuneo,1,44.67881,7.56595,2,0,1,1,0,78,20559018,0,20559018,3519.4,19588.9,0.917261,30.4984,2159,70.79059885108727,0,0.384781,0,8,0,0.012616,0,0,259381,16.396584,no,33709.77,0.953153,Non signif,Non signif
52001,Abbadia San Salvatore,52,Siena,9,42.880972,11.67242,2,0,1,1,0,50,28705497,0,28705497,2040.3,33191.4,0.861896,58.9942,6325,107.21392950493438,25.307685,0.486806,305,0,0.428986,0.008252,12314256,0,236871,24.090373,no,69152.61,-0.458278,Non signif,Coldspot 95%
61003,Alvignano,61,Caserta,15,41.219342,14.352737,2,0,1,1,0,65,35362941,0,35362941,1650.1,34694.6,0.858752,38.1275,4742,124.37217231656942,2.719728,2.104277,499,43,0.071332,0.055191,2522525,0,1951700,28.435248,no,100555.4,-0.255629,Non signif,Non signif
94008,Carpinone,94,Isernia,14,41.590426,14.323322,1,0,0,1,0,48,17461429,0,17461429,1682.5,34613.2,0.784459,32.4297,1126,34.72125859937034,4.746002,0.644604,114,8,0.146347,0.019877,2555435,0,347080,43.903663,no,76662.07,1.591356,Non signif,Non signif
61099,Villa Literno,61,Caserta,15,41.009912,14.080525,1,0,1,0,0,48,12938056,0,12938056,1897.5,8410.3,0.938644,61.826,12184,197.06919419014653,0,0.074997,0,2,0,0.001213,0,0,15694,28.435248,no,36789.68,-0.091082,Low-High,Hotspot 99%
65003,Albanella,65,Salerno,15,40.478422,15.116608,1,0,0,1,0,35,12737083,0,12737083,552.4,13654.6,0.876114,40.2309,6394,158.93256178708407,2.631977,0.83745,171,42,0.065422,0.020816,833283,0,265136,25.585615,no,32588.61,-1.208619,Non signif,Non signif
23093,Vestenanova,23,Verona,5,45.573467,11.227722,2,0,0,2,0,65,29354954,0,29354954,3823.4,49309.9,0.811198,24.182399999999998,2569,106.2342860923647,0.102192,0,1,0,0.004226,0,124051,0,0,20.167921,no,59202.84,1.30109,Non signif,Coldspot 95%
17004,Alfianello,17,Brescia,3,45.266975,10.148172,3,0,1,1,1,216,57504613,84123905,141628518,12077.8,219840.2,0.784974,13.7526,2448,178.0027049430653,0,1.142489,0,18,0,0.083074,0,0,4777161,20.48295,no,290096.98,0.091477,Non signif,Non signif
77015,Miglionico,77,Matera,17,40.56842,16.502484,1,0,0,1,0,171,24390044,0,24390044,2418.5,20287.1,0.928284,88.8401,2454,27.622661388269485,5.107369,1.305256,136,5,0.057489,0.014692,1402170,0,358343,22.969725,no,56023.26,0.151021,Non signif,Non signif
2011,Bianzè,2,Vercelli,1,45.308457,8.122527,1,0,0,1,0,22,18816782,0,18816782,1430.9,21419.5,0.865341,41.806400000000004,1933,46.236939798691104,0,0.499906,0,1,0,0.011958,0,0,225004,17.175786,no,32319.3,-0.249865,Non signif,Non signif
16210,Taleggio,16,Bergamo,3,45.894385,9.562672,2,0,2,0,0,50,12607911,0,12607911,1164.4,30210.7,0.727079,47.126400000000004,552,11.713179873701364,13.528018,2.15583,22,8,0.287058,0.045746,3619204,0,576758,21.203762,no,26733.51,0.859425,Non signif,Non signif
5090,Revigliasco d'Asti,5,Asti,1,44.85854,8.158222,1,0,1,0,0,17,11107224,0,11107224,778,12214,0.875084,8.8351,783,88.62378467702685,0.40086,0,29,0,0.045371,0,503949,0,0,21.748752,no,24156.83,-0.497807,Non signif,Non signif
19083,Rivarolo del Re ed Uniti,19,Cremona,3,45.027972,10.469783,1,0,0,0,1,973,0,574408000,574408000,41263,371262,0.909275,27.3336,1956,71.5602774607077,0,0,0,0,0,0,0,0,0,21.210647,no,1218356.51,-1.26899,Non signif,Non signif
4218,Serralunga d'Alba,4,Cuneo,1,44.610686,8.000556,1,0,0,1,0,151,163018000,0,163018000,8327,57714,0.958677,8.3909,579,69.003325030688,1.814755,0.37127,56,8,0.216277,0.044247,35256973,0,7213016,16.396584,no,267293.83,-1.279666,Non signif,Non signif
84040,Santo Stefano Quisquina,84,Agrigento,19,37.625027,13.49076,1,0,1,0,0,41,6460591,0,6460591,472.5,4534.7,0.938645,85.51950000000001,4516,52.80666982384134,6.082764,0.083065,60,112,0.071127,0.000971,459524,0,6275,20.102118,no,12987.16,0.011278,High-High,Hotspot 99%
78116,San Fili,78,Cosenza,18,39.338893,16.14349,1,0,0,1,0,62,3223232,0,3223232,410.1,3061,0.949587,20.96,2670,127.3854961832061,0.952662,0.017271,528,1,0.045451,0.000824,146501,0,2656,50.996071,no,16437.22,1.874938,Non signif,Non signif
37022,Castiglione dei Pepoli,37,Bologna,8,44.142505,11.166508,1,0,0,1,0,89,14555457,0,14555457,2194.6,11620.7,0.932389,65.7641,5514,83.84513739258958,24.149649,0.844907,3251,20,0.367216,0.012848,5345001,0,187002,38.815968,no,56498.42,1.151247,Non signif,Non signif
12060,Cunardo,12,Varese,3,45.937476,8.801245,1,0,0,1,0,237,12103364,0,12103364,832.3,24997,0.830788,6.0592,2969,489.998679693689,0.089419,0.147167,35,30,0.014758,0.024288,178616,0,293969,11.229804,no,13591.84,0.763808,Non signif,Non signif
1183,Pecetto Torinese,1,Torino,1,45.016883,7.749949,1,0,0,1,0,88,22729303,0,22729303,882.2,11351.6,0.946856,9.173200000000001,4071,443.79278768586744,0.197676,0.1311,53,92,0.021549,0.014292,489800,0,324839,20.594868,no,46810.7,-1.121324,Non signif,Non signif
30059,Moggio Udinese,30,Udine,6,46.409703,13.195142,1,0,0,0,1,174,0,80963866,80963866,11369,72868.7,0.910962,142.4361,1703,11.956238622090888,4.384263,0,15,0,0.030781,0,0,2492113,0,22.91097,no,185496.07,0.0161,High-Low,Coldspot 99%
60042,Guarcino,60,Frosinone,12,41.799022,13.313397,1,0,0,0,1,173,0,100212000,100212000,4542,71228,0.920561,40.3739,1580,39.13419312971995,10.340263,0,314,0,0.256113,0,0,25665552,0,34.188464,no,342609.44,-1.074153,Non signif,Non signif
4227,Torre Mondovì,4,Cuneo,1,44.352832,7.89964,1,0,0,1,0,32,32333953,0,32333953,1464.3,17148.9,0.938035,18.5379,487,26.27050528916436,0.554752,0.290374,2,26,0.029925,0.015664,967603,0,506473,16.396584,no,53016.64,-1.507775,Non signif,Hotspot 95%
60015,Broccostella,60,Frosinone,12,41.699723,13.635305,1,0,0,1,0,70,24607874,0,24607874,1880.4,18307.3,0.92793,11.7936,2708,229.61606294939628,0.336951,0.0284,65,1,0.028571,0.002408,703063,0,59258,34.188464,no,84130.54,-0.562331,Non signif,Non signif
3103,Nebbiuno,3,Novara,1,45.803573,8.527126,1,0,1,0,0,34,11970866,0,11970866,3081,8557.1,0.952012,8.2652,1821,220.32134733581765,0,0.00029,0,0,0,0.000035,0,0,420,12.08995,no,14472.72,1.087637,Non signif,Coldspot 95%
65066,Maiori,65,Salerno,15,40.648908,14.640141,1,0,0,0,1,106,0,103136038,103136038,14796.5,70069,0.932551,16.6717,5570,334.09910207117446,14.78964,0.03321,3075,157,0.88711,0.001992,0,91493061,0,25.585615,no,263879.89,0.029342,Non signif,Non signif
48020,Gambassi Terme,48,Firenze,9,43.539113,10.954075,2,0,1,1,0,120,57944294,0,57944294,2680.2,66513.5,0.882154,83.1465,4860,58.45104724792986,2.807897,1.812912,146,122,0.03377,0.021804,1956806,0,1263407,35.050589,no,203098.17,-0.985825,Non signif,Non signif
35043,Vezzano sul Crostolo,35,Reggio nell'Emilia,8,44.602584,10.546853,1,0,1,0,0,20,12664385,0,12664385,2343.4,12277.6,0.909395,37.8183,4262,112.69676320723036,8.798033,0.847064,484,486,0.23264,0.022398,2946237,0,283660,36.618436,no,46375,0.939319,Non signif,Non signif
4241,Vezza d'Alba,4,Cuneo,1,44.76364,7.996134,2,1,1,0,0,53,10702606,0,10702606,1176.6,11608.9,0.854366,14.069,2288,162.62705238467552,1.808513,1.090341,131,214,0.128546,0.0775,1375777,0,829447,16.396584,no,17548.62,1.644508,Non signif,Non signif
13216,Sorico,13,Como,3,46.172005,9.379666,1,0,1,0,0,32,8646826,0,8646826,958.3,12723,0.856444,24.437399999999997,1270,51.96952212592175,2.276171,4.101929,27,215,0.093143,0.167855,805391,0,1451409,12.029442,no,10401.65,0.410359,Non signif,Non signif
14065,Teglio,14,Sondrio,3,46.172675,10.064126,1,0,0,1,0,171,29048124,0,29048124,1939.1,30720.6,0.910001,115.31909999999999,4534,39.316990854073616,9.640283,6.097278,67,60,0.083597,0.052873,2428324,0,1535864,12.776609,no,37113.65,-0.594793,Non signif,Non signif
22213,Vermiglio,22,Trento,4,46.296905,10.691365,1,0,1,0,0,43,30161265,0,30161265,3124.5,12414.7,0.964591,95.63959999999999,1846,19.30162819585193,25.450272,0,72,0,0.266106,0,8026094,0,0,14.82766,no,44722.1,-1.60188,Low-Low,Coldspot 99%
30071,Paluzza,30,Udine,6,46.530815,13.018206,1,0,1,0,0,30,7286321,0,7286321,1475,4543.7,0.971087,69.7497,2158,30.93920117219142,5.927752,0.095358,102,1,0.084986,0.001367,619236,0,9961,22.91097,no,16693.67,0.083289,High-Low,Coldspot 99%
14023,Colorina,14,Sondrio,3,46.153693,9.729346,1,0,1,0,0,34,50941103,0,50941103,4730.3,11603.4,0.982607,17.8355,1423,79.78469905525498,1.922649,1.227039,11,10,0.107799,0.068798,5491400,0,3504624,12.776609,no,65085.46,0.028852,Non signif,Non signif
5076,Montegrosso d'Asti,5,Asti,1,44.823943,8.239782,1,0,1,0,0,17,4437945,0,4437945,369.6,5462.4,0.893973,15.419400000000001,2338,151.62717096644485,0.892736,0.430671,60,53,0.057897,0.02793,256943,0,123954,21.748752,no,9651.98,1.337371,High-Low,Coldspot 99%
5074,Montaldo Scarampi,5,Asti,1,44.830345,8.259052,1,0,0,1,0,118,47131997,0,47131997,6245.6,51844.9,0.876358,6.6349,754,113.6415017558667,0.214139,0.170844,5,9,0.032275,0.025749,1521168,0,1213616,21.748752,no,102506.21,-0.01373,Non signif,Coldspot 95%
59014,Minturno,59,Latina,12,41.262974,13.746522,1,0,0,1,0,53,15738734,0,15738734,1606.8,13834.4,0.921255,42.135200000000005,19804,470.01082230534087,0.368856,2.105409,113,208,0.008754,0.049968,137779,0,786432,21.481102,no,33808.54,,,
65126,San Rufo,65,Salerno,15,40.43451,15.463662,1,0,1,0,0,14,8669422,0,8669422,1306.3,37189.3,0.588656,31.9591,1702,53.255567271919425,2.084496,0.082288,212,0,0.065224,0.002575,565453,0,22322,25.585615,no,22181.25,1.873045,Non signif,Non signif
101024,Scandale,101,Crotone,18,39.122213,16.964123,1,0,1,0,0,11,3391764,0,3391764,517.2,5386.7,0.814087,54.2605,3100,57.13179937523613,0.271279,1.438,60,5,0.005,0.026502,16957,0,89888,41.916345,no,14217.04,1.093264,Non signif,Non signif
80018,Campo Calabro,80,Reggio di Calabria,18,38.216069,15.659192,1,0,0,0,1,127,0,144419289,144419289,18338.5,108533.6,0.931263,8.0093,4535,566.216773001386,0.066143,0.007583,12,6,0.008258,0.000947,0,1192654,0,48.652369,no,702634.05,-0.403169,Non signif,Non signif
65082,Olevano sul Tusciano,65,Salerno,15,40.668904,15.032615,1,0,1,0,0,15,7950683,0,7950683,567.3,27608.8,0.661048,26.7243,6743,252.31717949581468,15.315148,0.141013,755,0,0.573079,0.005277,4556373,0,41952,25.585615,no,20342.31,0.837568,Non signif,Non signif
16246,Zogno,16,Bergamo,3,45.793706,9.666203,2,0,1,0,1,695,1901035,121559543,123460578,12118.2,124832.4,0.86561,35.2128,8926,253.48736822973464,3.734514,0.423776,48,65,0.106056,0.012035,201615,12892068,22878,21.203762,no,261782.87,-0.051018,Non signif,Non signif
5040,Cisterna d'Asti,5,Asti,1,44.825007,8.004618,1,0,1,0,0,23,14988348,0,14988348,2071.4,10764.9,0.920423,10.7328,1204,112.17948717948718,1.75006,0.105997,35,24,0.163057,0.009876,2443958,0,148025,21.748752,no,32597.79,-0.414096,Non signif,Non signif
30010,Bertiolo,30,Udine,6,45.942667,13.04918,1,0,1,0,0,18,12831273,0,12831273,811,8040.3,0.922932,26.0708,2423,92.93922702793931,0,2.280861,0,7,0,0.087487,0,0,1122572,22.91097,no,29397.69,-1.011515,Non signif,Non signif
2006,Arborio,2,Vercelli,1,45.494964,8.385329,1,0,1,0,0,22,3527378,0,3527378,452,3842.8,0.919037,23.3105,870,37.32223676025825,0,2.702554,0,1,0,0.115937,0,0,408954,17.175786,no,6058.55,1.184377,Non signif,Non signif
40044,Sarsina,40,Forlì-Cesena,8,43.918758,12.143258,1,0,0,1,0,97,53182419,0,53182419,11832.7,40460.7,0.933136,100.71979999999999,3412,33.87615940460565,46.455612,1.666488,1720,16,0.461236,0.016546,24529654,0,879945,31.154462,no,165686.96,1.127321,Non signif,Non signif
1094,Corio,1,Torino,1,45.313499,7.532087,2,0,1,1,0,147,54943983,0,54943983,4051.9,37330.5,0.937236,41.4921,3250,78.32816367453081,1.145295,0.001303,10,0,0.027603,0.000031,1516604,0,1725,20.594868,no,113156.41,-0.981857,Low-Low,Coldspot 99%
45011,Montignoso,45,Massa-Carrara,9,44.02405,10.172591,3,0,2,1,0,168,101276678,0,101276678,5954.6,68324.7,0.898883,16.739,10311,615.9866180775434,2.529849,0.936571,1039,44,0.151135,0.055951,15306452,0,5666575,30.748861,no,311414.25,0.064239,High-Low,Coldspot 99%
97069,Premana,97,Lecco,3,46.05173,9.423463,1,0,0,1,0,60,26198026,0,26198026,3207.8,25343,0.908836,33.635799999999996,2262,67.24977553677927,0.915319,0.091548,0,0,0.027213,0.002722,712918,0,71304,14.425007,no,37790.67,0.146064,Non signif,Non signif
98002,Bertonico,98,Lodi,3,45.23307,9.668062,1,0,1,0,0,9,11790022,0,11790022,733.5,21501.5,0.787377,20.831999999999997,1127,54.09946236559141,0,1.723079,0,2,0,0.082713,0,0,975189,19.574231,no,23078.06,-0.174789,Non signif,Non signif
17001,Acquafredda,17,Brescia,3,45.307378,10.414677,1,0,1,0,0,10,2000689,0,2000689,265.3,1872.1,0.90906,9.5464,1567,164.1456465264393,0,0.129479,0,2,0,0.013563,0,0,27136,20.48295,no,4098,0.603889,Non signif,Coldspot 95%
78157,Corigliano-Rossano,78,Cosenza,18,39.616315,16.577896,1,0,0,1,0,87,22477055,0,22477055,2534.4,15874.6,0.927073,346.5586,77076,222.40394553763778,1.2512699999999999,24.099356,780,3202,0.003611,0.069539,81155,0,1563033,50.996071,no,114624.15,,,
16099,Fino del Monte,16,Bergamo,3,45.892689,9.994057,1,0,1,0,0,48,3055824,0,3055824,531.3,4056,0.908301,4.2878,1142,266.3370493026727,0.529289,0.012629,0,1,0.123441,0.002945,377213,0,9000,21.203762,no,6479.5,2.166325,Non signif,Non signif
103048,Nonio,103,Verbano-Cusio-Ossola,1,45.845773,8.377522,1,0,1,0,0,46,6471661,0,6471661,404.9,6750.9,0.91023,9.799900000000001,850,86.73557893447891,0.743029,0.001158,11,0,0.07582,0.000118,490682,0,765,17.575018,no,11373.96,-0.658244,Low-Low,Coldspot 99%
87037,Ramacca,87,Catania,19,37.388048,14.692681,2,0,2,0,0,42,14932329,0,14932329,803.2,19057,0.800901,306.4376,10866,35.45909509799059,0.040073,39.950296,0,33,0.000131,0.13037,1953,0,1946729,36.827421,no,54991.92,-0.269047,Non signif,Non signif
80007,Bagnara Calabra,80,Reggio di Calabria,18,38.288471,15.807795,1,0,0,1,0,29,15270764,0,15270764,716.2,20142.7,0.844498,24.8533,10120,407.18938732482206,2.253757,0.341627,661,871,0.090682,0.013746,1384790,0,209908,48.652369,no,74295.88,-0.893308,Non signif,Non signif
43034,Muccia,43,Macerata,11,43.081701,13.042968,1,0,0,1,0,92,22653841,0,22653841,2593.8,16645.2,0.928086,25.9089,899,34.69850128720247,0.157897,0,2,0,0.006094,0,138060,0,0,27.736975,no,62834.9,0.816059,Non signif,Non signif
23056,Palù,23,Verona,5,45.325834,11.155173,1,0,1,0,0,49,10334658,0,10334658,437,12818.5,0.86947,13.6105,1236,90.81224054957569,0,0,0,0,0,0,0,0,0,20.167921,no,20842.86,-0.863974,Non signif,Non signif
41031,Monte Cerignone,41,Pesaro e Urbino,11,43.84046,12.414747,2,0,0,2,0,305,45595036,0,45595036,4249.5,43578.1,0.921709,18.235799999999998,656,35.97319558231611,9.370745,0.220813,405,4,0.513865,0.012109,23429707,0,552100,24.621765,no,112263.03,0.011133,Non signif,Non signif
16116,Gorno,16,Bergamo,3,45.862895,9.843416,1,0,1,0,0,23,21327688,0,21327688,1806.1,11254.4,0.949065,10.0002,1580,157.99684006319873,0.111346,0.013787,26,0,0.011134,0.001379,237471,0,29404,21.203762,no,45222.72,0.865993,Non signif,Non signif
3112,Orta San Giulio,3,Novara,1,45.798081,8.406951,1,0,0,1,0,116,19699096,0,19699096,2276.3,16423.2,0.932889,6.6501,1280,192.4783085968632,0.016073,0.001132,3,1,0.002417,0.00017,47612,0,3353,12.08995,no,23816.11,-0.079763,Low-Low,Coldspot 99%
78121,San Lorenzo del Vallo,78,Cosenza,18,39.668201,16.29739,1,0,0,1,0,56,8620356,0,8620356,326,8047.9,0.896872,22.928800000000003,3371,147.02034123024316,0.09878,1.350603,2,25,0.004308,0.058904,37138,0,507775,50.996071,no,43960.43,-1.305671,Non signif,Non signif
64103,Sperone,64,Avellino,15,40.952359,14.60328,1,0,0,1,0,23,21832502,0,21832502,1289.8,27977.6,0.833022,4.6969,3747,797.7602248291425,2.719512,0.026848,33,0,0.579001,0.005716,12641051,0,124797,37.737871,no,82391.21,1.092373,Non signif,Coldspot 95%
62042,Montefalcone di Val Fortore,62,Benevento,15,41.325991,15.009059,1,0,1,0,0,12,4741414,0,4741414,249.8,1907.7,0.960742,41.940200000000004,1455,34.692252302087255,17.894536,0.129871,0,0,0.426668,0.003097,2023009,0,14682,40.937916,no,19410.36,-0.584195,Non signif,Hotspot 95%
4108,Lesegno,4,Cuneo,1,44.402234,7.97084,1,0,1,0,0,20,6216137,0,6216137,1000.9,6733.7,0.895089,14.2416,835,58.631052690708906,0.087762,1.042468,1,14,0.006162,0.073199,38306,0,455014,16.396584,no,10192.34,0.761949,Non signif,Non signif
1061,Cascinette d'Ivrea,1,Torino,1,45.480159,7.905619,1,0,0,0,1,4825,0,64451927,64451927,5099.3,130015.8,0.934658,2.1726,1531,704.6856301205928,0,0,0,0,0,0,0,0,0,20.594868,no,132737.89,1.426528,High-Low,Coldspot 99%
68027,Penne,68,Pescara,13,42.458215,13.927326,1,0,0,1,0,50,9005898,0,9005898,966.9,7897.2,0.92632,91.1958,12113,132.82409935545277,26.463421,0.309173,2082,14,0.290182,0.00339,2613354,0,30532,27.533978,no,24796.82,1.688351,Non signif,Non signif
18138,Sannazzaro de' Burgondi,18,Pavia,3,45.102259,8.906348,2,0,1,1,0,245,38779958,0,38779958,2061.7,28495.4,0.94826,23.3327,5422,232.37773596711912,0,3.669664,0,2,0,0.157276,0,0,6099141,18.961299,no,73531.84,-0.06819,Non signif,Non signif
41051,San Costanzo,41,Pesaro e Urbino,11,43.766164,13.072763,1,0,1,0,0,25,8052149,0,8052149,531,11788.6,0.839167,40.8866,4772,116.71305513297754,5.04655,0,235,0,0.123428,0,993860,0,0,24.621765,no,19825.81,-0.024764,Non signif,Non signif
35045,Villa Minozzo,35,Reggio nell'Emilia,8,44.365056,10.465995,1,0,0,1,0,45,20681794,0,20681794,1545.6,14885.4,0.930395,168.0812,3658,21.763290600019516,53.687683,2.784768,1193,17,0.319415,0.016568,6606078,0,342656,36.618436,no,75733.49,-1.06604,Low-Low,Coldspot 99%
65133,Sanza,65,Salerno,15,40.244607,15.552666,1,0,0,1,0,35,12507668,0,12507668,559.2,22844.6,0.792484,128.7465,2565,19.922871689715837,53.534882,0.575284,155,5,0.415816,0.004468,5200891,0,55889,25.585615,no,32001.64,-0.132695,Non signif,Non signif
30114,Talmassons,30,Udine,6,45.929558,13.117064,2,0,1,1,0,84,20385392,0,20385392,2265.5,18359.2,0.8996,43.050399999999996,4045,93.95963800568637,0,2.624538,0,1,0,0.060964,0,0,1242781,22.91097,no,46704.91,-0.974661,Non signif,Non signif
5007,Baldichieri d'Asti,5,Asti,1,44.905948,8.091638,2,0,1,1,0,155,46085392,0,46085392,3877.3,61014,0.807098,5.0661000000000005,1133,223.6434338050966,0.012701,0.362332,0,50,0.002507,0.071521,115539,0,3296068,21.748752,no,100229.98,-0.179314,Non signif,Non signif
76034,Francavilla in Sinni,76,Potenza,17,40.080192,16.203224,1,0,0,1,0,65,20553369,0,20553369,809.8,11061.1,0.943047,46.8185,4158,88.81104691521514,1.931242,1.010941,71,113,0.04125,0.021593,847817,0,443804,40.913322,no,84090.66,-1.242385,Non signif,Non signif
103008,Baveno,103,Verbano-Cusio-Ossola,1,45.908916,8.505017,1,0,1,0,0,27,19457678,0,19457678,2073.3,8684.8,0.959818,17.1005,4883,285.5472062220403,2.195695,7.13774,1836,125,0.128399,0.417399,2498355,0,8121625,17.575018,no,34196.9,-0.082223,Low-Low,Coldspot 99%
17137,Pavone del Mella,17,Brescia,3,45.301256,10.208401,2,0,0,2,0,116,60247513,0,60247513,4835,50444.7,0.912105,11.613599999999998,2760,237.65240752221538,0,0.14187,0,2,0,0.012216,0,0,735975,20.48295,no,123404.68,-0.943585,Non signif,Non signif
42015,Corinaldo,42,Ancona,11,43.648816,13.047659,2,0,0,2,0,113,46685943,0,46685943,4113.6,24547.1,0.946931,49.279700000000005,4949,100.42674772776618,5.820567,0,291,0,0.118113,0,5514211,0,0,27.781362,no,129699.91,-0.998353,Non signif,Non signif
64038,Grottaminarda,64,Avellino,15,41.06972,15.058945,2,0,0,1,1,215,65438980,85075237,150514217,21412.5,143551.7,0.901702,29.1153,8004,274.9070076557686,0.92907,0.45715,73,31,0.03191,0.015701,2088160,2714753,1027481,37.737871,no,568008.61,0.304829,Non signif,Non signif
19114,Volongo,19,Cremona,3,45.212247,10.301874,1,0,1,0,0,25,20905195,0,20905195,3109.4,8820.9,0.96876,8.1206,499,61.44866142895845,0,1.403966,0,4,0,0.172889,0,0,3614287,21.210647,no,44341.27,-0.000327,Non signif,Non signif
65047,Corbara,65,Salerno,15,40.724782,14.592763,1,0,1,0,0,11,2863142,0,2863142,444.2,2616.2,0.91253,6.7319,2520,374.3371113652906,5.517238,0.078626,992,167,0.819566,0.01168,2346535,0,33440,25.585615,no,7325.52,0.040954,Non signif,Non signif
4237,Venasca,4,Cuneo,1,44.562163,7.396865,1,0,1,0,0,46,8979530,0,8979530,903.9,17511.6,0.804038,20.3941,1391,68.20600075512034,1.539164,1.055846,61,235,0.075471,0.051772,677694,0,464889,16.396584,no,14723.36,0.032286,Non signif,Non signif
85012,Mussomeli,85,Caltanissetta,19,37.577845,13.751259,1,0,0,1,0,94,11441084,0,11441084,694.5,10308.6,0.906454,164.4271,10556,64.1986631157516,2.680527,0,184,0,0.016302,0,186515,0,0,20.302008,no,23227.7,-0.646818,Low-High,Hotspot 99%
19034,Credera Rubbiano,19,Cremona,3,45.296063,9.650529,1,0,1,0,0,5,7491725,0,7491725,911.8,11510,0.824821,14.128599999999999,1595,112.89158161459736,0,1.77951,0,0,0,0.125951,0,0,943590,21.210647,no,15890.43,0.204744,Non signif,Non signif
55031,Stroncone,55,Terni,10,42.502332,12.659973,1,0,1,0,0,14,5743890,0,5743890,553.8,9042.7,0.836026,71.1652,4814,67.64542220073857,3.685164,0.442413,312,42,0.051783,0.006217,297437,0,35708,34.830185,no,20006.08,1.322334,Non signif,Non signif
14072,Valdisotto,14,Sondrio,3,46.425215,10.357418,1,0,0,1,0,29,17316285,0,17316285,373,13439.3,0.904004,89.5719,3601,40.20234024286635,14.599114,4.214508,185,245,0.162988,0.047052,2822341,0,814760,12.776609,no,22124.34,-1.453257,Low-Low,Coldspot 99%
16049,Canonica d'Adda,16,Bergamo,3,45.575677,9.541653,1,0,1,0,0,47,7612693,0,7612693,1392.4,8506.4,0.919132,3.2051999999999996,4504,1405.2165231498816,0,0.304134,0,11,0,0.094888,0,0,722351,21.203762,no,16141.77,,,
7071,Valtournenche,7,Valle d'Aosta/Vallée d'Aoste,2,45.911551,7.619255,2,0,2,0,0,75,15981274,0,15981274,775.1,12892.8,0.924218,116.15180000000001,2294,19.750016788375213,86.155668,4.040903,236,45,0.741751,0.03479,11854120,0,555986,17.572597,no,28083.25,-0.836716,Non signif,Non signif
29008,Calto,29,Rovigo,5,44.991498,11.356471,1,0,1,0,0,32,2643242,0,2643242,168,4086.5,0.864428,10.8488,726,66.91984366934591,0,2.197316,0,13,0,0.20254,0,0,535362,24.853738,no,6569.44,-0.427847,Non signif,Non signif
78094,Paterno Calabro,78,Cosenza,18,39.228492,16.264894,1,0,0,1,0,69,8928904,0,8928904,1236.6,6260.5,0.948886,24.201999999999998,1393,57.55722667548137,0.424052,0.322866,19,3,0.017521,0.01334,156447,0,119116,50.996071,no,45533.9,-0.024355,Non signif,Non signif
96071,Valdengo,96,Biella,1,45.567322,8.136866,1,0,0,1,0,110,39263054,0,39263054,1960.1,163285.3,0.599148,7.676900000000001,2502,325.9128033451002,0.000001,0.160522,0,28,0,0.02091,5,0,820980,19.06674,no,74861.85,1.580721,High-Low,Coldspot 99%
17153,Preseglie,17,Brescia,3,45.668287,10.39677,1,0,0,1,0,42,15894142,0,15894142,2191.6,18273.8,0.880044,11.4526,1535,134.03070045229904,0.00094,0,0,0,0.000082,0,1305,0,0,20.48295,no,32555.89,0.02084,Non signif,Coldspot 95%
85009,Mazzarino,85,Caltanissetta,19,37.305024,14.214078,1,0,1,0,0,13,13835856,0,13835856,621.7,12402.9,0.887576,295.5937,11842,40.0617469181515,0.215218,0.238764,74,0,0.000728,0.000808,10074,0,11176,20.302008,no,28089.57,-0.987011,Low-High,Hotspot 99%
23016,Buttapietra,23,Verona,5,45.34209,10.99859,3,0,1,1,1,343,45231398,9684468,54915866,4201.5,81845.9,0.879905,17.2694,7062,408.9314046811122,0,0,0,0,0,0,0,0,0,20.167921,no,110753.89,0.24038,Non signif,Non signif
6025,Cabella Ligure,6,Alessandria,1,44.673751,9.09576,1,0,1,0,0,32,10348981,0,10348981,1037.8,6532.5,0.942083,46.6337,526,11.279396659497317,2.401279,1.099628,96,23,0.051492,0.02358,532893,0,244030,20.84217,no,21569.52,0.09535,Non signif,Non signif
4080,Diano d'Alba,4,Cuneo,1,44.65031,8.027508,2,0,0,2,0,146,44671525,0,44671525,2643.8,36463.1,0.919556,17.543499999999998,3592,204.74819733804546,4.514142,1.652715,304,220,0.257311,0.094207,11494491,0,4208356,16.396584,no,73246.04,-0.439019,Non signif,Non signif
87021,Linguaglossa,87,Catania,19,37.842643,15.142131,1,0,1,0,0,30,6603101,0,6603101,593.2,9039.8,0.855846,60.2475,5337,88.58458857213992,0,0,0,0,0,0,0,0,0,36.827421,no,24317.52,0.868612,Non signif,Non signif
99015,Saludecio,99,Rimini,8,43.872685,12.668507,1,0,1,0,0,17,6042058,0,6042058,326.6,5887.5,0.904254,34.2656,3063,89.38994209936496,5.523414,0,237,0,0.161194,0,973944,0,0,28.763441,no,17379.04,-0.774022,Non signif,Non signif
12035,Caronno Varesino,12,Varese,3,45.738636,8.831226,1,0,1,0,0,29,9396838,0,9396838,420.2,9068.2,0.899897,5.7495,4860,845.2908948604226,0.002885,0.012105,0,0,0.000502,0.002105,4715,0,19784,11.229804,no,10552.47,-0.814806,Non signif,Non signif
25059,Taibon Agordino,25,Belluno,5,46.298782,12.012654,1,0,0,1,0,104,17573001,0,17573001,2430.7,15372,0.940821,90.0599,1749,19.420407972915804,2.475076,0,11,0,0.027483,0,482951,0,0,17.91629,no,31484.3,0.321813,Non signif,Non signif
65129,Sant'Arsenio,65,Salerno,15,40.472911,15.484562,1,0,0,1,0,72,8303736,0,8303736,815.8,15485.1,0.791337,20.143900000000002,2815,139.74453804873932,0.026648,0.324952,32,0,0.001323,0.016132,10985,0,133952,25.585615,no,21245.62,-0.190994,Non signif,Non signif
40031,Portico e San Benedetto,40,Forlì-Cesena,8,44.003714,11.720184,1,0,0,1,0,87,9784464,0,9784464,688.6,8934.9,0.921858,61.054899999999996,772,12.644357782913412,15.044413,0.663815,223,20,0.246408,0.010872,2410970,0,106381,31.154462,no,30482.97,,,
30011,Bicinicco,30,Udine,6,45.935713,13.251166,1,0,0,0,1,211,0,181517327,181517327,9747.5,97017.9,0.94182,16.008699999999997,1867,116.62408565342596,0,0,0,0,0,0,0,0,0,22.91097,no,415873.81,-1.738871,Non signif,Non signif
16122,Isso,16,Bergamo,3,45.476787,9.758419,1,0,1,0,0,13,8114175,0,8114175,454.6,17896.7,0.755472,5.0587,638,126.11935872852709,0,0,0,0,0,0,0,0,0,21.203762,no,17205.1,0.23161,Non signif,Non signif
19040,Derovere,19,Cremona,3,45.109972,10.247977,1,0,1,0,0,7,6417809,0,6417809,812.4,12440.5,0.788487,9.9908,303,30.327901669535972,0,1.991486,0,33,0,0.199332,0,0,1279275,21.210647,no,13612.59,0.27609,Non signif,Non signif
48013,Dicomano,48,Firenze,9,43.891962,11.52365,1,0,0,1,0,197,12340116,0,12340116,1332.7,14068.3,0.909598,61.6329,5517,89.51387976226982,3.320264,1.089949,65,244,0.053872,0.017685,664782,0,218229,35.050589,no,43252.83,0.823951,Non signif,Non signif
15204,Sedriano,15,Milano,3,45.488333,8.968731,1,0,0,1,0,64,20249639,0,20249639,1271.4,15285.7,0.926567,7.7528,12246,1579.558353111134,0,0,0,0,0,0,0,0,0,15.050002,no,30475.71,-1.215261,Non signif,Non signif
28021,Candiana,28,Padova,5,45.22109,11.989114,1,0,0,1,0,74,46835111,0,46835111,3862.4,23766.3,0.951171,22.2684,2313,103.8691598857574,0,1.146102,0,33,0,0.051468,0,0,2410493,17.804557,no,83387.84,-1.074589,Non signif,Non signif
4118,Margarita,4,Cuneo,1,44.403432,7.684934,1,0,0,1,0,91,26834547,0,26834547,5019.8,28046,0.910011,11.3764,1416,124.4681973207693,0,0.926932,0,45,0,0.081478,0,0,2186439,16.396584,no,43999.49,1.114607,Non signif,Non signif
16017,Azzone,16,Bergamo,3,45.978518,10.112647,1,0,0,1,0,39,15466058,0,15466058,1261.8,12542.7,0.924132,17.2895,387,22.38352757453946,5.500203,1.520748,27,5,0.318124,0.087958,4920123,0,1360362,21.203762,no,32793.86,0.16973,Non signif,Non signif
21022,Chiusa/Klausen,21,Bolzano/Bozen,4,46.639687,11.566643,1,0,0,1,0,100,51616213,0,51616213,4804.1,34418.4,0.939522,51.2897,5235,102.06727666568531,1.892429,0.129251,710,74,0.036897,0.00252,1904476,0,130074,10.80791,no,55786.34,-1.063591,Non signif,Non signif
22060,Cis,22,Trento,4,46.399187,11.00296,1,0,0,1,0,50,12603783,0,12603783,2274,14470.6,0.9068,5.4976,302,54.93306169965076,0.280449,0.004082,0,0,0.051013,0.000743,642957,0,9358,14.82766,no,18688.46,1.667126,High-Low,Coldspot 99%
4190,Roccaforte Mondovì,4,Cuneo,1,44.31794,7.744742,1,0,1,0,0,29,8566142,0,8566142,643.4,7488.2,0.912313,84.6118,2140,25.291980551176078,0.002642,2.064675,0,73,0.000031,0.024402,267,0,209029,16.396584,no,14045.55,-0.120256,Non signif,Non signif
23061,Pressana,23,Verona,5,45.284749,11.40209,1,0,0,0,1,159,0,186023474,186023474,12978.1,336904.1,0.792607,17.3896,2535,145.77678612504025,0,0,0,0,0,0,0,0,0,20.167921,no,375170.68,-0.36682,Non signif,Non signif
63027,Cicciano,63,Napoli,15,40.964714,14.538935,1,0,1,0,0,18,1955340,0,1955340,66.6,5522.7,0.706635,7.3312,12897,1759.1935835879528,0.003583,1.368138,0,507,0.000489,0.186619,956,0,364903,35.751904,no,6990.71,-0.046598,Non signif,Coldspot 95%
4061,Centallo,4,Cuneo,1,44.501533,7.58783,1,0,0,1,0,15,15584204,0,15584204,1045.4,17693,0.861304,42.4855,7002,164.80917018747573,0,1.551337,0,240,0,0.036515,0,0,569049,16.396584,no,25552.77,-0.274478,Non signif,Non signif
79123,Satriano,79,Catanzaro,18,38.666883,16.481205,1,0,1,0,0,11,4698225,0,4698225,84.3,8845.2,0.770465,21.1562,3476,164.30171769977596,0.900481,2.370226,131,38,0.042563,0.112035,199973,0,526364,52.451966,no,24643.11,-0.554785,Non signif,Non signif
24075,Orgiano,24,Vicenza,5,45.351043,11.466029,1,0,1,0,0,34,14766230,0,14766230,1881.3,8683.7,0.951777,18.0847,3042,168.20848562597112,0,0,0,0,0,0,0,0,0,21.315155,no,31474.45,0.014792,Non signif,Non signif
80039,Gioiosa Ionica,80,Reggio di Calabria,18,38.322175,16.302605,1,0,0,1,0,117,27170339,0,27170339,2590.5,31037.1,0.863777,36.0715,7059,195.69466199076834,0.587226,1.186798,97,319,0.01628,0.032901,442320,0,893939,48.652369,no,132190.14,-0.251973,Non signif,Non signif
17183,Tavernole sul Mella,17,Brescia,3,45.746987,10.240565,1,0,1,0,0,36,19302921,0,19302921,936.1,9517.1,0.95032,19.8078,1261,63.66178979997778,3.107931,0.084007,37,65,0.156904,0.004241,3028713,0,81866,20.48295,no,39538.08,-1.57561,Low-Low,Coldspot 99%
2122,Rovasenda,2,Vercelli,1,45.538765,8.317527,1,0,0,1,0,27,24028812,0,24028812,1288.4,24842.4,0.878273,29.268600000000003,959,32.76548929569572,0,6.083757,0,67,0,0.20786,0,0,4994617,17.175786,no,41271.37,-0.878667,Non signif,Non signif
76039,Lagonegro,76,Potenza,17,40.128306,15.761472,1,0,0,1,0,41,31595945,0,31595945,6184.8,26198,0.921828,113.06569999999999,5442,48.13130772639271,0.537226,0.051971,54,1,0.004751,0.00046,150127,0,14523,40.913322,no,129269.51,0.562236,Non signif,Non signif
87012,Camporotondo Etneo,87,Catania,19,37.56759,15.005131,1,0,0,1,0,30,17881089,0,17881089,1427.4,24629.7,0.847411,6.5541,5138,783.9367724020079,0.004286,0,32,0,0.000654,0,11693,0,0,36.827421,no,65851.44,-0.195323,Non signif,Non signif
92015,Decimomannu,92,Cagliari,20,39.311738,8.968841,1,0,1,0,0,23,6688062,0,6688062,705.2,16782.1,0.724727,27.7172,8234,297.07185429985714,0.000015,4.719086,0,613,0.000001,0.170258,4,0,1138699,12.810064,si,8567.45,1.528996,Non signif,Non signif
62024,Circello,62,Benevento,15,41.357518,14.809056,1,0,0,1,0,50,18564136,0,18564136,1943.8,12771.2,0.925601,45.6645,2322,50.849127878329995,5.270931,0.292804,177,9,0.115427,0.006412,2142809,0,119035,40.937916,no,75997.7,0.791004,Non signif,Non signif
19018,Casaletto Ceredano,19,Cremona,3,45.318071,9.617559,1,0,1,0,0,19,3682295,0,3682295,369.5,2989.8,0.933071,6.5181,1165,178.73306638437583,0,0.364286,0,0,0,0.055888,0,0,205797,21.210647,no,7810.39,0.641488,Non signif,Non signif
30132,Verzegnis,30,Udine,6,46.385147,12.987202,1,0,1,0,0,18,15928461,0,15928461,-368.1,9957.1,0.90703,39.3311,863,21.941923821098317,2.00857,0.008651,0,0,0.051068,0.00022,813438,0,3504,22.91097,no,36493.65,-2.216826,Low-Low,Coldspot 99%
22128,Nomi,22,Trento,4,45.928599,11.071881,1,0,1,0,0,26,6316042,0,6316042,875.2,10629.1,0.822761,6.4888,1332,205.27678461348785,2.115756,1.23988,64,0,0.326063,0.19108,2059426,0,1206869,14.82766,no,9365.21,-0.193491,Non signif,Non signif
39003,Bagnara di Romagna,39,Ravenna,8,44.389169,11.826451,1,0,0,1,0,11,14293131,0,14293131,870.2,14401.2,0.864491,9.958,2439,244.92870054227757,0,0.36329,0,25,0,0.036482,0,0,521445,37.876303,no,54137.1,-0.398564,Non signif,Non signif
9031,Giustenice,9,Savona,7,44.172551,8.247188,1,0,1,0,0,32,15852915,0,15852915,1218.5,11646.4,0.919897,17.224,998,57.94240594519275,2.37915,0.029265,87,4,0.13813,0.001699,2189762,0,26935,24.791781,no,39302.2,-1.594262,Low-High,Hotspot 99%
21109,Valle di Casies/Gsies,21,Bolzano/Bozen,4,46.824096,12.232504,1,0,0,1,0,22,13010830,0,13010830,1282.2,54649.7,0.623305,110.1355,2329,21.14667840977705,0.000465,0,0,0,0.000004,0,55,0,0,10.80791,no,14061.99,1.213041,High-Low,Coldspot 99%
4129,Monchiero,4,Cuneo,1,44.570538,7.920236,1,0,0,1,0,130,26793677,0,26793677,2465.1,33463.7,0.875247,4.9904,589,118.02661109329912,0.657478,0.00405,98,0,0.131749,0.000812,3530028,0,21745,16.396584,no,43932.48,0.137726,Non signif,Non signif
98029,Guardamiglio,98,Lodi,3,45.109902,9.679791,1,0,1,0,0,15,4063776,0,4063776,289.1,6615.6,0.84845,10.4376,2664,255.23108760634628,0,2.61344,0,11,0,0.250387,0,0,1017517,19.574231,no,7954.53,0.570102,Non signif,Non signif
40004,Borghi,40,Forlì-Cesena,8,44.031591,12.354389,1,0,0,1,0,93,14288910,0,14288910,3531.6,17129,0.904796,30.233,2857,94.49938808586644,7.83552,0.929224,249,26,0.259171,0.030735,3703273,0,439176,31.154462,no,44516.33,1.637057,Non signif,Non signif
56017,Castel Sant'Elia,56,Viterbo,12,42.251776,12.371796,1,0,0,1,0,118,22635147,0,22635147,1509.1,19050.5,0.923678,23.9155,2626,109.80326566452719,0.218176,0,204,0,0.009123,0,206496,0,0,19.086634,no,43202.88,-1.342585,Non signif,Non signif
19022,Casalmorano,19,Cremona,3,45.286373,9.899666,1,0,0,1,0,85,25271198,0,25271198,1839.5,18716.3,0.939598,12.2825,1618,131.73213922247098,0,0,0,0,0,0,0,0,0,21.210647,no,53601.85,-0.414452,Non signif,Non signif
9055,Sassello,9,Savona,7,44.47897,8.490171,1,0,0,1,0,51,15604370,0,15604370,1678.8,11282,0.932895,100.6576,1757,17.455214509386277,3.903456,0.862922,15,77,0.03878,0.008573,605130,0,133774,24.791781,no,38686.01,-0.422837,Non signif,Hotspot 95%
72048,Valenzano,72,Bari,16,41.045333,16.885086,1,0,0,1,0,31,16417847,0,16417847,1616.9,24753.1,0.830203,15.978800000000001,17952,1123.4886224247127,0,0.801874,0,365,0,0.050184,0,0,823907,14.160402,no,23248.33,-0.344359,Non signif,Non signif
87024,Mascalucia,87,Catania,19,37.573605,15.051727,1,0,1,0,0,22,7015287,0,7015287,245.6,4981.8,0.922495,16.2793,32167,1975.9449116362498,0,0,0,0,0,0,0,0,0,36.827421,no,25835.49,-0.785541,Non signif,Coldspot 95%
22047,Castello-Molina di Fiemme,22,Trento,4,46.256056,11.404439,1,0,1,0,0,18,3159884,0,3159884,436,5535.4,0.81087,54.5597,2307,42.28395683993864,7.089916,0.257808,68,1,0.129948,0.004725,410620,0,14931,14.82766,no,4685.37,1.275784,Non signif,Non signif
55029,San Gemini,55,Terni,10,42.612701,12.546505,1,0,0,1,0,193,14165138,0,14165138,2626.5,12691.4,0.961384,27.8961,4985,178.69881452962957,2.862206,0.057989,98,27,0.102602,0.002079,1453377,0,29446,34.830185,no,49337.44,0.365072,Non signif,Non signif
16130,Luzzana,16,Bergamo,3,45.716393,9.880496,1,0,0,1,0,105,11302337,0,11302337,1936,15023.1,0.907983,3.4846,917,263.15789473684214,0.085652,0.025163,2,4,0.02458,0.007221,277813,0,81616,21.203762,no,23965.21,0.209002,Non signif,Non signif
4028,Boves,4,Cuneo,1,44.329626,7.551894,1,0,0,1,0,165,30895224,0,30895224,7095.7,27540.1,0.941649,50.9491,9788,192.11330523993553,0,2.868293,0,524,0,0.056297,0,0,1739315,16.396584,no,50657.61,0.410004,Non signif,Non signif
21032,Fortezza/Franzensfeste,21,Bolzano/Bozen,4,46.789626,11.609977,1,0,0,1,0,124,28406000,0,28406000,2399,37427,0.872325,61.7729,999,16.17214021035114,0.25922,0.300083,1,95,0.004196,0.004858,119201,0,137992,10.80791,no,30700.95,-0.321469,Non signif,Non signif
13157,Montorfano,13,Como,3,45.785458,9.146079,1,0,1,0,0,12,3963309,0,3963309,381.6,13346,0.659192,3.5169,2567,729.9041769740396,0.006005,0.001748,0,3,0.001707,0.000497,6767,0,1970,12.029442,no,4767.64,1.622257,Non signif,Non signif
30090,Reana del Rojale,30,Udine,6,46.145736,13.23512,1,0,0,0,1,103,0,61813569,61813569,2808.9,133789.8,0.748619,20.3323,4905,241.24176802427664,0,0.031952,0,17,0,0.001571,0,0,0,22.91097,no,141620.88,0.441319,Non signif,Coldspot 95%
5118,Villanova d'Asti,5,Asti,1,44.941889,7.937502,2,0,1,1,0,197,29363790,0,29363790,2257.7,16027.7,0.941156,41.9486,5686,135.54683588963636,0.000091,2.732109,0,44,0.000002,0.06513,64,0,1912461,21.748752,no,63862.58,-1.105425,Non signif,Non signif
15201,San Vittore Olona,15,Milano,3,45.586091,8.942696,1,0,0,1,0,15,14924451,0,14924451,1188.8,14588.1,0.87408,3.4872,8358,2396.7653131452166,0,0.771826,0,361,0,0.221331,0,0,3303246,15.050002,no,22461.3,-0.724251,Non signif,Non signif
71062,Volturino,71,Foggia,16,41.477229,15.124241,1,0,0,1,0,37,13336843,0,13336843,1766.2,31387.8,0.773469,58.3481,1679,28.775572812139554,12.247463,0,656,0,0.209903,0,2799448,0,0,37.634206,no,50192.15,1.328431,Non signif,Non signif
5069,Moncalvo,5,Asti,1,45.050222,8.26522,1,1,0,0,0,2,1021447,0,1021447,32.9,1125,0.849143,17.421300000000002,2965,170.19395797098952,1.139571,0.01373,56,7,0.065413,0.000788,66815,0,805,21.748752,no,2221.52,-1.140219,Non signif,Non signif
76046,Marsicovetere,76,Potenza,17,40.376601,15.824493,1,0,1,0,0,22,7970687,0,7970687,556.9,7656.8,0.885523,38.0123,5531,145.5055337351331,2.221328,0.286694,45,0,0.058437,0.007542,465784,0,60116,40.913322,no,32610.73,-0.920057,Non signif,Non signif
30008,Bagnaria Arsa,30,Udine,6,45.88359,13.284961,1,0,1,0,0,28,7087405,0,7087405,700.5,16618.6,0.743531,19.2333,3483,181.09216827065558,0,0,0,0,0,0,0,0,0,22.91097,no,16237.93,0.298318,Non signif,Non signif
21006,Badia/Abtei,21,Bolzano/Bozen,4,46.610124,11.893487,1,0,1,0,0,12,5473765,0,5473765,318.6,11236.5,0.767233,83.1752,3491,41.971645394300225,6.668787,0,91,0,0.080178,0,438873,0,0,10.80791,no,5916,-0.709879,Low-Low,Coldspot 99%
15229,Vanzago,15,Milano,3,45.526826,8.994955,1,0,0,1,0,81,14121518,0,14121518,1543.1,15511.5,0.909518,6.0536,9224,1523.7214219637901,0,0.006616,0,0,0,0.001093,0,0,15433,15.050002,no,21252.89,0.927569,Non signif,Non signif
66021,Capitignano,66,L'Aquila,13,42.520203,13.300948,1,0,0,1,0,161,34537962,0,34537962,2258.9,26065.5,0.928537,30.6396,662,21.60602618833144,3.756394,0,3,0,0.122599,0,4234331,0,0,47.395882,no,163695.72,1.147135,Non signif,Non signif
56015,Caprarola,56,Viterbo,12,42.326625,12.235766,1,0,0,1,0,46,29879511,0,29879511,1180.5,50142.2,0.757535,57.5779,5395,93.69914498444716,0.039796,0,82,0,0.000691,0,20652,0,0,19.086634,no,57029.93,-0.96088,Non signif,Non signif
70007,Campochiaro,70,Campobasso,14,41.447524,14.508928,1,0,1,0,0,23,3431238,0,3431238,458.8,2253.7,0.959794,35.7004,635,17.786915552766914,0.450318,0.739306,0,8,0.012614,0.020709,43281,0,71056,35.851049,no,12301.35,0.081403,Non signif,Non signif
61018,Casagiove,61,Caserta,15,41.074715,14.307729,1,0,1,0,0,26,7248606,0,7248606,278.3,3533.6,0.953524,6.3571,13559,2132.890783533372,0.410043,0,138,0,0.064502,0,467547,0,0,28.435248,no,20611.59,0.125032,Non signif,Non signif
54030,Montefalco,54,Perugia,10,42.891874,12.650067,1,0,0,1,0,60,24473100,0,24473100,888.7,6994.1,0.96925,69.5134,5577,80.22913567743772,4.141359,8.414607,153,352,0.059576,0.12105,1458020,0,2962472,38.922787,no,95256.12,-2.434835,Non signif,Non signif
40036,Rocca San Casciano,40,Forlì-Cesena,8,44.059096,11.842061,1,0,1,0,0,32,6662769,0,6662769,723.5,7007.4,0.906163,50.5588,1874,37.06575314287523,19.935536,0.980603,197,130,0.394304,0.019395,2627156,0,129226,31.154462,no,20757.5,-0.321549,Non signif,Non signif
8052,San Bartolomeo al Mare,8,Imperia,7,43.922924,8.101152,1,0,0,0,1,531,0,140015371,140015371,11426.2,169171.8,0.857386,10.853499999999999,3069,282.76592804164557,0.350898,0.29784,9,363,0.03233,0.027442,0,4526753,0,29.468433,no,412603.36,-0.930715,Non signif,Hotspot 95%
15115,Lacchiarella,15,Milano,3,45.321848,9.137047,2,0,2,0,0,46,17193497,0,17193497,1928.2,15493.6,0.904017,24.040399999999998,8959,372.66434834694934,0,0,0,0,0,0,0,0,0,15.050002,no,25876.22,0.243611,Non signif,Non signif
111076,Serdiana,111,Sud Sardegna,20,39.374241,9.158944,1,0,0,1,0,40,53339414,0,53339414,6750.8,20143.1,0.966036,55.7069,2673,47.98328393789639,0,0.460493,0,58,0,0.008266,0,0,440923,15.448131,si,82399.43,-0.14177,Non signif,Non signif
5087,Portacomaro,5,Asti,1,44.957405,8.258145,1,0,0,1,0,165,8057383,0,8057383,359.3,17647.1,0.778501,11.003699999999998,1992,181.03001717604081,0.031444,0.002729,2,2,0.002858,0.000248,23025,0,1998,21.748752,no,17523.8,0.063786,Non signif,Non signif
43014,Colmurano,43,Macerata,11,43.16385,13.356982,1,0,0,1,0,107,14489201,0,14489201,897.3,11494.8,0.930718,11.1988,1244,111.08333035682394,3.087004,0,171,0,0.275655,0,3994019,0,0,27.736975,no,40188.66,-0.610571,Non signif,Non signif
31010,Mariano del Friuli,31,Gorizia,6,45.916061,13.458748,1,0,0,1,0,86,58455734,0,58455734,3653.4,59265.2,0.863991,8.5916,1486,172.9596349923181,0,0,0,0,0,0,0,0,0,23.340869,no,136440.76,-0.986878,Non signif,Non signif
60012,Ausonia,60,Frosinone,12,41.354461,13.748748,1,0,1,0,0,17,11010442,0,11010442,-17.5,3196.3,0.9663,19.6379,2591,131.9387510884565,5.159904,0,348,0,0.262752,0,2893019,0,0,34.188464,no,37643.01,-2.090802,Non signif,Non signif
4140,Monteu Roero,4,Cuneo,1,44.780686,7.931189,1,0,1,0,0,14,8566921,0,8566921,870.3,9239.1,0.863927,24.7002,1618,65.5055424652432,0.095375,0.043123,3,1,0.003861,0.001746,33079,0,14957,16.396584,no,14046.82,-0.101509,Non signif,Non signif
6154,San Salvatore Monferrato,6,Alessandria,1,44.994154,8.565942,1,0,1,0,0,24,8356804,0,8356804,195.4,12926.1,0.833596,31.6921,4247,134.00815976221205,0.506989,1.690933,11,19,0.015997,0.053355,133687,0,445878,20.84217,no,17417.39,-0.823148,Non signif,Non signif
58049,Labico,58,Roma,12,41.789519,12.880888,1,0,0,1,0,63,21550527,0,21550527,2480.4,16812.4,0.928481,11.7533,6469,550.3986114538045,1.495503,0,661,0,0.127241,0,2742113,0,0,29.689549,no,63982.54,0.969735,Non signif,Non signif
68015,Collecorvino,68,Pescara,13,42.458598,14.01428,1,0,0,1,0,70,57188057,0,57188057,1500,60971.7,0.872564,31.985300000000002,6060,189.46203412192475,0.935396,1.797572,67,111,0.029245,0.0562,1672440,0,3213965,27.533978,no,157461.47,0.757042,High-High,Hotspot 99%
24053,Lugo di Vicenza,24,Vicenza,5,45.751391,11.522901,1,0,0,0,1,464,0,180217540,180217540,16505.7,230525.8,0.871801,14.564200000000001,3652,250.75184356160995,0,0,0,0,0,0,0,0,0,21.315155,no,384136.48,0.305246,Non signif,Non signif
60035,Fiuggi,60,Frosinone,12,41.798561,13.220489,1,0,1,0,0,18,20019489,0,20019489,2440.9,8088.7,0.966351,32.9779,10511,318.7286030947999,5.06961,0,1610,0,0.153727,0,3077546,0,0,34.188464,no,68443.56,1.643647,Non signif,Non signif
98039,Merlino,98,Lodi,3,45.433372,9.429853,1,0,0,0,1,921,0,197292792,197292792,65300.5,161435.8,0.96702,10.7303,1746,162.71679263394313,0,0.286725,0,4,0,0.026721,0,0,0,19.574231,no,386185.47,-0.40122,Non signif,Non signif
21073,Rifiano/Riffian,21,Bolzano/Bozen,4,46.70364,11.181443,1,0,0,1,0,56,12395604,0,12395604,871.4,10438.7,0.925401,35.943200000000004,1357,37.75401188541921,0,0,0,0,0,0,0,0,0,10.80791,no,13397.06,-0.455688,Non signif,Coldspot 95%
21025,Cortina sulla strada del vino/Kurtinig an der Weinstraße,21,Bolzano/Bozen,4,46.268702,11.222685,1,0,0,1,0,38,19192330,0,19192330,1710.8,14487.9,0.919048,1.9990999999999999,664,332.14946726026716,0,0.040377,0,0,0,0.020198,0,0,387639,10.80791,no,20742.9,-1.180759,Non signif,Non signif
21033,Funes/Villnöß,21,Bolzano/Bozen,4,46.6451,11.696841,1,0,1,0,0,24,11083679,0,11083679,1044.5,5280.5,0.962688,81.3822,2603,31.984881214811104,0.00134,0.040666,0,5,0.000016,0.0005,182,0,5538,10.80791,no,11979.14,-1.351697,Non signif,Non signif
18118,Portalbera,18,Pavia,3,45.097563,9.318857,1,0,1,0,0,14,16792737,0,16792737,2391.3,9351.6,0.907377,4.4798,1494,333.4970311174606,0,1.62902,0,70,0,0.363637,0,0,6106457,18.961299,no,31841.21,1.134446,Non signif,Non signif
42049,Staffolo,42,Ancona,11,43.433074,13.1862,1,0,1,0,0,14,6269379,0,6269379,1134.3,5735.8,0.92105,27.496799999999997,2247,81.71859998254344,7.578239,0,256,0,0.275604,0,1727868,0,0,27.781362,no,17417.19,1.756177,Non signif,Non signif
25003,Alleghe,25,Belluno,5,46.406637,12.021464,1,0,1,0,0,28,18626065,0,18626065,3184.4,7634.7,0.975047,29.715,1194,40.181726400807676,1.107996,0,107,0,0.037287,0,694518,0,0,17.91629,no,33371,-0.430894,Non signif,Non signif
30103,San Pietro al Natisone,30,Udine,6,46.126725,13.485233,1,0,0,1,0,70,9492169,0,9492169,1651.6,11351.1,0.905445,23.9688,2134,89.0324087981042,0.843715,0.170038,45,2,0.035201,0.007094,334130,0,67339,22.91097,no,21747.48,0.62362,High-Low,Coldspot 99%
62032,Forchia,62,Benevento,15,41.030225,14.537343,1,0,1,0,0,9,9336688,0,9336688,574.8,6863.6,0.900206,5.4546,1221,223.84776152238476,3.357343,0.371625,443,180,0.615507,0.068131,5746794,0,636114,40.937916,no,38222.45,-1.22213,Non signif,Coldspot 95%
19094,Sergnano,19,Cremona,3,45.428875,9.701659,1,0,1,0,0,9,11265835,0,11265835,974.9,16331.6,0.832883,12.3094,3554,288.7224397614831,0,1.052351,0,5,0,0.085492,0,0,963135,21.210647,no,23895.56,-0.178441,Non signif,Non signif
28066,Polverara,28,Padova,5,45.309392,11.956012,1,0,0,1,0,186,89720768,0,89720768,11282.4,53529,0.956313,9.8441,3334,338.68002153574224,0,7.684292,0,1958,0,0.780599,0,0,70035918,17.804557,no,159743.85,-1.111874,Non signif,Non signif
6040,Casalnoceto,6,Alessandria,1,44.913177,8.981156,1,0,0,0,1,928,0,135072578,135072578,5869.7,267570,0.782622,12.984300000000001,963,74.16649338046717,0.236265,0.212943,7,2,0.018196,0.0164,0,2457808,0,20.84217,no,281520.57,-0.881194,Non signif,Non signif
3131,Romentino,3,Novara,1,45.462553,8.720777,1,0,1,0,0,27,12478647,0,12478647,522.7,13770.1,0.86171,17.691,5659,319.88016505567805,0,0,0,0,0,0,0,0,0,12.08995,no,15086.62,-0.697943,Non signif,Non signif
64044,Lioni,64,Avellino,15,40.876517,15.187751,1,0,1,0,0,48,3999197,0,3999197,587.5,11447.9,0.714707,46.5119,6153,132.28872611095227,3.819056,0,36,0,0.082109,0,328371,0,0,37.737871,no,15092.12,1.352105,Non signif,Non signif
58107,Trevignano Romano,58,Roma,12,42.155917,12.246177,1,0,0,1,0,76,9323530,0,9323530,812.8,40173.5,0.605953,38.9869,5711,146.48510140585685,0.160172,0,118,0,0.004108,0,38304,0,0,29.689549,no,27681.14,1.1421,High-Low,Coldspot 99%
18190,Zinasco,18,Pavia,3,45.112799,9.003176,1,0,1,0,0,10,10283338,0,10283338,740,8824.6,0.889484,29.737,3166,106.4666913273027,0,4.053199,0,4,0,0.136302,0,0,1401635,18.961299,no,19498.55,-0.511917,Non signif,Non signif
21110,Vandoies/Vintl,21,Bolzano/Bozen,4,46.876036,11.720904,2,0,0,2,0,247,71528863,0,71528863,9300.8,109357.4,0.85164,110.8194,3336,30.103032501529515,0,0.304801,0,192,0,0.00275,0,0,196735,10.80791,no,77307.75,0.165251,Non signif,Non signif
16119,Grone,16,Bergamo,3,45.727504,9.911202,1,0,0,1,0,60,14145669,0,14145669,1184.5,15456.6,0.900281,7.7774,905,116.36279476431713,0.305229,0.093326,4,16,0.039246,0.012,555156,0,169743,21.203762,no,29994.14,-0.018552,Non signif,Non signif
2070,Lignana,2,Vercelli,1,45.28553,8.346124,1,0,0,1,0,34,25018968,0,25018968,2132.2,46112.7,0.791532,22.5744,559,24.762562903111487,0,0,0,0,0,0,0,0,0,17.175786,no,42972.04,0.354349,Non signif,Non signif
70072,Santa Croce di Magliano,70,Campobasso,14,41.71241,14.993378,1,0,0,1,0,8,18156880,0,18156880,674.1,13177.7,0.905724,53.3697,4345,81.41323634946421,5.319998,1.536177,69,0,0.099682,0.028784,1809914,0,522622,35.851049,no,65094.32,-0.808671,Non signif,Non signif
30049,Lignano Sabbiadoro,30,Udine,6,45.689368,13.138566,1,0,0,1,0,235,78398982,0,78398982,7935.3,52088.1,0.937712,15.7093,6948,442.28577976103327,0,0.348911,0,12,0,0.02221,0,0,1741279,22.91097,no,179619.67,-0.299771,Non signif,Non signif
98053,Senna Lodigiana,98,Lodi,3,45.151667,9.593862,1,0,0,1,0,14,21098708,0,21098708,2521.5,26163.6,0.860693,27.019000000000002,1878,69.50664347311151,0,10.210578,0,2,0,0.377904,0,0,7973278,19.574231,no,41299.1,-0.150277,Low-High,Hotspot 99%
17071,Fiesse,17,Brescia,3,45.231475,10.324177,1,0,1,0,0,21,11271941,0,11271941,1183.6,12964,0.840092,16.016199999999998,2041,127.43347360797195,0,0,0,0,0,0,0,0,0,20.48295,no,23088.26,0.609389,Non signif,Coldspot 95%
82058,Polizzi Generosa,82,Palermo,19,37.812819,13.999683,1,0,0,1,0,40,18439623,0,18439623,1688.9,21967.4,0.827839,134.6603,3241,24.067969550045557,2.673513,0,340,0,0.019854,0,366096,0,0,29.57954,no,54543.56,-0.206247,Low-High,Hotspot 99%
17126,Orzivecchi,17,Brescia,3,45.42066,9.961729,1,0,0,1,0,121,49242501,0,49242501,3476.5,84263,0.813368,9.9378,2442,245.72843083982372,0,0,0,0,0,0,0,0,0,20.48295,no,100863.17,-0.232029,Non signif,Non signif
30136,Zuglio,30,Udine,6,46.461796,13.02604,1,0,0,1,0,101,36726546,0,36726546,7813,20934.2,0.968981,18.2115,583,32.01273920325069,0.330468,0,23,0,0.018146,0,666444,0,0,22.91097,no,84144.08,0.291746,High-Low,Coldspot 99%
61101,Falciano del Massico,61,Caserta,15,41.165122,13.949453,1,0,1,0,0,40,7690867,0,7690867,1360.9,20089.6,0.75316,46.7208,3621,77.50295371654596,4.983963,1.068501,510,0,0.106675,0.02287,820427,0,175890,28.435248,no,21869.17,0.578776,High-High,Hotspot 99%
90058,Porto Torres,90,Sassari,20,40.83444,8.403146,1,0,1,0,0,12,1763269,0,1763269,15.3,3490.7,0.780806,104.4137,22367,214.21518440587775,4.364516,1.9124,103,625,0.0418,0.018316,73705,0,32295,12.837123,si,2263.53,0.01471,Non signif,Non signif
19043,Fiesco,19,Cremona,3,45.336361,9.77761,1,0,1,0,0,43,16554620,0,16554620,2837.9,10783.2,0.953418,8.1939,1192,145.47407217564287,0,0,0,0,0,0,0,0,0,21.210647,no,35113.42,0.552119,Non signif,Non signif
23008,Bevilacqua,23,Verona,5,45.231785,11.3925,1,0,0,0,1,881,0,296999882,296999882,47930.4,367466.5,0.881198,12.200899999999999,1700,139.33398355858995,0,0,0,0,0,0,0,0,0,20.167921,no,598987.03,1.176504,Non signif,Non signif
56036,Montefiascone,56,Viterbo,12,42.537925,12.030997,1,0,1,0,0,41,4023401,0,4023401,546.9,6480.3,0.870939,104.93180000000001,13498,128.6359330536596,1.387066,0,406,0,0.013219,0,53184,0,0,19.086634,no,7679.32,1.700167,Non signif,Non signif
2068,Lenta,2,Vercelli,1,45.557466,8.384128,1,0,1,0,0,9,5176896,0,5176896,736.3,11739.8,0.758513,18.970399999999998,842,44.384936532703584,0,1.404165,0,8,0,0.074019,0,0,383187,17.175786,no,8891.73,1.298612,Non signif,Non signif
42040,Rosora,42,Ancona,11,43.483258,13.068867,1,0,0,0,1,318,0,182605252,182605252,22064.2,88816.6,0.960366,9.4063,1956,207.94573849441332,2.647774,0,122,0,0.281489,0,0,51401448,0,27.781362,no,507302.26,0.228589,Non signif,Non signif
1190,Pinasca,1,Torino,1,44.94264,7.229115,1,0,0,1,0,27,13186403,0,13186403,1463.4,18274,0.848865,34.7188,2964,85.37161422629814,1.043161,0.526471,586,78,0.030046,0.015164,396199,0,199957,20.594868,no,27157.22,0.468509,Non signif,Non signif
21061,Ortisei/St. Ulrich,21,Bolzano/Bozen,4,46.590462,11.684557,1,0,0,1,0,172,74853849,0,74853849,8432.5,28162.2,0.977553,24.156799999999997,4883,202.1377003576633,0.004828,0.012511,0,29,0.0002,0.000518,14960,0,38767,10.80791,no,80901.37,-0.368569,Non signif,Coldspot 95%
59010,Itri,59,Latina,12,41.297359,13.551421,1,0,0,1,0,26,13228891,0,13228891,901.9,14365.3,0.860346,101.0988,10761,106.44043252738905,2.616586,0.098508,838,35,0.025881,0.000974,342383,0,12890,21.481102,no,28417.12,-0.556693,Non signif,Non signif
6122,Oviglio,6,Alessandria,1,44.86125,8.487743,1,0,1,0,0,8,12801290,0,12801290,1979.6,11881.6,0.89806,27.366999999999997,1260,46.04085212116784,0,0,0,0,0,0,0,0,0,20.84217,no,26680.67,0.32035,Non signif,Non signif
60054,Pignataro Interamna,60,Frosinone,12,41.439218,13.786212,1,0,0,1,0,89,28118225,0,28118225,2656.1,24444.9,0.919039,24.4062,2543,104.1948357384599,0.391755,3.46004,83,159,0.016051,0.141769,451338,0,3986290,34.188464,no,96131.89,-0.169895,Non signif,Non signif
4248,Vinadio,4,Cuneo,1,44.309025,7.176025,1,0,0,0,1,208,0,336084011,336084011,83630.1,334348.4,0.891884,183.172,629,3.4339309501452187,5.544732,2.296875,163,18,0.030271,0.012539,0,10173475,0,16.396584,no,551062.97,1.415982,Non signif,Non signif
9017,Calizzano,9,Savona,7,44.236881,8.11447,1,0,1,0,0,46,13600590,0,13600590,1377,8836.8,0.933335,62.743199999999995,1483,23.63602748983157,0.442562,0.805316,15,108,0.007054,0.012835,95932,0,174565,24.791781,no,33718.28,-0.432957,Low-High,Hotspot 99%
49011,Marciana Marina,49,Livorno,9,42.803608,10.196768,1,0,0,1,0,99,12830723,0,12830723,1797,15785.6,0.914098,5.8591,1966,335.54641497840964,0,0.788627,0,1179,0,0.134599,0,0,1726998,23.707966,no,30419.03,0.215187,Non signif,Non signif
16104,Foresto Sparso,16,Bergamo,3,45.690883,9.920059,1,0,1,0,0,28,6719698,0,6719698,495.5,4932.6,0.93656,7.8685,3130,397.7886509499905,0.227612,0,4,0,0.028927,0,194381,0,0,21.203762,no,14248.29,-0.280083,Non signif,Non signif
1161,Montanaro,1,Torino,1,45.233553,7.853323,1,0,1,0,0,45,6134961,0,6134961,693.8,9006,0.858175,20.9039,5262,251.72336262611282,0,4.079874,0,7,0,0.195173,0,0,1197378,20.594868,no,12634.87,0.943775,Non signif,Non signif
1115,Giaveno,1,Torino,1,45.042005,7.351994,1,0,1,0,0,29,6230529,0,6230529,166.4,15304.1,0.730457,71.7387,16417,228.84440336945053,3.089519,0.975366,23,56,0.043066,0.013596,268326,0,84711,20.594868,no,12831.69,0.642995,Non signif,Non signif
1259,Sauze d'Oulx,1,Torino,1,45.027027,6.858346,1,0,0,0,1,441,0,29423499,29423499,5340.6,26331.4,0.926167,17.311400000000003,1081,62.44440079947317,15.4524,0,1111,0,0.892614,0,0,26263831,0,20.594868,no,60597.31,1.018079,Non signif,Non signif
19023,Casteldidone,19,Cremona,3,45.069472,10.406281,1,0,0,1,0,42,15466640,0,15466640,1096.5,20559.1,0.853217,10.7895,565,52.36572593725381,0,0,0,0,0,0,0,0,0,21.210647,no,32805.74,-0.495033,Non signif,Non signif
69045,Lama dei Peligni,69,Chieti,13,42.041534,14.186213,1,0,1,0,0,34,8111764,0,8111764,1037.9,7971.4,0.921578,31.371599999999997,1200,38.2511570975022,9.08543,0,312,0,0.289607,0,2349222,0,0,28.116343,no,22807.31,-0.390878,Non signif,Non signif
1135,Lombardore,1,Torino,1,45.235452,7.74032,1,0,0,1,0,58,16719124,0,16719124,1804.6,19261.3,0.883482,12.7159,1724,135.5782917449807,0,1.585121,0,90,0,0.124657,0,0,2084149,20.594868,no,34432.82,-0.408848,Non signif,Non signif
12087,Laveno-Mombello,12,Varese,3,45.9095,8.611986,1,0,0,0,1,69,0,93470297,93470297,11618.6,67376.5,0.922995,23.528000000000002,8684,369.0921455287317,0.269887,10.592502,89,266,0.011471,0.450208,0,1072187,0,11.229804,no,104965.31,-0.066161,Non signif,Non signif
111063,San Giovanni Suergiu,111,Sud Sardegna,20,39.110404,8.521999,1,0,1,0,0,9,8334192,0,8334192,439.5,5411.3,0.914937,72.3721,6018,83.15359095563069,0,1.762932,0,8,0,0.024359,0,0,203015,15.448131,si,12874.77,-1.428112,Non signif,Non signif
3146,Tornaco,3,Novara,1,45.357564,8.715939,1,0,1,0,0,22,6190349,0,6190349,621.8,5764.7,0.924013,13.2403,933,70.46668126855133,0,0,0,0,0,0,0,0,0,12.08995,no,7484.1,-0.300626,Non signif,Non signif
29039,Porto Tolle,29,Rovigo,5,44.917713,12.402186,1,0,1,0,0,49,3020465,0,3020465,411.2,9382.7,0.72409,256.8802,9663,37.61675676054441,0,105.351872,0,1764,0,0.410121,0,0,1238755,24.853738,no,7506.98,1.734808,Non signif,Non signif
61033,Dragoni,61,Caserta,15,41.27024,14.309773,1,0,0,1,0,86,9824383,0,9824383,584.3,11581.8,0.896057,25.784699999999997,2119,82.18051790402836,3.915629,1.199509,134,17,0.151859,0.04652,1491917,0,457032,28.435248,no,27935.88,-0.434843,Non signif,Non signif
9038,Millesimo,9,Savona,7,44.367536,8.201746,1,0,0,1,0,45,66945914,0,66945914,16720.9,61372.5,0.912812,15.957799999999999,3326,208.42472019952626,0.638482,0.791358,13,474,0.040011,0.049591,2678550,0,3319893,24.791781,no,165970.84,1.251453,Non signif,Non signif
61069,Rocca d'Evandro,61,Caserta,15,41.389018,13.908116,1,0,0,1,0,145,26446634,0,26446634,2357.5,11197,0.97215,49.538900000000005,3178,64.15160611156081,9.450853,3.404993,234,101,0.190776,0.068734,5045394,0,1817776,28.435248,no,75201.66,-1.243623,Non signif,Non signif
