PRO_COM,COMUNE,Provincia,COD_PROV,lat,long,asset_tot_EUR,ag_RP475,hazard_frana_share,hazard_idraulico_share,rate_eal_sismico,rate_eal_frana,rate_eal_idraulico,rate_bmk_raw,rate_bmk_calibrato,eal_raw_EUR,eal_calibrato_EUR,rate_ivass,loss_ratio
15146,Milano,Milano,15,45.4668,9.1905,234669494797.0,0.0488,0.0,0.026432,1.203,0.0,1.586,2.789,5.347,65453402.88,125488181.69,15.050002,2.8144
15182,Rho,Milano,15,45.528532,9.04018,1723854735.0,0.0419,0.0,0.0928,0.887,0.0,5.568,6.455,12.376,1112756.0,2133391.4,15.050002,1.2161
58091,Roma,Roma,58,41.89332,12.482932,119667736016.0,0.1149,0.003079,0.076375,6.67,0.123,4.582,11.376,21.811,136135802.69,261001469.61,29.689549,1.3612
28032,Cittadella,Padova,28,45.648794,11.78358,1342644233.0,0.1612,0.0,0.0,13.129,0.0,0.0,13.129,25.172,1762822.8,3379708.58,17.804557,0.7073
16198,Seriate,Bergamo,16,45.684371,9.717998,1827623603.0,0.1179,0.0,0.029344,7.023,0.0,1.761,8.784,16.841,1605385.5,3077867.58,21.203762,1.2591
90064,Sassari,Sassari,90,40.7778,8.921997,951665942.0,0.0,0.037276,0.042769,0.0,1.491,2.566,4.057,7.778,386108.0,740251.68,12.837123,1.6503
63049,Napoli,Napoli,63,40.835934,14.248783,18471273079.0,0.1684,0.124524,0.015127,14.329,4.981,0.908,20.217,38.761,37343586.27,71595647.18,35.751904,0.9224
16224,Valbrembo,Bergamo,16,45.717833,9.607536,904675522.0,0.1023,0.000459,0.138234,5.288,0.018,8.294,13.6,26.074,1230370.06,2358882.73,21.203762,0.8132
1272,Torino,Torino,1,45.067755,7.682489,23095407612.0,0.0554,0.011696,0.036216,1.551,0.468,2.173,4.192,8.036,9680517.41,18559623.7,20.594868,2.5628
28078,San Pietro in Gu,Padova,28,45.614086,11.669394,126453754.0,0.1574,0.0,0.0,12.518,0.0,0.0,12.518,23.999,158291.94,303479.54,17.804557,0.7419
22097,Imer,Trento,22,46.15106,11.796303,10945715.0,0.1317,0.356242,0.0,8.764,14.25,0.0,23.013,44.122,25189.83,48294.29,14.82766,0.3361
64045,Luogosano,Avellino,64,40.985631,14.991956,37517912.0,0.2525,0.023062,0.028989,32.214,0.922,1.739,34.876,66.864,130845.61,250859.04,37.737871,0.5644
32003,Muggia,Trieste,32,45.595848,13.782856,47029728.0,0.0978,0.006845,0.012405,4.833,0.274,0.744,5.851,11.217,27516.44,52754.91,23.184655,2.0669
24116,Vicenza,Vicenza,24,45.634859,11.406354,4454785313.0,0.1639,0.0,0.145783,13.573,0.0,8.747,22.32,42.792,9943067.59,19062988.6,21.315155,0.4981
54039,Perugia,Perugia,54,43.107032,12.402996,3007424318.0,0.1951,0.043016,0.030167,19.232,1.721,1.81,22.763,43.642,6845800.54,13124864.79,38.922787,0.8919
3076,Gozzano,Novara,3,45.746457,8.436067,212553679.0,0.0401,0.0,0.023375,0.812,0.0,1.402,2.215,4.247,47079.96,90262.37,12.08995,2.847
22161,Rovereto,Trento,22,45.886548,11.045237,2034425119.0,0.1241,0.047025,0.009649,7.781,1.881,0.579,10.241,19.635,2083536.53,3994585.44,14.82766,0.7552
51039,Terranuova Bracciolini,Arezzo,51,43.551208,11.585827,439096150.0,0.1258,0.294995,0.038622,7.996,11.8,2.317,22.113,42.396,970983.54,1861583.26,29.518286,0.6963
48001,Bagno a Ripoli,Firenze,48,43.752172,11.319995,586277692.0,0.1325,0.144216,0.029871,8.871,5.769,1.792,16.431,31.503,963337.87,1846924.87,35.050589,1.1126
23088,Trevenzuolo,Verona,23,45.268649,10.932184,136713339.0,0.116,0.0,0.002562,6.799,0.0,0.154,6.953,13.33,95050.51,182232.17,20.167921,1.513
23091,Verona,Verona,23,45.438496,10.992412,5278817968.0,0.1596,0.0,0.04773,12.87,0.0,2.864,15.734,30.165,8305662.63,15923732.84,20.167921,0.6686
24030,Chiuppano,Vicenza,24,45.762173,11.465076,52408267.0,0.1599,0.0,0.0,12.919,0.0,0.0,12.919,24.768,67704.0,129803.07,21.315155,0.8606
87015,Catania,Catania,87,37.502236,15.08738,2816664288.0,0.2069,0.000802,0.224424,21.629,0.032,13.465,35.127,67.345,9893991.92,18968900.04,36.827421,0.5468
22205,Trento,Trento,22,46.066423,11.12576,5111439484.0,0.0717,0.234059,0.037539,2.598,9.362,2.252,14.212,27.248,7264481.21,13927565.22,14.82766,0.5442
35029,Poviglio,Reggio nell'Emilia,35,44.84167,10.541615,134637222.0,0.1019,0.0,0.102037,5.246,0.0,6.122,11.369,21.796,153064.69,293457.77,36.618436,1.68
2147,Tricerro,Vercelli,2,45.235757,8.325333,133382192.0,0.0366,0.0,0.023502,0.677,0.0,1.41,2.087,4.001,27836.2,53367.95,17.175786,4.2927
36040,Sassuolo,Modena,36,44.540977,10.782902,2408879467.0,0.1625,0.07301,0.060283,13.342,2.92,3.617,19.879,38.113,4788728.39,9181017.2,36.541065,0.9588
23044,Legnago,Verona,23,45.192498,11.311127,476795089.0,0.0816,0.0,0.0,3.364,0.0,0.0,3.364,6.45,160409.37,307539.09,20.167921,3.1267
16024,Bergamo,Bergamo,16,45.756656,9.754219,7213252133.0,0.1117,0.0,0.025783,6.304,0.0,1.547,7.851,15.052,5663191.22,10857549.61,21.203762,1.4087
30074,Pavia di Udine,Udine,30,45.996317,13.304137,369737683.0,0.1854,0.0,0.0,17.367,0.0,0.0,17.367,33.297,642141.6,1231122.88,22.91097,0.6881
28019,Camposampiero,Padova,28,45.57176,11.931929,350220359.0,0.1339,0.0,0.030147,9.059,0.0,1.809,10.868,20.836,380612.11,729714.87,17.804557,0.8545
26031,Gaiarine,Treviso,26,45.880504,12.481591,206827472.0,0.1946,0.0,0.0,19.134,0.0,0.0,19.134,36.684,395741.44,758721.03,21.139592,0.5763
3026,Briga Novarese,Novara,3,45.731871,8.456726,80944721.0,0.0391,0.0,0.024575,0.772,0.0,1.475,2.247,4.308,18187.89,34870.07,12.08995,2.8065
28033,Codevigo,Padova,28,45.267352,12.101301,55539094.0,0.0598,0.0,0.319615,1.807,0.0,19.177,20.984,40.23,116541.8,223435.57,17.804557,0.4426
72012,Bitritto,Bari,72,41.044532,16.825185,25906409.0,0.0729,0.0,0.032382,2.685,0.0,1.943,4.628,8.873,11989.73,22986.89,14.160402,1.5959
61012,Cancello ed Arnone,Caserta,61,41.074112,14.027423,29987126.0,0.0984,0.0,0.903914,4.892,0.0,54.235,59.127,113.359,177305.12,339931.87,28.435248,0.2508
37011,Casalecchio di Reno,Bologna,37,44.476018,11.275686,1220340047.0,0.1659,0.011801,0.057289,13.906,0.472,3.437,17.816,34.156,2174114.13,4168242.09,38.815968,1.1364
17078,Ghedi,Brescia,17,45.401081,10.279276,557037604.0,0.147,0.0,0.008584,10.918,0.0,0.515,11.433,21.92,636876.22,1221028.02,20.48295,0.9344
108021,Concorezzo,Monza e della Brianza,108,45.589675,9.335948,531546143.0,0.0601,0.0,0.0,1.825,0.0,0.0,1.825,3.499,97008.0,185985.1,13.279771,3.7954
23025,Cerea,Verona,23,45.192043,11.212924,1416135783.0,0.0843,0.0,0.002802,3.591,0.0,0.168,3.759,7.206,532292.53,1020518.7,20.167921,2.7986
36005,Carpi,Modena,36,44.78357,10.885452,2320549221.0,0.1541,0.0,0.096977,11.998,0.0,5.819,17.817,34.159,4134524.45,7926768.25,36.541065,1.0697
33032,Piacenza,Piacenza,33,44.847635,9.666531,2950080981.0,0.1096,0.0,0.161647,6.069,0.0,9.699,15.768,30.231,4651723.65,8918349.8,28.260932,0.9348
40012,Forlì,Forlì-Cesena,40,44.222728,12.041273,4402586250.0,0.2059,0.013354,0.129378,21.421,0.534,7.763,29.717,56.975,13083330.91,25083545.46,31.154462,0.5468
28030,Cervarese Santa Croce,Padova,28,45.424392,11.687904,132356719.0,0.0961,0.0,0.0,4.666,0.0,0.0,4.666,8.946,61760.44,118407.99,17.804557,1.9902
21098,Termeno sulla strada del vino/Tramin an der Weinstraße,Bolzano/Bozen,21,46.341512,11.242272,102611126.0,0.0546,1.1e-05,0.008857,1.506,0.0,0.531,2.038,3.908,20913.48,40095.63,10.80791,2.7659
65120,San Gregorio Magno,Salerno,65,40.656523,15.403609,2265426.0,0.2449,0.137493,0.0,30.304,5.5,0.0,35.803,68.643,8110.99,15550.51,25.585615,0.3727
28017,Campodarsego,Padova,28,45.502855,11.907496,1348269523.0,0.1062,0.0,0.094874,5.699,0.0,5.692,11.391,21.839,1535816.54,2944489.0,17.804557,0.8153
47010,Montale,Pistoia,47,43.93524,11.015879,120661555.0,0.1617,0.019462,0.045208,13.211,0.778,2.712,16.702,32.021,201529.17,386374.56,29.709501,0.9278
93025,Maniago,Pordenone,93,46.170974,12.707399,752381300.0,0.2556,0.010404,0.0,33.01,0.416,0.0,33.426,64.084,2514886.35,4821575.38,22.312037,0.3482
17107,Mazzano,Brescia,17,45.518804,10.354162,294734216.0,0.1575,0.038126,0.02279,12.534,1.525,1.367,15.426,29.575,454660.66,871681.8,20.48295,0.6926
74014,San Michele Salentino,Brindisi,74,40.630386,17.633576,2585554.0,0.0518,0.0,0.0,1.356,0.0,0.0,1.356,2.599,350.53,672.05,13.243039,5.0949
24100,Schio,Vicenza,24,45.711351,11.355359,1790070070.0,0.161,5e-06,0.0,13.097,0.0,0.0,13.097,25.11,2344477.38,4494864.91,21.315155,0.8489
72027,Modugno,Bari,72,41.082564,16.780552,2540612538.0,0.0756,0.0,0.048923,2.888,0.0,2.935,5.823,11.164,1479434.46,2836392.5,14.160402,1.2684
103035,Gravellona Toce,Verbano-Cusio-Ossola,103,45.930175,8.431222,196808847.0,0.0488,0.055564,0.0355,1.203,2.223,2.13,5.556,10.652,109343.33,209634.57,17.575018,1.65
15074,Cesano Boscone,Milano,15,45.447112,9.094054,352468027.0,0.0456,0.0,0.0,1.051,0.0,0.0,1.051,2.014,37031.14,70996.61,15.050002,7.4717
37006,Bologna,Bologna,37,44.493758,11.343031,24932702146.0,0.167,0.067552,0.058615,14.091,2.702,3.517,20.31,38.939,50638976.81,97085756.32,38.815968,0.9968
1024,Beinasco,Torino,1,45.022097,7.579397,540327284.0,0.0655,0.0,0.050958,2.168,0.0,3.057,5.225,10.018,282331.02,541288.98,20.594868,2.0558
20002,Asola,Mantova,20,45.22112,10.413065,141806778.0,0.1059,0.0,0.1023,5.666,0.0,6.138,11.804,22.632,167394.82,320931.7,21.044843,0.9299
1156,Moncalieri,Torino,1,45.000461,7.684754,937667311.0,0.0566,0.02012,0.111102,1.619,0.805,6.666,9.09,17.427,852298.41,1634038.46,20.594868,1.1818
15113,Inveruno,Milano,15,45.51383,8.851954,110709044.0,0.0386,0.0,0.0,0.753,0.0,0.0,0.753,1.443,8334.42,15978.87,15.050002,10.4273
75029,Galatina,Lecce,75,40.174278,18.167839,59118938.0,0.0535,3e-06,0.005056,1.446,0.0,0.303,1.75,3.354,10343.86,19831.39,14.108941,4.206
78033,Castrovillari,Cosenza,78,39.815494,16.202772,72190419.0,0.2534,0.004839,0.028678,32.444,0.194,1.721,34.358,65.872,248031.67,475529.79,50.996071,0.7742
24087,Rosà,Vicenza,24,45.724416,11.762686,740268336.0,0.1775,0.0,0.0,15.919,0.0,0.0,15.919,30.52,1178429.27,2259301.11,21.315155,0.6984
6163,Solero,Alessandria,6,44.918498,8.511902,78397556.0,0.0498,0.0,0.0,1.253,0.0,0.0,1.253,2.402,9823.78,18834.3,20.84217,8.6755
28045,Limena,Padova,28,45.474376,11.844933,963855960.0,0.1039,0.0,0.119307,5.454,0.0,7.158,12.613,24.182,1215696.28,2330749.96,17.804557,0.7363
34027,Parma,Parma,34,44.801368,10.328083,13229235534.0,0.1402,0.0,0.106336,9.931,0.0,6.38,16.312,31.273,21579043.28,41371644.33,33.475863,1.0704
24082,Pozzoleone,Vicenza,24,45.648956,11.67909,92484395.0,0.165,0.0,0.0,13.756,0.0,0.0,13.756,26.373,127219.59,243907.18,21.315155,0.8082
27016,Fossalta di Portogruaro,Venezia,27,45.791747,12.909023,1038422731.0,0.1013,0.0,0.011969,5.185,0.0,0.718,5.903,11.317,612980.3,1175214.43,17.526854,1.5487
20050,Rivarolo Mantovano,Mantova,20,45.070309,10.432104,45372677.0,0.0745,0.0,0.0,2.804,0.0,0.0,2.804,5.377,12724.03,24394.68,21.044843,3.9142
81011,Marsala,Trapani,81,37.797922,12.434209,349810325.0,0.048,2.4e-05,0.00335,1.164,0.001,0.201,1.366,2.619,47787.11,91618.12,16.86353,6.4387
35017,Cavriago,Reggio nell'Emilia,35,44.694194,10.526898,776894248.0,0.1553,0.0,0.0,12.186,0.0,0.0,12.186,23.363,946721.96,1815068.61,36.618436,1.5674
26048,Moriago della Battaglia,Treviso,26,45.867358,12.103767,230056292.0,0.2387,0.0,0.0,28.789,0.0,0.0,28.789,55.194,662302.79,1269776.2,21.139592,0.383
1051,Candiolo,Torino,1,44.959244,7.601722,52251469.0,0.0679,0.0,0.007947,2.329,0.0,0.477,2.806,5.38,14663.28,28112.64,20.594868,3.8279
28086,Selvazzano Dentro,Padova,28,45.38979,11.785892,202094796.0,0.0832,0.0,0.528139,3.498,0.0,31.688,35.186,67.459,711088.58,1363309.0,17.804557,0.2639
15011,Assago,Milano,15,45.405397,9.131355,4106517061.0,0.048,0.0,0.0,1.164,0.0,0.0,1.164,2.232,478050.46,916525.04,15.050002,6.7432
63083,Torre Annunziata,Napoli,63,40.752524,14.455004,109117281.0,0.1353,0.000248,0.01283,9.249,0.01,0.77,10.029,19.228,109434.95,209810.23,35.751904,1.8594
39010,Faenza,Ravenna,39,44.285556,11.883205,1887606018.0,0.2058,0.007529,0.102553,21.4,0.301,6.153,27.854,53.402,5257751.75,10080235.37,37.876303,0.7093
28060,Padova,Padova,28,45.407717,11.873446,9516999077.0,0.0789,0.0,0.220036,3.145,0.0,13.202,16.348,31.342,15557942.09,29827904.71,17.804557,0.5681
39007,Cervia,Ravenna,39,44.260984,12.349546,190006942.0,0.1717,0.0,0.332242,14.896,0.0,19.935,34.83,66.777,661796.6,1268805.73,37.876303,0.5672
26089,Vedelago,Treviso,26,45.686695,12.018037,390087512.0,0.1771,0.0,0.004864,15.847,0.0,0.292,16.139,30.942,629566.95,1207014.58,21.139592,0.6832
13212,Senna Comasco,Como,13,45.762977,9.11104,81619227.0,0.0416,0.0,0.0,0.874,0.0,0.0,0.874,1.676,7136.69,13682.56,12.029442,7.1758
42001,Agugliano,Ancona,42,43.543375,13.386587,15649661.0,0.1833,0.159038,0.0,16.976,6.362,0.0,23.338,44.744,36522.87,70022.15,27.781362,0.6209
34018,Langhirano,Parma,34,44.613064,10.266114,672955319.0,0.1575,0.285059,0.035261,12.534,11.402,2.116,26.052,49.947,1753163.29,3361189.24,33.475863,0.6702
17029,Brescia,Brescia,17,45.77958,10.425873,14451522881.0,0.1346,0.005821,0.043833,9.154,0.233,2.63,12.017,23.039,17366038.78,33294413.03,20.48295,0.8891
108023,Desio,Monza e della Brianza,108,45.61831,9.208124,942132643.0,0.0483,0.0,0.0,1.179,0.0,0.0,1.179,2.26,111051.38,212909.26,13.279771,5.8764
93033,Pordenone,Pordenone,93,45.95625,12.65972,807928160.0,0.1894,0.0,0.106821,18.125,0.0,6.409,24.534,47.037,1982190.49,3800283.4,22.312037,0.4743
12119,Saronno,Varese,12,45.625676,9.037328,1447174507.0,0.0405,0.0,0.005801,0.829,0.0,0.348,1.177,2.256,170306.09,326513.22,11.229804,4.9773
72043,Terlizzi,Bari,72,41.130234,16.542471,64370544.0,0.1294,0.0,0.013127,8.46,0.0,0.788,9.248,17.73,59529.42,114130.63,14.160402,0.7987
19051,Grumello Cremonese ed Uniti,Cremona,19,45.20073,9.866095,27758934.0,0.0791,0.0,0.177997,3.161,0.0,10.68,13.841,26.536,38421.57,73662.38,21.210647,0.7993
11015,La Spezia,La Spezia,11,44.238366,9.691233,1794102120.0,0.1333,0.122328,0.022337,8.978,4.893,1.34,15.211,29.163,2729063.54,5232198.88,28.212129,0.9674
24077,Pianezze,Vicenza,24,45.739997,11.626747,135013549.0,0.17,0.0,0.0,14.602,0.0,0.0,14.602,27.995,197148.21,377975.3,21.315155,0.7614
28075,San Giorgio delle Pertiche,Padova,28,45.54167,11.911237,321741735.0,0.1193,0.0,0.012257,7.191,0.0,0.735,7.927,15.197,255030.93,488948.87,17.804557,1.1716
59005,Cisterna di Latina,Latina,59,41.590639,12.829048,729689913.0,0.1231,0.002761,0.004061,7.657,0.11,0.244,8.011,15.358,584529.84,1120668.81,21.481102,1.3987
72006,Bari,Bari,72,41.125784,16.862029,3475775856.0,0.07,0.001108,0.038486,2.476,0.044,2.309,4.829,9.259,1678545.82,3218131.59,14.160402,1.5294
48033,Pontassieve,Firenze,48,43.775426,11.439991,360477989.0,0.1443,0.234999,0.013779,10.521,9.4,0.827,20.748,39.777,747903.04,1433890.2,35.050589,0.8812
32001,Duino-Aurisina,Trieste,32,45.770377,13.675305,15412475.0,0.1447,0.013777,0.006217,10.579,0.551,0.373,11.503,22.054,17729.5,33991.25,23.184655,1.0512
36036,San Cesario sul Panaro,Modena,36,44.561136,11.033218,279221118.0,0.1612,0.0,0.163205,13.129,0.0,9.792,22.922,43.946,640024.66,1227064.25,36.541065,0.8315
23059,Peschiera del Garda,Verona,23,45.438945,10.692017,531666694.0,0.1603,0.0,0.172955,12.983,0.0,10.377,23.361,44.787,1242004.64,2381188.7,20.167921,0.4503
19087,Salvirola,Cremona,19,45.355543,9.780243,15398546.0,0.0996,0.0,0.0,5.012,0.0,0.0,5.012,9.61,7718.2,14797.44,21.210647,2.2072
18182,Voghera,Pavia,18,44.99284,9.008593,687637914.0,0.0849,0.0,0.0,3.642,0.0,0.0,3.642,6.982,250433.73,480135.06,18.961299,2.7156
99018,Santarcangelo di Romagna,Rimini,99,44.063382,12.446702,612998655.0,0.1847,0.018627,0.22984,17.237,0.745,13.79,31.772,60.914,1947623.79,3734011.64,28.763441,0.4722
21008,Bolzano/Bozen,Bolzano/Bozen,21,46.655942,11.229637,13854015601.0,0.0444,0.172548,0.000168,0.996,6.902,0.01,7.908,15.161,10955832.54,21004675.75,10.80791,0.7129
21059,Nova Ponente/Deutschnofen,Bolzano/Bozen,21,46.413993,11.425181,99056412.0,0.057,0.00436,0.0,1.642,0.174,0.0,1.816,3.482,17988.64,34488.08,10.80791,3.1042
109018,Montegranaro,Fermo,109,43.232523,13.63158,170240546.0,0.1832,0.032109,0.0,16.958,1.284,0.0,18.242,34.974,310554.9,595400.22,25.228384,0.7213
36003,Campogalliano,Modena,36,44.690512,10.840734,428175894.0,0.1613,0.0,0.136454,13.146,0.0,8.187,21.333,40.9,913428.5,1751237.93,36.541065,0.8934
15164,Ossona,Milano,15,45.506211,8.901266,123871232.0,0.0392,0.0,0.0,0.776,0.0,0.0,0.776,1.489,9617.46,18438.72,15.050002,10.1106
24040,Fara Vicentino,Vicenza,24,45.739593,11.548287,134993489.0,0.1654,0.0,0.0,13.823,0.0,0.0,13.823,26.501,186595.63,357743.75,21.315155,0.8043
26080,Sernaglia della Battaglia,Treviso,26,45.874731,12.133162,198168451.0,0.2387,0.0,0.000779,28.789,0.0,0.047,28.835,55.284,571427.99,1095549.76,21.139592,0.3824
96058,Salussola,Biella,96,45.449324,8.109157,21129673.0,0.039,0.0,0.062605,0.769,0.0,3.756,4.525,8.675,9560.77,18330.03,19.06674,2.1979
16034,Bottanuco,Bergamo,16,45.639878,9.506451,170160407.0,0.0876,0.0,0.000974,3.877,0.0,0.058,3.936,7.546,66970.17,128396.15,21.203762,2.8101
14024,Cosio Valtellino,Sondrio,14,46.133741,9.529154,253324040.0,0.0489,0.042982,0.019541,1.208,1.719,1.172,4.1,7.86,103861.09,199123.94,12.776609,1.6254
1102,Feletto,Torino,1,45.303853,7.744719,65061082.0,0.0472,0.0,0.494887,1.126,0.0,29.693,30.819,59.086,200510.87,384422.26,20.594868,0.3486
34010,Colorno,Parma,34,44.926532,10.377117,282025707.0,0.0912,0.0,0.243496,4.202,0.0,14.61,18.812,36.067,530553.98,1017185.53,33.475863,0.9282
28055,Monselice,Padova,28,45.241768,11.750853,998398239.0,0.0647,0.0,0.040132,2.115,0.0,2.408,4.523,8.672,451575.23,865766.36,17.804557,2.0532
17155,Prevalle,Brescia,17,45.551482,10.421857,285847065.0,0.1592,0.0,0.018711,12.806,0.0,1.123,13.928,26.704,398138.45,763316.62,20.48295,0.767
65078,Nocera Inferiore,Salerno,65,40.747213,14.64332,649164335.0,0.12,0.23692,0.052388,7.276,9.477,3.143,19.896,38.145,1291568.89,2476213.98,25.585615,0.6708
24026,Cassola,Vicenza,24,45.732407,11.794256,329861076.0,0.1869,0.0,0.0,17.65,0.0,0.0,17.65,33.838,582193.44,1116189.42,21.315155,0.6299
26033,Godega di Sant'Urbano,Treviso,26,45.929848,12.39811,303845093.0,0.2279,0.0,0.0,26.243,0.0,0.0,26.243,50.313,797367.46,1528724.08,21.139592,0.4202
24086,Romano d'Ezzelino,Vicenza,24,45.796237,11.758391,928914832.0,0.1834,0.0,0.0,16.995,0.0,0.0,16.995,32.583,1578673.04,3026654.08,21.315155,0.6542
12090,Lonate Pozzolo,Varese,12,45.596772,8.754731,236584619.0,0.0377,0.0,0.12756,0.718,0.0,7.654,8.372,16.05,198062.15,379727.53,11.229804,0.6997
28077,San Martino di Lupari,Padova,28,45.648659,11.85698,376275316.0,0.1616,0.0,0.025276,13.195,0.0,1.517,14.711,28.205,553549.34,1061272.56,17.804557,0.6313
15151,Motta Visconti,Milano,15,45.288179,8.992487,41532213.0,0.0493,0.0,0.289008,1.228,0.0,17.34,18.569,35.6,77119.16,147853.94,15.050002,0.4228
66098,Sulmona,L'Aquila,66,42.047423,13.927011,64251518.0,0.256,0.008693,0.011199,33.113,0.348,0.672,34.133,65.439,219307.05,420458.55,47.395882,0.7243
28034,Conselve,Padova,28,45.233744,11.874013,308108192.0,0.0624,0.0,0.025912,1.967,0.0,1.555,3.522,6.753,108518.59,208053.35,17.804557,2.6367
1125,Ivrea,Torino,1,45.467379,7.874797,811820245.0,0.0435,0.002535,0.131074,0.956,0.101,7.864,8.922,17.105,724299.87,1388637.87,20.594868,1.204
30064,Muzzana del Turgnano,Udine,30,45.818109,13.129263,260572539.0,0.1017,0.0,0.074384,5.226,0.0,4.463,9.689,18.576,252466.68,484032.66,22.91097,1.2334
24119,Zanè,Vicenza,24,45.720119,11.460827,459333443.0,0.1638,0.0,0.0,13.556,0.0,0.0,13.556,25.991,622692.3,1193834.4,21.315155,0.8201
108035,Nova Milanese,Monza e della Brianza,108,45.58929,9.20034,669520491.0,0.0486,0.0,0.0,1.193,0.0,0.0,1.193,2.288,79901.34,153187.96,13.279771,5.804
20015,Castel Goffredo,Mantova,20,45.295278,10.472982,334335344.0,0.1272,0.0,0.115222,8.175,0.0,6.913,15.088,28.928,504458.44,967154.8,21.044843,0.7275
17163,Rodengo Saiano,Brescia,17,45.597646,10.109468,757533279.0,0.1429,0.000384,0.026036,10.318,0.015,1.562,11.895,22.806,901101.05,1727603.57,20.48295,0.8982
22089,Fornace,Trento,22,46.118196,11.206501,6872887.0,0.0671,0.033295,0.0,2.275,1.332,0.0,3.607,6.915,2478.85,4752.48,14.82766,2.1443
31024,Turriaco,Gorizia,31,45.819981,13.446686,9030564.0,0.1266,0.0,0.0,8.098,0.0,0.0,8.098,15.526,7313.07,14020.73,23.340869,1.5034
72011,Bitonto,Bari,72,41.108497,16.691548,297437245.0,0.0819,0.0,0.004076,3.389,0.0,0.245,3.634,6.967,108078.83,207210.24,14.160402,2.0326
42010,Castelfidardo,Ancona,42,43.464574,13.5467,671152097.0,0.182,0.018091,0.0,16.736,0.724,0.0,17.46,33.475,1171830.01,2246648.92,27.781362,0.8299
16018,Bagnatica,Bergamo,16,45.660881,9.781057,224929706.0,0.128,0.000148,0.069,8.278,0.006,4.14,12.424,23.82,279456.08,535777.11,21.203762,0.8902
23011,Bosco Chiesanuova,Verona,23,45.622102,11.029517,111203385.0,0.1654,1e-05,0.0,13.823,0.0,0.0,13.823,26.502,153716.05,294706.57,20.167921,0.761
3114,Paruzzaro,Novara,3,45.750241,8.517599,249789941.0,0.0389,0.0,0.001734,0.765,0.0,0.104,0.869,1.665,21696.99,41597.77,12.08995,7.2599
24122,Zugliano,Vicenza,24,45.733953,11.524736,12618781.0,0.1642,0.0,0.0,13.623,0.0,0.0,13.623,26.118,17190.22,32957.32,21.315155,0.8161
16004,Albino,Bergamo,16,45.760814,9.79683,380237513.0,0.1137,0.049114,0.018057,6.532,1.965,1.083,9.58,18.367,364262.42,698369.02,21.203762,1.1545
16029,Boltiere,Bergamo,16,45.600878,9.578453,42751801.0,0.1023,0.0,0.0,5.288,0.0,0.0,5.288,10.138,22605.98,43340.5,21.203762,2.0916
23018,Caprino Veronese,Verona,23,45.605938,10.795132,122201609.0,0.1652,0.000382,0.023311,13.789,0.015,1.399,15.203,29.148,185784.29,356188.25,20.167921,0.6919
16123,Lallio,Bergamo,16,45.66638,9.630053,798426384.0,0.1085,0.0,0.031615,5.948,0.0,1.897,7.845,15.041,626364.24,1200874.3,21.203762,1.4098
24047,Grumolo delle Abbadesse,Vicenza,24,45.516264,11.658742,154466681.0,0.1306,0.0,0.055203,8.618,0.0,3.312,11.93,22.873,184280.76,353305.66,21.315155,0.9319
93022,Fontanafredda,Pordenone,93,45.973397,12.569123,863920163.0,0.2144,0.0,0.0,23.226,0.0,0.0,23.226,44.528,2006507.58,3846904.46,22.312037,0.5011
34009,Collecchio,Parma,34,44.75202,10.216691,1038092124.0,0.1553,0.007316,0.099404,12.186,0.293,5.964,18.443,35.359,1914539.01,3670581.04,33.475863,0.9467
3070,Gargallo,Novara,3,45.72877,8.425325,22830242.0,0.0399,0.0,0.0,0.804,0.0,0.0,0.804,1.542,1836.43,3520.83,12.08995,7.8395
26012,Castelfranco Veneto,Treviso,26,45.672811,11.925245,681223254.0,0.1785,0.0,0.001306,16.099,0.0,0.078,16.177,31.015,1102027.19,2112821.98,21.139592,0.6816
11026,Santo Stefano di Magra,La Spezia,11,44.165099,9.91733,58504068.0,0.1468,0.038112,0.081076,10.889,1.524,4.865,17.278,33.125,101080.89,193793.69,28.212129,0.8517
23098,Zimella,Verona,23,45.343627,11.352305,66420788.0,0.1175,0.0,0.225431,6.976,0.0,13.526,20.502,39.306,136173.57,261073.88,20.167921,0.5131
26046,Montebelluna,Treviso,26,45.775996,12.045065,1035271692.0,0.2174,0.0,0.0,23.88,0.0,0.0,23.88,45.783,2472242.4,4739817.79,21.139592,0.4617
26083,Susegana,Treviso,26,45.850913,12.250013,1075939106.0,0.2206,0.0,0.0,24.588,0.0,0.0,24.588,47.141,2645552.24,5072089.84,21.139592,0.4484
58036,Fiano Romano,Roma,58,42.171913,12.592726,299381243.0,0.1344,0.0026,0.207626,9.127,0.104,12.458,21.688,41.581,649307.33,1244861.12,29.689549,0.714
22103,Lavis,Trento,22,46.139742,11.110227,478752391.0,0.0627,0.035459,0.052698,1.986,1.418,3.162,6.567,12.59,314376.4,602726.83,14.82766,1.1778
24034,Cornedo Vicentino,Vicenza,24,45.611106,11.343405,490550622.0,0.1637,0.004996,0.0,13.54,0.2,0.0,13.74,26.342,674003.09,1292208.17,21.315155,0.8092
59024,Sabaudia,Latina,59,41.301567,13.025873,105328965.0,0.0621,0.002241,0.011992,1.949,0.09,0.72,2.758,5.287,29046.17,55687.72,21.481102,4.063
17041,Castelcovati,Brescia,17,45.498413,9.943282,51523584.0,0.136,0.0,0.0,9.345,0.0,0.0,9.345,17.917,48150.58,92314.97,20.48295,1.1432
24035,Costabissara,Vicenza,24,45.585542,11.487744,229110516.0,0.1601,0.0,0.0,12.951,0.0,0.0,12.951,24.83,296718.97,568873.78,21.315155,0.8585
29029,Lendinara,Rovigo,29,45.083259,11.604164,260279866.0,0.0702,0.0,0.015239,2.49,0.0,0.914,3.404,6.527,88607.0,169878.58,24.853738,3.808
40014,Galeata,Forlì-Cesena,40,43.996663,11.912006,5333352.0,0.2102,0.111481,0.017467,22.325,4.459,1.048,27.832,53.36,14843.69,28458.54,31.154462,0.5839
40007,Cesena,Forlì-Cesena,40,44.136352,12.242244,3655870356.0,0.1964,0.155426,0.143532,19.489,6.217,8.612,34.318,65.796,12546382.44,24054100.32,31.154462,0.4735
26039,Maser,Treviso,26,45.807541,11.972487,96000919.0,0.2202,0.0,0.0,24.499,0.0,0.0,24.499,46.97,235194.77,450918.7,21.139592,0.4501
24038,Dueville,Vicenza,24,45.635517,11.548598,1391414686.0,0.163,0.0,0.089785,13.424,0.0,5.387,18.811,36.066,2617450.95,5018213.66,21.315155,0.591
28057,Montegrotto Terme,Padova,28,45.331491,11.791208,145135604.0,0.073,0.006902,0.507235,2.693,0.276,30.434,33.403,64.04,484792.5,929450.98,17.804557,0.278
28020,Campo San Martino,Padova,28,45.544396,11.810404,756247882.0,0.1253,0.0,0.102061,7.933,0.0,6.124,14.056,26.949,1063007.51,2038012.91,17.804557,0.6607
26064,Quinto di Treviso,Treviso,26,45.64201,12.149845,184412767.0,0.141,0.0,0.018268,10.045,0.0,1.096,11.141,21.36,205458.26,393907.46,21.139592,0.9897
30091,Remanzacco,Udine,30,46.085584,13.324322,109810025.0,0.2322,0.0,0.015674,27.242,0.0,0.94,28.183,54.032,309473.56,593327.05,22.91097,0.424
28046,Loreggia,Padova,28,45.594524,11.944612,192520808.0,0.1409,0.0,0.029777,10.031,0.0,1.787,11.818,22.657,227511.72,436188.67,17.804557,0.7858
17013,Bassano Bresciano,Brescia,17,45.327176,10.12837,57560756.0,0.1199,0.0,0.0,7.264,0.0,0.0,7.264,13.926,41810.22,80159.15,20.48295,1.4708
36026,Montese,Modena,36,44.268506,10.941189,395653492.0,0.161,0.307685,0.013776,13.097,12.307,0.827,26.231,50.29,1037834.18,1989750.23,36.541065,0.7266
3130,Romagnano Sesia,Novara,3,45.631067,8.388627,72443363.0,0.0385,0.000951,0.103526,0.749,0.038,6.212,6.999,13.418,50699.68,97202.13,12.08995,0.901
1243,San Gillio,Torino,1,45.142748,7.535817,82433964.0,0.065,0.0,0.044901,2.135,0.0,2.694,4.829,9.258,39805.69,76316.02,20.594868,2.2246
66006,Avezzano,L'Aquila,66,42.034796,13.426505,545490251.0,0.2426,0.097398,0.0,29.737,3.896,0.0,33.633,64.482,1834650.74,3517418.12,47.395882,0.735
27029,Portogruaro,Venezia,27,45.775598,12.837457,488114764.0,0.1001,0.0,0.037764,5.063,0.0,2.266,7.329,14.05,357718.9,685823.69,17.526854,1.2474
30026,Cividale del Friuli,Udine,30,46.093623,13.430328,117898400.0,0.2437,0.011464,0.009918,30.007,0.459,0.595,31.061,59.551,366204.95,702093.27,22.91097,0.3847
48041,Scandicci,Firenze,48,43.75671,11.184762,3808348142.0,0.1272,0.017139,0.059893,8.175,0.686,3.594,12.454,23.877,4742999.44,9093345.02,35.050589,1.4679
15010,Arluno,Milano,15,45.50507,8.941541,332886226.0,0.04,0.0,0.0,0.808,0.0,0.0,0.808,1.55,26911.22,51594.57,15.050002,9.7102
36023,Modena,Modena,36,44.538473,10.935961,6030340213.0,0.1647,0.0,0.050742,13.706,0.0,3.045,16.75,32.114,10101021.21,19365819.48,36.541065,1.1379
80043,Locri,Reggio di Calabria,80,38.238537,16.265509,31854567.0,0.1891,0.027248,0.02842,18.068,1.09,1.705,20.863,39.998,66457.32,127412.91,48.652369,1.2164
58104,Tivoli,Roma,58,41.960922,12.798884,244864923.0,0.1559,0.001248,0.060218,12.28,0.05,3.613,15.943,30.567,390396.11,748472.89,29.689549,0.9713
28100,Vigonza,Padova,28,45.442954,11.983149,425686558.0,0.0839,0.0,0.055643,3.557,0.0,3.339,6.895,13.22,293520.82,562742.23,17.804557,1.3468
1120,Grugliasco,Torino,1,45.068046,7.57762,838165434.0,0.0639,0.0,0.0,2.063,0.0,0.0,2.063,3.955,172921.54,331527.6,20.594868,5.2068
23058,Pescantina,Verona,23,45.483372,10.869101,417182428.0,0.1634,0.0,0.017691,13.49,0.0,1.061,14.552,27.899,607074.02,1163890.83,20.167921,0.7229
15072,Cerro Maggiore,Milano,15,45.593012,8.951392,279310383.0,0.0392,0.0,0.0,0.776,0.0,0.0,0.776,1.489,21685.87,41576.45,15.050002,10.1106
108026,Lesmo,Monza e della Brianza,108,45.648974,9.305652,116591019.0,0.0563,0.0,0.0096,1.602,0.0,0.576,2.178,4.175,25388.02,48674.26,13.279771,3.1809
1130,Leini,Torino,1,45.184582,7.713271,165651639.0,0.0497,0.0,0.017742,1.248,0.0,1.065,2.313,4.434,38308.03,73444.68,20.594868,4.6451
15116,Lainate,Milano,15,45.57173,9.028461,3845057140.0,0.0412,0.0,0.198128,0.858,0.0,11.888,12.745,24.436,4900653.71,9395602.0,15.050002,0.6159
35004,Bibbiano,Reggio nell'Emilia,35,44.66343,10.472719,286738279.0,0.157,0.0,0.000351,12.454,0.0,0.021,12.475,23.918,357714.36,685814.99,36.618436,1.531
26085,Trevignano,Treviso,26,45.733501,12.094016,335222654.0,0.1901,0.0,0.0,18.259,0.0,0.0,18.259,35.007,612089.92,1173507.37,21.139592,0.6039
10025,Genova,Genova,10,44.40726,8.933862,25128981719.0,0.0682,0.312456,0.029077,2.35,12.498,1.745,16.593,31.812,41696419.38,79940959.84,24.504626,0.7703
89017,Siracusa,Siracusa,89,37.064614,15.29072,623211417.0,0.2129,0.000976,0.0721,22.902,0.039,4.326,27.267,52.276,1699298.42,3257918.76,32.507353,0.6218
15209,Sesto San Giovanni,Milano,15,45.535722,9.237655,2870949715.0,0.0512,0.0,0.025256,1.325,0.0,1.515,2.84,5.445,815314.42,1563132.24,15.050002,2.7642
87002,Aci Castello,Catania,87,37.554211,15.14856,39866213.0,0.212,0.005095,0.0,22.709,0.204,0.0,22.912,43.928,91342.85,175123.8,36.827421,0.8384
69043,Guardiagrele,Chieti,69,42.195476,14.219712,231710184.0,0.1717,0.240593,0.0,14.896,9.624,0.0,24.519,47.009,568137.79,1089241.74,28.116343,0.5981
15070,Cernusco sul Naviglio,Milano,15,45.524558,9.330925,1416903745.0,0.0577,0.0,0.0,1.682,0.0,0.0,1.682,3.225,238346.95,456962.12,15.050002,4.6666
67021,Corropoli,Teramo,67,42.826814,13.835185,115941813.0,0.1755,0.031801,0.044373,15.562,1.272,2.662,19.497,37.379,226047.71,433381.84,27.38232,0.7326
41044,Pesaro,Pesaro e Urbino,41,43.909811,12.913123,2266143530.0,0.1824,0.034976,0.0,16.81,1.399,0.0,18.209,34.911,4126426.19,7911242.15,24.621765,0.7053
24096,San Vito di Leguzzano,Vicenza,24,45.681552,11.37629,167358727.0,0.1637,0.0,0.0,13.54,0.0,0.0,13.54,25.959,226601.8,434444.15,21.315155,0.8211
38004,Cento,Ferrara,38,44.72744,11.290303,473823905.0,0.157,0.0,0.116392,12.454,0.0,6.984,19.438,37.266,921007.14,1765767.79,39.906082,1.0708
51006,Capolona,Arezzo,51,43.563998,11.858786,67764327.0,0.1675,0.071398,0.016383,14.176,2.856,0.983,18.015,34.538,122075.33,234044.54,29.518286,0.8547
60024,Ceccano,Frosinone,60,41.567717,13.333301,79540339.0,0.1504,0.080129,0.053826,11.429,3.205,3.23,17.864,34.249,142089.7,272416.36,34.188464,0.9982
59011,Latina,Latina,59,41.459526,13.012591,2336542884.0,0.0727,0.000355,0.007378,2.67,0.014,0.443,3.127,5.996,730716.94,1400940.77,21.481102,3.5827
24074,Noventa Vicentina,Vicenza,24,45.290628,11.539884,209138934.0,0.0819,0.0,0.0,3.389,0.0,0.0,3.389,6.498,70879.45,135891.07,21.315155,3.2804
17072,Flero,Brescia,17,45.482887,10.175008,926023140.0,0.1469,0.0,0.0,10.903,0.0,0.0,10.903,20.904,1009678.39,1935769.57,20.48295,0.9799
69022,Chieti,Chieti,69,42.102718,14.415935,1296425539.0,0.1185,0.169641,0.051844,7.095,6.786,3.111,16.991,32.576,2202797.03,4223233.34,28.116343,0.8631
48017,Firenze,Firenze,48,43.769871,11.255576,19753845987.0,0.1288,0.039495,0.068334,8.382,1.58,4.1,14.062,26.96,27777607.04,53255617.68,35.050589,1.3001
43044,Recanati,Macerata,43,43.403508,13.548602,1054593036.0,0.183,0.069504,0.0,16.921,2.78,0.0,19.701,37.771,2077645.08,3983290.28,27.736975,0.7343
99014,Rimini,Rimini,99,43.947098,12.630769,3942283835.0,0.1847,0.030635,0.351578,17.237,1.225,21.095,39.557,75.839,15594363.19,29897731.75,28.763441,0.3793
82053,Palermo,Palermo,82,38.111227,13.352443,7070384051.0,0.1776,0.126343,0.001927,15.937,5.054,0.116,21.106,40.465,14922914.68,28610421.24,29.57954,0.731
61092,Teverola,Caserta,61,40.995572,14.207373,106283988.0,0.1327,0.0,0.0,8.897,0.0,0.0,8.897,17.058,94564.32,181300.05,28.435248,1.667
19068,Persico Dosimo,Cremona,19,45.181365,10.076639,16199259.0,0.0822,0.0,0.114994,3.414,0.0,6.9,10.314,19.773,16707.3,32031.48,21.210647,1.0727
108051,Busnago,Monza e della Brianza,108,45.616184,9.46567,248897025.0,0.0769,0.0,0.0,2.988,0.0,0.0,2.988,5.728,74368.67,142580.66,13.279771,2.3182
33038,Rivergaro,Piacenza,33,44.910251,9.596521,60795940.0,0.1011,0.077018,0.048084,5.164,3.081,2.885,11.13,21.339,67666.86,129731.85,28.260932,1.3244
17085,Iseo,Brescia,17,45.659555,10.051049,64049283.0,0.1361,0.02058,0.467609,9.359,0.823,28.057,38.239,73.312,244917.0,469558.31,20.48295,0.2794
19036,Cremona,Cremona,19,45.220864,10.037038,2111072222.0,0.0871,0.0,0.157213,3.833,0.0,9.433,13.266,25.434,2800530.14,5369215.66,21.210647,0.834
15118,Legnano,Milano,15,45.594698,8.91836,1505196114.0,0.0388,0.0,0.005874,0.761,0.0,0.352,1.113,2.134,167540.88,321211.72,15.050002,7.0524
21013,Brunico/Bruneck,Bolzano/Bozen,21,46.796319,11.935512,997694013.0,0.0531,0.041301,0.008345,1.425,1.652,0.501,3.577,6.859,356913.56,684279.69,10.80791,1.5758
21016,Campo di Trens/Freienfeld,Bolzano/Bozen,21,46.857187,11.508955,197944851.0,0.0423,0.0,0.018946,0.904,0.0,1.137,2.041,3.913,40397.03,77449.75,10.80791,2.7623
21023,Cornedo all'Isarco/Karneid,Bolzano/Bozen,21,46.489912,11.408388,22140399.0,0.053,0.059116,0.0,1.419,2.365,0.0,3.784,7.255,8377.76,16061.96,10.80791,1.4898
108018,Ceriano Laghetto,Monza e della Brianza,108,45.628349,9.080797,69061776.0,0.0423,0.0,0.002077,0.904,0.0,0.125,1.029,1.972,7104.26,13620.39,13.279771,6.7335
19033,Corte de' Frati,Cremona,19,45.220029,10.096684,140584000.0,0.0902,0.0,0.131625,4.111,0.0,7.897,12.008,23.023,168818.06,323660.36,21.210647,0.9213
28091,Tombolo,Padova,28,45.647028,11.830422,244989302.0,0.1616,0.0,0.0,13.195,0.0,0.0,13.195,25.297,323256.65,619752.18,17.804557,0.7038
15158,Noviglio,Milano,15,45.360159,9.050375,202563385.0,0.0466,0.0,0.0,1.097,0.0,0.0,1.097,2.104,22225.44,42610.93,15.050002,7.1545
35038,San Polo d'Enza,Reggio nell'Emilia,35,44.625862,10.422287,288522679.0,0.1577,0.064472,0.059407,12.566,2.579,3.564,18.709,35.869,539792.35,1034897.46,36.618436,1.0209
37009,Calderara di Reno,Bologna,37,44.563052,11.271693,1487584930.0,0.1655,0.0,0.942031,13.839,0.0,56.522,70.361,134.897,10466817.78,20067129.79,38.815968,0.2877
12032,Cardano al Campo,Varese,12,45.645717,8.772498,295596680.0,0.0376,0.0,0.001782,0.714,0.0,0.107,0.821,1.574,24275.61,46541.53,11.229804,7.1323
21081,San Lorenzo di Sebato/St. Lorenzen,Bolzano/Bozen,21,46.783424,11.90264,340345535.0,0.0525,0.086861,0.004143,1.393,3.474,0.249,5.116,9.808,174108.92,333804.06,10.80791,1.102
37028,Galliera,Bologna,37,44.749163,11.426533,39652483.0,0.1555,0.0,0.994464,12.217,0.0,59.668,71.885,137.819,285042.78,546488.02,38.815968,0.2816
13118,Inverigo,Como,13,45.740484,9.223612,465270412.0,0.0471,0.000416,0.011181,1.121,0.017,0.671,1.808,3.467,84138.61,161311.72,12.029442,3.4696
88012,Vittoria,Ragusa,88,36.951496,14.530487,327802070.0,0.1615,0.005025,0.0,13.178,0.201,0.0,13.379,25.651,438579.5,840850.77,23.45042,0.9142
54053,Torgiano,Perugia,54,43.028542,12.44136,211796588.0,0.1856,0.032219,0.142963,17.405,1.289,8.578,27.272,52.285,577601.53,1107385.75,38.922787,0.7444
15205,Segrate,Milano,15,45.490735,9.29482,3408350155.0,0.0555,0.0,0.0,1.556,0.0,0.0,1.556,2.984,530454.09,1016994.02,15.050002,5.0439
24088,Rossano Veneto,Vicenza,24,45.705273,11.799787,494150113.0,0.1787,0.0,0.0,16.135,0.0,0.0,16.135,30.934,797307.11,1528608.37,21.315155,0.6891
17199,Villa Carcina,Brescia,17,45.632214,10.194442,347037884.0,0.1452,0.005141,0.008825,10.652,0.206,0.529,11.388,21.833,395193.67,757670.85,20.48295,0.9382
75086,Tiggiano,Lecce,75,39.905819,18.364433,13293290.0,0.0678,0.005942,0.015408,2.323,0.238,0.924,3.485,6.681,4632.41,8881.32,14.108941,2.1118
51010,Castel San Niccolò,Arezzo,51,43.722917,11.656598,84042002.0,0.1641,0.079067,0.004614,13.606,3.163,0.277,17.046,32.68,143255.1,274650.69,29.518286,0.9032
13075,Como,Como,13,45.939476,9.14941,2233985071.0,0.0401,0.081109,0.06446,0.812,3.244,3.868,7.924,15.193,1770305.43,3394054.39,12.029442,0.7918
21041,Lana/Lana,Bolzano/Bozen,21,46.616019,11.144859,497861797.0,0.0449,0.11486,0.0,1.019,4.594,0.0,5.613,10.761,279450.6,535766.61,10.80791,1.0043
12127,Tradate,Varese,12,45.714293,8.904146,287833916.0,0.0385,0.0,0.002451,0.749,0.0,0.147,0.896,1.718,25789.52,49444.04,11.229804,6.5373
21111,Varna/Vahrn,Bolzano/Bozen,21,46.740386,11.634569,169484972.0,0.0488,0.0,0.002927,1.203,0.0,0.176,1.379,2.644,23369.84,44804.99,10.80791,4.0883
51026,Montevarchi,Arezzo,51,43.5235,11.567591,346651203.0,0.1245,0.121813,0.024114,7.832,4.873,1.447,14.151,27.131,490548.38,940486.23,29.518286,1.088
4067,Cherasco,Cuneo,4,44.652219,7.858015,1614981181.0,0.0559,0.018619,0.151783,1.579,0.745,9.107,11.431,21.915,1846018.99,3539213.5,16.396584,0.7482
44066,San Benedetto del Tronto,Ascoli Piceno,44,42.952533,13.880714,569804904.0,0.1786,0.006001,0.129178,16.117,0.24,7.751,24.108,46.219,1373661.96,2633603.97,32.834347,0.7104
66049,L'Aquila,L'Aquila,66,42.136885,13.610341,420224212.0,0.2607,0.021829,0.016461,34.34,0.873,0.988,36.201,69.405,1521244.12,2916550.56,47.395882,0.6829
108004,Arcore,Monza e della Brianza,108,45.626556,9.321465,529452079.0,0.0568,0.0,0.005737,1.63,0.0,0.344,1.974,3.785,104530.79,200407.9,13.279771,3.5083
73013,Martina Franca,Taranto,73,40.704238,17.339991,757292878.0,0.0636,9.1e-05,0.00288,2.044,0.004,0.173,2.22,4.257,168134.87,322350.52,15.194153,3.5695
15077,Cinisello Balsamo,Milano,15,45.556059,9.214317,1902977662.0,0.0492,0.0,0.0,1.223,0.0,0.0,1.223,2.345,232745.63,446223.18,15.050002,6.4183
100005,Prato,Prato,100,43.935718,11.094147,2393118444.0,0.1649,0.021834,0.156378,13.739,0.873,9.383,23.995,46.004,5742326.2,11009268.3,30.888404,0.6714
12133,Varese,Varese,12,45.839713,8.754158,4232839924.0,0.0383,0.00845,0.10062,0.741,0.338,6.037,7.116,13.644,3012243.59,5775115.64,11.229804,0.8231
21011,Bressanone/Brixen,Bolzano/Bozen,21,46.716549,11.657851,1057678338.0,0.0503,0.0,0.003282,1.278,0.0,0.197,1.475,2.828,156037.3,299156.91,10.80791,3.8212
29022,Fiesso Umbertiano,Rovigo,29,44.961184,11.604642,61156697.0,0.0941,0.0,0.0,4.474,0.0,0.0,4.474,8.578,27361.56,52457.97,24.853738,2.8975
67044,Tortoreto,Teramo,67,42.803984,13.912405,74044773.0,0.1748,0.03741,0.028382,15.438,1.496,1.703,18.638,35.732,138002.1,264579.56,27.38232,0.7663
12075,Gerenzano,Varese,12,45.639516,8.998218,149771449.0,0.0397,0.0,0.004104,0.796,0.0,0.246,1.043,1.999,15614.87,29937.06,11.229804,5.6181
1254,San Secondo di Pinerolo,Torino,1,44.867222,7.298167,34691998.0,0.1335,0.006002,0.017019,9.005,0.24,1.021,10.266,19.682,35615.31,68282.18,20.594868,1.0464
20026,Goito,Mantova,20,45.254507,10.672941,115883438.0,0.1184,0.0,0.025236,7.083,0.0,1.514,8.597,16.483,99627.56,191007.36,21.044843,1.2768
21116,Velturno/Feldthurns,Bolzano/Bozen,21,46.668674,11.598439,17581424.0,0.0516,0.001454,0.002479,1.345,0.058,0.149,1.552,2.976,2728.98,5232.03,10.80791,3.6318
34017,Fornovo di Taro,Parma,34,44.691962,10.100985,287080168.0,0.1568,0.232398,0.086319,12.423,9.296,5.179,26.898,51.568,772176.21,1480427.07,33.475863,0.6492
21021,Chienes/Kiens,Bolzano/Bozen,21,46.809381,11.840872,180003136.0,0.0503,0.017749,0.018151,1.278,0.71,1.089,3.077,5.9,55393.83,106201.82,10.80791,1.8318
108028,Lissone,Monza e della Brianza,108,45.61077,9.240841,1367346015.0,0.0522,0.0,0.0,1.377,0.0,0.0,1.377,2.64,188250.9,360917.27,13.279771,5.0311
15189,Rozzano,Milano,15,45.383237,9.154131,17842289759.0,0.0499,0.0,0.006378,1.258,0.0,0.383,1.641,3.146,2927545.62,5612731.52,15.050002,4.7842
35020,Correggio,Reggio nell'Emilia,35,44.770561,10.779783,1660649347.0,0.1522,0.0,0.024194,11.704,0.0,1.452,13.156,25.223,2184746.99,4188627.57,36.618436,1.4518
108050,Vimercate,Monza e della Brianza,108,45.613963,9.37006,3806396334.0,0.0631,0.0,0.002934,2.012,0.0,0.176,2.188,4.194,832763.71,1596586.26,13.279771,3.166
51002,Arezzo,Arezzo,51,43.517202,11.763879,1801288017.0,0.1438,0.02886,0.018279,10.448,1.154,1.097,12.699,24.347,2287490.58,4385609.01,29.518286,1.2124
49009,Livorno,Livorno,49,42.790219,10.340281,2404515032.0,0.0332,0.002495,0.055962,0.557,0.1,3.358,4.014,7.697,965278.44,1850645.35,23.707966,3.0803
37039,Molinella,Bologna,37,44.620853,11.670237,101036640.0,0.163,0.0,0.155671,13.424,0.0,9.34,22.765,43.645,230005.84,440970.42,38.815968,0.8894
1292,Venaria Reale,Torino,1,45.134811,7.626866,528202431.0,0.0564,0.0,0.036756,1.607,0.0,2.205,3.813,7.31,201381.5,386091.44,20.594868,2.8175
69058,Ortona,Chieti,69,42.349643,14.403913,189052220.0,0.0989,0.078354,0.01608,4.942,3.134,0.965,9.041,17.334,170922.96,327695.9,28.116343,1.6221
9068,Villanova d'Albenga,Savona,9,44.046836,8.142846,70222422.0,0.1393,0.01953,0.043044,9.804,0.781,2.583,13.168,25.246,92470.39,177285.52,24.791781,0.982
93036,Roveredo in Piano,Pordenone,93,46.011058,12.620291,105955069.0,0.2263,0.0,0.0,25.875,0.0,0.0,25.875,49.609,274162.77,525628.71,22.312037,0.4498
24012,Bassano del Grappa,Vicenza,24,45.766911,11.734347,2363326229.0,0.1817,0.005156,0.001606,16.681,0.206,0.096,16.984,32.562,4013827.79,7695366.92,21.315155,0.6546
17064,Corzano,Brescia,17,45.443778,10.007366,35436617.0,0.135,0.0,0.0,9.208,0.0,0.0,9.208,17.655,32631.53,62561.62,20.48295,1.1602
9004,Albisola Superiore,Savona,9,44.339838,8.509353,122183593.0,0.0532,0.009558,0.032034,1.43,0.382,1.922,3.734,7.16,45627.95,87478.54,24.791781,3.4627
29033,Occhiobello,Rovigo,29,44.92125,11.5814,189103721.0,0.1091,0.0,0.107297,6.014,0.0,6.438,12.452,23.873,235469.52,451445.47,24.853738,1.0411
41038,Monte Porzio,Pesaro e Urbino,41,43.689697,13.04569,37754070.0,0.1853,0.203899,0.0,17.349,8.156,0.0,25.505,48.898,96290.7,184609.89,24.621765,0.5035
20021,Curtatone,Mantova,20,45.109553,10.715842,312685582.0,0.0835,0.0,0.054472,3.523,0.0,3.268,6.791,13.02,212349.19,407118.84,21.044843,1.6163
78102,Rende,Cosenza,78,39.331993,16.184383,532487490.0,0.2603,0.103664,0.080074,34.235,4.147,4.804,43.186,82.796,2299582.16,4408791.15,50.996071,0.6159
6039,Casale Monferrato,Alessandria,6,45.136266,8.449813,1626515215.0,0.0389,0.000104,0.203196,0.765,0.004,12.192,12.96,24.848,2108043.3,4041570.17,20.84217,0.8388
67031,Nereto,Teramo,67,42.818945,13.816055,27422544.0,0.1757,0.009574,0.019515,15.598,0.383,1.171,17.152,32.883,47034.0,90174.24,27.38232,0.8327
17002,Adro,Brescia,17,45.622402,9.961376,606952452.0,0.1368,0.0,5e-05,9.456,0.0,0.003,9.459,18.134,574093.02,1100659.18,20.48295,1.1295
17188,Travagliato,Brescia,17,45.523906,10.079783,492950506.0,0.1455,0.0,0.0,10.697,0.0,0.0,10.697,20.508,527286.84,1010921.73,20.48295,0.9988
21036,Glorenza/Glurns,Bolzano/Bozen,21,46.671492,10.553913,2858111.0,0.1105,0.042683,0.0,6.169,1.707,0.0,7.877,15.101,2251.25,4316.13,10.80791,0.7157
4166,Piasco,Cuneo,4,44.568001,7.457775,60361061.0,0.1282,0.0,0.079958,8.304,0.0,4.797,13.102,25.119,79082.66,151618.38,16.396584,0.6528
26018,Cison di Valmarino,Treviso,26,45.969987,12.143137,52294471.0,0.2527,0.0,0.0,32.265,0.0,0.0,32.265,61.858,168726.73,323485.25,21.139592,0.3417
25006,Belluno,Belluno,25,46.280541,12.078914,381799918.0,0.1429,0.00303,0.000429,10.318,0.121,0.026,10.465,20.063,399539.14,766002.04,17.91629,0.893
18157,Torre d'Arese,Pavia,18,45.242767,9.317354,12718859.0,0.0709,0.0,0.02489,2.54,0.0,1.493,4.033,7.733,5129.85,9835.02,18.961299,2.4521
24048,Isola Vicentina,Vicenza,24,45.628668,11.443148,297200774.0,0.1638,0.0,0.0,13.556,0.0,0.0,13.556,25.991,402898.23,772442.14,21.315155,0.8201
69046,Lanciano,Chieti,69,42.230532,14.390779,308314368.0,0.1145,0.216087,0.013232,6.624,8.643,0.794,16.062,30.793,495199.93,949404.26,28.116343,0.9131
58079,Pomezia,Roma,58,41.667529,12.504786,1764007685.0,0.1475,0.000953,0.0,10.993,0.038,0.0,11.031,21.148,1945833.06,3730578.42,29.689549,1.4039
88009,Ragusa,Ragusa,88,36.921983,14.721345,1093735258.0,0.2126,0.00154,0.0,22.837,0.062,0.0,22.899,43.902,2504529.95,4801719.94,23.45042,0.5342
26082,Spresiano,Treviso,26,45.780391,12.259346,1219341168.0,0.1926,0.0,0.0,18.743,0.0,0.0,18.743,35.934,2285364.28,4381532.43,21.139592,0.5883
16079,Cologno al Serio,Bergamo,16,45.579772,9.707725,470923557.0,0.1254,0.0,0.05178,7.945,0.0,3.107,11.052,21.189,520471.5,997855.25,21.203762,1.0007
2017,Borgo Vercelli,Vercelli,2,45.357862,8.463033,50543823.0,0.0366,0.0,0.000452,0.677,0.0,0.027,0.704,1.35,3558.03,6821.51,17.175786,12.7264
12138,Vergiate,Varese,12,45.724847,8.694023,111764101.0,0.0376,0.0,0.0,0.714,0.0,0.0,0.714,1.37,7983.54,15306.16,11.229804,8.1999
54018,Foligno,Perugia,54,42.956183,12.703334,804902464.0,0.2319,0.022079,0.071591,27.172,0.883,4.295,32.35,62.023,2603896.9,4992227.65,38.922787,0.6276
63035,Gragnano,Napoli,63,40.69,14.521065,352333786.0,0.1075,0.617797,0.022137,5.839,24.712,1.328,31.879,61.119,1123206.55,2153427.34,35.751904,0.585
80088,Siderno,Reggio di Calabria,80,38.276163,16.29816,24915326.0,0.1889,0.054253,0.037315,18.029,2.17,2.239,22.438,43.019,55906.08,107183.93,48.652369,1.1309
6114,Novi Ligure,Alessandria,6,44.76085,8.789551,302668346.0,0.0881,0.0,0.031487,3.922,0.0,1.889,5.811,11.141,175876.81,337193.49,20.84217,1.8708
45010,Massa,Massa-Carrara,45,44.035932,10.139552,628512145.0,0.14,0.271616,0.076427,9.903,10.865,4.586,25.353,48.608,1593493.11,3055067.33,30.748861,0.6326
41019,Gabicce Mare,Pesaro e Urbino,41,43.966874,12.75631,8776302.0,0.1836,0.053721,0.012297,17.032,2.149,0.738,19.919,38.188,17481.13,33515.06,24.621765,0.6447
26049,Motta di Livenza,Treviso,26,45.77663,12.610548,552606331.0,0.1217,0.0,0.382357,7.483,0.0,22.941,30.425,58.331,1681294.65,3223401.68,21.139592,0.3624
6003,Alessandria,Alessandria,6,44.834953,8.74503,1421058028.0,0.0793,0.002684,0.039867,3.177,0.107,2.392,5.677,10.883,806695.18,1546607.31,20.84217,1.915
38007,Copparo,Ferrara,38,44.894183,11.827889,108998270.0,0.092,0.0,0.002108,4.277,0.0,0.126,4.403,8.442,47992.24,92011.39,39.906082,4.7273
99013,Riccione,Rimini,99,43.998274,12.647437,289035833.0,0.1839,0.001152,0.153747,17.088,0.046,9.225,26.359,50.535,761855.12,1460639.33,28.763441,0.5692
26059,Ponzano Veneto,Treviso,26,45.723851,12.194218,255906766.0,0.1728,0.0,0.000376,15.087,0.0,0.023,15.11,28.968,386665.84,741321.16,21.139592,0.7297
58111,Velletri,Roma,58,41.686702,12.777043,40164483.0,0.1642,0.026115,0.0,13.623,1.045,0.0,14.667,28.12,58910.55,112944.12,29.689549,1.0558
98050,Sant'Angelo Lodigiano,Lodi,98,45.238067,9.408656,23059791.0,0.0726,0.0,0.031829,2.663,0.0,1.91,4.573,8.767,10544.92,20216.87,19.574231,2.2327
65108,Roccapiemonte,Salerno,65,40.762465,14.692375,75481178.0,0.1255,0.398457,0.046504,7.958,15.938,2.79,26.687,51.164,201433.16,386190.47,25.585615,0.5001
52022,Poggibonsi,Siena,52,43.465028,11.148337,453838337.0,0.14,0.09816,0.042982,9.903,3.926,2.579,16.408,31.459,744679.63,1427710.23,24.090373,0.7658
24015,Brendola,Vicenza,24,45.472122,11.44697,607067907.0,0.1425,0.0,0.0,10.26,0.0,0.0,10.26,19.671,622851.67,1194139.96,21.315155,1.0836
21060,Ora/Auer,Bolzano/Bozen,21,46.346595,11.298634,200988962.0,0.0553,0.233015,0.0,1.545,9.321,0.0,10.866,20.832,218389.38,418699.19,10.80791,0.5188
87032,Palagonia,Catania,87,37.327355,14.745332,66011298.0,0.2183,0.005245,0.120388,24.078,0.21,7.223,31.511,60.414,208010.45,398800.55,36.827421,0.6096
19067,Pandino,Cremona,19,45.407073,9.553456,28302537.0,0.0792,0.0,0.0,3.169,0.0,0.0,3.169,6.076,8970.02,17197.45,21.210647,3.4907
26050,Nervesa della Battaglia,Treviso,26,45.825368,12.209202,213177018.0,0.2209,0.0,0.0,24.655,0.0,0.0,24.655,47.269,525592.85,1007673.98,21.139592,0.4472
13227,Turate,Como,13,45.654802,9.002287,326026894.0,0.0397,0.0,0.0,0.796,0.0,0.0,0.796,1.527,25962.83,49776.31,12.029442,7.8791
15058,Casorezzo,Milano,15,45.52437,8.90154,39236129.0,0.0389,0.0,0.0,0.765,0.0,0.0,0.765,1.466,2999.87,5751.4,15.050002,10.2671
46028,Seravezza,Lucca,46,43.994721,10.225772,281491780.0,0.1415,0.139374,0.000261,10.117,5.575,0.016,15.707,30.114,442142.66,847682.12,29.45658,0.9782
18177,Vigevano,Pavia,18,45.317094,8.858603,915582187.0,0.0425,0.0,0.221353,0.913,0.0,13.281,14.194,27.213,1299560.1,2491534.85,18.961299,0.6968
60019,Cassino,Frosinone,60,41.492558,13.83053,142545724.0,0.2134,0.090957,0.015391,23.009,3.638,0.923,27.571,52.86,393015.69,753495.2,34.188464,0.6468
27012,Dolo,Venezia,27,45.424996,12.076313,180915268.0,0.0761,0.0,0.029411,2.926,0.0,1.765,4.691,8.993,84862.74,162700.03,17.526854,1.9489
37054,San Lazzaro di Savena,Bologna,37,44.471567,11.404859,486158567.0,0.1736,0.055642,0.051983,15.227,2.226,3.119,20.572,39.44,1000113.52,1917431.67,38.815968,0.9842
37008,Budrio,Bologna,37,44.537863,11.535498,421843601.0,0.175,0.0,0.204776,15.474,0.0,12.287,27.76,53.222,1171048.14,2245149.91,38.815968,0.7293
31007,Gorizia,Gorizia,31,45.944128,13.625229,608591786.0,0.205,0.003376,0.029066,21.234,0.135,1.744,23.113,44.312,1406618.98,2696789.62,23.340869,0.5267
108033,Monza,Monza e della Brianza,108,45.583442,9.273526,4758542602.0,0.055,0.0,0.017739,1.528,0.0,1.064,2.593,4.971,1233776.39,2365413.4,13.279771,2.6715
17165,Roncadelle,Brescia,17,45.527608,10.149701,783826199.0,0.1464,0.0,0.047642,10.829,0.0,2.859,13.688,26.242,1072886.02,2056952.12,20.48295,0.7805
23057,Pastrengo,Verona,23,45.492457,10.799713,214687629.0,0.1643,0.0,0.011375,13.639,0.0,0.683,14.322,27.458,307471.78,589489.22,20.167921,0.7345
16046,Calusco d'Adda,Bergamo,16,45.691379,9.472649,163781263.0,0.0776,0.008022,0.031277,3.043,0.321,1.877,5.24,10.046,85822.59,164540.26,21.203762,2.1106
23015,Bussolengo,Verona,23,45.474131,10.846248,806284816.0,0.1635,0.0,0.009923,13.507,0.0,0.595,14.102,27.037,1137039.06,2179947.22,20.167921,0.7459
64054,Monteforte Irpino,Avellino,64,40.891922,14.713905,24951951.0,0.1881,0.524118,0.009774,17.877,20.965,0.586,39.428,75.592,98381.01,188617.45,37.737871,0.4992
23082,Sommacampagna,Verona,23,45.407784,10.840853,310329014.0,0.1556,0.0,0.007747,12.233,0.0,0.465,12.698,24.345,394053.55,755485.0,20.167921,0.8284
18050,Cilavegna,Pavia,18,45.309752,8.743348,15709795.0,0.0398,0.0,0.000711,0.8,0.0,0.043,0.843,1.616,1324.36,2539.09,18.961299,11.7317
12070,Gallarate,Varese,12,45.659895,8.793201,1117106405.0,0.0377,0.0,0.017227,0.718,0.0,1.034,1.752,3.358,195688.61,375176.94,11.229804,3.3437
48021,Greve in Chianti,Firenze,48,43.58246,11.316873,96497068.0,0.1209,0.202582,0.009706,7.385,8.103,0.582,16.071,30.811,155080.2,297321.94,35.050589,1.1376
23096,Villafranca di Verona,Verona,23,45.350928,10.845996,1508754140.0,0.1432,0.0,0.002773,10.361,0.0,0.166,10.527,20.183,1588329.99,3045168.53,20.167921,0.9992
63062,Qualiano,Napoli,63,40.918836,14.153611,59874896.0,0.1479,0.001342,0.055909,11.052,0.054,3.355,14.461,27.724,86582.41,165997.02,35.751904,1.2896
42002,Ancona,Ancona,42,43.48012,13.218791,1367917157.0,0.1795,0.084068,0.0,16.28,3.363,0.0,19.642,37.659,2686921.05,5151402.71,27.781362,0.7377
23004,Arcole,Verona,23,45.358211,11.286092,4369240468.0,0.1265,0.0,0.155409,8.085,0.0,9.325,17.41,33.378,7606798.44,14583860.63,20.167921,0.6042
60006,Anagni,Frosinone,60,41.74472,13.152694,743676215.0,0.151,0.041004,0.01261,11.521,1.64,0.757,13.917,26.682,1034993.92,1984304.85,34.188464,1.2813
1314,Volpiano,Torino,1,45.201451,7.778222,1353963154.0,0.0467,0.0,0.04552,1.102,0.0,2.731,3.833,7.349,518990.78,995016.4,20.594868,2.8024
109037,Sant'Elpidio a Mare,Fermo,109,43.23474,13.687852,143240111.0,0.1831,0.007643,0.0,16.939,0.306,0.0,17.245,33.062,247017.22,473584.88,25.228384,0.7631
83097,Taormina,Messina,83,37.851792,15.285652,42511418.0,0.2171,0.021431,0.0,23.814,0.857,0.0,24.672,47.301,104882.09,201081.41,44.663628,0.9443
1287,Valperga,Torino,1,45.370616,7.656916,311854295.0,0.0497,0.003727,0.073458,1.248,0.149,4.407,5.805,11.129,181019.11,347052.38,20.594868,1.8506
9015,Cairo Montenotte,Savona,9,44.399268,8.274561,210570092.0,0.0549,0.02847,0.020567,1.523,1.139,1.234,3.896,7.469,82031.54,157272.02,24.791781,3.3193
64075,Pratola Serra,Avellino,64,40.987017,14.852642,36628025.0,0.2246,0.014731,0.015627,25.488,0.589,0.938,27.015,51.793,98950.39,189709.08,37.737871,0.7286
71024,Foggia,Foggia,71,41.502811,15.4529,576174036.0,0.1437,0.0,0.145723,10.434,0.0,8.743,19.177,36.766,1104923.62,2118375.06,37.634206,1.0236
40018,Longiano,Forlì-Cesena,40,44.074378,12.327473,676779170.0,0.1902,0.011715,0.07265,18.278,0.469,4.359,23.106,44.299,1563767.32,2998076.63,31.154462,0.7033
72030,Monopoli,Bari,72,40.952237,17.299948,828927716.0,0.0577,0.005394,0.013116,1.682,0.216,0.787,2.685,5.148,222557.77,426690.88,14.160402,2.7509
81021,Trapani,Trapani,81,38.017432,12.515992,288898442.0,0.0501,0.00028,0.002831,1.268,0.011,0.17,1.449,2.779,41869.35,80272.5,16.86353,6.0691
35001,Albinea,Reggio nell'Emilia,35,44.620182,10.601926,255436618.0,0.1605,0.099679,0.030522,13.016,3.987,1.831,18.834,36.109,481094.06,922360.27,36.618436,1.0141
64005,Ariano Irpino,Avellino,64,41.152667,15.088563,241926641.0,0.2538,0.357665,0.004684,32.546,14.307,0.281,47.134,90.366,1140294.21,2186188.04,37.737871,0.4176
26070,Salgareda,Treviso,26,45.704123,12.492587,348659084.0,0.1158,0.0,0.694186,6.775,0.0,41.651,48.427,92.844,1688435.9,3237092.98,21.139592,0.2277
26058,Ponte di Piave,Treviso,26,45.716153,12.465227,487553678.0,0.1201,0.0,0.38665,7.288,0.0,23.199,30.487,58.45,1486401.04,2849748.91,21.139592,0.3617
97042,Lecco,Lecco,97,45.900548,9.412025,2472936749.0,0.0505,0.233528,0.078165,1.289,9.341,4.69,15.32,29.371,3788432.11,7263235.16,14.425007,0.4911
28085,Saonara,Padova,28,45.370221,11.984066,215121975.0,0.071,0.0,0.015214,2.547,0.0,0.913,3.46,6.633,74429.44,142697.17,17.804557,2.6841
15166,Paderno Dugnano,Milano,15,45.571903,9.168131,420883034.0,0.0472,0.0,0.004242,1.126,0.0,0.255,1.38,2.646,58088.82,111368.71,15.050002,5.6877
4013,Barolo,Cuneo,4,44.610841,7.942845,119318679.0,0.053,0.311266,0.101072,1.419,12.451,6.064,19.934,38.218,237852.77,456014.66,16.396584,0.429
15171,Peschiera Borromeo,Milano,15,45.431795,9.31182,6426573404.0,0.0576,0.0,0.017471,1.676,0.0,1.048,2.725,5.224,1750985.41,3357013.77,15.050002,2.8811
16075,Ciserano,Bergamo,16,45.585281,9.60085,399338224.0,0.1085,0.0,0.0,5.948,0.0,0.0,5.948,11.404,237529.74,455395.34,21.203762,1.8594
41013,Fano,Pesaro e Urbino,41,43.842417,13.014663,1118380432.0,0.1814,0.02198,0.0,16.626,0.879,0.0,17.505,33.562,1957766.24,3753456.89,24.621765,0.7336
79160,Lamezia Terme,Catanzaro,79,38.964507,16.302145,653226295.0,0.2737,0.017567,0.049894,37.85,0.703,2.994,41.546,79.653,2713922.51,5203170.3,52.451966,0.6585
48019,Fucecchio,Firenze,48,43.729202,10.808205,204287453.0,0.1196,0.01076,0.164575,7.227,0.43,9.874,17.532,33.613,358162.18,686673.55,35.050589,1.0428
15175,Pioltello,Milano,15,45.501022,9.326335,939086302.0,0.0577,0.0,0.0,1.682,0.0,0.0,1.682,3.225,157970.05,302862.4,15.050002,4.6666
54002,Bastia Umbra,Perugia,54,43.067755,12.549582,435697898.0,0.2208,0.0,0.069236,24.633,0.0,4.154,28.787,55.191,1254246.71,2404659.38,38.922787,0.7052
21035,Gargazzone/Gargazon,Bolzano/Bozen,21,46.584781,11.20273,12375446.0,0.0462,8.8e-05,0.0,1.078,0.004,0.0,1.082,2.074,1338.99,2567.13,10.80791,5.2102
98019,Codogno,Lodi,98,45.160066,9.70437,563687803.0,0.0781,0.0,0.001537,3.082,0.0,0.092,3.174,6.085,178921.74,343031.26,19.574231,3.2165
51005,Bucine,Arezzo,51,43.479199,11.616975,125656022.0,0.1279,0.046421,0.02278,8.265,1.857,1.367,11.489,22.027,144365.47,276779.51,29.518286,1.3401
28096,Veggiano,Padova,28,45.448322,11.710822,232297379.0,0.1098,0.0,0.084045,6.091,0.0,5.043,11.134,21.347,258643.92,495875.74,17.804557,0.8341
108048,Verano Brianza,Monza e della Brianza,108,45.688186,9.230477,66011427.0,0.0482,0.000762,0.013839,1.174,0.03,0.83,2.035,3.901,13431.13,25750.35,13.279771,3.4043
15140,Melegnano,Milano,15,45.358789,9.323976,114958415.0,0.0591,0.0,0.031019,1.765,0.0,1.861,3.626,6.952,41683.1,79915.42,15.050002,2.1649
12034,Caronno Pertusella,Varese,12,45.594935,9.050761,411574508.0,0.0419,0.0,0.052829,0.887,0.0,3.17,4.057,7.778,166966.93,320111.34,11.229804,1.4438
15105,Garbagnate Milanese,Milano,15,45.577145,9.080025,378388419.0,0.0432,0.0,0.008795,0.943,0.0,0.528,1.471,2.82,55647.4,106687.98,15.050002,5.3378
26019,Codognè,Treviso,26,45.866795,12.433908,168055920.0,0.197,0.0,0.0,19.609,0.0,0.0,19.609,37.594,329536.78,631792.54,21.139592,0.5623
6001,Acqui Terme,Alessandria,6,44.675145,8.467546,180224020.0,0.0565,0.041974,0.048125,1.613,1.679,2.888,6.179,11.847,111367.38,213515.11,20.84217,1.7592
99006,Mondaino,Rimini,99,43.855706,12.671392,10351238.0,0.1857,0.260196,0.0,17.424,10.408,0.0,27.832,53.359,28809.13,55233.27,28.763441,0.5391
48014,Empoli,Firenze,48,43.719488,10.945856,1425330812.0,0.1202,0.061579,0.123205,7.3,2.463,7.392,17.156,32.891,2445229.46,4688028.19,35.050589,1.0657
10049,Ronco Scrivia,Genova,10,44.613299,8.952368,88013300.0,0.093,0.092504,0.029652,4.37,3.7,1.779,9.849,18.883,86686.95,166197.43,24.504626,1.2977
65137,Scafati,Salerno,65,40.749989,14.526949,396107045.0,0.1272,0.0,0.060395,8.175,0.0,3.624,11.799,22.621,467357.87,896025.06,25.585615,1.1311
6174,Tortona,Alessandria,6,44.89666,8.864128,3299026796.0,0.0817,0.002506,0.059855,3.373,0.1,3.591,7.064,13.543,2330470.8,4468011.29,20.84217,1.5389
26086,Treviso,Treviso,26,45.806691,12.206316,1010969417.0,0.2128,0.0,0.003779,22.88,0.0,0.227,23.107,44.301,2336046.63,4478701.35,21.139592,0.4772
26028,Fontanelle,Treviso,26,45.831333,12.467546,247258342.0,0.1716,0.0,8.2e-05,14.878,0.0,0.005,14.883,28.534,367999.09,705533.01,21.139592,0.7408
100003,Montemurlo,Prato,100,43.926966,11.03744,896077885.0,0.1542,0.020904,0.08063,12.014,0.836,4.838,17.688,33.912,1584975.88,3038737.99,30.888404,0.9109
14038,Lovero,Sondrio,14,46.2314,10.228556,6788185.0,0.0748,0.086118,0.038426,2.827,3.445,2.306,8.577,16.444,5822.39,11162.78,12.776609,0.777
27026,Noale,Venezia,27,45.550123,12.072088,191605320.0,0.1078,0.0,0.03968,5.872,0.0,2.381,8.252,15.822,158120.04,303149.95,17.526854,1.1078
26056,Pederobba,Treviso,26,45.86952,11.969551,126679096.0,0.2296,5.2e-05,0.0,26.636,0.002,0.0,26.638,51.07,337442.88,646950.22,21.139592,0.4139
48005,Calenzano,Firenze,48,43.865249,11.167368,1326593087.0,0.1353,0.202927,0.01838,9.249,8.117,1.103,18.469,35.41,2450120.97,4697406.27,35.050589,0.9899
37060,Zola Predosa,Bologna,37,44.489665,11.218309,2086856670.0,0.1651,0.011364,0.152827,13.772,0.455,9.17,23.397,44.856,4882545.14,9360883.99,38.815968,0.8653
108042,Sulbiate,Monza e della Brianza,108,45.633999,9.420684,107030433.0,0.0711,0.0,0.14562,2.554,0.0,8.737,11.291,21.648,120852.46,231700.04,13.279771,0.6134
15097,Cusago,Milano,15,45.446245,9.033528,312403650.0,0.0437,0.0,0.0,0.965,0.0,0.0,0.965,1.85,30143.7,57791.93,15.050002,8.1355
2152,Valduggia,Vercelli,2,45.728369,8.329923,208078680.0,0.0417,0.009095,0.006524,0.879,0.364,0.391,1.634,3.132,33996.67,65178.88,17.175786,5.4832
65087,Padula,Salerno,65,40.341642,15.658254,69478937.0,0.2387,0.091589,0.003136,28.789,3.664,0.188,32.64,62.579,226782.36,434790.32,25.585615,0.4089
16212,Telgate,Bergamo,16,45.628881,9.851659,756297508.0,0.1337,0.0,0.000729,9.032,0.0,0.044,9.076,17.4,686390.48,1315957.45,21.203762,1.2186
46017,Lucca,Lucca,46,44.017764,10.45443,1007590645.0,0.1847,0.240215,0.124825,17.237,9.609,7.49,34.335,65.827,3459531.53,6632662.35,29.45658,0.4475
63006,Bacoli,Napoli,63,40.796613,14.077783,83428908.0,0.1665,0.124111,0.007007,14.007,4.964,0.42,19.392,37.178,161784.43,310175.38,35.751904,0.9616
55012,Ferentillo,Terni,55,42.620768,12.788726,11068676.0,0.2115,0.107895,0.022009,22.602,4.316,1.321,28.238,54.138,31255.61,59923.7,34.830185,0.6434
80063,Reggio di Calabria,Reggio di Calabria,80,38.103539,15.639756,14805881.0,0.2698,0.022509,0.035737,36.779,0.9,2.144,39.824,76.351,58962.52,113043.77,48.652369,0.6372
65079,Nocera Superiore,Salerno,65,40.74156,14.671504,706228423.0,0.1191,0.407077,0.024659,7.167,16.283,1.48,24.93,47.796,1760604.99,3375456.58,25.585615,0.5353
44007,Ascoli Piceno,Ascoli Piceno,44,42.88342,13.539593,1635679409.0,0.1807,0.043548,0.018092,16.498,1.742,1.086,19.326,37.051,3161038.82,6060387.94,32.834347,0.8862
40013,Forlimpopoli,Forlì-Cesena,40,44.187305,12.125906,140292892.0,0.2028,0.0,0.277475,20.78,0.0,16.649,37.429,71.759,525100.61,1006730.26,31.154462,0.4342
16245,Zanica,Bergamo,16,45.63946,9.684126,269952120.0,0.1208,0.0,0.002778,7.373,0.0,0.167,7.54,14.455,203538.59,390227.04,21.203762,1.4668
71036,Orta Nova,Foggia,71,41.32993,15.710656,112825078.0,0.1467,0.0,0.02994,10.874,0.0,1.796,12.67,24.291,142950.65,274066.98,37.634206,1.5493
15087,Cornaredo,Milano,15,45.501685,9.025746,168317895.0,0.0422,0.0,0.0,0.9,0.0,0.0,0.9,1.725,15145.12,29036.44,15.050002,8.7242
17081,Gussago,Brescia,17,45.592664,10.15345,862046439.0,0.146,0.007286,0.039793,10.77,0.291,2.388,13.449,25.785,1159384.31,2222787.86,20.48295,0.7944
16052,Caprino Bergamasco,Bergamo,16,45.74528,9.481748,12350881.0,0.071,0.091652,0.021843,2.547,3.666,1.311,7.524,14.425,9292.42,17815.56,21.203762,1.47
28093,Trebaseleghe,Padova,28,45.591812,12.050999,477159799.0,0.125,0.0,0.001361,7.895,0.0,0.082,7.976,15.292,380601.59,729694.71,17.804557,1.1643
71020,Cerignola,Foggia,71,41.264812,15.899665,344235074.0,0.1704,0.000169,0.020871,14.671,0.007,1.252,15.93,30.541,548363.78,1051330.74,37.634206,1.2322
35036,Rubiera,Reggio nell'Emilia,35,44.653201,10.781081,1217213289.0,0.1622,0.0,0.092187,13.293,0.0,5.531,18.824,36.09,2291295.39,4392903.65,36.618436,1.0146
60038,Frosinone,Frosinone,60,41.628259,13.576332,1126566332.0,0.2203,0.020911,0.01145,24.521,0.836,0.687,26.045,49.934,2934132.67,5625360.29,34.188464,0.6847
62019,Castelvenere,Benevento,62,41.23482,14.546532,11475744.0,0.2372,0.00168,0.00668,28.428,0.067,0.401,28.896,55.4,33160.36,63575.51,40.937916,0.739
19061,Motta Baluffi,Cremona,19,45.055097,10.259247,26398224.0,0.0808,0.0,0.264035,3.299,0.0,15.842,19.141,36.697,50528.26,96873.49,21.210647,0.578
26038,Mareno di Piave,Treviso,26,45.840856,12.351255,105586178.0,0.2049,0.0,0.0,21.213,0.0,0.0,21.213,40.67,223979.68,429416.98,21.139592,0.5198
26092,Vittorio Veneto,Treviso,26,45.989665,12.296436,1404744169.0,0.2538,0.018951,0.0,32.546,0.758,0.0,33.304,63.851,4678399.79,8969493.66,21.139592,0.3311
5005,Asti,Asti,5,44.826013,8.202686,431925871.0,0.0427,0.007868,0.045828,0.921,0.315,2.75,3.986,7.641,172150.16,330048.7,21.748752,2.8462
82064,San Giuseppe Jato,Palermo,82,37.970486,13.182489,13348743.0,0.1789,0.018021,0.0,16.171,0.721,0.0,16.892,32.385,22548.55,43230.4,29.57954,0.9134
17195,Verolanuova,Brescia,17,45.328581,10.076086,509805520.0,0.1173,0.0,0.007814,6.952,0.0,0.469,7.421,14.227,378321.7,725323.66,20.48295,1.4397
110009,Trani,Barletta-Andria-Trani,110,41.275088,16.416258,153135708.0,0.1464,0.001547,0.011508,10.829,0.062,0.69,11.582,22.204,177356.34,340030.06,22.254355,1.0022
63044,Massa Lubrense,Napoli,63,40.611036,14.345089,24670512.0,0.0937,0.296745,0.012456,4.436,11.87,0.747,17.053,32.695,42071.15,80659.4,35.751904,1.0935
15170,Pero,Milano,15,45.510236,9.089457,978721637.0,0.0442,0.0,0.021006,0.987,0.0,1.26,2.247,4.309,219964.0,421718.06,15.050002,3.4928
54044,San Giustino,Perugia,54,43.54898,12.17583,191126800.0,0.2286,0.072454,0.007394,26.404,2.898,0.444,29.746,57.029,568522.38,1089979.07,38.922787,0.6825
35026,Luzzara,Reggio nell'Emilia,35,44.961655,10.687068,265305990.0,0.095,0.0,0.195446,4.56,0.0,11.727,16.287,31.225,432097.5,828423.38,36.618436,1.1727
4163,Peveragno,Cuneo,4,44.330015,7.617468,74740258.0,0.1174,0.001144,0.031433,6.964,0.046,1.886,8.896,17.055,66486.4,127468.66,16.396584,0.9614
24057,Marostica,Vicenza,24,45.745392,11.656894,651568940.0,0.1721,0.000176,0.0,14.965,0.007,0.0,14.972,28.705,975537.58,1870314.32,21.315155,0.7426
28061,Pernumia,Padova,28,45.258989,11.787209,517494260.0,0.0653,0.0,0.006791,2.154,0.0,0.407,2.562,4.912,132579.32,254182.92,17.804557,3.6249
63041,Marano di Napoli,Napoli,63,40.89761,14.190528,177116316.0,0.1574,0.210567,0.039125,12.518,8.423,2.348,23.288,44.648,412467.65,790788.77,35.751904,0.8008
23055,Oppeano,Verona,23,45.306214,11.18234,304175486.0,0.1195,0.0,0.0,7.215,0.0,0.0,7.215,13.833,219471.26,420773.37,20.167921,1.4579
83072,Roccalumera,Messina,83,37.976263,15.395189,5337609.0,0.2435,0.004447,0.0,29.958,0.178,0.0,30.136,57.777,16085.46,30839.26,44.663628,0.773
36007,Castelnuovo Rangone,Modena,36,44.551334,10.935016,971493014.0,0.1638,0.0,0.01334,13.556,0.0,0.8,14.357,27.525,1394756.28,2674046.3,36.541065,1.3276
28041,Gazzo,Padova,28,45.581,11.706548,30820661.0,0.1462,0.0,0.0,10.8,0.0,0.0,10.8,20.705,33285.44,63815.32,17.804557,0.8599
20051,Rodigo,Mantova,20,45.199577,10.624984,181056297.0,0.0989,0.0,0.076389,4.942,0.0,4.583,9.525,18.262,172463.82,330650.05,21.044843,1.1524
27034,San Michele al Tagliamento,Venezia,27,45.763918,12.995425,128917651.0,0.0951,0.0,0.305897,4.57,0.0,18.354,22.923,43.949,295523.41,566581.63,17.526854,0.3988
28076,San Giorgio in Bosco,Padova,28,45.591851,11.805959,98559908.0,0.1475,0.0,0.154835,10.993,0.0,9.29,20.283,38.886,199906.42,383263.38,17.804557,0.4579
1300,Villafranca Piemonte,Torino,1,44.778939,7.500424,117938159.0,0.1078,0.0,0.170799,5.872,0.0,10.248,16.12,30.905,190110.68,364482.86,20.594868,0.6664
24004,Altavilla Vicentina,Vicenza,24,45.508429,11.470686,2690713365.0,0.1489,0.0,0.026636,11.202,0.0,1.598,12.8,24.541,3444235.69,6603336.96,21.315155,0.8685
1194,Piossasco,Torino,1,44.990555,7.463704,633429005.0,0.0908,0.008664,0.03309,4.166,0.347,1.985,6.498,12.457,411581.44,789089.72,20.594868,1.6532
19055,Madignano,Cremona,19,45.3443,9.726703,34374363.0,0.0927,0.0,0.064059,4.342,0.0,3.844,8.185,15.693,28136.84,53944.34,21.210647,1.3516
26025,Crocetta del Montello,Treviso,26,45.833996,12.032327,377303171.0,0.2325,0.0,0.0,27.313,0.0,0.0,27.313,52.364,1030514.25,1975716.37,21.139592,0.4037
17074,Gardone Riviera,Brescia,17,45.618785,10.559101,73015520.0,0.1586,0.01671,0.294382,12.709,0.668,17.663,31.041,59.512,226645.21,434527.37,20.48295,0.3442
12026,Busto Arsizio,Varese,12,45.611906,8.852052,1465583558.0,0.0382,0.0,0.000583,0.737,0.0,0.035,0.772,1.481,113184.12,216998.18,11.229804,7.5845
63053,Piano di Sorrento,Napoli,63,40.632645,14.411091,97828872.0,0.0966,0.260354,0.01512,4.715,10.414,0.907,16.036,30.745,156880.86,300774.18,35.751904,1.1629
70006,Campobasso,Campobasso,70,41.717265,14.826227,240524928.0,0.2089,0.18411,0.000711,22.049,7.364,0.043,29.456,56.474,708498.53,1358343.31,35.851049,0.6348
1237,San Carlo Canavese,Torino,1,45.247826,7.610843,37359788.0,0.0542,0.0,0.001668,1.484,0.0,0.1,1.584,3.038,5919.14,11348.26,20.594868,6.7801
61015,Capua,Caserta,61,41.107998,14.209718,325281104.0,0.1151,0.076348,0.48202,6.694,3.054,28.921,38.669,74.136,1257824.67,2411519.09,28.435248,0.3836
17076,Gargnano,Brescia,17,45.688138,10.663501,24427701.0,0.1587,0.042262,0.25316,12.725,1.69,15.19,29.605,56.76,72319.38,138651.74,20.48295,0.3609
13065,Cernobbio,Como,13,45.841394,9.075905,52273343.0,0.0399,0.097212,0.143585,0.804,3.888,8.615,13.308,25.514,69565.18,133371.33,12.029442,0.4715
80027,Cinquefrondi,Reggio di Calabria,80,38.415957,16.097429,52031821.0,0.2649,0.04328,0.038069,35.455,1.731,2.284,39.471,75.674,205373.09,393744.17,48.652369,0.6429
97017,Cassago Brianza,Lecco,97,45.738206,9.291088,62698151.0,0.0527,0.0,0.0,1.403,0.0,0.0,1.403,2.69,8798.2,16868.02,14.425007,5.3618
63089,Volla,Napoli,63,40.878411,14.342932,240704466.0,0.1708,0.0,0.006375,14.74,0.0,0.383,15.122,28.993,364001.96,697869.67,35.751904,1.2331
79023,Catanzaro,Catanzaro,79,38.82996,16.431557,956426732.0,0.2594,0.124039,0.060012,33.998,4.962,3.601,42.561,81.598,4070610.44,7804231.41,52.451966,0.6428
17179,Sirmione,Brescia,17,45.468849,10.607824,150666195.0,0.1618,0.0,0.718596,13.227,0.0,43.116,56.343,108.022,848901.04,1627524.97,20.48295,0.1896
5080,Nizza Monferrato,Asti,5,44.77331,8.353709,102090958.0,0.0479,4.7e-05,0.003641,1.159,0.002,0.218,1.38,2.645,14084.68,27003.35,21.748752,8.2225
61010,Calvi Risorta,Caserta,61,41.216538,14.128731,20066039.0,0.113,0.138427,0.0,6.452,5.537,0.0,11.989,22.985,24056.74,46121.93,28.435248,1.2371
24003,Alonte,Vicenza,24,45.365037,11.427363,205341374.0,0.1171,0.0,0.0,6.928,0.0,0.0,6.928,13.283,142268.22,272758.62,21.315155,1.6047
36020,Marano sul Panaro,Modena,36,44.455898,10.966384,98258399.0,0.1616,0.154381,0.031658,13.195,6.175,1.899,21.269,40.778,208990.16,400678.87,36.541065,0.8961
48024,Lastra a Signa,Firenze,48,43.770985,11.107215,182715976.0,0.1271,0.258098,0.073308,8.162,10.324,4.398,22.885,43.875,418138.72,801661.41,35.050589,0.7989
64101,Solofra,Avellino,64,40.829131,14.845652,96247910.0,0.1495,0.612623,0.016448,11.293,24.505,0.987,36.785,70.524,354043.68,678777.51,37.737871,0.5351
36046,Vignola,Modena,36,44.478414,11.009093,277989925.0,0.163,0.00097,0.049864,13.424,0.039,2.992,16.455,31.548,457431.78,876994.62,36.541065,1.1583
4136,Montanera,Cuneo,4,44.462233,7.665633,87304466.0,0.0883,0.004268,0.149776,3.939,0.171,8.987,13.097,25.109,114340.57,219215.35,16.396584,0.653
54015,Corciano,Perugia,54,43.129027,12.287718,1681496623.0,0.1735,0.005548,0.007645,15.21,0.222,0.459,15.89,30.465,2671928.05,5122657.91,38.922787,1.2776
92051,Quartu Sant'Elena,Cagliari,92,39.239973,9.188097,47480335.0,0.0,0.007772,0.012405,0.0,0.311,0.744,1.055,2.023,5010.03,9605.3,12.810064,6.3322
76097,Viggianello,Potenza,76,39.973195,16.085353,19552541.0,0.254,0.004558,0.004912,32.598,0.182,0.295,33.075,63.411,64669.24,123984.78,40.913322,0.6452
1028,Borgaro Torinese,Torino,1,45.152145,7.657973,159126166.0,0.0539,0.0,0.089824,1.468,0.0,5.389,6.857,13.147,109118.15,209202.85,20.594868,1.5665
16089,Curno,Bergamo,16,45.691514,9.610966,215329554.0,0.1057,0.0,0.044075,5.645,0.0,2.644,8.29,15.893,178498.46,342219.75,21.203762,1.3342
13136,Lurago d'Erba,Como,13,45.74864,9.213197,98815425.0,0.0464,0.0,0.0,1.088,0.0,0.0,1.088,2.086,10749.25,20608.62,12.029442,5.7679
3082,Invorio,Novara,3,45.756972,8.488326,106287460.0,0.0392,0.001082,0.002594,0.776,0.043,0.156,0.975,1.87,10366.51,19874.82,12.08995,6.4655
4055,Castiglione Falletto,Cuneo,4,44.623699,7.977453,46313309.0,0.0519,0.218617,0.069232,1.361,8.745,4.154,14.26,27.339,66040.84,126614.43,16.396584,0.5998
3008,Arona,Novara,3,45.759837,8.560408,46551302.0,0.0386,0.004426,0.17342,0.753,0.177,10.405,11.335,21.732,52766.19,101164.08,12.08995,0.5563
24091,Sandrigo,Vicenza,24,45.660608,11.602928,855031747.0,0.1645,0.0,0.0,13.673,0.0,0.0,13.673,26.213,1169046.21,2241311.78,21.315155,0.8131
16062,Castelli Calepio,Bergamo,16,45.631966,9.896063,842967096.0,0.1345,0.000414,0.02783,9.14,0.017,1.67,10.827,20.757,912654.92,1749754.81,21.203762,1.0215
27024,Mirano,Venezia,27,45.49277,12.109877,433958263.0,0.0894,0.0,0.077028,4.038,0.0,4.622,8.66,16.603,375804.6,720497.85,17.526854,1.0556
93035,Pravisdomini,Pordenone,93,45.818909,12.694425,101972952.0,0.1243,0.0,0.103489,7.807,0.0,6.209,14.016,26.871,142924.3,274016.48,22.312037,0.8303
26090,Vidor,Treviso,26,45.861641,12.038749,188492573.0,0.2357,0.0,0.0,28.07,0.0,0.0,28.07,53.816,529091.81,1014382.24,21.139592,0.3928
30007,Attimis,Udine,30,46.189326,13.307128,16523247.0,0.2564,0.007824,0.0,33.216,0.313,0.0,33.529,64.283,55401.53,106216.59,22.91097,0.3564
92009,Cagliari,Cagliari,92,39.216953,9.112851,2361354864.0,0.0,0.015094,0.394555,0.0,0.604,23.673,24.277,46.544,5732675.37,10990765.6,12.810064,0.2752
22006,Arco,Trento,22,45.918133,10.886095,1294976840.0,0.1107,0.069441,0.001759,6.192,2.778,0.106,9.075,17.399,1175181.42,2253074.3,14.82766,0.8522
31023,Staranzano,Gorizia,31,45.805821,13.50026,64990368.0,0.134,0.0,0.458585,9.073,0.0,27.515,36.588,70.146,237784.19,455883.19,23.340869,0.3327
30046,Latisana,Udine,30,45.778488,12.996219,84673429.0,0.0951,0.0,3e-06,4.57,0.0,0.0,4.57,8.761,38693.94,74184.56,22.91097,2.615
17156,Provaglio d'Iseo,Brescia,17,45.635971,10.044167,444491764.0,0.1378,0.021703,0.053253,9.594,0.868,3.195,13.658,26.185,607071.79,1163886.56,20.48295,0.7822
50033,Santa Croce sull'Arno,Pisa,50,43.710108,10.781941,665434267.0,0.1163,0.020273,0.08835,6.834,0.811,5.301,12.946,24.82,861468.06,1651618.65,28.10564,1.1324
28069,Ponte San Nicolò,Padova,28,45.365239,11.93727,294098143.0,0.0717,0.0,0.303395,2.598,0.0,18.204,20.801,39.88,611759.5,1172873.89,17.804557,0.4464
108047,Veduggio con Colzano,Monza e della Brianza,108,45.73363,9.262513,835743453.0,0.0506,0.0,0.011802,1.294,0.0,0.708,2.002,3.838,167297.08,320744.31,13.279771,3.4602
95038,Oristano,Oristano,95,40.026568,8.679642,181740591.0,0.0,0.0,0.173065,0.0,0.0,10.384,10.384,19.908,188717.61,361812.05,13.76477,0.6914
23071,San Giovanni Lupatoto,Verona,23,45.381968,11.044886,1476491447.0,0.1493,0.0,0.0,11.263,0.0,0.0,11.263,21.593,1662907.85,3188150.24,20.167921,0.934
3062,Dormelletto,Novara,3,45.736272,8.566628,17174019.0,0.0383,0.001278,0.394211,0.741,0.051,23.653,24.445,46.866,41981.8,80488.09,12.08995,0.258
56054,Vallerano,Viterbo,56,42.38397,12.26279,22787336.0,0.1109,0.001443,0.0,6.214,0.058,0.0,6.272,12.024,14291.89,27400.61,19.086634,1.5873
15202,San Zenone al Lambro,Milano,15,45.327269,9.355253,31614451.0,0.0628,0.0,0.040696,1.993,0.0,2.442,4.434,8.502,14019.23,26877.86,15.050002,1.7702
16232,Verdellino,Bergamo,16,45.603136,9.61561,486874911.0,0.1133,0.0,0.0,6.486,0.0,0.0,6.486,12.435,315787.44,605432.1,21.203762,1.7052
36013,Fiorano Modenese,Modena,36,44.539143,10.811848,3702312620.0,0.1631,0.03024,0.002008,13.441,1.21,0.12,14.771,28.319,5468646.53,10484565.8,36.541065,1.2903
12002,Albizzate,Varese,12,45.723943,8.803131,503620166.0,0.0379,0.0,0.020134,0.726,0.0,1.208,1.934,3.708,97390.32,186718.09,11.229804,3.0289
24110,Trissino,Vicenza,24,45.564041,11.374852,846666646.0,0.1611,0.043628,0.0,13.113,1.745,0.0,14.858,28.487,1258004.47,2411863.8,21.315155,0.7483
15062,Castano Primo,Milano,15,45.551594,8.776992,296447486.0,0.0378,0.0,0.118104,0.722,0.0,7.086,7.808,14.97,231471.54,443780.48,15.050002,1.0053
15036,Buccinasco,Milano,15,45.41715,9.109788,1119487935.0,0.0469,0.0,0.0,1.111,0.0,0.0,1.111,2.131,124417.86,238535.67,15.050002,7.0632
68042,Tocco da Casauria,Pescara,68,42.213694,13.913472,107276068.0,0.2362,0.304872,0.0,28.189,12.195,0.0,40.384,77.424,433220.82,830577.03,27.533978,0.3556
12124,Sumirago,Varese,12,45.739225,8.781004,151920419.0,0.0378,0.0,0.0,0.722,0.0,0.0,0.722,1.384,10967.75,21027.52,11.229804,8.1134
46018,Massarosa,Lucca,46,43.86765,10.339716,265108807.0,0.1255,0.182255,0.505778,7.958,7.29,30.347,45.595,87.415,1208760.98,2317453.5,29.45658,0.337
27042,Venezia,Venezia,27,45.437191,12.33459,8207258800.0,0.0716,0.0,0.029114,2.59,0.0,1.747,4.337,8.315,3559571.77,6824460.9,17.526854,2.1078
19090,San Giovanni in Croce,Cremona,19,45.078872,10.37518,136947507.0,0.0751,0.0,0.061485,2.85,0.0,3.689,6.539,12.536,89547.09,171680.93,21.210647,1.6919
64015,Calitri,Avellino,64,40.902119,15.430556,23657127.0,0.2392,0.053469,0.0,28.909,2.139,0.0,31.048,59.526,73451.17,140821.61,37.737871,0.634
37005,Bentivoglio,Bologna,37,44.635792,11.417193,913229553.0,0.1611,0.0,0.186817,13.113,0.0,11.209,24.322,46.631,2221177.09,4258471.85,38.815968,0.8324
1197,Poirino,Torino,1,44.920845,7.846928,702407552.0,0.0479,0.0,0.03081,1.159,0.0,1.849,3.008,5.767,211275.82,405060.97,20.594868,3.5713
65088,Pagani,Salerno,65,40.749888,14.613323,445139041.0,0.1213,0.128994,0.019426,7.434,5.16,1.166,13.76,26.38,612493.76,1174281.62,25.585615,0.9699
86006,Catenanuova,Enna,86,37.567971,14.691819,26546577.0,0.119,0.001356,0.021452,7.155,0.054,1.287,8.496,16.289,22555.01,43242.78,34.389868,2.1112
17206,Piancogno,Brescia,17,45.919692,10.225262,26409943.0,0.0849,0.259391,0.013902,3.642,10.376,0.834,14.852,28.474,39223.26,75199.38,20.48295,0.7194
18093,Miradolo Terme,Pavia,18,45.171966,9.445558,109286154.0,0.0804,0.0,0.0,3.266,0.0,0.0,3.266,6.262,35693.97,68432.98,18.961299,3.0281
39012,Lugo,Ravenna,39,44.418878,11.908231,1333811549.0,0.1823,0.0,0.204543,16.792,0.0,12.273,29.064,55.722,3876608.17,7432287.53,37.876303,0.6797
36037,San Felice sul Panaro,Modena,36,44.839415,11.143165,81200337.0,0.1495,0.0,0.17574,11.293,0.0,10.544,21.837,41.867,177318.46,339957.43,36.541065,0.8728
6121,Ovada,Alessandria,6,44.638346,8.64525,318561709.0,0.0715,0.098258,0.06516,2.583,3.93,3.91,10.423,19.983,332035.33,636582.78,20.84217,1.043
35030,Quattro Castella,Reggio nell'Emilia,35,44.635605,10.472425,180178918.0,0.1583,0.05084,0.017509,12.661,2.034,1.051,15.745,30.187,283700.24,543914.09,36.618436,1.213
17143,Pisogne,Brescia,17,45.805731,10.10819,451526655.0,0.1116,0.078507,0.129479,6.293,3.14,7.769,17.202,32.98,776709.39,1489118.14,20.48295,0.6211
26074,San Polo di Piave,Treviso,26,45.790108,12.394775,430016068.0,0.1636,0.0,0.0,13.523,0.0,0.0,13.523,25.927,581525.7,1114909.23,21.139592,0.8153
48028,Montelupo Fiorentino,Firenze,48,43.733153,11.020877,350212388.0,0.124,0.055274,0.066669,7.769,2.211,4.0,13.98,26.803,489597.84,938663.84,35.050589,1.3077
38012,Masi Torello,Ferrara,38,44.794578,11.801817,107199620.0,0.1301,0.0,0.134243,8.552,0.0,8.055,16.607,31.839,178022.86,341307.93,39.906082,1.2534
20042,Poggio Rusco,Mantova,20,44.975558,11.114649,144265604.0,0.102,0.0,0.658762,5.257,0.0,39.526,44.782,85.858,646057.12,1238629.77,21.044843,0.2451
89021,Priolo Gargallo,Siracusa,89,37.15793,15.186028,133576625.0,0.2504,0.012497,0.0,31.68,0.5,0.0,32.18,61.696,429849.06,824112.64,32.507353,0.5269
12029,Cairate,Varese,12,45.690919,8.872461,109801477.0,0.0384,0.001793,0.038608,0.745,0.072,2.316,3.133,6.007,34403.45,65958.77,11.229804,1.8694
34024,Neviano degli Arduini,Parma,34,44.582365,10.315689,101094479.0,0.1576,0.283378,0.02327,12.55,11.335,1.396,25.281,48.469,255576.19,489994.26,33.475863,0.6907
17042,Castel Mella,Brescia,17,45.499592,10.145008,255845971.0,0.1461,0.0,0.039176,10.785,0.0,2.351,13.136,25.184,336066.69,644311.76,20.48295,0.8133
15173,Pieve Emanuele,Milano,15,45.355913,9.202072,160659758.0,0.0545,0.0,0.0095,1.501,0.0,0.57,2.071,3.97,33268.75,63783.31,15.050002,3.7909
72017,Castellana Grotte,Bari,72,40.886431,17.165495,143257352.0,0.0651,0.0,0.005842,2.141,0.0,0.351,2.492,4.777,35697.3,68439.37,14.160402,2.9641
51021,Lucignano,Arezzo,51,43.274463,11.746,89130463.0,0.1467,0.008075,0.01026,10.874,0.323,0.616,11.812,22.647,105283.69,201851.37,29.518286,1.3034
26043,Mogliano Veneto,Treviso,26,45.561289,12.237697,181892657.0,0.0999,0.0,0.015869,5.043,0.0,0.952,5.995,11.493,109038.67,209050.47,21.139592,1.8393
19005,Bagnolo Cremasco,Cremona,19,45.361172,9.612958,355501832.0,0.0814,0.0,0.0,3.348,0.0,0.0,3.348,6.419,119016.8,228180.69,21.210647,3.3046
108007,Bernareggio,Monza e della Brianza,108,45.647508,9.406138,108963972.0,0.0665,0.0,0.0,2.234,0.0,0.0,2.234,4.284,24346.91,46678.24,13.279771,3.1
63052,Palma Campania,Napoli,63,40.864917,14.548733,99741114.0,0.1743,0.178683,0.008809,15.35,7.147,0.529,23.026,44.146,229663.91,440314.87,35.751904,0.8099
75022,Copertino,Lecce,75,40.271681,18.050252,26861196.0,0.051,0.0,0.015783,1.314,0.0,0.947,2.261,4.335,6073.77,11644.72,14.108941,3.2545
63082,Terzigno,Napoli,63,40.812442,14.496484,97461447.0,0.1599,0.141123,0.045322,12.919,5.645,2.719,21.283,40.804,207425.38,397678.85,35.751904,0.8762
17040,Castegnato,Brescia,17,45.560714,10.115309,774520254.0,0.146,0.0,0.018721,10.77,0.0,1.123,11.893,22.802,921171.75,1766083.4,20.48295,0.8983
26044,Monastier di Treviso,Treviso,26,45.650076,12.43377,384432717.0,0.1032,0.0,0.573115,5.381,0.0,34.387,39.768,76.244,1528814.87,2931065.3,21.139592,0.2773
17125,Orzinuovi,Brescia,17,45.403976,9.921564,538260507.0,0.1234,0.0,0.064923,7.694,0.0,3.895,11.589,22.219,623806.52,1195970.61,20.48295,0.9219
16005,Almè,Bergamo,16,45.73701,9.614785,161742590.0,0.0985,0.018897,0.01976,4.902,0.756,1.186,6.844,13.121,110691.28,212218.88,21.203762,1.616
58007,Anzio,Roma,58,41.447101,12.628562,67663495.0,0.0832,0.007911,0.0,3.498,0.316,0.0,3.814,7.312,25806.81,49477.18,29.689549,4.0603
36030,Pavullo nel Frignano,Modena,36,44.339694,10.834113,466170249.0,0.1589,0.186928,0.011264,12.757,7.477,0.676,20.91,40.09,974783.23,1868868.07,36.541065,0.9115
84028,Porto Empedocle,Agrigento,84,37.288313,13.52755,13993077.0,0.0552,0.019124,0.0,1.54,0.765,0.0,2.305,4.418,3224.73,6182.49,20.102118,4.5498
4078,Cuneo,Cuneo,4,44.45807,7.558137,1823355986.0,0.1176,0.00019,0.069012,6.988,0.008,4.141,11.136,21.35,2030487.08,3892878.29,16.396584,0.768
23097,Zevio,Verona,23,45.375131,11.135882,494256012.0,0.1416,0.0,0.057075,10.131,0.0,3.425,13.555,25.988,669979.31,1284493.73,20.167921,0.776
73027,Taranto,Taranto,73,40.548816,17.08058,1036444251.0,0.1418,2e-06,0.05163,10.159,0.0,3.098,13.257,25.417,1374048.1,2634344.27,15.194153,0.5978
50032,San Miniato,Pisa,50,43.67975,10.850095,679935838.0,0.1299,0.047518,0.073029,8.526,1.901,4.382,14.808,28.391,1006867.73,1930380.92,28.10564,0.99
4240,Verzuolo,Cuneo,4,44.602899,7.474941,164841488.0,0.123,0.0,0.031557,7.644,0.0,1.893,9.538,18.286,157218.33,301421.19,16.396584,0.8967
87007,Belpasso,Catania,87,37.589187,14.978239,552980527.0,0.2051,0.0,0.038446,21.254,0.0,2.307,23.561,45.172,1302886.55,2497912.35,36.827421,0.8153
35009,Campagnola Emilia,Reggio nell'Emilia,35,44.83927,10.757093,95356307.0,0.1395,0.0,0.126044,9.833,0.0,7.563,17.395,33.35,165874.08,318016.12,36.618436,1.098
12134,Vedano Olona,Varese,12,45.776916,8.885596,248227467.0,0.0384,0.000291,0.144388,0.745,0.012,8.663,9.42,18.06,233829.3,448300.82,11.229804,0.6218
46005,Camaiore,Lucca,46,43.938061,10.303955,86906636.0,0.1346,0.208113,0.073892,9.154,8.325,4.434,21.912,42.01,190429.59,365094.28,29.45658,0.7012
17196,Verolavecchia,Brescia,17,45.327012,10.057256,6516289.0,0.1157,0.0,0.050875,6.764,0.0,3.052,9.816,18.82,6396.52,12263.5,20.48295,1.0884
37052,San Giorgio di Piano,Bologna,37,44.646793,11.375449,391465998.0,0.1595,0.0,0.043796,12.854,0.0,2.628,15.482,29.682,606059.09,1161944.98,38.815968,1.3077
28037,Este,Padova,28,45.224007,11.659796,251971267.0,0.0665,0.008025,0.137267,2.234,0.321,8.236,10.791,20.689,271912.78,521314.99,17.804557,0.8606
23027,Cologna Veneta,Verona,23,45.310287,11.384399,64647134.0,0.1019,0.0,0.007476,5.246,0.0,0.449,5.695,10.919,36816.64,70585.39,20.167921,1.8471
15195,San Giuliano Milanese,Milano,15,45.39427,9.291851,871398326.0,0.0565,0.0,0.018854,1.613,0.0,1.131,2.744,5.261,239126.19,458456.09,15.050002,2.8606
26051,Oderzo,Treviso,26,45.783371,12.493778,350293625.0,0.146,0.0,0.015252,10.77,0.0,0.915,11.685,22.403,409328.94,784771.19,21.139592,0.9436
23024,Cazzano di Tramigna,Verona,23,45.473089,11.202892,207423223.0,0.1573,0.0,0.0,12.502,0.0,0.0,12.502,23.969,259317.88,497167.87,20.167921,0.8414
108006,Bellusco,Monza e della Brianza,108,45.618748,9.418633,380681899.0,0.072,0.0,0.001558,2.619,0.0,0.093,2.713,5.201,103270.02,197990.74,13.279771,2.5533
99017,San Giovanni in Marignano,Rimini,99,43.938668,12.712494,516837816.0,0.1844,0.02069,0.044082,17.181,0.828,2.645,20.653,39.597,1067433.67,2046498.8,28.763441,0.7264
54027,Marsciano,Perugia,54,42.910028,12.337042,394032310.0,0.1586,0.023137,0.073762,12.709,0.925,4.426,18.061,34.626,711644.78,1364375.35,38.922787,1.1241
16141,Mornico al Serio,Bergamo,16,45.59138,9.809259,381058286.0,0.1327,0.0,0.05487,8.897,0.0,3.292,12.19,23.37,464491.97,890530.51,21.203762,0.9073
93007,Brugnera,Pordenone,93,45.90351,12.525989,300787404.0,0.1981,0.0,0.013452,19.828,0.0,0.807,20.635,39.563,620688.95,1189993.57,22.312037,0.564
47008,Massa e Cozzile,Pistoia,47,43.91741,10.753727,49283085.0,0.1445,0.020886,0.0,10.55,0.835,0.0,11.385,21.828,56111.06,107576.92,29.709501,1.3611
69005,Atessa,Chieti,69,42.071806,14.448902,939734610.0,0.114,0.269415,0.006046,6.566,10.777,0.363,17.706,33.946,1663871.55,3189997.86,28.116343,0.8283
28054,Mestrino,Padova,28,45.442758,11.758254,245837690.0,0.0979,0.0,0.03624,4.843,0.0,2.174,7.017,13.453,172505.52,330730.0,17.804557,1.3234
34020,Medesano,Parma,34,44.756699,10.140737,259965786.0,0.1557,0.128542,0.079543,12.249,5.142,4.773,22.163,42.491,576164.69,1104631.03,33.475863,0.7878
13129,Lipomo,Como,13,45.794503,9.121646,8792779.0,0.0419,0.000115,0.0,0.887,0.005,0.0,0.892,1.709,784.0,1503.1,12.029442,7.0369
26029,Fonte,Treviso,26,45.787158,11.867507,68944422.0,0.2017,0.0,0.0,20.556,0.0,0.0,20.556,39.409,141719.16,271705.96,21.139592,0.5364
42003,Arcevia,Ancona,42,43.49945,12.940096,118943209.0,0.174,0.050202,0.0,15.297,2.008,0.0,17.305,33.178,205836.31,394632.25,27.781362,0.8373
2059,Formigliana,Vercelli,2,45.429262,8.291928,53495636.0,0.037,0.0,0.190597,0.692,0.0,11.436,12.128,23.251,64876.97,124383.03,17.175786,0.7387
36033,Prignano sulla Secchia,Modena,36,44.43836,10.691899,6519559.0,0.1582,0.314619,0.032297,12.645,12.585,1.938,27.168,52.087,17712.29,33958.25,36.541065,0.7015
3154,Varallo Pombia,Novara,3,45.665904,8.632693,80258034.0,0.0374,0.0,0.008135,0.707,0.0,0.488,1.195,2.291,9589.57,18385.25,12.08995,5.2777
24052,Lonigo,Vicenza,24,45.388116,11.38799,1333426508.0,0.1271,0.000167,0.128381,8.162,0.007,7.703,15.872,30.43,2116383.65,4057560.4,21.315155,0.7005
15093,Corsico,Milano,15,45.430722,9.110233,1744108220.0,0.0473,0.0,0.0,1.13,0.0,0.0,1.13,2.167,197157.52,377993.16,15.050002,6.9443
16220,Treviolo,Bergamo,16,45.671543,9.611742,266016798.0,0.1085,0.0,0.046262,5.948,0.0,2.776,8.724,16.725,232067.85,444923.73,21.203762,1.2678
15150,Morimondo,Milano,15,45.352442,8.954811,175919152.0,0.0449,0.0,0.033248,1.019,0.0,1.995,3.013,5.778,53013.16,101637.57,15.050002,2.6049
83077,San Filippo del Mela,Messina,83,38.169727,15.272527,28177431.0,0.1695,0.0,0.0,14.516,0.0,0.0,14.516,27.831,40903.31,78420.4,44.663628,1.6048
28070,Pozzonovo,Padova,28,45.196597,11.79265,196119341.0,0.0627,0.0,0.009129,1.986,0.0,0.548,2.534,4.858,49698.13,95281.95,17.804557,3.6647
22098,Isera,Trento,22,45.88527,11.009311,6880486.0,0.1247,0.137391,0.003676,7.857,5.496,0.221,13.573,26.023,9338.94,17904.75,14.82766,0.5698
37059,Vergato,Bologna,37,44.28266,11.10731,39988920.0,0.1599,0.282854,0.025947,12.919,11.314,1.557,25.79,49.444,103129.64,197721.59,38.815968,0.785
17065,Darfo Boario Terme,Brescia,17,45.883486,10.180707,310881464.0,0.0902,0.531048,0.09592,4.111,21.242,5.755,31.108,59.641,967088.85,1854116.31,20.48295,0.3434
37001,Anzola dell'Emilia,Bologna,37,44.546684,11.193326,305012601.0,0.1643,0.0,0.481535,13.639,0.0,28.892,42.531,81.542,1297261.94,2487128.78,38.815968,0.476
78091,Paola,Cosenza,78,39.359893,16.039588,27614168.0,0.1955,0.039416,0.016439,19.311,1.577,0.986,21.874,41.938,60403.96,115807.32,50.996071,1.216
28014,Bovolenta,Padova,28,45.270375,11.935086,164799974.0,0.0635,0.0,0.697676,2.037,0.0,41.861,43.898,84.162,723437.4,1386984.32,17.804557,0.2116
15014,Basiano,Milano,15,45.573588,9.467854,161513439.0,0.078,0.0,0.014489,3.074,0.0,0.869,3.943,7.56,63690.58,122108.47,15.050002,1.9907
75084,Taurisano,Lecce,75,39.956619,18.214129,89837520.0,0.059,0.0,0.0,1.759,0.0,0.0,1.759,3.372,15800.81,30293.54,14.108941,4.1841
26066,Resana,Treviso,26,45.634024,11.955293,449198528.0,0.16,0.0,0.003689,12.935,0.0,0.221,13.156,25.223,590969.04,1133014.12,21.139592,0.8381
27032,Salzano,Venezia,27,45.521344,12.10637,155048406.0,0.0997,0.0,0.072654,5.022,0.0,4.359,9.382,17.987,145460.23,278878.4,17.526854,0.9744
39002,Bagnacavallo,Ravenna,39,44.416148,11.97655,124803295.0,0.1794,0.0,0.235857,16.262,0.0,14.151,30.413,58.308,379564.15,727705.72,37.876303,0.6496
27018,Gruaro,Venezia,27,45.833496,12.843709,178783878.0,0.1137,0.0,0.34961,6.532,0.0,20.977,27.508,52.74,491807.37,942899.99,17.526854,0.3323
23083,Sona,Verona,23,45.433438,10.832737,411462505.0,0.1605,0.0,0.004692,13.016,0.0,0.282,13.297,25.494,547130.96,1048967.15,20.167921,0.7911
26071,San Biagio di Callalta,Treviso,26,45.684872,12.377347,268681081.0,0.1247,0.0,0.199536,7.857,0.0,11.972,19.829,38.017,532768.99,1021432.18,21.139592,0.5561
28064,Piombino Dese,Padova,28,45.60752,11.999415,1092179624.0,0.1366,0.0,0.045248,9.428,0.0,2.715,12.143,23.28,1326219.32,2542646.28,17.804557,0.7648
29052,Porto Viro,Rovigo,29,45.025311,12.225237,143867234.0,0.0577,0.0,0.063647,1.682,0.0,3.819,5.501,10.547,79141.19,151730.59,24.853738,2.3566
26072,San Fior,Treviso,26,45.920753,12.358151,291546775.0,0.2363,0.0,0.0,28.213,0.0,0.0,28.213,54.09,822532.97,1576971.75,21.139592,0.3908
17161,Rezzato,Brescia,17,45.514182,10.316671,652751486.0,0.1557,8e-06,0.113113,12.249,0.0,6.787,19.036,36.496,1242573.62,2382279.57,20.48295,0.5612
26008,Carbonera,Treviso,26,45.684838,12.285944,287914728.0,0.138,0.0,0.0,9.622,0.0,0.0,9.622,18.448,277038.22,531141.56,21.139592,1.1459
24008,Arzignano,Vicenza,24,45.519292,11.338594,2339935910.0,0.1574,0.000157,0.0,12.518,0.006,0.0,12.524,24.011,2930548.25,5618488.19,21.315155,0.8877
27007,Ceggia,Venezia,27,45.686437,12.637529,239660570.0,0.097,0.0,0.001981,4.754,0.0,0.119,4.873,9.342,116783.75,223899.43,17.526854,1.8761
28071,Rovolon,Padova,28,45.378027,11.644403,31377476.0,0.0892,0.007849,0.0,4.02,0.314,0.0,4.334,8.31,13599.49,26073.13,17.804557,2.1427
26069,Roncade,Treviso,26,45.627908,12.37478,686419778.0,0.1032,0.0,0.076453,5.381,0.0,4.587,9.968,19.111,684247.53,1311848.95,21.139592,1.1061
26047,Morgano,Treviso,26,45.643398,12.112628,24883337.0,0.1447,0.0,0.017005,10.579,0.0,1.02,11.6,22.239,28863.54,55337.58,21.139592,0.9506
59032,Terracina,Latina,59,41.28712,13.249201,44123482.0,0.0691,0.073093,0.050439,2.413,2.924,3.026,8.363,16.033,36898.68,70742.67,21.481102,1.3398
19044,Formigara,Cremona,19,45.223221,9.771767,12222788.0,0.0783,0.0,0.075688,3.098,0.0,4.541,7.639,14.646,9336.98,17900.99,21.210647,1.4483
22108,Lona-Lases,Trento,22,46.149818,11.219168,17005289.0,0.0641,0.200266,0.001497,2.076,8.011,0.09,10.176,19.511,17305.42,33178.19,14.82766,0.76
3149,Trecate,Novara,3,45.431965,8.735293,291211812.0,0.0379,0.0,0.000544,0.726,0.0,0.033,0.758,1.454,22085.65,42342.92,12.08995,8.3148
59017,Pontinia,Latina,59,41.408456,13.044337,114664856.0,0.0704,0.000857,0.012324,2.504,0.034,0.739,3.278,6.284,37585.82,72060.06,21.481102,3.4182
22116,Mezzocorona,Trento,22,46.215436,11.120786,370235856.0,0.0575,0.481747,0.002747,1.671,19.27,0.165,21.105,40.463,781391.15,1498094.07,14.82766,0.3664
93043,Sesto al Reghena,Pordenone,93,45.847642,12.815531,199616950.0,0.1248,0.0,0.08485,7.869,0.0,5.091,12.96,24.848,258713.43,496009.01,22.312037,0.8979
15168,Parabiago,Milano,15,45.558611,8.947888,410079567.0,0.0393,0.0,0.010446,0.78,0.0,0.627,1.407,2.698,57703.69,110630.32,15.050002,5.5787
78045,Cosenza,Cosenza,78,39.596685,16.333056,202909149.0,0.2673,0.115452,0.031652,36.101,4.618,1.899,42.618,81.708,864756.06,1657922.44,50.996071,0.6241
69099,Vasto,Chieti,69,42.12434,14.705923,302284932.0,0.0849,0.11618,0.004646,3.642,4.647,0.279,8.568,16.427,258994.76,496548.39,28.116343,1.7116
25021,Feltre,Belluno,25,46.016376,11.906254,229987650.0,0.2045,0.005753,0.000338,21.13,0.23,0.02,21.381,40.991,491728.12,942748.05,17.91629,0.4371
16012,Ardesio,Bergamo,16,45.937512,9.931158,38101792.0,0.072,0.202975,0.095429,2.619,8.119,5.726,16.464,31.565,62730.88,120268.53,21.203762,0.6717
12042,Castellanza,Varese,12,45.612374,8.897038,281779283.0,0.0387,0.0,0.004716,0.757,0.0,0.283,1.04,1.993,29296.24,56167.17,11.229804,5.6338
27036,San Stino di Livenza,Venezia,27,45.731078,12.680008,89304171.0,0.1027,0.0,0.013686,5.329,0.0,0.821,6.15,11.791,54924.9,105302.78,17.526854,1.4864
108045,Varedo,Monza e della Brianza,108,45.597444,9.156293,687752196.0,0.0469,0.0,0.006467,1.111,0.0,0.388,1.499,2.875,103121.69,197706.36,13.279771,4.6196
78010,Amantea,Cosenza,78,39.133189,16.074591,58245527.0,0.1846,0.114908,0.043045,17.218,4.596,2.583,24.397,46.774,142101.34,272438.68,50.996071,1.0903
108044,Usmate Velate,Monza e della Brianza,108,45.652458,9.354342,448444313.0,0.0614,0.0,0.005259,1.905,0.0,0.316,2.22,4.257,99570.87,190898.66,13.279771,3.1196
37032,Imola,Bologna,37,44.353514,11.714123,1788625075.0,0.206,0.016295,0.102647,21.441,0.652,6.159,28.252,54.165,5053217.73,9688099.87,38.815968,0.7166
28099,Vigodarzere,Padova,28,45.458193,11.882864,150145818.0,0.0971,0.0,0.040854,4.764,0.0,2.451,7.215,13.833,108331.23,207694.16,17.804557,1.2871
46026,Porcari,Lucca,46,43.840902,10.617621,1751963512.0,0.1301,0.005051,0.300357,8.552,0.202,18.021,26.776,51.334,4690978.53,8993609.81,29.45658,0.5738
15024,Binasco,Milano,15,45.33197,9.099987,340570016.0,0.0511,0.0,0.0,1.319,0.0,0.0,1.319,2.529,44933.04,86146.26,15.050002,5.9499
24117,Villaga,Vicenza,24,45.402477,11.53372,30035132.0,0.1089,0.0,0.0,5.992,0.0,0.0,5.992,11.488,17997.12,34504.32,21.315155,1.8554
9065,Varazze,Savona,9,44.3593,8.575327,52557022.0,0.0524,0.312653,0.009624,1.387,12.506,0.577,14.471,27.744,76054.7,145813.13,24.791781,0.8936
40016,Gatteo,Forlì-Cesena,40,44.109466,12.386042,235881605.0,0.1857,0.0,0.381403,17.424,0.0,22.884,40.308,77.279,950789.74,1822867.42,31.154462,0.4031
26010,Casier,Treviso,26,45.628336,12.26516,788270274.0,0.1172,0.0,0.012618,6.94,0.0,0.757,7.697,14.757,606754.8,1163278.8,21.139592,1.4325
50036,Terricciola,Pisa,50,43.524738,10.680114,17549600.0,0.1408,0.25034,0.041958,10.017,10.014,2.517,22.548,43.229,39570.38,75864.89,28.10564,0.6502
110004,Canosa di Puglia,Barletta-Andria-Trani,110,41.219631,16.067466,61311869.0,0.1821,0.006091,0.085706,16.755,0.244,5.142,22.141,42.449,135748.98,260259.84,22.254355,0.5243
26076,San Vendemiano,Treviso,26,45.890746,12.333844,536677106.0,0.227,0.0,0.0,26.036,0.0,0.0,26.036,49.916,1397276.7,2678878.47,21.139592,0.4235
109032,Ponzano di Fermo,Fermo,109,43.101077,13.656781,20231343.0,0.1773,0.05887,0.0,15.883,2.355,0.0,18.238,34.966,36897.71,70740.8,25.228384,0.7215
67020,Controguerra,Teramo,67,42.855716,13.819336,80031924.0,0.176,0.033908,0.013663,15.651,1.356,0.82,17.827,34.178,142673.96,273536.52,27.38232,0.8012
17150,Pontoglio,Brescia,17,45.56938,9.85346,69765852.0,0.1353,0.0,0.180619,9.249,0.0,10.837,20.087,38.51,140135.41,268669.57,20.48295,0.5319
1257,Santena,Torino,1,44.949111,7.771811,228341783.0,0.0518,0.0,0.023941,1.356,0.0,1.436,2.792,5.353,63757.65,122237.05,20.594868,3.8472
50004,Calcinaia,Pisa,50,43.683201,10.615308,173809143.0,0.1175,0.007668,0.111496,6.976,0.307,6.69,13.972,26.788,242850.82,465596.99,28.10564,1.0492
27038,Spinea,Venezia,27,45.49116,12.165018,54975570.0,0.0857,0.0,0.0,3.711,0.0,0.0,3.711,7.115,20400.89,39112.86,17.526854,2.4635
30044,Gonars,Udine,30,45.895917,13.237131,85386304.0,0.1324,0.0,0.0,8.857,0.0,0.0,8.857,16.981,75627.86,144994.8,22.91097,1.3492
93051,Zoppola,Pordenone,93,45.966254,12.771564,95350000.0,0.1791,0.0,0.004427,16.207,0.0,0.266,16.473,31.582,157068.63,301134.18,22.312037,0.7065
59019,Priverno,Latina,59,41.472616,13.179839,6944946.0,0.0887,0.01139,0.013677,3.975,0.456,0.821,5.251,10.068,3647.12,6992.31,21.481102,2.1336
36044,Soliera,Modena,36,44.738103,10.924393,409804858.0,0.1564,0.0,0.116068,12.359,0.0,6.964,19.323,37.047,791878.3,1518200.18,36.541065,0.9863
24002,Albettone,Vicenza,24,45.35815,11.581474,29287213.0,0.0903,0.0,0.006704,4.12,0.0,0.402,4.522,8.67,13244.27,25392.09,21.315155,2.4585
1009,Andezeno,Torino,1,45.037748,7.870527,152713398.0,0.0449,0.037534,0.130944,1.019,1.501,7.857,10.377,19.894,158464.82,303810.98,20.594868,1.0352
28013,Borgoricco,Padova,28,45.533561,11.965879,265117818.0,0.1158,0.0,0.023849,6.775,0.0,1.431,8.206,15.733,217564.62,417117.93,17.804557,1.1316
72021,Gioia del Colle,Bari,72,40.796728,16.92359,241813538.0,0.0828,0.000337,0.017087,3.464,0.013,1.025,4.503,8.633,108881.46,208749.07,14.160402,1.6403
19104,Ticengo,Cremona,19,45.369274,9.827663,10459069.0,0.1078,0.0,0.0,5.872,0.0,0.0,5.872,11.257,6141.13,11773.86,21.210647,1.8842
24046,Grisignano di Zocco,Vicenza,24,45.47534,11.69895,431662554.0,0.1155,0.0,0.026401,6.74,0.0,1.584,8.324,15.96,359333.04,688918.34,21.315155,1.3356
58009,Ariccia,Roma,58,41.720709,12.671348,609764975.0,0.1658,0.01014,0.038024,13.89,0.406,2.281,16.577,31.781,1010779.49,1937880.61,29.689549,0.9342
17007,Artogne,Brescia,17,45.848982,10.164556,65804791.0,0.1018,0.406138,0.041552,5.236,16.246,2.493,23.975,45.965,157765.69,302470.6,20.48295,0.4456
89006,Carlentini,Siracusa,89,37.275881,15.014978,34644489.0,0.2704,0.001943,0.001899,36.943,0.078,0.114,37.135,71.195,128650.79,246651.1,32.507353,0.4566
74001,Brindisi,Brindisi,74,40.636227,17.688501,417735263.0,0.0506,0.002279,0.011521,1.294,0.091,0.691,2.076,3.98,86725.0,166270.38,13.243039,3.3272
68041,Spoltore,Pescara,68,42.453456,14.140982,100740486.0,0.1588,0.046908,0.024265,12.741,1.876,1.456,16.074,30.817,161926.87,310448.46,27.533978,0.8935
15009,Arese,Milano,15,45.54904,9.077895,1412019769.0,0.0435,0.0,0.008376,0.956,0.0,0.503,1.459,2.797,205963.45,394876.01,15.050002,5.3817
36045,Spilamberto,Modena,36,44.533413,11.024083,530569273.0,0.1629,0.0,0.035906,13.408,0.0,2.154,15.562,29.836,825684.12,1583013.18,36.541065,1.2247
1078,Chieri,Torino,1,45.013884,7.822354,458746307.0,0.0476,0.036335,0.00032,1.145,1.453,0.019,2.617,5.018,120072.49,230204.66,20.594868,4.1041
78040,Cetraro,Cosenza,78,39.516595,15.941584,1089985.0,0.1589,0.037197,0.023008,12.757,1.488,1.38,15.626,29.958,1703.19,3265.39,50.996071,1.7022
44027,Maltignano,Ascoli Piceno,44,42.832248,13.68799,48750474.0,0.177,0.192376,0.054825,15.829,7.695,3.289,26.814,51.408,130719.18,250616.64,32.834347,0.6387
97003,Annone di Brianza,Lecco,97,45.807621,9.332414,137726228.0,0.0516,9.1e-05,0.0,1.345,0.004,0.0,1.349,2.586,18578.35,35618.68,14.425007,5.5777
97082,Valgreghentino,Lecco,97,45.769871,9.412168,35687376.0,0.0612,0.033942,7.1e-05,1.892,1.358,0.004,3.254,6.239,11614.0,22266.53,14.425007,2.3119
1127,La Loggia,Torino,1,44.957744,7.667324,50846296.0,0.0576,0.0,0.279573,1.676,0.0,16.774,18.451,35.374,93815.09,179863.6,20.594868,0.5822
73010,Leporano,Taranto,73,40.383922,17.334904,36410815.0,0.0618,0.0,0.0,1.93,0.0,0.0,1.93,3.7,7026.27,13470.87,15.194153,4.1069
1048,Cambiano,Torino,1,44.971416,7.778698,150972059.0,0.0497,0.007163,0.074875,1.248,0.287,4.492,6.027,11.555,90991.85,174450.85,20.594868,1.7823
97083,Valmadrera,Lecco,97,45.846282,9.358244,190410812.0,0.0511,0.251235,0.114493,1.319,10.049,6.87,18.238,34.967,347277.49,665805.27,14.425007,0.4125
58034,Colleferro,Roma,58,41.727033,13.004158,147220088.0,0.1516,0.029203,0.020611,11.612,1.168,1.237,14.017,26.874,206358.7,395633.8,29.689549,1.1048
22196,Tesero,Trento,22,46.290416,11.511977,80843092.0,0.0657,0.268275,0.003292,2.181,10.731,0.198,13.109,25.134,105981.12,203188.48,14.82766,0.59
78055,Fiumefreddo Bruzio,Cosenza,78,39.234427,16.069517,3708154.0,0.1965,0.060308,0.009605,19.509,2.412,0.576,22.498,43.133,8342.59,15994.54,50.996071,1.1823
24083,Quinto Vicentino,Vicenza,24,45.573798,11.627719,108923615.0,0.1498,0.0,0.019209,11.338,0.0,1.153,12.491,23.947,136052.84,260842.42,21.315155,0.8901
33021,Fiorenzuola d'Arda,Piacenza,33,44.928084,9.910722,663664368.0,0.1204,0.0,0.025058,7.324,0.0,1.503,8.828,16.925,585873.32,1123244.54,28.260932,1.6698
16117,Grassobbio,Bergamo,16,45.65723,9.723107,572117569.0,0.1228,0.0,0.075738,7.619,0.0,4.544,12.164,23.32,695899.07,1334187.46,21.203762,0.9092
68028,Pescara,Pescara,68,42.310262,13.95759,2059699515.0,0.1887,0.04005,0.101656,17.991,1.602,6.099,25.693,49.258,5291906.44,10145717.22,27.533978,0.559
20070,Volta Mantovana,Mantova,20,45.321302,10.659224,76779832.0,0.1381,0.0,0.031789,9.636,0.0,1.907,11.544,22.131,88630.97,169924.53,21.044843,0.9509
19097,Soncino,Cremona,19,45.398975,9.874424,147109447.0,0.1181,0.0,0.076353,7.047,0.0,4.581,11.628,22.294,171064.65,327967.55,21.210647,0.9514
23051,Mozzecane,Verona,23,45.309983,10.818531,150977100.0,0.132,0.0,0.0,8.804,0.0,0.0,8.804,16.879,132915.79,254828.01,20.167921,1.1949
52026,Rapolano Terme,Siena,52,43.287251,11.602927,20250713.0,0.1346,0.357689,0.031079,9.154,14.308,1.865,25.326,48.556,51287.43,98328.98,24.090373,0.4961
49007,Cecina,Livorno,49,43.311345,10.517344,91026213.0,0.0968,0.001927,0.205313,4.734,0.077,12.319,17.13,32.842,155930.61,298952.35,23.707966,0.7219
26087,Valdobbiadene,Treviso,26,45.901413,11.995512,396840160.0,0.2361,6.8e-05,0.0,28.165,0.003,0.0,28.168,54.004,1117807.87,2143076.91,21.139592,0.3914
28080,Santa Giustina in Colle,Padova,28,45.563698,11.906406,289335024.0,0.1273,0.0,0.04478,8.188,0.0,2.687,10.875,20.849,314644.2,603240.27,17.804557,0.854
12098,Marnate,Varese,12,45.629323,8.901095,112382894.0,0.0387,0.0,0.0225,0.757,0.0,1.35,2.107,4.039,23676.01,45391.99,11.229804,2.7803
72020,Corato,Bari,72,41.152761,16.411464,911430289.0,0.1707,0.000769,0.022498,14.723,0.031,1.35,16.103,30.873,1467698.57,2813892.27,14.160402,0.4587
58047,Guidonia Montecelio,Roma,58,41.984273,12.695319,342944420.0,0.145,0.006537,0.015024,10.623,0.261,0.901,11.786,22.596,404196.96,774932.09,29.689549,1.3139
15220,Trezzano sul Naviglio,Milano,15,45.417988,9.069116,599864720.0,0.0459,0.0,0.0,1.064,0.0,0.0,1.064,2.041,63855.21,122424.1,15.050002,7.3743
12107,Oggiona con Santo Stefano,Varese,12,45.699435,8.818381,41923503.0,0.0379,0.0,0.029324,0.726,0.0,1.759,2.485,4.765,10418.85,19975.17,11.229804,2.3569
14078,Villa di Tirano,Sondrio,14,46.203898,10.133854,8951434.0,0.0827,0.040327,0.018622,3.456,1.613,1.117,6.186,11.86,5537.39,10616.37,12.776609,1.0773
23094,Vigasio,Verona,23,45.31703,10.942198,81748822.0,0.1362,0.0,0.0,9.373,0.0,0.0,9.373,17.97,76621.98,146900.73,20.167921,1.1223
2156,Varallo,Vercelli,2,45.813731,8.259211,131270376.0,0.0489,0.034127,0.026747,1.208,1.365,1.605,4.178,8.01,54845.95,105151.42,17.175786,2.1442
18153,Stradella,Pavia,18,45.077356,9.295017,99025455.0,0.0915,0.035326,0.053479,4.23,1.413,3.209,8.852,16.971,87657.03,168057.29,18.961299,1.1173
1001,Agliè,Torino,1,45.367055,7.766918,51498553.0,0.046,0.0,0.016893,1.069,0.0,1.014,2.083,3.993,10725.69,20563.44,20.594868,5.1577
17104,Marcheno,Brescia,17,45.709374,10.215326,233467753.0,0.138,0.034231,0.006768,9.622,1.369,0.406,11.398,21.852,266096.08,510163.13,20.48295,0.9374
17204,Vobarno,Brescia,17,45.643643,10.499454,321131309.0,0.1584,0.124751,0.007002,12.677,4.99,0.42,18.087,34.678,580846.11,1113606.31,20.48295,0.5907
18131,Rovescala,Pavia,18,45.011421,9.348753,32068631.0,0.0955,0.185357,0.0,4.608,7.414,0.0,12.022,23.05,38554.21,73916.67,18.961299,0.8226
16124,Leffe,Bergamo,16,45.800686,9.885456,48143232.0,0.1064,0.058075,0.00666,5.72,2.323,0.4,8.443,16.186,40645.71,77926.53,21.203762,1.31
16115,Gorle,Bergamo,16,45.703735,9.719022,633587062.0,0.1179,0.0,0.080256,7.023,0.0,4.815,11.839,22.697,750086.3,1438075.98,21.203762,0.9342
14007,Berbenno di Valtellina,Sondrio,14,46.168878,9.742367,177941613.0,0.0668,0.133513,0.029478,2.255,5.341,1.769,9.364,17.952,166621.06,319448.24,12.776609,0.7117
34006,Borgo Val di Taro,Parma,34,44.487053,9.765777,29111954.0,0.202,0.245336,0.020664,20.617,9.813,1.24,31.67,60.718,92197.67,176762.66,33.475863,0.5513
16091,Dalmine,Bergamo,16,45.649279,9.603953,1582902578.0,0.1055,0.0,0.023724,5.624,0.0,1.423,7.047,13.511,1115494.44,2138641.58,21.203762,1.5694
17197,Vestone,Brescia,17,45.710641,10.403471,608346216.0,0.1453,0.106059,0.037201,10.667,4.242,2.232,17.142,32.864,1042801.61,1999273.87,20.48295,0.6233
16126,Levate,Bergamo,16,45.625179,9.624154,266193498.0,0.1124,0.0,0.072379,6.383,0.0,4.343,10.726,20.564,285522.17,547407.1,21.203762,1.0311
16074,Cisano Bergamasco,Bergamo,16,45.74248,9.470248,221220515.0,0.071,0.076136,0.023475,2.547,3.045,1.409,7.001,13.422,154875.85,296930.16,21.203762,1.5797
13147,Merone,Como,13,45.78774,9.246188,210336212.0,0.0473,0.0,0.071988,1.13,0.0,4.319,5.45,10.448,114626.93,219764.36,12.029442,1.1513
99024,Pennabilli,Rimini,99,43.817054,12.265276,47076398.0,0.181,0.424371,0.013409,16.553,16.975,0.805,34.332,65.822,161624.13,309868.05,28.763441,0.437
65014,Battipaglia,Salerno,65,40.609254,14.982144,522897036.0,0.108,0.012632,0.018652,5.893,0.505,1.119,7.518,14.413,393102.98,753662.55,25.585615,1.7752
16204,Sovere,Bergamo,16,45.820724,10.023098,234990434.0,0.1037,0.185694,0.018621,5.433,7.428,1.117,13.978,26.8,328480.52,629767.45,21.203762,0.7912
46001,Altopascio,Lucca,46,43.815041,10.674396,668928907.0,0.1264,0.000377,0.178946,8.073,0.015,10.737,18.824,36.09,1259219.15,2414192.61,29.45658,0.8162
87004,Acireale,Catania,87,37.612777,15.16588,93121190.0,0.2194,0.025101,0.0,24.322,1.004,0.0,25.326,48.555,235834.71,452145.62,36.827421,0.7585
42038,Polverigi,Ancona,42,43.525561,13.392073,90527444.0,0.1835,0.152682,0.0,17.013,6.107,0.0,23.121,44.327,209305.13,401282.73,27.781362,0.6267
43013,Civitanova Marche,Macerata,43,43.305523,13.72293,847227224.0,0.1815,0.010032,0.0,16.645,0.401,0.0,17.046,32.68,1444165.33,2768774.02,27.736975,0.8487
17093,Longhena,Brescia,17,45.437678,10.059667,17848206.0,0.1404,0.0,0.0,9.96,0.0,0.0,9.96,19.095,17776.51,34081.37,20.48295,1.0727
41010,Cartoceto,Pesaro e Urbino,41,43.765663,12.883458,98056860.0,0.1858,0.028559,0.0,17.443,1.142,0.0,18.585,35.631,182237.43,349388.15,24.621765,0.691
14068,Tovo di Sant'Agata,Sondrio,14,46.244779,10.246453,31927343.0,0.0751,0.027712,0.010299,2.85,1.108,0.618,4.576,8.773,14610.3,28011.07,12.776609,1.4563
36039,San Prospero,Modena,36,44.789671,11.0221,203435524.0,0.1547,0.0,0.084939,12.092,0.0,5.096,17.188,32.954,349671.96,670395.99,36.541065,1.1089
97070,Primaluna,Lecco,97,45.986971,9.429608,122042198.0,0.0472,0.162587,0.020973,1.126,6.503,1.258,8.888,17.039,108465.07,207950.75,14.425007,0.8466
22117,Mezzolombardo,Trento,22,46.212094,11.093509,151435755.0,0.057,0.360718,0.025347,1.642,14.429,1.521,17.591,33.726,266392.76,510731.93,14.82766,0.4397
24107,Torrebelvicino,Vicenza,24,45.718939,11.308834,133058542.0,0.1607,0.000225,0.0,13.048,0.009,0.0,13.057,25.033,173736.71,333090.46,21.315155,0.8515
108030,Meda,Monza e della Brianza,108,45.662505,9.156753,1608997541.0,0.0459,0.0,0.0,1.064,0.0,0.0,1.064,2.041,171276.74,328374.16,13.279771,6.5069
28065,Piove di Sacco,Padova,28,45.297692,12.036814,268539404.0,0.0629,0.0,0.120489,1.999,0.0,7.229,9.228,17.693,247818.05,475120.24,17.804557,1.0063
16244,Zandobbio,Bergamo,16,45.687882,9.853358,149186465.0,0.1277,0.000385,0.008518,8.239,0.015,0.511,8.766,16.806,130776.15,250725.87,21.203762,1.2617
16114,Gorlago,Bergamo,16,45.676703,9.827054,83079715.0,0.1293,0.022324,0.075216,8.447,0.893,4.513,13.853,26.559,115091.63,220655.29,21.203762,0.7984
65116,Salerno,Salerno,65,40.419442,15.310756,1642045274.0,0.1224,0.226571,0.010186,7.57,9.063,0.611,17.244,33.06,2831498.76,5428589.12,25.585615,0.7739
63059,Portici,Napoli,63,40.818973,14.338745,206256718.0,0.1679,0.0,0.001415,14.244,0.0,0.085,14.328,27.471,295534.43,566602.76,35.751904,1.3015
43049,Sarnano,Macerata,43,43.03538,13.29831,24861393.0,0.181,0.115006,0.0,16.553,4.6,0.0,21.153,40.555,52589.72,100825.74,27.736975,0.6839
4215,Savigliano,Cuneo,4,44.644037,7.655929,2667913824.0,0.0778,0.0,0.038088,3.058,0.0,2.285,5.344,10.245,1425614.97,2733209.01,16.396584,1.6005
67005,Basciano,Teramo,67,42.594401,13.739647,73120028.0,0.1842,0.188346,0.021206,17.143,7.534,1.272,25.95,49.751,189743.53,363778.95,27.38232,0.5504
54051,Spoleto,Perugia,54,42.735512,12.736336,475349296.0,0.2143,0.041338,0.026552,23.204,1.654,1.593,26.451,50.711,1257327.07,2410565.08,38.922787,0.7675
14032,Gordona,Sondrio,14,46.292293,9.365335,42390647.0,0.0472,0.282338,0.037464,1.126,11.294,2.248,14.667,28.12,62174.39,119201.6,12.776609,0.4544
74012,Ostuni,Brindisi,74,40.727631,17.576406,270167320.0,0.052,3.4e-05,0.004347,1.366,0.001,0.261,1.628,3.122,43994.36,84346.6,13.243039,4.2418
43016,Esanatoglia,Macerata,43,43.252208,12.947827,65730890.0,0.1853,0.013543,0.0,17.349,0.542,0.0,17.89,34.3,117595.73,225456.17,27.736975,0.8087
53004,Castel del Piano,Grosseto,53,42.893235,11.53838,36950846.0,0.1401,0.082158,0.036426,9.917,3.286,2.186,15.389,29.504,56864.36,109021.15,19.796812,0.671
22001,Ala,Trento,22,45.757901,11.001818,279892909.0,0.1559,0.257814,0.002359,12.28,10.313,0.142,22.734,43.587,636320.44,1219962.46,14.82766,0.3402
4117,Marene,Cuneo,4,44.661972,7.729157,80956983.0,0.0644,0.0,0.042807,2.096,0.0,2.568,4.664,8.942,37757.76,72389.7,16.396584,1.8337
60075,Strangolagalli,Frosinone,60,41.600719,13.493904,9714794.0,0.1779,0.033399,0.001697,15.991,1.336,0.102,17.429,33.414,16931.48,32461.28,34.188464,1.0232
20053,Roverbella,Mantova,20,45.26578,10.767527,69693979.0,0.1185,0.0,0.122625,7.095,0.0,7.357,14.453,27.709,100725.44,193112.23,21.044843,0.7595
24111,Valdagno,Vicenza,24,45.641321,11.30406,605021248.0,0.1643,0.025075,0.0,13.639,1.003,0.0,14.642,28.072,885891.55,1698443.7,21.315155,0.7593
37021,Castenaso,Bologna,37,44.50887,11.469811,274196647.0,0.1724,0.0,0.069887,15.017,0.0,4.193,19.211,36.831,526746.3,1009885.39,38.815968,1.0539
16182,Rogno,Bergamo,16,45.857665,10.133545,118399365.0,0.0951,0.420377,0.048558,4.57,16.815,2.913,24.298,46.585,287688.73,551560.87,21.203762,0.4552
16218,Trescore Balneario,Bergamo,16,45.696483,9.842557,168258180.0,0.1277,0.019314,0.030951,8.239,0.773,1.857,10.869,20.838,182881.38,350622.74,21.203762,1.0175
16176,Presezzo,Bergamo,16,45.69208,9.570351,49407547.0,0.095,0.0,0.010721,4.56,0.0,0.643,5.203,9.976,25708.03,49287.8,21.203762,2.1255
16144,Nembro,Bergamo,16,45.743974,9.759275,451507008.0,0.1162,0.097491,0.027469,6.822,3.9,1.648,12.37,23.716,558517.13,1070796.86,21.203762,0.8941
75035,Lecce,Lecce,75,40.152217,18.226063,1156056891.0,0.0554,0.0,0.00025,1.551,0.0,0.015,1.566,3.002,181007.7,347030.49,14.108941,4.7001
110005,Margherita di Savoia,Barletta-Andria-Trani,110,41.374235,16.150166,10635567.0,0.1272,0.0,0.243472,8.175,0.0,14.608,22.783,43.681,24231.43,46456.85,22.254355,0.5095
82070,Termini Imerese,Palermo,82,37.983651,13.695554,279045415.0,0.1795,0.012797,0.023234,16.28,0.512,1.394,18.186,34.866,507461.53,972912.37,29.57954,0.8484
43033,Morrovalle,Macerata,43,43.314553,13.579508,361344632.0,0.1831,0.063262,0.0,16.939,2.53,0.0,19.47,37.328,703528.44,1348814.6,27.736975,0.7431
94034,Pettoranello del Molise,Isernia,94,41.573125,14.277521,87278780.0,0.2662,0.064223,0.01209,35.804,2.569,0.725,39.099,74.96,341246.94,654243.42,43.903663,0.5857
15188,Rosate,Milano,15,45.351992,9.017478,381563534.0,0.0467,0.0,0.0,1.102,0.0,0.0,1.102,2.113,42045.38,80609.99,15.050002,7.1238
17032,Calcinato,Brescia,17,45.457182,10.413574,691446788.0,0.1558,1.7e-05,0.107944,12.265,0.001,6.477,18.742,35.932,1295902.38,2484522.21,20.48295,0.57
16086,Costa Volpino,Bergamo,16,45.829888,10.098161,435147256.0,0.106,0.22618,0.139056,5.677,9.047,8.343,23.068,44.226,1003784.5,1924469.71,21.203762,0.4794
7003,Aosta,Valle d'Aosta/Vallée d'Aoste,7,45.737088,7.319665,279065777.0,0.0965,0.149421,0.044138,4.705,5.977,2.648,13.33,25.557,372001.85,713207.16,17.572597,0.6876
48032,Pelago,Firenze,48,43.771824,11.50463,35259130.0,0.1471,0.270622,0.015397,10.933,10.825,0.924,22.682,43.486,79974.02,153327.32,35.050589,0.806
17166,Rovato,Brescia,17,45.567038,9.998601,621371467.0,0.1392,0.0,0.0,9.79,0.0,0.0,9.79,18.77,608341.45,1166320.76,20.48295,1.0913
16251,Solza,Bergamo,16,45.677143,9.488937,21521363.0,0.0776,0.0,0.18742,3.043,0.0,11.245,14.288,27.393,30749.24,58952.87,21.203762,0.7741
33037,Pontenure,Piacenza,33,44.999165,9.788569,556187971.0,0.0987,0.0,0.042699,4.922,0.0,2.562,7.484,14.349,416254.25,798048.49,28.260932,1.9696
65010,Atena Lucana,Salerno,65,40.455111,15.557264,130242362.0,0.2224,0.011098,0.014619,24.991,0.444,0.877,26.312,50.446,342697.16,657023.79,25.585615,0.5072
5011,Bubbio,Asti,5,44.663673,8.295134,63132932.0,0.0483,6.1e-05,0.087368,1.179,0.002,5.242,6.423,12.315,40551.82,77746.52,21.748752,1.7661
17096,Lumezzane,Brescia,17,45.648258,10.264546,1372669178.0,0.1459,0.005155,0.015999,10.755,0.206,0.96,11.922,22.856,1636438.66,3137403.14,20.48295,0.8962
43055,Urbisaglia,Macerata,43,43.196608,13.376571,54169879.0,0.1745,0.207129,0.0,15.385,8.285,0.0,23.671,45.382,128223.08,245831.09,27.736975,0.6112
1216,Rivara,Torino,1,45.332553,7.632916,79298573.0,0.0515,0.0,0.002133,1.34,0.0,0.128,1.468,2.815,11641.54,22319.32,20.594868,7.3172
26017,Cimadolmo,Treviso,26,45.787138,12.361633,155883740.0,0.1757,0.0,0.0,15.598,0.0,0.0,15.598,29.904,243143.11,466157.38,21.139592,0.7069
17034,Calvisano,Brescia,17,45.348052,10.345921,226272734.0,0.1397,0.0,0.105904,9.861,0.0,6.354,16.215,31.088,366901.27,703428.25,20.48295,0.6589
4104,Lagnasco,Cuneo,4,44.624928,7.555576,41133652.0,0.1088,0.0,0.013197,5.981,0.0,0.792,6.773,12.985,27859.17,53412.0,16.396584,1.2627
24071,Nanto,Vicenza,24,45.421995,11.605006,12434256.0,0.1049,0.0,0.0,5.56,0.0,0.0,5.56,10.66,6913.35,13254.37,21.315155,1.9996
9064,Vado Ligure,Savona,9,44.27144,8.43822,278871279.0,0.057,0.044248,0.017397,1.642,1.77,1.044,4.455,8.542,124246.64,238207.39,24.791781,2.9024
80038,Gioia Tauro,Reggio di Calabria,80,38.423974,15.898995,370323837.0,0.2626,0.003424,0.063629,34.842,0.137,3.818,38.797,74.382,1436746.16,2754549.89,48.652369,0.6541
28007,Arzergrande,Padova,28,45.27286,12.053944,39767914.0,0.0616,0.0,0.469242,1.917,0.0,28.155,30.072,57.654,119589.16,229278.02,17.804557,0.3088
28023,Carmignano di Brenta,Padova,28,45.628771,11.699861,225489320.0,0.161,0.0,0.0,13.097,0.0,0.0,13.097,25.11,295321.7,566194.91,17.804557,0.7091
24062,Montecchio Precalcino,Vicenza,24,45.665781,11.563302,284022774.0,0.1647,0.0,0.0,13.706,0.0,0.0,13.706,26.277,389276.33,746326.03,21.315155,0.8112
3108,Oleggio,Novara,3,45.597231,8.637068,69712609.0,0.0372,0.00032,0.013143,0.699,0.013,0.789,1.501,2.877,10460.96,20055.9,12.08995,4.2024
108027,Limbiate,Monza e della Brianza,108,45.598605,9.119731,188401573.0,0.0441,0.0,0.005689,0.983,0.0,0.341,1.324,2.538,24944.01,47823.0,13.279771,5.2316
4179,Racconigi,Cuneo,4,44.769819,7.678887,45047440.0,0.0681,0.0,2e-06,2.343,0.0,0.0,2.343,4.493,10556.12,20238.34,16.396584,3.6496
108040,Seveso,Monza e della Brianza,108,45.643466,9.137379,149899634.0,0.0448,0.000723,0.002727,1.014,0.029,0.164,1.207,2.313,18087.24,34677.11,13.279771,5.7405
31009,Grado,Gorizia,31,45.677692,13.386443,33063891.0,0.0797,0.0,0.214379,3.209,0.0,12.863,16.072,30.814,53141.0,101882.68,23.340869,0.7575
16160,Pedrengo,Bergamo,16,45.695982,9.734955,903636099.0,0.1208,0.0,0.010567,7.373,0.0,0.634,8.007,15.351,723554.38,1387208.6,21.203762,1.3812
19081,Ripalta Cremasca,Cremona,19,45.32856,9.679244,76803031.0,0.0823,0.0,0.098024,3.422,0.0,5.881,9.304,17.837,71455.5,136995.48,21.210647,1.1891
17080,Gottolengo,Brescia,17,45.291033,10.269829,66131256.0,0.1188,0.0,0.0,7.131,0.0,0.0,7.131,13.672,47158.21,90412.38,20.48295,1.4982
24036,Creazzo,Vicenza,24,45.532053,11.478581,364854610.0,0.1527,0.0,0.0,11.781,0.0,0.0,11.781,22.587,429848.63,824111.82,21.315155,0.9437
97022,Civate,Lecco,97,45.828081,9.342944,146981138.0,0.0524,0.081945,0.027137,1.387,3.278,1.628,6.293,12.066,92500.39,177343.05,14.425007,1.1955
7004,Arnad,Valle d'Aosta/Vallée d'Aoste,7,45.644475,7.722183,42041855.0,0.0532,0.88965,0.088078,1.43,35.586,5.285,42.301,81.099,177839.97,340957.29,17.572597,0.2167
27035,Santa Maria di Sala,Venezia,27,45.505036,12.033868,605147692.0,0.098,0.0,0.066236,4.853,0.0,3.974,8.827,16.923,534146.16,1024072.51,17.526854,1.0357
77014,Matera,Matera,77,40.447642,16.473574,806592689.0,0.1166,0.024386,0.033878,6.869,0.975,2.033,9.877,18.937,796708.35,1527460.41,22.969725,1.2129
39006,Castel Bolognese,Ravenna,39,44.320487,11.799258,568580679.0,0.2065,0.001757,0.127174,21.546,0.07,7.63,29.246,56.071,1662886.85,3188109.99,37.876303,0.6755
39014,Ravenna,Ravenna,39,44.364061,12.059009,2323870522.0,0.1835,0.0,0.30287,17.013,0.0,18.172,35.186,67.458,8176665.63,15676417.99,37.876303,0.5615
13163,Novedrate,Como,13,45.698946,9.120498,76605001.0,0.0437,0.015655,0.000868,0.965,0.626,0.052,1.643,3.15,12587.55,24133.03,12.029442,3.8185
103072,Verbania,Verbano-Cusio-Ossola,103,45.937663,8.52653,317383325.0,0.0445,0.000875,0.495535,1.001,0.035,29.732,30.768,58.988,976513.82,1872185.99,17.575018,0.2979
103054,Pieve Vergonte,Verbano-Cusio-Ossola,103,46.012976,8.260816,12149219.0,0.0648,0.075086,0.016123,2.122,3.003,0.967,6.092,11.681,7401.84,14190.91,17.575018,1.5046
65099,Pontecagnano Faiano,Salerno,65,40.640904,14.881882,258681970.0,0.1024,0.000372,0.014281,5.298,0.015,0.857,6.17,11.829,159601.81,305990.84,25.585615,2.163
15211,Settimo Milanese,Milano,15,45.480309,9.055356,451026740.0,0.0436,0.0,0.0,0.96,0.0,0.0,0.96,1.841,43320.44,83054.56,15.050002,8.1729
75045,Melpignano,Lecce,75,40.157081,18.293078,4516141.0,0.0557,0.004089,0.003448,1.568,0.164,0.207,1.938,3.716,875.23,1678.01,14.108941,3.7972
17133,Palazzolo sull'Oglio,Brescia,17,45.599069,9.884966,207107085.0,0.136,0.0,0.033649,9.345,0.0,2.019,11.364,21.788,235362.44,451240.18,20.48295,0.9401
2158,Vercelli,Vercelli,2,45.555383,8.346284,1234812531.0,0.0383,0.0,0.135734,0.741,0.0,8.144,8.885,17.035,1097156.31,2103483.45,17.175786,1.0083
16008,Alzano Lombardo,Bergamo,16,45.733603,9.730494,160453393.0,0.1138,0.066345,0.037048,6.543,2.654,2.223,11.42,21.895,183238.74,351307.88,21.203762,0.9684
71029,Manfredonia,Foggia,71,41.625473,15.909593,128099738.0,0.1971,0.006989,0.097336,19.629,0.28,5.84,25.748,49.365,329836.21,632366.6,37.634206,0.7624
26003,Asolo,Treviso,26,45.800726,11.914244,932210658.0,0.2139,0.0,0.0,23.117,0.0,0.0,23.117,44.321,2155029.73,4131653.21,21.139592,0.477
4066,Ceva,Cuneo,4,44.387276,8.033048,33760424.0,0.0608,0.09638,0.029581,1.868,3.855,1.775,7.498,14.375,25313.01,48530.46,16.396584,1.1406
16003,Albano Sant'Alessandro,Bergamo,16,45.686482,9.770656,475856912.0,0.1233,0.024274,0.038466,7.681,0.971,2.308,10.96,21.013,521557.27,999936.91,21.203762,1.0091
1220,Robassomero,Torino,1,45.200049,7.568917,450866280.0,0.0595,0.0,0.057219,1.789,0.0,3.433,5.222,10.011,235437.77,451384.59,20.594868,2.0571
17043,Castenedolo,Brescia,17,45.471576,10.29831,572415282.0,0.1535,0.0,0.09846,11.905,0.0,5.908,17.813,34.151,1019628.28,1954845.63,20.48295,0.5998
12108,Olgiate Olona,Varese,12,45.631,8.889841,100692898.0,0.0384,0.0,0.019264,0.745,0.0,1.156,1.901,3.644,19140.52,36696.47,11.229804,3.0814
33013,Castel San Giovanni,Piacenza,33,45.059067,9.434178,89444932.0,0.094,4e-06,0.116618,4.465,0.0,6.997,11.462,21.975,102519.5,196551.83,28.260932,1.2861
47014,Pistoia,Pistoia,47,43.974096,10.868708,816349159.0,0.1754,0.079264,0.079826,15.545,3.171,4.79,23.505,45.063,1918797.83,3678746.11,29.709501,0.6593
16081,Comun Nuovo,Bergamo,16,45.622911,9.663127,319905499.0,0.1169,0.0,0.0,6.905,0.0,0.0,6.905,13.238,220886.09,423485.9,21.203762,1.6018
40001,Bagno di Romagna,Forlì-Cesena,40,43.835227,11.959598,44693768.0,0.2083,0.488464,0.006955,21.923,19.539,0.417,41.879,80.29,187171.55,358847.91,31.154462,0.388
87029,Misterbianco,Catania,87,37.519172,15.007936,502455543.0,0.1982,0.0,0.0,19.848,0.0,0.0,19.848,38.054,997292.55,1912023.26,36.827421,0.9678
108001,Agrate Brianza,Monza e della Brianza,108,45.576173,9.350948,5480232421.0,0.0601,0.0,0.005096,1.825,0.0,0.306,2.131,4.085,1167714.54,2238758.69,13.279771,3.2507
23022,Castelnuovo del Garda,Verona,23,45.4384,10.760479,722031841.0,0.1606,0.0,0.148645,13.032,0.0,8.919,21.951,42.084,1584905.33,3038602.71,20.167921,0.4792
54045,Sant'Anatolia di Narco,Perugia,54,42.733758,12.835586,61054049.0,0.2456,0.146506,0.018373,30.477,5.86,1.102,37.44,71.78,228584.96,438246.28,38.922787,0.5423
27019,Jesolo,Venezia,27,45.536709,12.638334,106305340.0,0.0707,0.0,0.473589,2.526,0.0,28.415,30.941,59.32,328918.21,630606.61,17.526854,0.2955
28016,Cadoneghe,Padova,28,45.458648,11.920175,500860722.0,0.0944,0.0,0.022194,4.503,0.0,1.332,5.834,11.185,292213.26,560235.36,17.804557,1.5918
13041,Cantù,Como,13,45.739535,9.129103,657541192.0,0.043,2.4e-05,0.002952,0.934,0.001,0.177,1.112,2.133,73139.07,140223.25,12.029442,5.6409
8031,Imperia,Imperia,8,43.958375,7.866743,1476879150.0,0.1618,0.084328,0.025327,13.227,3.373,1.52,18.12,34.74,2676126.5,5130707.26,29.468433,0.8483
24061,Montecchio Maggiore,Vicenza,24,45.505079,11.408445,2310766299.0,0.1528,0.0,0.0,11.797,0.0,0.0,11.797,22.617,2725965.57,5226259.4,21.315155,0.9424
22139,Pergine Valsugana,Trento,22,46.060529,11.240675,209353149.0,0.0765,0.111512,0.002051,2.957,4.46,0.123,7.54,14.457,157862.04,302655.31,14.82766,1.0257
13138,Lurate Caccivio,Como,13,45.764583,8.991472,220471406.0,0.0392,0.000168,0.0,0.776,0.007,0.0,0.783,1.501,17265.72,33102.09,12.029442,8.012
99003,Coriano,Rimini,99,43.965186,12.602374,189217022.0,0.1845,0.119775,0.030876,17.199,4.791,1.853,23.843,45.712,451147.2,864945.73,28.763441,0.6292
31022,Savogna d'Isonzo,Gorizia,31,45.905882,13.574864,20764990.0,0.1919,0.0,0.071711,18.607,0.0,4.303,22.909,43.922,47571.11,91203.99,23.340869,0.5314
23021,Castel d'Azzano,Verona,23,45.355884,10.952988,515561464.0,0.1465,0.0,0.0,10.844,0.0,0.0,10.844,20.79,559079.19,1071874.47,20.167921,0.9701
27008,Chioggia,Venezia,27,45.218894,12.27858,89470977.0,0.0567,0.0,0.303306,1.624,0.0,18.198,19.823,38.004,177355.86,340029.14,17.526854,0.4612
44015,Comunanza,Ascoli Piceno,44,42.956852,13.412872,70189331.0,0.181,0.010603,0.0,16.553,0.424,0.0,16.977,32.549,119160.75,228456.67,32.834347,1.0088
37050,Sala Bolognese,Bologna,37,44.629603,11.272748,695346957.0,0.161,0.0,0.976886,13.097,0.0,58.613,71.71,137.484,4986339.03,9559879.1,38.815968,0.2823
96032,Masserano,Biella,96,45.594632,8.224249,209907236.0,0.0399,0.000207,0.00256,0.804,0.008,0.154,0.966,1.853,20282.58,38886.05,19.06674,10.2922
28087,Solesino,Padova,28,45.177332,11.743372,12887005.0,0.0632,0.0,0.017734,2.018,0.0,1.064,3.082,5.909,3972.01,7615.19,17.804557,3.013
42045,Senigallia,Ancona,42,43.714906,13.217742,792426712.0,0.1814,0.048528,0.0,16.626,1.941,0.0,18.567,35.597,1471321.6,2820838.4,27.781362,0.7804
16206,Spirano,Bergamo,16,45.582078,9.668856,53108568.0,0.1182,0.0,0.217669,7.059,0.0,13.06,20.119,38.573,106850.68,204855.63,21.203762,0.5497
41058,Sant'Ippolito,Pesaro e Urbino,41,43.685715,12.871689,31151077.0,0.1805,0.143286,0.0,16.462,5.731,0.0,22.193,42.549,69133.71,132544.12,24.621765,0.5787
23073,San Martino Buon Albergo,Verona,23,45.421687,11.09689,261885265.0,0.1552,0.0,0.069371,12.17,0.0,4.162,16.333,31.313,427725.52,820041.36,20.167921,0.6441
35027,Montecchio Emilia,Reggio nell'Emilia,35,44.700451,10.446413,399450294.0,0.1533,0.0,0.058106,11.874,0.0,3.486,15.36,29.449,613575.38,1176355.32,36.618436,1.2434
41022,Lunano,Pesaro e Urbino,41,43.730475,12.441417,198053706.0,0.1748,0.184547,0.0,15.438,7.382,0.0,22.82,43.751,451962.84,866509.48,24.621765,0.5628
30129,Udine,Udine,30,46.063463,13.235838,2591436680.0,0.2024,0.0,0.005519,20.698,0.0,0.331,21.03,40.318,5449695.26,10448232.17,22.91097,0.5683
26052,Ormelle,Treviso,26,45.779103,12.420337,251226319.0,0.1636,0.0,0.004272,13.523,0.0,0.256,13.78,26.419,346181.53,663704.09,21.139592,0.8002
89012,Melilli,Siracusa,89,37.178288,15.126621,229302224.0,0.2627,0.004497,0.0,34.869,0.18,0.0,35.049,67.196,803675.46,1540817.85,32.507353,0.4838
39008,Conselice,Ravenna,39,44.512758,11.829174,1376923125.0,0.1712,0.0,0.476766,14.809,0.0,28.606,43.415,83.236,5977903.51,11460920.43,37.876303,0.455
16242,Villongo,Bergamo,16,45.673042,9.933834,311045624.0,0.132,0.02151,0.000637,8.804,0.86,0.038,9.702,18.601,301786.58,578589.47,21.203762,1.1399
4100,Grinzane Cavour,Cuneo,4,44.65334,7.995036,92153145.0,0.0497,0.155912,0.048395,1.248,6.236,2.904,10.388,19.916,95730.76,183536.36,16.396584,0.8233
48006,Campi Bisenzio,Firenze,48,43.821634,11.136678,1106424153.0,0.1318,0.0,0.126432,8.777,0.0,7.586,16.363,31.371,1810438.25,3470997.6,35.050589,1.1173
23041,Isola Rizza,Verona,23,45.291198,11.19818,55637117.0,0.1126,0.0,0.0,6.406,0.0,0.0,6.406,12.282,35641.75,68332.86,20.167921,1.6421
23048,Minerbe,Verona,23,45.240862,11.334839,109884945.0,0.0909,0.0,0.0,4.175,0.0,0.0,4.175,8.004,45875.79,87953.72,20.167921,2.5197
42034,Osimo,Ancona,42,43.486136,13.482407,783710118.0,0.1831,0.06246,0.0,16.939,2.498,0.0,19.438,37.266,1523348.73,2920585.55,27.781362,0.7455
33046,Villanova sull'Arda,Piacenza,33,45.026005,9.997061,98294679.0,0.1025,0.0,0.213042,5.308,0.0,12.783,18.091,34.684,177824.32,340927.29,28.260932,0.8148
4089,Fossano,Cuneo,4,44.549349,7.725016,881172776.0,0.0729,0.000676,0.045587,2.685,0.027,2.735,5.447,10.444,480013.19,920288.02,16.396584,1.57
92074,Sestu,Cagliari,92,39.294248,9.092972,208295014.0,0.0,0.000195,0.025075,0.0,0.008,1.504,1.512,2.899,31500.45,60393.11,12.810064,4.4182
25048,Santa Giustina,Belluno,25,46.083884,12.043238,207036698.0,0.2253,9.7e-05,0.0,25.647,0.004,0.0,25.651,49.179,531071.56,1018177.84,17.91629,0.3643
13087,Dizzasco,Como,13,45.943782,9.099736,8016163.0,0.0395,0.104877,0.020113,0.788,4.195,1.207,6.19,11.868,4962.16,9513.53,12.029442,1.0136
58117,Ardea,Roma,58,41.608712,12.519382,67996091.0,0.1228,0.002108,0.003248,7.619,0.084,0.195,7.898,15.143,53706.63,102967.1,29.689549,1.9606
93005,Azzano Decimo,Pordenone,93,45.88142,12.714314,170307348.0,0.1504,0.0,0.104398,11.429,0.0,6.264,17.693,33.921,301325.02,577704.55,22.312037,0.6578
4003,Alba,Cuneo,4,44.700724,8.035779,2705985332.0,0.0471,0.000702,0.012582,1.121,0.028,0.755,1.904,3.65,515187.36,987724.44,16.396584,4.492
20014,Castel d'Ario,Mantova,20,45.189008,10.97513,184441726.0,0.093,0.0,0.186645,4.37,0.0,11.199,15.569,29.849,287152.18,550532.18,21.044843,0.7051
26021,Conegliano,Treviso,26,45.886217,12.297757,654317477.0,0.2313,0.000969,0.0,27.031,0.039,0.0,27.07,51.899,1771249.34,3395864.07,21.139592,0.4073
24090,Salcedo,Vicenza,24,45.75878,11.564978,13550525.0,0.1659,0.0,0.0,13.906,0.0,0.0,13.906,26.661,18843.71,36127.43,21.315155,0.7995
24060,Montebello Vicentino,Vicenza,24,45.457216,11.385366,719990608.0,0.1432,0.0,0.005401,10.361,0.0,0.324,10.685,20.486,769317.71,1474946.7,21.315155,1.0405
1046,Cafasse,Torino,1,45.24596,7.517235,9511001.0,0.0654,0.020291,0.027477,2.161,0.812,1.649,4.621,8.86,4395.37,8426.86,20.594868,2.3244
26068,Riese Pio X,Treviso,26,45.729222,11.917005,512433174.0,0.1939,0.0,0.0,18.996,0.0,0.0,18.996,36.42,973442.91,1866298.4,21.139592,0.5804
15086,Cormano,Milano,15,45.544513,9.167621,517891149.0,0.0475,0.0,0.010315,1.14,0.0,0.619,1.759,3.372,91091.87,174642.62,15.050002,4.463
87049,Scordia,Catania,87,37.296429,14.846239,22948719.0,0.251,0.006032,0.0,31.832,0.241,0.0,32.073,61.492,73604.26,141115.12,36.827421,0.5989
54001,Assisi,Perugia,54,43.071195,12.614667,746740680.0,0.2309,0.056406,0.027177,26.938,2.256,1.631,30.825,59.098,2301818.38,4413078.48,38.922787,0.6586
54022,Gualdo Cattaneo,Perugia,54,42.909409,12.555816,56163143.0,0.1996,0.047347,0.00812,20.13,1.894,0.487,22.511,43.158,126427.98,242389.5,38.922787,0.9019
54026,Magione,Perugia,54,43.142737,12.203496,955608371.0,0.1639,0.009377,0.002106,13.573,0.375,0.126,14.074,26.984,1344964.34,2578584.49,38.922787,1.4425
17147,Poncarale,Brescia,17,45.460663,10.173909,46508662.0,0.1462,0.0,0.0,10.8,0.0,0.0,10.8,20.705,50228.04,96297.9,20.48295,0.9893
10012,Casella,Genova,10,44.535586,8.996786,93132287.0,0.0894,0.091056,0.070401,4.038,3.642,4.224,11.905,22.824,110869.75,212561.04,24.504626,1.0737
97020,Cernusco Lombardone,Lecco,97,45.69286,9.400698,147407972.0,0.0641,3.6e-05,0.001983,2.076,0.001,0.119,2.196,4.211,32377.43,62074.46,14.425007,3.4255
33024,Gragnano Trebbiense,Piacenza,33,45.013163,9.568964,829646410.0,0.0966,0.0,0.123054,4.715,0.0,7.383,12.098,23.195,1003717.3,1924340.88,28.260932,1.2184
43043,Potenza Picena,Macerata,43,43.366409,13.620695,123085220.0,0.1831,0.057888,0.0,16.939,2.316,0.0,19.255,36.916,236997.83,454375.56,27.736975,0.7514
15051,Carugate,Milano,15,45.549774,9.343749,1842013375.0,0.0604,0.0,0.0,1.843,0.0,0.0,1.843,3.534,339534.8,650960.87,15.050002,4.2587
50001,Bientina,Pisa,50,43.710184,10.620321,101151312.0,0.1175,0.006289,0.252357,6.976,0.252,15.141,22.369,42.886,226263.04,433794.67,28.10564,0.6554
20045,Porto Mantovano,Mantova,20,45.192526,10.755221,237712522.0,0.099,0.0,0.134608,4.952,0.0,8.076,13.029,24.979,309705.29,593771.32,21.044843,0.8425
42036,Ostra Vetere,Ancona,42,43.603749,13.058186,38763684.0,0.1847,0.069469,0.0,17.237,2.779,0.0,20.015,38.374,77586.88,148750.66,27.781362,0.724
30057,Martignacco,Udine,30,46.097922,13.136825,207069190.0,0.2091,0.0,0.000398,22.092,0.0,0.024,22.115,42.4,457941.9,877972.63,22.91097,0.5404
15192,San Donato Milanese,Milano,15,45.41807,9.27165,3958039628.0,0.0546,0.0,0.028136,1.506,0.0,1.688,3.194,6.124,1264368.18,2424064.4,15.050002,2.4574
58119,San Cesareo,Roma,58,41.819196,12.800334,44924645.0,0.1698,0.0,0.0,14.568,0.0,0.0,14.568,27.93,65445.18,125472.41,29.689549,1.063
63050,Nola,Napoli,63,40.921083,14.53274,1725568031.0,0.1814,0.037965,0.050728,16.626,1.519,3.044,21.188,40.623,3656211.07,7009739.12,35.751904,0.8801
67011,Castellalto,Teramo,67,42.678042,13.821589,632661320.0,0.177,0.1954,0.035206,15.829,7.816,2.112,25.758,49.383,1629593.18,3124278.89,27.38232,0.5545
40022,Modigliana,Forlì-Cesena,40,44.161163,11.793528,183528716.0,0.2107,0.299457,0.023608,22.431,11.978,1.416,35.826,68.685,657503.74,1260575.39,31.154462,0.4536
15081,Cologno Monzese,Milano,15,45.528554,9.278224,624659062.0,0.0554,0.0,0.16453,1.551,0.0,9.872,11.423,21.899,713518.9,1367968.45,15.050002,0.6872
48038,San Casciano in Val di Pesa,Firenze,48,43.65696,11.185668,13961912.0,0.122,0.408869,0.009203,7.52,16.355,0.552,24.427,46.832,34105.15,65386.87,35.050589,0.7484
72015,Casamassima,Bari,72,40.957131,16.920388,134552531.0,0.0711,0.0,0.001537,2.554,0.0,0.092,2.646,5.074,35608.4,68268.93,14.160402,2.7909
48044,Signa,Firenze,48,43.780693,11.096453,241684034.0,0.1271,0.0,0.61863,8.162,0.0,37.118,45.28,86.812,1094345.99,2098095.47,35.050589,0.4038
14026,Delebio,Sondrio,14,46.13609,9.46064,66398159.0,0.0454,0.051465,0.134268,1.041,2.059,8.056,11.156,21.389,74074.5,142016.68,12.776609,0.5974
33035,Podenzano,Piacenza,33,44.956363,9.684967,829357730.0,0.1009,0.0,0.026312,5.144,0.0,1.579,6.723,12.889,557553.0,1068948.43,28.260932,2.1927
37053,San Giovanni in Persiceto,Bologna,37,44.638978,11.187131,386606559.0,0.1596,0.0,0.378686,12.87,0.0,22.721,35.591,68.236,1375983.16,2638054.2,38.815968,0.5688
26015,Cessalto,Treviso,26,45.712596,12.612314,469144936.0,0.1027,0.0,0.071679,5.329,0.0,4.301,9.63,18.463,451781.74,866162.29,21.139592,1.145
3091,Marano Ticino,Novara,3,45.62987,8.631632,120924907.0,0.0373,0.0,0.00143,0.703,0.0,0.086,0.789,1.512,9538.16,18286.7,12.08995,7.9947
35024,Guastalla,Reggio nell'Emilia,35,44.921152,10.653998,2143292032.0,0.1012,0.0,0.201818,5.175,0.0,12.109,17.284,33.137,3704402.15,7102131.73,36.618436,1.1051
56059,Viterbo,Viterbo,56,42.493689,11.945068,484595109.0,0.1405,0.019538,0.0,9.974,0.782,0.0,10.756,20.621,521208.26,999267.78,19.086634,0.9256
36042,Serramazzoni,Modena,36,44.422462,10.789147,248809854.0,0.1584,0.204611,0.005567,12.677,8.184,0.334,21.196,40.637,527372.28,1011085.53,36.541065,0.8992
13048,Carugo,Como,13,45.709225,9.194574,170648938.0,0.0461,0.001564,0.001962,1.074,0.063,0.118,1.254,2.404,21400.58,41029.49,12.029442,5.0033
24056,Marano Vicentino,Vicenza,24,45.692549,11.428756,110195905.0,0.164,0.0,0.0,13.59,0.0,0.0,13.59,26.054,149751.36,287105.41,21.315155,0.8181
30031,Coseano,Udine,30,46.097007,13.019388,141416104.0,0.2104,0.0,0.007825,22.367,0.0,0.47,22.837,43.783,322945.88,619156.37,22.91097,0.5233
12122,Solbiate Olona,Varese,12,45.651379,8.887751,167181192.0,0.0384,0.0,0.026828,0.745,0.0,1.61,2.355,4.515,39366.5,75474.01,11.229804,2.4875
99002,Cattolica,Rimini,99,43.963993,12.744152,2098711843.0,0.1836,0.0,0.066002,17.032,0.0,3.96,20.992,40.246,4405619.17,8446514.84,28.763441,0.7147
26005,Breda di Piave,Treviso,26,45.723727,12.331235,192843978.0,0.1512,0.0,0.038016,11.551,0.0,2.281,13.832,26.519,266741.86,511401.22,21.139592,0.7972
1139,Luserna San Giovanni,Torino,1,44.815437,7.251318,22667133.0,0.1349,0.002435,0.029734,9.195,0.097,1.784,11.076,21.235,25106.62,48134.77,20.594868,0.9698
63011,Caivano,Napoli,63,40.957112,14.31023,972147420.0,0.1536,0.0,0.000202,11.921,0.0,0.012,11.933,22.878,1160041.49,2224047.82,35.751904,1.5627
40032,Predappio,Forlì-Cesena,40,44.102215,11.98162,283851519.0,0.2099,0.413986,0.026482,22.261,16.559,1.589,40.409,77.473,1147022.68,2199087.96,31.154462,0.4021
81024,Petrosino,Trapani,81,37.71624,12.494547,52814867.0,0.0515,0.000122,0.0,1.34,0.005,0.0,1.345,2.579,7103.41,13618.76,16.86353,6.5398
98032,Lodi Vecchio,Lodi,98,45.301075,9.416599,33375715.0,0.0665,0.0,0.011118,2.234,0.0,0.667,2.901,5.563,9683.9,18566.1,19.574231,3.5188
63023,Casoria,Napoli,63,40.904557,14.290122,870436602.0,0.1668,0.000138,0.0,14.058,0.006,0.0,14.063,26.962,1224101.33,2346864.24,35.751904,1.326
28003,Albignasego,Padova,28,45.347492,11.867209,256851064.0,0.0704,0.0,0.040303,2.504,0.0,2.418,4.922,9.437,126430.96,242395.2,17.804557,1.8866
13097,Eupilio,Como,13,45.818252,9.264711,16431840.0,0.0472,0.01028,0.277097,1.126,0.411,16.626,18.163,34.822,29844.6,57218.49,12.029442,0.3455
28073,Saccolongo,Padova,28,45.403105,11.747553,143569676.0,0.0853,0.0,0.0,3.676,0.0,0.0,3.676,7.048,52781.1,101192.66,17.804557,2.5261
17052,Chiari,Brescia,17,45.536462,9.928846,808917170.0,0.1363,0.0,0.0,9.387,0.0,0.0,9.387,17.996,759300.0,1455740.6,20.48295,1.1382
20003,Bagnolo San Vito,Mantova,20,45.092253,10.880429,133181228.0,0.0845,0.0,0.221252,3.608,0.0,13.275,16.883,32.368,224847.54,431080.86,21.044843,0.6502
13045,Carbonate,Como,13,45.683657,8.940016,88498863.0,0.0388,0.0,1.8e-05,0.761,0.0,0.001,0.762,1.46,6741.17,12924.26,12.029442,8.2372
26036,Loria,Treviso,26,45.728424,11.865585,115066325.0,0.1891,0.0,0.0,18.068,0.0,0.0,18.068,34.639,207897.34,398583.69,21.139592,0.6103
15012,Bareggio,Milano,15,45.477726,8.995973,43399410.0,0.0418,0.0,0.0,0.883,0.0,0.0,0.883,1.693,3831.37,7345.56,15.050002,8.8919
6094,Mirabello Monferrato,Alessandria,6,45.035552,8.523249,34853738.0,0.0452,0.0,0.032436,1.032,0.0,1.946,2.978,5.71,10380.95,19902.51,20.84217,3.6499
13006,Alserio,Como,13,45.779103,9.199529,37482421.0,0.0458,0.0,0.0,1.06,0.0,0.0,1.06,2.032,3972.61,7616.35,12.029442,5.9201
52036,Trequanda,Siena,52,43.188939,11.667385,10496857.0,0.1411,0.062429,0.0,10.059,2.497,0.0,12.557,24.074,13180.43,25269.71,24.090373,1.0007
36006,Castelfranco Emilia,Modena,36,44.595024,11.052901,1025324998.0,0.1642,0.0,0.079964,13.623,0.0,4.798,18.421,35.316,1888706.41,3621054.41,36.541065,1.0347
13133,Lomazzo,Como,13,45.69924,9.03436,60007161.0,0.0407,0.0,0.007857,0.837,0.0,0.471,1.308,2.508,7851.24,15052.5,12.029442,4.7956
30027,Codroipo,Udine,30,45.961117,12.978952,116920639.0,0.1456,0.0,0.052059,10.711,0.0,3.124,13.835,26.524,161757.31,310123.39,22.91097,0.8638
28083,Sant'Elena,Padova,28,45.187341,11.71205,82185269.0,0.0644,0.0,0.045994,2.096,0.0,2.76,4.855,9.308,39902.17,76500.99,17.804557,1.9127
24105,Thiene,Vicenza,24,45.705767,11.480256,1106053737.0,0.1644,0.0,0.0,13.656,0.0,0.0,13.656,26.181,1510419.16,2895796.79,21.315155,0.8141
68011,Cepagatti,Pescara,68,42.364302,14.071795,44134481.0,0.174,0.0113,0.108662,15.297,0.452,6.52,22.269,42.695,98283.37,188430.26,27.533978,0.6449
6053,Castelnuovo Scrivia,Alessandria,6,44.980249,8.880356,185569164.0,0.0733,0.0,0.154369,2.715,0.0,9.262,11.977,22.962,222253.65,426107.82,20.84217,0.9077
8065,Ventimiglia,Imperia,8,43.791762,7.603313,117921848.0,0.1269,0.103844,0.034056,8.137,4.154,2.043,14.334,27.481,169025.41,324057.89,29.468433,1.0723
11011,Castelnuovo Magra,La Spezia,11,44.099852,10.016942,22775715.0,0.1351,0.120006,0.077971,9.222,4.8,4.678,18.701,35.853,42591.88,81657.75,28.212129,0.7869
34007,Busseto,Parma,34,44.980567,10.042075,1573761128.0,0.1172,0.0,0.399986,6.94,0.0,23.999,30.939,59.317,4869118.4,9335142.06,33.475863,0.5644
108053,Cornate d'Adda,Monza e della Brianza,108,45.646699,9.465939,58969156.0,0.0759,0.000861,0.030644,2.911,0.034,1.839,4.784,9.172,28209.69,54084.02,13.279771,1.4479
21007,Barbiano/Barbian,Bolzano/Bozen,21,46.603257,11.519816,52791094.0,0.052,0.0,0.0,1.366,0.0,0.0,1.366,2.619,7212.49,13827.88,10.80791,4.1262
24108,Torri di Quartesolo,Vicenza,24,45.519266,11.61712,414742090.0,0.1363,0.0,0.356462,9.387,0.0,21.388,30.774,59.001,1276341.51,2447019.83,21.315155,0.3613
43030,Montelupone,Macerata,43,43.34419,13.567594,89767068.0,0.1831,0.056599,0.0,16.939,2.264,0.0,19.203,36.817,172381.64,330492.49,27.736975,0.7534
26079,Segusino,Treviso,26,45.916678,11.953895,88731614.0,0.2259,0.011135,0.0,25.784,0.445,0.0,26.229,50.287,232737.6,446207.78,21.139592,0.4204
82013,Borgetto,Palermo,82,38.047103,13.142684,7091625.0,0.1786,0.141861,0.0,16.117,5.674,0.0,21.791,41.779,15453.58,29627.81,29.57954,0.708
15061,Cassinetta di Lugagnano,Milano,15,45.423576,8.908314,186792000.0,0.0406,0.0,0.0,0.833,0.0,0.0,0.833,1.597,15557.08,29826.24,15.050002,9.4253
32006,Trieste,Trieste,32,45.650481,13.793126,15363600344.0,0.1182,0.006154,0.001106,7.059,0.246,0.066,7.372,14.133,11325543.54,21713490.87,23.184655,1.6405
83060,Naso,Messina,83,38.122118,14.78898,29919432.0,0.1747,0.015367,0.0,15.421,0.615,0.0,16.035,30.743,47976.88,91981.94,44.663628,1.4528
29041,Rovigo,Rovigo,29,44.977206,12.27419,831866656.0,0.0578,0.0,0.0,1.688,0.0,0.0,1.688,3.236,140419.37,269213.99,24.853738,7.6798
20027,Gonzaga,Mantova,20,44.952488,10.822623,82877315.0,0.1079,0.0,0.0,5.882,0.0,0.0,5.882,11.278,48752.42,93468.83,21.044843,1.866
15071,Cerro al Lambro,Milano,15,45.329969,9.339053,43383245.0,0.0601,0.0,0.015246,1.825,0.0,0.915,2.74,5.253,11886.04,22788.07,15.050002,2.8652
31012,Monfalcone,Gorizia,31,45.804945,13.533059,208693579.0,0.1382,0.0,0.145348,9.65,0.0,8.721,18.371,35.221,383391.44,735043.44,23.340869,0.6627
59007,Fondi,Latina,59,41.357285,13.430031,233457266.0,0.0848,0.02208,0.011336,3.633,0.883,0.68,5.197,9.963,121321.38,232599.05,21.481102,2.156
28042,Grantorto,Padova,28,45.600775,11.730956,199336623.0,0.1506,0.0,0.017472,11.46,0.0,1.048,12.508,23.98,249327.66,478014.49,17.804557,0.7425
15242,Vimodrone,Milano,15,45.512832,9.284672,264904780.0,0.0555,0.0,0.0,1.556,0.0,0.0,1.556,2.984,41228.11,79043.1,15.050002,5.0439
46007,Capannori,Lucca,46,43.842039,10.573525,1278304934.0,0.1296,0.188706,0.10841,8.486,7.548,6.505,22.539,43.213,2881212.5,5523901.01,29.45658,0.6817
26055,Paese,Treviso,26,45.672731,12.153611,445822991.0,0.1514,0.0,0.0,11.582,0.0,0.0,11.582,22.204,516335.33,989925.34,21.139592,0.952
28050,Massanzago,Padova,28,45.555512,12.007434,113050735.0,0.119,0.0,0.075241,7.155,0.0,4.514,11.669,22.373,131924.46,252927.42,17.804557,0.7958
24103,Sovizzo,Vicenza,24,45.528028,11.445634,237941959.0,0.1543,0.0,0.0,12.03,0.0,0.0,12.03,23.063,286233.54,548770.95,21.315155,0.9242
15177,Pozzo d'Adda,Milano,15,45.575666,9.500377,131732864.0,0.0837,0.0,0.002007,3.54,0.0,0.12,3.66,7.017,48216.03,92440.46,15.050002,2.1447
16096,Fara Gera d'Adda,Bergamo,16,45.555676,9.537853,308159343.0,0.0956,0.0,0.12371,4.618,0.0,7.423,12.04,23.084,371035.62,711354.69,21.203762,0.9185
25071,Longarone,Belluno,25,46.265786,12.299937,1606042470.0,0.1991,0.008487,0.000879,20.029,0.339,0.053,20.421,39.152,3279741.22,6287965.85,17.91629,0.4576
52028,San Gimignano,Siena,52,43.467799,11.043212,105969113.0,0.1412,0.053226,0.018965,10.074,2.129,1.138,13.341,25.577,141369.09,271034.8,24.090373,0.9419
36016,Frassinoro,Modena,36,44.295555,10.570198,23297859.0,0.1746,0.377149,0.004392,15.403,15.086,0.264,30.753,58.959,71646.76,137362.17,36.541065,0.6198
25037,Perarolo di Cadore,Belluno,25,46.397031,12.35555,61362550.0,0.1493,0.0096,0.0,11.263,0.384,0.0,11.647,22.329,71466.28,137016.16,17.91629,0.8024
55032,Terni,Terni,55,42.653752,12.439812,2463603546.0,0.1549,0.03514,0.032756,12.123,1.406,1.965,15.494,29.706,3817168.74,7318329.43,34.830185,1.1725
15060,Cassina de' Pecchi,Milano,15,45.519189,9.361976,163646102.0,0.0639,0.0,0.008814,2.063,0.0,0.529,2.592,4.969,42416.02,81320.58,15.050002,3.0286
4064,Cervasca,Cuneo,4,44.380929,7.47123,1491420748.0,0.1382,0.018605,0.017128,9.65,0.744,1.028,11.422,21.898,1703504.11,3265981.96,16.396584,0.7488
53011,Grosseto,Grosseto,53,42.77511,11.287804,776960510.0,0.1004,0.122963,0.240622,5.093,4.919,14.437,24.449,46.874,1899588.69,3641918.07,19.796812,0.4223
96059,Sandigliano,Biella,96,45.518562,8.077522,72372645.0,0.04,0.0,0.0,0.808,0.0,0.0,0.808,1.55,5850.76,11217.15,19.06674,12.3018
35014,Castellarano,Reggio nell'Emilia,35,44.510281,10.72864,530012704.0,0.1606,0.159057,0.033424,13.032,6.362,2.005,21.4,41.028,1134208.6,2174520.62,36.618436,0.8925
26091,Villorba,Treviso,26,45.729249,12.256246,584868334.0,0.1619,0.0,0.001672,13.244,0.0,0.1,13.344,25.583,780453.03,1496295.5,21.139592,0.8263
16239,Villa d'Almè,Bergamo,16,45.749682,9.614451,38427526.0,0.0944,0.014366,0.020675,4.503,0.575,1.241,6.318,12.112,24277.44,46545.05,21.203762,1.7506
77031,Scanzano Jonico,Matera,77,40.249792,16.69804,62173058.0,0.0816,0.0,0.07588,3.364,0.0,4.553,7.917,15.179,49223.19,94371.39,22.969725,1.5133
36015,Formigine,Modena,36,44.575143,10.847028,992007598.0,0.1646,0.0,0.009954,13.689,0.0,0.597,14.286,27.39,1417223.28,2717120.34,36.541065,1.3341
71051,San Severo,Foggia,71,41.689776,15.377621,105347436.0,0.2066,0.00075,0.064653,21.566,0.03,3.879,25.476,48.842,268379.02,514540.03,37.634206,0.7705
17088,Leno,Brescia,17,45.367012,10.218452,377440597.0,0.1365,0.0,0.051882,9.414,0.0,3.113,12.527,24.017,472823.97,906504.74,20.48295,0.8528
16155,Paladina,Bergamo,16,45.730674,9.607994,19139506.0,0.0985,0.036963,0.052494,4.902,1.479,3.15,9.53,18.272,18240.62,34971.17,21.203762,1.1605
3106,Novara,Novara,3,45.58425,8.545997,3118801506.0,0.0373,0.0,0.042143,0.703,0.0,2.529,3.232,6.196,1007855.55,1932274.78,12.08995,1.9514
109006,Fermo,Fermo,109,43.092249,13.638768,215402149.0,0.1778,0.018026,0.0,15.973,0.721,0.0,16.694,32.006,359588.97,689409.02,25.228384,0.7882
26023,Cornuda,Treviso,26,45.831731,12.007666,155297485.0,0.2268,0.000761,0.0,25.99,0.03,0.0,26.02,49.886,404088.52,774724.18,21.139592,0.4238
51030,Pieve Santo Stefano,Arezzo,51,43.669357,12.041589,325304507.0,0.2162,0.124864,0.004174,23.617,4.995,0.25,28.862,55.335,938901.44,1800075.01,29.518286,0.5334
18018,Borgo San Siro,Pavia,18,45.234969,8.913361,108475283.0,0.0486,0.0,0.191088,1.193,0.0,11.465,12.659,24.269,137315.51,263263.23,18.961299,0.7813
24055,Malo,Vicenza,24,45.660296,11.407493,555245270.0,0.1642,0.0,0.0,13.623,0.0,0.0,13.623,26.118,756395.27,1450171.62,21.315155,0.8161
72028,Mola di Bari,Bari,72,41.061323,17.091711,309298186.0,0.0611,0.0,0.000174,1.886,0.0,0.01,1.897,3.636,58664.39,112472.18,14.160402,3.8941
92090,Uta,Cagliari,92,39.290979,8.95426,168333429.0,0.0,6.3e-05,0.079756,0.0,0.003,4.785,4.788,9.179,80596.03,154519.83,12.810064,1.3955
63016,Cardito,Napoli,63,40.942012,14.29943,63708426.0,0.1596,0.0,0.0,12.87,0.0,0.0,12.87,24.675,81993.66,157199.4,35.751904,1.4489
75016,Casarano,Lecce,75,40.01082,18.161765,203966290.0,0.0575,0.0,0.021846,1.671,0.0,1.311,2.981,5.716,60808.19,116582.32,14.108941,2.4684
43023,Macerata,Macerata,43,43.152978,13.150882,570005871.0,0.1808,0.033441,0.0,16.516,1.338,0.0,17.854,34.23,1017688.79,1951127.22,27.736975,0.8103
71054,Stornara,Foggia,71,41.288625,15.768058,4567129.0,0.1623,0.0,0.0,13.309,0.0,0.0,13.309,25.517,6078.52,11653.83,37.634206,1.4749
16250,Medolago,Bergamo,16,45.668579,9.49565,101445104.0,0.0856,0.00054,0.008296,3.702,0.022,0.498,4.222,8.094,42826.12,82106.83,21.203762,2.6198
63068,San Giuseppe Vesuviano,Napoli,63,40.829811,14.504436,442156578.0,0.1652,0.061849,0.05903,13.789,2.474,3.542,19.805,37.97,875687.44,1678880.23,35.751904,0.9416
20066,Viadana,Mantova,20,44.926786,10.520223,1486758474.0,0.0838,0.0,0.256004,3.548,0.0,15.36,18.908,36.251,2811225.4,5389720.75,21.044843,0.5805
17167,Rudiano,Brescia,17,45.488578,9.887062,121071212.0,0.1332,0.0,0.137447,8.965,0.0,8.247,17.211,32.998,208379.54,399508.18,20.48295,0.6207
65136,Sassano,Salerno,65,40.337709,15.563066,67900863.0,0.184,0.114179,0.004284,17.106,4.567,0.257,21.93,42.045,148909.24,285490.88,25.585615,0.6085
32005,Sgonico,Trieste,32,45.736024,13.748245,23680427.0,0.1447,0.0,0.0,10.579,0.0,0.0,10.579,20.283,25052.11,48030.25,23.184655,1.1431
61049,Marcianise,Caserta,61,41.032997,14.298423,315008700.0,0.1333,0.0,1.7e-05,8.978,0.0,0.001,8.979,17.215,282845.85,542276.04,28.435248,1.6518
19016,Casalbuttano ed Uniti,Cremona,19,45.245645,9.973919,49102242.0,0.0887,0.0,0.013378,3.975,0.0,0.803,4.778,9.16,23460.73,44979.23,21.210647,2.3155
59001,Aprilia,Latina,59,41.594202,12.648576,1632243032.0,0.1545,0.003679,0.002171,12.061,0.147,0.13,12.338,23.655,2013890.49,3861059.08,21.481102,0.9081
3135,San Pietro Mosezzo,Novara,3,45.455881,8.54419,227059938.0,0.0369,0.0,0.03176,0.688,0.0,1.906,2.594,4.972,58889.62,112904.0,12.08995,2.4314
26013,Castello di Godego,Treviso,26,45.69238,11.881044,88974460.0,0.1851,0.0,0.0,17.311,0.0,0.0,17.311,33.19,154026.64,295302.03,21.139592,0.6369
58120,Fiumicino,Roma,58,41.767566,12.233947,491090879.0,0.0716,0.009131,0.115485,2.59,0.365,6.929,9.885,18.951,485423.78,930661.28,29.689549,1.5667
65072,Montecorvino Pugliano,Salerno,65,40.658056,14.944609,73871519.0,0.1096,0.16075,0.001774,6.069,6.43,0.106,12.606,24.168,93120.53,178531.99,25.585615,1.0587
28068,Pontelongo,Padova,28,45.245489,12.025183,50668148.0,0.0602,0.0,0.557677,1.831,0.0,33.461,35.292,67.662,178816.58,342829.65,17.804557,0.2631
17127,Ospitaletto,Brescia,17,45.555222,10.073946,677013043.0,0.1412,0.0,0.000656,10.074,0.0,0.039,10.113,19.389,684664.23,1312647.86,20.48295,1.0564
21039,Laion/Lajen,Bolzano/Bozen,21,46.609229,11.564263,45345205.0,0.0534,0.136626,0.0015,1.441,5.465,0.09,6.996,13.412,31722.73,60819.26,10.80791,0.8058
21017,Campo Tures/Sand in Taufers,Bolzano/Bozen,21,46.919236,11.955182,80154527.0,0.0466,0.004213,0.005179,1.097,0.169,0.311,1.576,3.022,12636.11,24226.14,10.80791,3.5759
76080,Sant'Arcangelo,Potenza,76,40.247312,16.271182,6819978.0,0.1215,0.041572,0.023982,7.459,1.663,1.439,10.561,20.247,7202.32,13808.39,40.913322,2.0207
49008,Collesalvetti,Livorno,49,43.588912,10.476264,255881744.0,0.1397,0.033482,0.185496,9.861,1.339,11.13,22.33,42.811,571378.85,1095455.54,23.707966,0.5538
65067,Mercato San Severino,Salerno,65,40.783303,14.755728,417329064.0,0.1319,0.453339,0.047603,8.79,18.134,2.856,29.78,57.095,1242810.6,2382733.91,25.585615,0.4481
65007,Angri,Salerno,65,40.737659,14.572283,1562593608.0,0.1249,0.121494,0.011571,7.882,4.86,0.694,13.436,25.76,2099521.13,4025231.36,25.585615,0.9932
61022,Caserta,Caserta,61,41.203483,14.117058,516101138.0,0.113,0.20552,0.002474,6.452,8.221,0.148,14.821,28.415,764910.67,1466497.46,28.435248,1.0007
27002,Campagna Lupia,Venezia,27,45.354994,12.096814,94693646.0,0.069,0.0,0.065243,2.406,0.0,3.915,6.32,12.117,59847.69,114740.83,17.526854,1.4465
72046,Triggiano,Bari,72,41.063448,16.921698,238981964.0,0.0683,0.0,0.01804,2.357,0.0,1.082,3.439,6.594,82195.39,157586.15,14.160402,2.1474
24097,Sarcedo,Vicenza,24,45.707921,11.526038,144566675.0,0.1652,0.0,0.0,13.789,0.0,0.0,13.789,26.437,199345.26,382187.52,21.315155,0.8063
68035,Rosciano,Pescara,68,42.320692,14.042931,36291233.0,0.1801,0.020035,0.026593,16.389,0.801,1.596,18.786,36.016,68175.62,130707.26,27.533978,0.7645
58032,Civitavecchia,Roma,58,42.093752,11.792246,100254337.0,0.0575,0.009358,0.005354,1.671,0.374,0.321,2.366,4.536,23721.04,45478.31,29.689549,6.5449
108032,Misinto,Monza e della Brianza,108,45.662375,9.083941,116982444.0,0.0418,0.0,0.0,0.883,0.0,0.0,0.883,1.693,10327.4,19799.83,13.279771,7.846
58003,Albano Laziale,Roma,58,41.728889,12.658269,161121648.0,0.1658,0.01208,0.008505,13.89,0.483,0.51,14.883,28.534,239797.39,459742.91,29.689549,1.0405
12036,Casale Litta,Varese,12,45.767332,8.740087,74596016.0,0.0378,0.0,0.096261,0.722,0.0,5.776,6.498,12.457,48469.51,92926.42,11.229804,0.9015
12079,Gorla Minore,Varese,12,45.644331,8.897896,329299032.0,0.0386,0.0,0.027183,0.753,0.0,1.631,2.384,4.57,78498.37,150498.17,11.229804,2.4571
13058,Castelmarte,Como,13,45.833229,9.232703,85744927.0,0.0451,0.005029,0.034981,1.028,0.201,2.099,3.328,6.38,28533.6,54705.02,12.029442,1.8855
17070,Esine,Brescia,17,45.925692,10.250862,202966238.0,0.0799,0.231592,0.03288,3.226,9.264,1.973,14.462,27.727,293531.5,562762.71,20.48295,0.7387
97010,Brivio,Lecco,97,45.741969,9.444142,85953143.0,0.0669,0.006188,0.42794,2.261,0.248,25.676,28.185,54.037,242261.35,464466.85,14.425007,0.2669
97086,Vercurago,Lecco,97,45.812946,9.424433,7218718.0,0.058,0.136744,0.231284,1.7,5.47,13.877,21.047,40.351,15192.88,29128.0,14.425007,0.3575
34008,Calestano,Parma,34,44.6007,10.122994,153502260.0,0.1595,0.265537,0.031932,12.854,10.621,1.916,25.391,48.681,389764.05,747261.1,33.475863,0.6877
15131,Magnago,Milano,15,45.578731,8.801851,103168378.0,0.0379,0.0,0.0,0.726,0.0,0.0,0.726,1.391,7487.6,14355.33,15.050002,10.8161
97021,Cesana Brianza,Lecco,97,45.816781,9.299543,143150690.0,0.0488,0.000176,0.117474,1.203,0.007,7.048,8.259,15.834,118224.35,226661.37,14.425007,0.911
44031,Monsampolo del Tronto,Ascoli Piceno,44,42.89695,13.793892,35680479.0,0.1776,0.002446,0.034289,15.937,0.098,2.057,18.092,34.686,64553.37,123762.63,32.834347,0.9466
6138,Pozzolo Formigaro,Alessandria,6,44.795154,8.784849,55454730.0,0.0858,0.0,0.042194,3.72,0.0,2.532,6.251,11.985,34665.89,66461.93,20.84217,1.739
17017,Berzo Inferiore,Brescia,17,45.931693,10.280587,18441354.0,0.0807,0.286117,0.03341,3.291,11.445,2.005,16.74,32.094,30870.46,59185.28,20.48295,0.6382
4034,Busca,Cuneo,4,44.518132,7.474328,55171982.0,0.13,0.000115,0.008659,8.539,0.005,0.52,9.063,17.376,50002.85,95866.16,16.396584,0.9436
60033,Ferentino,Frosinone,60,41.692932,13.253422,408327136.0,0.1548,0.039662,0.003555,12.108,1.586,0.213,13.907,26.664,567877.75,1088743.18,34.188464,1.2822
83105,Villafranca Tirrena,Messina,83,38.240068,15.437387,52773276.0,0.1815,0.014955,0.0,16.645,0.598,0.0,17.243,33.058,90995.4,174457.67,44.663628,1.3511
78081,Montalto Uffugo,Cosenza,78,39.404795,16.15799,154934363.0,0.258,0.076094,0.048991,33.632,3.044,2.939,39.616,75.952,613781.11,1176749.74,50.996071,0.6714
38008,Ferrara,Ferrara,38,44.766764,11.827939,907676391.0,0.1341,0.0,0.417018,9.086,0.0,25.021,34.107,65.391,3095823.79,5935356.78,39.906082,0.6103
1223,Romano Canavese,Torino,1,45.388657,7.86652,32068286.0,0.0425,0.0,0.091871,0.913,0.0,5.512,6.425,12.318,20603.53,39501.37,20.594868,1.6719
37045,Mordano,Bologna,37,44.397426,11.810857,88930210.0,0.1955,0.0,0.016352,19.311,0.0,0.981,20.292,38.905,180460.78,345981.93,38.815968,0.9977
54024,Gubbio,Perugia,54,43.351788,12.577267,1380142719.0,0.227,0.09726,0.002621,26.036,3.89,0.157,30.083,57.676,4151933.75,7960145.6,38.922787,0.6748
34016,Fontevivo,Parma,34,44.858765,10.17518,314234060.0,0.1429,0.0,0.120752,10.318,0.0,7.245,17.563,33.672,551883.02,1058077.87,33.475863,0.9942
63072,Sant'Anastasia,Napoli,63,40.866911,14.404833,235261830.0,0.1718,0.238193,0.087213,14.913,9.528,5.233,29.673,56.89,698103.33,1338413.49,35.751904,0.6284
63060,Pozzuoli,Napoli,63,40.822643,14.121911,251032513.0,0.1661,0.24426,0.012747,13.94,9.77,0.765,24.475,46.924,614402.86,1177941.78,35.751904,0.7619
37020,Castel San Pietro Terme,Bologna,37,44.40127,11.585499,452281615.0,0.1997,0.168276,0.041508,20.15,6.731,2.49,29.371,56.311,1328417.15,2546859.98,38.815968,0.6893
54019,Fossato di Vico,Perugia,54,43.297628,12.75988,179184514.0,0.2133,0.030271,0.008332,22.988,1.211,0.5,24.699,47.353,442561.78,848485.65,38.922787,0.822
93041,San Vito al Tagliamento,Pordenone,93,45.914504,12.856596,780404293.0,0.1391,0.0,0.008997,9.776,0.0,0.54,10.316,19.778,805069.82,1543491.14,22.312037,1.1281
61078,San Nicola la Strada,Caserta,61,41.051814,14.331329,604890771.0,0.1334,0.0,0.0,8.991,0.0,0.0,8.991,17.239,543883.96,1042741.95,28.435248,1.6495
1249,San Mauro Torinese,Torino,1,45.104412,7.761996,258016401.0,0.0491,0.027255,0.063988,1.218,1.09,3.839,6.148,11.786,158617.48,304103.65,20.594868,1.7474
51031,Poppi,Arezzo,51,43.72276,11.76607,85211430.0,0.1879,0.183742,0.043772,17.839,7.35,2.626,27.815,53.327,237015.83,454410.08,29.518286,0.5535
51004,Bibbiena,Arezzo,51,43.695548,11.817341,383686322.0,0.1804,0.16583,0.02954,16.443,6.633,1.772,24.849,47.641,953420.8,1827911.73,29.518286,0.6196
108055,Roncello,Monza e della Brianza,108,45.602443,9.457611,119931338.0,0.0776,0.0,0.0,3.043,0.0,0.0,3.043,5.833,36489.99,69959.12,13.279771,2.2766
17008,Azzano Mella,Brescia,17,45.454722,10.116823,135783725.0,0.1437,0.0,0.048327,10.434,0.0,2.9,13.333,25.562,181042.44,347097.11,20.48295,0.8013
37044,Monzuno,Bologna,37,44.279263,11.266408,40499567.0,0.1633,0.231051,0.029642,13.474,9.242,1.779,24.494,46.961,99201.09,190189.71,38.815968,0.8266
17014,Bedizzole,Brescia,17,45.510571,10.423032,343452548.0,0.1586,0.0,0.069591,12.709,0.0,4.175,16.885,32.372,579913.76,1111818.8,20.48295,0.6327
46033,Viareggio,Lucca,46,43.867239,10.250605,665657508.0,0.1185,0.0,0.281999,7.095,0.0,16.92,24.015,46.042,1598574.61,3064809.66,29.45658,0.6398
93044,Spilimbergo,Pordenone,93,46.111335,12.901629,134144343.0,0.2294,0.0,0.005606,26.589,0.0,0.336,26.926,51.622,361190.49,692479.47,22.312037,0.4322
52031,Sarteano,Siena,52,42.989911,11.868732,11996133.0,0.1436,0.046679,0.002253,10.419,1.867,0.135,12.421,23.814,14900.82,28568.06,24.090373,1.0116
4074,Cossano Belbo,Cuneo,4,44.668989,8.198579,53493747.0,0.0465,0.001622,0.025501,1.093,0.065,1.53,2.687,5.152,14376.15,27562.16,16.396584,3.1823
50029,Pontedera,Pisa,50,43.663454,10.635485,2289647316.0,0.1242,0.00288,0.115589,7.794,0.115,6.935,14.845,28.46,3398877.85,6516376.27,28.10564,0.9875
50026,Pisa,Pisa,50,43.71594,10.401862,1121819786.0,0.1197,0.0,0.385415,7.239,0.0,23.125,30.364,58.215,3406333.53,6530670.41,28.10564,0.4828
36041,Savignano sul Panaro,Modena,36,44.480538,11.035109,22170132.0,0.1633,0.061596,0.085766,13.474,2.464,5.146,21.084,40.422,46742.61,89615.59,36.541065,0.904
18123,Robbio,Pavia,18,45.289971,8.593278,190184394.0,0.038,0.0,0.004466,0.73,0.0,0.268,0.998,1.913,18972.03,36373.45,18.961299,9.9142
48043,Sesto Fiorentino,Firenze,48,43.831721,11.199224,721057782.0,0.1342,0.168485,0.018252,9.1,6.739,1.095,16.934,32.466,1221048.45,2341011.2,35.050589,1.0796
50027,Pomarance,Pisa,50,43.299237,10.872401,28793014.0,0.1401,0.199358,0.075978,9.917,7.974,4.559,22.45,43.042,64641.21,123931.03,28.10564,0.653
4213,Santo Stefano Belbo,Cuneo,4,44.70774,8.230731,134136890.0,0.046,0.000214,0.092786,1.069,0.009,5.567,6.645,12.74,89132.04,170885.2,16.396584,1.2871
65034,Castel San Giorgio,Salerno,65,40.783712,14.698841,326441922.0,0.1337,0.373991,0.030301,9.032,14.96,1.818,25.81,49.483,842534.44,1615318.85,25.585615,0.5171
9026,Cosseria,Savona,9,44.368314,8.234866,19551348.0,0.0565,0.054893,0.000502,1.613,2.196,0.03,3.839,7.36,7505.31,14389.28,24.791781,3.3686
4168,Piobesi d'Alba,Cuneo,4,44.735019,7.979668,34431220.0,0.0474,0.184013,0.050423,1.135,7.361,3.025,11.521,22.088,39668.57,76053.14,16.396584,0.7423
17159,Quinzano d'Oglio,Brescia,17,45.310875,10.008568,52492352.0,0.1131,0.0,0.126845,6.463,0.0,7.611,14.074,26.983,73876.84,141637.71,20.48295,0.7591
63058,Pompei,Napoli,63,40.749127,14.500642,113799826.0,0.1297,0.0,0.004476,8.5,0.0,0.269,8.768,16.81,99781.31,191302.12,35.751904,2.1268
87048,Santa Venerina,Catania,87,37.688971,15.142661,76139504.0,0.2236,0.00255,0.0,25.262,0.102,0.0,25.364,48.627,193117.36,370247.31,36.827421,0.7573
67025,Giulianova,Teramo,67,42.753486,13.966701,117505950.0,0.1717,0.006205,0.031255,14.896,0.248,1.875,17.019,32.629,199984.64,383413.36,27.38232,0.8392
6160,Serravalle Scrivia,Alessandria,6,44.72558,8.8547,121363338.0,0.0927,0.0,0.057144,4.342,0.0,3.429,7.771,14.898,94305.54,180803.9,20.84217,1.399
30101,San Giovanni al Natisone,Udine,30,45.97792,13.401081,224719718.0,0.1956,0.0,0.057017,19.331,0.0,3.421,22.752,43.621,511283.76,980240.4,22.91097,0.5252
37057,Sasso Marconi,Bologna,37,44.399632,11.247554,220451474.0,0.1629,0.113065,0.032697,13.408,4.523,1.962,19.892,38.138,438528.47,840752.94,38.815968,1.0178
67001,Alba Adriatica,Teramo,67,42.834342,13.927816,47104744.0,0.1779,0.02204,0.101877,15.991,0.882,6.113,22.985,44.067,108270.23,207577.21,27.38232,0.6214
24081,Pove del Grappa,Vicenza,24,45.799117,11.729102,59748216.0,0.1789,0.0,0.000708,16.171,0.0,0.042,16.214,31.085,96872.97,185726.22,21.315155,0.6857
43047,San Severino Marche,Macerata,43,43.229021,13.177966,213354110.0,0.1751,0.057093,0.0,15.491,2.284,0.0,17.775,34.079,379238.92,727082.18,27.736975,0.8139
74016,San Pietro Vernotico,Brindisi,74,40.491529,17.998918,547808886.0,0.0465,0.003237,0.038601,1.093,0.129,2.316,3.538,6.783,193817.26,371589.17,13.243039,1.9523
16219,Treviglio,Bergamo,16,45.521724,9.593148,1339051580.0,0.1057,0.0,0.0,5.645,0.0,0.0,5.645,10.823,755900.99,1449223.97,21.203762,1.9592
42016,Cupramontana,Ancona,42,43.445554,13.1156,47343227.0,0.1752,0.225116,0.0,15.509,9.005,0.0,24.514,46.998,116055.83,222503.86,27.781362,0.5911
18114,Pieve Porto Morone,Pavia,18,45.109364,9.435759,18634816.0,0.091,0.0,0.295464,4.184,0.0,17.728,21.912,42.01,40832.47,78284.58,18.961299,0.4514
97031,Dolzago,Lecco,97,45.76698,9.339345,10302479.0,0.0539,0.000263,0.0,1.468,0.011,0.0,1.478,2.834,1523.13,2920.17,14.425007,5.0892
103019,Casale Corte Cerro,Verbano-Cusio-Ossola,103,45.915843,8.413678,29441650.0,0.0477,0.072661,0.017709,1.15,2.906,1.063,5.119,9.813,15070.0,28892.42,17.575018,1.7909
41027,Mombaroccio,Pesaro e Urbino,41,43.795063,12.854757,54640715.0,0.1855,0.081552,0.0,17.386,3.262,0.0,20.648,39.587,112823.85,216307.47,24.621765,0.622
30099,San Daniele del Friuli,Udine,30,46.153241,13.009034,227539991.0,0.2362,5.2e-05,0.063187,28.189,0.002,3.791,31.982,61.317,727721.9,1395198.63,22.91097,0.3737
21097,Terlano/Terlan,Bolzano/Bozen,21,46.529301,11.248678,115167694.0,0.0482,1.1e-05,0.000584,1.174,0.0,0.035,1.209,2.319,13927.55,26702.09,10.80791,4.6615
63063,Quarto,Napoli,63,40.877194,14.140159,19254191.0,0.1576,0.055575,0.019117,12.55,2.223,1.147,15.92,30.521,30651.95,58766.35,35.751904,1.1714
43028,Montecosaro,Macerata,43,43.317009,13.635306,46969308.0,0.1832,0.056969,0.0,16.958,2.279,0.0,19.237,36.881,90352.62,173225.31,27.736975,0.7521
97011,Bulciago,Lecco,97,45.754703,9.291047,40173333.0,0.0517,0.0,0.0,1.351,0.0,0.0,1.351,2.589,5425.46,10401.77,14.425007,5.5712
16189,San Paolo d'Argon,Bergamo,16,45.688557,9.804066,551405205.0,0.1252,0.003433,0.012443,7.92,0.137,0.747,8.804,16.879,485452.74,930716.8,21.203762,1.2562
30097,Ronchis,Udine,30,45.80661,12.997825,13714987.0,0.1023,0.0,0.0,5.288,0.0,0.0,5.288,10.138,7252.11,13903.84,22.91097,2.26
26004,Borso del Grappa,Treviso,26,45.821025,11.799316,116006361.0,0.1944,0.0,0.0,19.095,0.0,0.0,19.095,36.608,221509.3,424680.73,21.139592,0.5775
30014,Buttrio,Udine,30,46.010421,13.333831,4081791577.0,0.1998,0.0,0.064388,20.17,0.0,3.863,24.033,46.077,9809935.2,18807745.31,22.91097,0.4972
46004,Borgo a Mozzano,Lucca,46,43.978948,10.545703,143004701.0,0.1736,0.230655,0.058636,15.227,9.226,3.518,27.971,53.627,400004.96,766895.13,29.45658,0.5493
26037,Mansuè,Treviso,26,45.82239,12.537712,420734108.0,0.1537,0.0,0.0,11.936,0.0,0.0,11.936,22.884,502195.81,962816.85,21.139592,0.9238
23070,San Giovanni Ilarione,Verona,23,45.524054,11.234894,43183273.0,0.162,0.006704,0.0,13.26,0.268,0.0,13.528,25.937,58419.57,112002.82,20.167921,0.7776
4040,Caraglio,Cuneo,4,44.416989,7.43259,247225156.0,0.1395,0.003641,0.012671,9.833,0.146,0.76,10.738,20.588,265481.43,508984.72,16.396584,0.7964
54038,Passignano sul Trasimeno,Perugia,54,43.184742,12.136838,143751226.0,0.1595,0.040283,1.6e-05,12.854,1.611,0.001,14.466,27.735,207954.85,398693.96,38.922787,1.4034
20028,Guidizzolo,Mantova,20,45.32068,10.580481,205835627.0,0.1371,0.0,0.036188,9.497,0.0,2.171,11.668,22.371,240177.52,460471.71,21.044843,0.9407
24027,Castegnero,Vicenza,24,45.442475,11.584448,156914082.0,0.1149,0.0,0.0,6.67,0.0,0.0,6.67,12.789,104669.37,200673.58,21.315155,1.6667
75064,Ruffano,Lecce,75,39.984092,18.247476,13104099.0,0.0593,0.0,0.0,1.777,0.0,0.0,1.777,3.406,2328.27,4463.8,14.108941,4.1419
42047,Serra San Quirico,Ancona,42,43.447683,13.01386,119550128.0,0.1737,0.19226,0.0,15.245,7.69,0.0,22.935,43.971,274188.74,525678.49,27.781362,0.6318
3133,San Maurizio d'Opaglio,Novara,3,45.773453,8.390395,686411982.0,0.0421,0.0,0.00184,0.896,0.0,0.11,1.006,1.929,69048.48,132380.71,12.08995,6.2688
43036,Petriolo,Macerata,43,43.221693,13.465335,10844478.0,0.1749,0.011187,0.0,15.456,0.447,0.0,15.903,30.49,17246.5,33065.23,27.736975,0.9097
108024,Giussano,Monza e della Brianza,108,45.699381,9.209729,681818222.0,0.0482,0.0,0.001881,1.174,0.0,0.113,1.287,2.467,87730.07,168197.32,13.279771,5.3832
75051,Muro Leccese,Lecce,75,40.102323,18.33813,97412542.0,0.0583,0.0,0.013648,1.717,0.0,0.819,2.536,4.862,24705.9,47366.51,14.108941,2.9016
26034,Gorgo al Monticano,Treviso,26,45.786953,12.55042,154954481.0,0.1364,0.0,0.067145,9.4,0.0,4.029,13.429,25.746,208089.94,398952.94,21.139592,0.8211
94038,Pozzilli,Isernia,94,41.511422,14.062517,420844845.0,0.2607,0.110907,0.017516,34.34,4.436,1.051,39.827,76.357,1676106.88,3213455.61,43.903663,0.575
41020,Gradara,Pesaro e Urbino,41,43.938866,12.771253,56759058.0,0.1837,0.098625,0.000294,17.05,3.945,0.018,21.013,40.287,119268.34,228662.94,24.621765,0.6112
37046,Ozzano dell'Emilia,Bologna,37,44.44498,11.47605,5764694040.0,0.1821,0.193761,0.059223,16.755,7.75,3.553,28.059,53.794,16174897.6,31010740.46,38.815968,0.7216
30016,Campoformido,Udine,30,46.01932,13.162427,258156551.0,0.1726,0.0,0.014315,15.052,0.0,0.859,15.911,30.505,410754.79,787504.83,22.91097,0.7511
37016,Castel Guelfo di Bologna,Bologna,37,44.43114,11.67741,360902119.0,0.1974,0.0,0.174218,19.688,0.0,10.453,30.142,57.788,1087814.86,2085573.9,38.815968,0.6717
95047,Santa Giusta,Oristano,95,39.878178,8.609973,359033158.0,0.0,0.0,0.003077,0.0,0.0,0.185,0.185,0.354,6628.47,12708.2,13.76477,38.8884
34041,Torrile,Parma,34,44.89885,10.339497,634688260.0,0.1038,0.0,0.111994,5.444,0.0,6.72,12.164,23.32,772007.35,1480103.32,33.475863,1.4355
49006,Castagneto Carducci,Livorno,49,43.160742,10.611006,210951221.0,0.0742,0.044616,0.024715,2.782,1.785,1.483,6.049,11.598,127611.5,244658.56,23.707966,2.0442
53016,Monte Argentario,Grosseto,53,42.407352,11.150384,16540765.0,0.0434,0.378557,0.01626,0.952,15.142,0.976,17.07,32.726,28234.38,54131.35,19.796812,0.6049
61016,Carinaro,Caserta,61,40.983584,14.218991,132237843.0,0.1327,0.0,0.0,8.897,0.0,0.0,8.897,17.058,117656.31,225572.33,28.435248,1.667
78075,Mangone,Cosenza,78,39.205592,16.331996,28110400.0,0.2757,0.017826,0.000494,38.405,0.713,0.03,39.148,75.055,110046.54,210982.77,50.996071,0.6794
45003,Carrara,Massa-Carrara,45,44.07918,10.102353,1205930061.0,0.1435,0.111824,0.049579,10.405,4.473,2.975,17.852,34.226,2152851.1,4127476.31,30.748861,0.8984
30055,Manzano,Udine,30,45.990512,13.381504,110553420.0,0.2001,0.0,0.07958,20.231,0.0,4.775,25.006,47.941,276444.82,530003.88,22.91097,0.4779
68005,Bussi sul Tirino,Pescara,68,42.213035,13.826202,188094938.0,0.2509,0.018909,0.0,31.807,0.756,0.0,32.563,62.43,612495.15,1174284.28,27.533978,0.441
20033,Marmirolo,Mantova,20,45.220563,10.756393,86925356.0,0.1043,0.0,0.0386,5.497,0.0,2.316,7.813,14.978,67910.44,130198.84,21.044843,1.405
23063,Roncà,Verona,23,45.478892,11.288918,112338446.0,0.1534,9.8e-05,0.0,11.89,0.004,0.0,11.894,22.802,133610.3,256159.53,20.167921,0.8845
38001,Argenta,Ferrara,38,44.614338,11.833842,94265308.0,0.1587,0.0,0.105838,12.725,0.0,6.35,19.076,36.572,179817.5,344748.63,39.906082,1.0912
23069,San Bonifacio,Verona,23,45.395642,11.270082,719677182.0,0.1383,0.0,0.475176,9.664,0.0,28.511,38.175,73.189,2747344.1,5267246.62,20.167921,0.2756
26073,San Pietro di Feletto,Treviso,26,45.908889,12.240595,34048408.0,0.2433,0.000196,0.0,29.909,0.008,0.0,29.917,57.357,101862.07,195291.38,21.139592,0.3686
21074,Rio di Pusteria/Mühlbach,Bolzano/Bozen,21,46.795946,11.666827,89662066.0,0.0468,2.1e-05,0.0,1.107,0.001,0.0,1.107,2.123,9929.96,19037.86,10.80791,5.0902
13245,Villa Guardia,Como,13,45.773784,9.025297,145023368.0,0.0395,0.0,2.3e-05,0.788,0.0,0.001,0.79,1.514,11452.74,21957.35,12.029442,7.9452
100006,Vaiano,Prato,100,43.969012,11.124072,71932734.0,0.175,0.038575,0.010189,15.474,1.543,0.611,17.628,33.797,126803.2,243108.87,30.888404,0.9139
23043,Lazise,Verona,23,45.5052,10.733024,185518911.0,0.164,0.0,0.568622,13.59,0.0,34.117,47.707,91.464,885052.8,1696835.64,20.167921,0.2205
10058,Serra Riccò,Genova,10,44.518713,8.951623,40311755.0,0.0855,0.402026,0.016701,3.694,16.081,1.002,20.777,39.833,83754.52,160575.35,24.504626,0.6152
10057,Savignone,Genova,10,44.564143,8.989596,8934351.0,0.091,0.137692,0.012149,4.184,5.508,0.729,10.421,19.979,9310.22,17849.69,24.504626,1.2265
97012,Calco,Lecco,97,45.724868,9.415905,109643003.0,0.065,0.000442,0.067832,2.135,0.018,4.07,6.222,11.93,68223.57,130799.18,14.425007,1.2092
97005,Barzago,Lecco,97,45.755479,9.314244,97675149.0,0.0517,0.0,0.031418,1.351,0.0,1.885,3.236,6.203,31603.7,60591.06,14.425007,2.3254
63017,Casalnuovo di Napoli,Napoli,63,40.914819,14.351125,297436512.0,0.1703,0.0,0.001313,14.654,0.0,0.079,14.732,28.245,438197.38,840118.15,35.751904,1.2658
17067,Desenzano del Garda,Brescia,17,45.469485,10.538947,477072032.0,0.1603,0.000463,0.257888,12.983,0.019,15.473,28.475,54.593,1358466.79,2604471.57,20.48295,0.3752
43053,Tolentino,Macerata,43,43.208755,13.28441,446309236.0,0.1747,0.124204,0.0,15.421,4.968,0.0,20.389,39.09,909972.63,1744612.28,27.736975,0.7096
55022,Narni,Terni,55,42.519589,12.515226,272915588.0,0.1552,0.09254,0.075895,12.17,3.702,4.554,20.426,39.16,557446.3,1068743.86,34.830185,0.8894
67026,Isola del Gran Sasso d'Italia,Teramo,67,42.503058,13.659516,65939968.0,0.2271,0.173421,0.0,26.059,6.937,0.0,32.995,63.259,217572.15,417132.38,27.38232,0.4329
98037,Massalengo,Lodi,98,45.26472,9.490245,22456427.0,0.071,0.0,0.0067,2.547,0.0,0.402,2.949,5.654,6622.47,12696.69,19.574231,3.4621
28036,Curtarolo,Padova,28,45.522255,11.832017,252946842.0,0.1162,0.0,0.297177,6.822,0.0,17.831,24.653,47.265,623587.46,1195550.62,17.804557,0.3767
78031,Castrolibero,Cosenza,78,39.308093,16.194392,8889800.0,0.265,0.221888,0.030671,35.482,8.876,1.84,46.198,88.571,41069.0,78738.06,50.996071,0.5758
15176,Pogliano Milanese,Milano,15,45.537305,8.991417,240359224.0,0.041,0.0,0.04763,0.849,0.0,2.858,3.707,7.107,89104.71,170832.79,15.050002,2.1175
12068,Ferno,Varese,12,45.614147,8.754548,13334314.0,0.0377,0.0,0.002372,0.718,0.0,0.142,0.86,1.65,1147.35,2199.71,11.229804,6.8074
54056,Umbertide,Perugia,54,43.305636,12.336622,853328638.0,0.2237,0.125558,0.01492,25.284,5.022,0.895,31.202,59.82,2662534.03,5104647.57,38.922787,0.6507
51034,Sansepolcro,Arezzo,51,43.570078,12.140377,791845833.0,0.2276,0.029578,0.031072,26.174,1.183,1.864,29.221,56.023,2313849.61,4436144.91,29.518286,0.5269
1008,Alpignano,Torino,1,45.095724,7.525403,38968924.0,0.0712,0.0,0.086389,2.561,0.0,5.183,7.745,14.848,30180.42,57862.33,20.594868,1.387
110002,Barletta,Barletta-Andria-Trani,110,41.321498,16.28687,907524590.0,0.1412,0.000325,0.090131,10.074,0.013,5.408,15.495,29.706,1406165.24,2695919.71,22.254355,0.7491
14008,Bianzone,Sondrio,14,46.188197,10.109354,7726330.0,0.0817,0.035209,0.009495,3.373,1.408,0.57,5.351,10.258,4134.08,7925.91,12.776609,1.2455
27015,Fossalta di Piave,Venezia,27,45.645747,12.513256,415189475.0,0.0969,0.0,0.187394,4.744,0.0,11.244,15.988,30.652,663799.29,1272645.3,17.526854,0.5718
15210,Settala,Milano,15,45.454413,9.386766,294566674.0,0.0626,0.0,0.006205,1.98,0.0,0.372,2.352,4.51,69291.07,132845.81,15.050002,3.3371
23013,Brentino Belluno,Verona,23,45.667941,10.881419,45656008.0,0.1644,0.041734,0.063432,13.656,1.669,3.806,19.131,36.679,87345.46,167459.95,20.167921,0.5499
69083,San Salvo,Chieti,69,42.043326,14.72723,851384555.0,0.1008,0.0,0.017766,5.134,0.0,1.066,6.2,11.886,527837.74,1011977.92,28.116343,2.3654
24007,Arsiero,Vicenza,24,45.803517,11.350404,127941320.0,0.1495,0.028086,0.0,11.293,1.123,0.0,12.416,23.805,158854.47,304558.03,21.315155,0.8954
7052,Pont-Saint-Martin,Valle d'Aosta/Vallée d'Aoste,7,45.59944,7.799438,100241087.0,0.0494,0.621804,0.029165,1.233,24.872,1.75,27.855,53.404,279222.39,535329.08,17.572597,0.329
16053,Caravaggio,Bergamo,16,45.49726,9.64374,189268492.0,0.1061,0.0,0.000629,5.688,0.0,0.038,5.726,10.977,108367.44,207763.58,21.203762,1.9316
24104,Tezze sul Brenta,Vicenza,24,45.686178,11.704184,262389042.0,0.1684,0.0,0.0,14.329,0.0,0.0,14.329,27.471,375965.07,720805.51,21.315155,0.7759
42021,Jesi,Ancona,42,43.52198,13.244376,548274366.0,0.1845,0.120687,0.0,17.199,4.827,0.0,22.027,42.23,1207671.02,2315363.81,27.781362,0.6579
25018,Domegge di Cadore,Belluno,25,46.460376,12.415824,42670856.0,0.1327,0.004637,0.0,8.897,0.185,0.0,9.083,17.414,38757.11,74305.67,17.91629,1.0289
16222,Urgnano,Bergamo,16,45.597197,9.694856,238562430.0,0.1222,0.0,0.078967,7.545,0.0,4.738,12.283,23.549,293027.04,561795.55,21.203762,0.9004
24094,San Pietro Mussolino,Vicenza,24,45.586304,11.256077,194631930.0,0.1641,0.0,0.0,13.606,0.0,0.0,13.606,26.086,264818.84,507714.4,21.315155,0.8171
34014,Fidenza,Parma,34,44.866522,10.061194,558035298.0,0.1511,0.01618,0.142021,11.536,0.647,8.521,20.704,39.694,1155369.07,2215089.79,33.475863,0.8433
23005,Badia Calavena,Verona,23,45.566086,11.152393,17446215.0,0.1649,0.002142,0.0,13.739,0.086,0.0,13.825,26.505,24119.04,46241.37,20.167921,0.7609
72004,Altamura,Bari,72,40.82856,16.552731,1166306093.0,0.0995,7.9e-05,0.005031,5.002,0.003,0.302,5.307,10.175,618987.99,1186732.44,14.160402,1.3917
13012,Arosio,Como,13,45.716977,9.208043,77422308.0,0.0477,0.0,0.0,1.15,0.0,0.0,1.15,2.204,8900.63,17064.4,12.029442,5.4578
68002,Alanno,Pescara,68,42.295082,13.971316,36815059.0,0.1912,0.150536,0.008412,18.471,6.021,0.505,24.997,47.925,92027.66,176436.72,27.533978,0.5745
75089,Tuglie,Lecce,75,40.073821,18.098125,4847654.0,0.0555,0.0,0.0,1.556,0.0,0.0,1.556,2.984,754.46,1446.46,14.108941,4.7285
16070,Cene,Bergamo,16,45.78367,9.82546,175743913.0,0.1101,0.001875,0.021014,6.125,0.075,1.261,7.461,14.304,131116.3,251378.0,21.203762,1.4824
20039,Pegognaga,Mantova,20,44.995988,10.858772,226843735.0,0.0963,0.0,0.012603,4.686,0.0,0.756,5.442,10.433,123444.59,236669.7,21.044843,2.0171
17069,Erbusco,Brescia,17,45.5985,9.972216,245919095.0,0.1375,0.0,0.0,9.553,0.0,0.0,9.553,18.314,234917.45,450387.03,20.48295,1.1184
23062,Rivoli Veronese,Verona,23,45.571982,10.811761,191330967.0,0.1654,0.0,0.058334,13.823,0.0,3.5,17.323,33.211,331435.08,635431.98,20.167921,0.6073
60003,Alatri,Frosinone,60,41.726503,13.342303,5562453.0,0.1648,0.107662,0.003202,13.722,4.306,0.192,18.221,34.934,10135.38,19431.69,34.188464,0.9787
58110,Valmontone,Roma,58,41.778819,12.917489,42064760.0,0.1691,0.141181,0.001025,14.448,5.647,0.062,20.157,38.645,84788.44,162557.58,29.689549,0.7683
64046,Manocalzati,Avellino,64,40.941865,14.849804,170426999.0,0.2149,0.036934,0.046098,23.334,1.477,2.766,27.577,52.872,469991.79,901074.85,37.737871,0.7138
13165,Olgiate Comasco,Como,13,45.785326,8.967774,231847919.0,0.0389,0.0,8.9e-05,0.765,0.0,0.005,0.77,1.476,17850.19,34222.63,12.029442,8.1496
13099,Faloppio,Como,13,45.808891,8.971173,42184211.0,0.0391,0.050036,0.000308,0.772,2.001,0.018,2.792,5.354,11779.4,22583.63,12.029442,2.247
13121,Lambrugo,Como,13,45.759191,9.241845,13446626.0,0.048,0.0,0.011768,1.164,0.0,0.706,1.87,3.586,2514.8,4821.4,12.029442,3.3549
15194,San Giorgio su Legnano,Milano,15,45.573771,8.913739,60545082.0,0.039,0.0,0.0,0.769,0.0,0.0,0.769,1.473,4652.92,8920.65,15.050002,10.2145
13007,Alzate Brianza,Como,13,45.769778,9.182041,117373030.0,0.0445,1.9e-05,0.00013,1.001,0.001,0.008,1.009,1.935,11844.2,22707.86,12.029442,6.2178
3055,Cressa,Novara,3,45.647072,8.50815,38618472.0,0.0378,0.0,0.026771,0.722,0.0,1.606,2.328,4.464,8991.15,17237.97,12.08995,2.7085
15041,Busto Garolfo,Milano,15,45.545558,8.88327,69321455.0,0.0388,0.0,0.0,0.761,0.0,0.0,0.761,1.458,5272.89,10109.26,15.050002,10.3201
97061,Osnago,Lecco,97,45.675678,9.391148,181484051.0,0.0641,0.0,0.001124,2.076,0.0,0.067,2.143,4.109,38900.57,74580.71,14.425007,3.5102
12006,Azzate,Varese,12,45.780222,8.793769,26428018.0,0.0379,0.006521,0.087184,0.726,0.261,5.231,6.218,11.921,16432.0,31503.67,11.229804,0.9421
15099,Dairago,Milano,15,45.565972,8.863174,10486707.0,0.0384,0.0,0.0,0.745,0.0,0.0,0.745,1.428,781.3,1497.92,15.050002,10.5362
96077,Vigliano Biellese,Biella,96,45.564475,8.104537,112120492.0,0.041,0.006396,0.054083,0.849,0.256,3.245,4.35,8.34,48774.29,93510.75,19.06674,2.2861
50028,Ponsacco,Pisa,50,43.620713,10.630829,81706212.0,0.1371,0.005808,0.161041,9.497,0.232,9.662,19.392,37.178,158443.98,303771.02,28.10564,0.756
25022,Fonzaso,Belluno,25,46.017903,11.799754,48395895.0,0.1679,0.0,0.0,14.244,0.0,0.0,14.244,27.308,68933.06,132159.43,17.91629,0.6561
28072,Rubano,Padova,28,45.428729,11.788274,440450126.0,0.0895,0.0,0.279158,4.047,0.0,16.749,20.797,39.872,915993.74,1756156.04,17.804557,0.4465
93021,Fiume Veneto,Pordenone,93,45.927943,12.732176,436258855.0,0.1692,0.0,0.088261,14.465,0.0,5.296,19.761,37.885,862076.16,1652784.5,22.312037,0.5889
108015,Carate Brianza,Monza e della Brianza,108,45.676549,9.237162,397205233.0,0.0507,0.00069,0.013037,1.299,0.028,0.782,2.109,4.043,83754.45,160575.21,13.279771,3.2849
4029,Bra,Cuneo,4,44.697678,7.854271,781550550.0,0.0547,0.0,0.00616,1.512,0.0,0.37,1.881,3.607,147040.36,281907.84,16.396584,4.5457
17046,Cazzago San Martino,Brescia,17,45.580508,10.026215,737721736.0,0.1398,0.0,0.009665,9.875,0.0,0.58,10.455,20.044,771272.09,1478693.67,20.48295,1.0219
6177,Valenza,Alessandria,6,45.014025,8.645821,1836310978.0,0.0516,0.004815,0.201073,1.345,0.193,12.064,13.602,26.078,2497800.41,4788817.97,20.84217,0.7992
58063,Montelibretti,Roma,58,42.140933,12.735332,8680287.0,0.1511,0.014943,0.046092,11.536,0.598,2.766,14.899,28.565,12932.77,24794.88,29.689549,1.0394
33023,Gossolengo,Piacenza,33,44.99996,9.613788,53720344.0,0.0965,0.0,0.102333,4.705,0.0,6.14,10.845,20.792,58260.34,111697.54,28.260932,1.3592
61088,Sessa Aurunca,Caserta,61,41.236934,13.93473,96655697.0,0.0989,0.153409,0.077694,4.942,6.136,4.662,15.74,30.177,152136.89,291678.98,28.435248,0.9423
1059,Carmagnola,Torino,1,44.846947,7.717874,250285558.0,0.0583,0.0,0.085385,1.717,0.0,5.123,6.84,13.115,171206.18,328238.89,20.594868,1.5704
30118,Tavagnacco,Udine,30,46.127394,13.2141,783034290.0,0.2321,0.0,0.021585,27.219,0.0,1.295,28.514,54.667,2232730.93,4280623.05,22.91097,0.4191
16058,Casazza,Bergamo,16,45.749184,9.907258,137883926.0,0.1219,0.060382,0.027616,7.508,2.415,1.657,11.58,22.202,159673.08,306127.47,21.203762,0.955
15157,Novate Milanese,Milano,15,45.531939,9.140832,1156508917.0,0.0463,0.0,0.013633,1.083,0.0,0.818,1.901,3.645,219864.79,421527.85,15.050002,4.1291
9002,Albenga,Savona,9,44.04925,8.213124,81534282.0,0.1292,0.005012,0.12308,8.434,0.2,7.385,16.019,30.713,130613.48,250414.0,24.791781,0.8072
13143,Mariano Comense,Como,13,45.697149,9.178344,264435043.0,0.0466,8e-06,0.00013,1.097,0.0,0.008,1.105,2.119,29228.78,56037.83,12.029442,5.6765
26032,Giavera del Montello,Treviso,26,45.793974,12.169567,584902145.0,0.2081,0.0,0.0,21.881,0.0,0.0,21.881,41.95,1279808.55,2453666.89,21.139592,0.5039
1214,Rivalta di Torino,Torino,1,45.034045,7.518419,5206396659.0,0.0742,0.000212,0.03987,2.782,0.008,2.392,5.182,9.936,2698203.12,5173032.85,20.594868,2.0728
19062,Offanengo,Cremona,19,45.378874,9.742361,224446007.0,0.0966,0.0,0.0,4.715,0.0,0.0,4.715,9.039,105823.9,202887.07,21.210647,2.3465
4025,Borgo San Dalmazzo,Cuneo,4,44.328652,7.487456,274392141.0,0.1419,0.008408,0.10033,10.174,0.336,6.02,16.53,31.691,453567.52,869586.0,16.396584,0.5174
37030,Granarolo dell'Emilia,Bologna,37,44.55321,11.443208,547699169.0,0.1711,0.0,0.083504,14.792,0.0,5.01,19.802,37.965,1084549.79,2079314.06,38.815968,1.0224
6140,Predosa,Alessandria,6,44.752637,8.658324,122516597.0,0.0779,0.00042,0.123119,3.066,0.017,7.387,10.47,20.073,128275.91,245932.37,20.84217,1.0383
21051,Merano/Meran,Bolzano/Bozen,21,46.669555,11.159418,495925242.0,0.0437,0.126799,0.0,0.965,5.072,0.0,6.037,11.574,299382.93,573981.15,10.80791,0.9338
28001,Abano Terme,Padova,28,45.360314,11.789783,1048071199.0,0.0772,0.0,0.711028,3.011,0.0,42.662,45.673,87.565,4786852.19,9177420.13,17.804557,0.2033
53014,Manciano,Grosseto,53,42.587336,11.515988,90904411.0,0.1029,0.449934,0.064188,5.35,17.997,3.851,27.199,52.145,247247.03,474025.47,19.796812,0.3796
82037,Geraci Siculo,Palermo,82,37.859137,14.154416,17108722.0,0.1714,0.010034,0.004086,14.844,0.401,0.245,15.49,29.698,26501.62,50809.27,29.57954,0.996
27027,Noventa di Piave,Venezia,27,45.661888,12.529942,482657095.0,0.1006,0.0,0.058972,5.113,0.0,3.538,8.652,16.587,417583.58,800597.09,17.526854,1.0566
17038,Capriolo,Brescia,17,45.637256,9.933605,165028451.0,0.1355,0.003355,0.036087,9.277,0.134,2.165,11.576,22.194,191039.87,366264.32,20.48295,0.9229
24028,Castelgomberto,Vicenza,24,45.585285,11.394497,230508859.0,0.1619,0.000619,0.0,13.244,0.025,0.0,13.269,25.439,305851.16,586382.13,21.315155,0.8379
28012,Boara Pisani,Padova,28,45.108085,11.782711,21323296.0,0.0625,0.0,0.0,1.974,0.0,0.0,1.974,3.784,4208.55,8068.68,17.804557,4.7053
65022,Campagna,Salerno,65,40.664729,15.107145,16885682.0,0.1352,0.22048,0.016394,9.236,8.819,0.984,19.039,36.501,32147.92,61634.44,25.585615,0.701
52005,Castellina in Chianti,Siena,52,43.469179,11.287286,185094766.0,0.1206,0.114823,0.01156,7.349,4.593,0.694,12.635,24.224,233871.85,448382.39,24.090373,0.9945
87050,Trecastagni,Catania,87,37.616116,15.079231,18367578.0,0.2294,0.0,0.0,26.589,0.0,0.0,26.589,50.977,48837.83,93632.57,36.827421,0.7224
15098,Cusano Milanino,Milano,15,45.552184,9.183685,129753700.0,0.0475,0.0,0.007161,1.14,0.0,0.43,1.57,3.009,20366.92,39047.74,15.050002,5.001
52037,Montalcino,Siena,52,43.0583,11.490066,450439974.0,0.141,0.379359,0.05398,10.045,15.174,3.239,28.458,54.561,1281875.45,2457629.58,24.090373,0.4415
52015,Montepulciano,Siena,52,43.092723,11.780972,166455433.0,0.1431,0.056431,0.178191,10.347,2.257,10.691,23.295,44.662,387762.62,743423.94,24.090373,0.5394
69027,Crecchio,Chieti,69,42.298544,14.326899,62032000.0,0.1293,0.042093,0.0,8.447,1.684,0.0,10.131,19.423,62844.35,120486.07,28.116343,1.4476
18037,Casteggio,Pavia,18,45.014114,9.123578,156782778.0,0.0897,0.034622,0.011451,4.065,1.385,0.687,6.137,11.767,96222.81,184479.72,18.961299,1.6115
97051,Molteno,Lecco,97,45.78038,9.307444,288563090.0,0.0508,0.0,0.209017,1.304,0.0,12.541,13.845,26.544,399513.36,765952.61,14.425007,0.5434
61100,Vitulazio,Caserta,61,41.164116,14.216925,85378927.0,0.1189,0.023386,0.011433,7.143,0.935,0.686,8.764,16.803,74829.77,143464.69,28.435248,1.6922
35034,Rio Saliceto,Reggio nell'Emilia,35,44.81001,10.803099,103804035.0,0.1483,0.0,0.16644,11.112,0.0,9.986,21.099,40.451,219011.95,419892.78,36.618436,0.9053
69017,Casoli,Chieti,69,42.114637,14.290214,94632753.0,0.1617,0.206997,0.032537,13.211,8.28,1.952,23.443,44.946,221849.08,425332.16,28.116343,0.6256
31018,San Canzian d'Isonzo,Gorizia,31,45.798617,13.466138,5194325.0,0.122,0.0,0.478385,7.52,0.0,28.703,36.223,69.448,18815.63,36073.59,23.340869,0.3361
15144,Mesero,Milano,15,45.501314,8.854202,5262150.0,0.0388,0.0,0.0,0.761,0.0,0.0,0.761,1.458,400.26,767.39,15.050002,10.3201
20030,Mantova,Mantova,20,45.169362,10.670616,1353048304.0,0.0937,0.0,0.284052,4.436,0.0,17.043,21.479,41.18,2906235.98,5571876.37,21.044843,0.511
13101,Figino Serenza,Como,13,45.70978,9.128939,125448153.0,0.0434,0.037281,0.0293,0.952,1.491,1.758,4.201,8.054,52699.93,101037.05,12.029442,1.4936
66044,Fossa,L'Aquila,66,42.292921,13.487868,18999551.0,0.261,0.072503,0.234242,34.419,2.9,14.055,51.374,98.494,97607.67,187134.79,47.395882,0.4812
39016,Russi,Ravenna,39,44.370054,12.030417,372366487.0,0.183,0.0,0.150444,16.921,0.0,9.027,25.947,49.747,966194.14,1852400.95,37.876303,0.7614
24118,Villaverla,Vicenza,24,45.65121,11.494074,139690933.0,0.1649,0.0,0.024256,13.739,0.0,1.455,15.194,29.131,212253.12,406934.66,21.315155,0.7317
57059,Rieti,Rieti,57,42.414736,12.885888,114407843.0,0.1887,0.008409,0.213189,17.991,0.336,12.791,31.119,59.662,356025.24,682576.58,44.772003,0.7504
37019,Castel Maggiore,Bologna,37,44.575685,11.36481,486222095.0,0.1675,0.0,0.095323,14.176,0.0,5.719,19.895,38.143,967347.1,1854611.42,38.815968,1.0176
3153,Vaprio d'Agogna,Novara,3,45.603513,8.553431,70804181.0,0.0373,0.0,0.033887,0.703,0.0,2.033,2.736,5.246,19373.35,37142.86,12.08995,2.3047
14066,Tirano,Sondrio,14,46.215672,10.173178,53566443.0,0.0783,0.127633,0.019393,3.098,5.105,1.164,9.367,17.958,50173.61,96193.55,12.776609,0.7115
72019,Conversano,Bari,72,40.968396,17.113771,184579553.0,0.0631,0.0,0.002171,2.012,0.0,0.13,2.142,4.107,39537.32,75801.51,14.160402,3.4481
1219,Rivoli,Torino,1,45.069715,7.517676,391421034.0,0.0732,0.0,0.011529,2.707,0.0,0.692,3.399,6.517,133046.41,255078.44,20.594868,3.1603
4187,Roccabruna,Cuneo,4,44.47453,7.343726,27403995.0,0.1392,0.013538,0.106525,9.79,0.542,6.391,16.723,32.062,45828.58,87863.2,16.396584,0.5114
42007,Camerata Picena,Ancona,42,43.578135,13.352735,57131787.0,0.183,0.067504,0.0,16.921,2.7,0.0,19.621,37.617,112097.81,214915.49,27.781362,0.7385
19066,Palazzo Pignano,Cremona,19,45.390073,9.569557,451895327.0,0.0771,0.0,0.0,3.003,0.0,0.0,3.003,5.758,135726.37,260216.5,21.210647,3.6835
60089,Villa Santa Lucia,Frosinone,60,41.51242,13.770011,24269897.0,0.2188,0.203391,0.0,24.189,8.136,0.0,32.324,61.973,78450.8,150406.98,34.188464,0.5517
42004,Barbara,Ancona,42,43.581154,13.026481,77835757.0,0.18,0.172955,0.0,16.371,6.918,0.0,23.289,44.649,181269.56,347532.55,27.781362,0.6222
111041,Monastir,Sud Sardegna,111,39.38474,9.044841,32073608.0,0.0,0.007934,0.129825,0.0,0.317,7.79,8.107,15.543,26001.62,49850.68,15.448131,0.9939
88006,Modica,Ragusa,88,36.858921,14.761302,665410996.0,0.1818,0.005486,0.0,16.7,0.219,0.0,16.919,32.437,1125809.79,2158418.31,23.45042,0.7229
69081,San Giovanni Teatino,Chieti,69,42.410541,14.20103,1475521326.0,0.1415,0.063387,0.042261,10.117,2.535,2.536,15.188,29.118,2240969.45,4296418.04,28.116343,0.9656
108037,Renate,Monza e della Brianza,108,45.724378,9.279944,32815446.0,0.0514,0.0,0.082516,1.335,0.0,4.951,6.286,12.051,20627.28,39546.91,13.279771,1.1019
17021,Borgosatollo,Brescia,17,45.477262,10.240811,250059413.0,0.1498,0.0,0.074272,11.338,0.0,4.456,15.794,30.281,394954.98,757213.22,20.48295,0.6764
16170,Ponte San Pietro,Bergamo,16,45.697819,9.587857,219791007.0,0.1004,0.0,0.048911,5.093,0.0,2.935,8.028,15.391,176443.68,338280.3,21.203762,1.3777
72037,Rutigliano,Bari,72,41.011159,17.005479,1163666366.0,0.0651,0.0,0.002242,2.141,0.0,0.135,2.276,4.363,264830.72,507737.17,14.160402,3.2454
17170,Salò,Brescia,17,45.605678,10.520069,281371949.0,0.1587,0.02644,0.389816,12.725,1.058,23.389,37.172,71.267,1045914.72,2005242.36,20.48295,0.2874
1082,Chivasso,Torino,1,45.190959,7.887186,416503100.0,0.0425,0.0,0.186697,0.913,0.0,11.202,12.114,23.226,504570.66,967369.95,20.594868,0.8867
82021,Carini,Palermo,82,38.131172,13.181885,178141584.0,0.1669,0.099325,0.0,14.074,3.973,0.0,18.047,34.601,321499.48,616383.32,29.57954,0.8549
4203,Saluzzo,Cuneo,4,44.644605,7.492601,750080033.0,0.1215,0.0,0.034633,7.459,0.0,2.078,9.537,18.284,715336.4,1371452.98,16.396584,0.8968
25004,Arsiè,Belluno,25,45.983519,11.75778,37110651.0,0.169,0.000119,0.0,14.431,0.005,0.0,14.436,27.676,53571.38,102707.8,17.91629,0.6474
16051,Capriate San Gervasio,Bergamo,16,45.612578,9.528752,58275085.0,0.0963,0.0,0.080787,4.686,0.0,4.847,9.533,18.277,55552.9,106506.81,21.203762,1.1602
14061,Sondrio,Sondrio,14,46.323362,10.258414,244768112.0,0.0954,0.286039,0.07647,4.598,11.442,4.588,20.628,39.549,504913.56,968027.35,12.776609,0.3231
26088,Vazzola,Treviso,26,45.837767,12.384064,504234260.0,0.1993,0.0,0.0,20.069,0.0,0.0,20.069,38.477,1011962.87,1940149.41,21.139592,0.5494
42022,Loreto,Ancona,42,43.439498,13.607021,119659857.0,0.1811,0.033722,0.0,16.571,1.349,0.0,17.92,34.357,214431.68,411111.43,27.781362,0.8086
16128,Lovere,Bergamo,16,45.816882,10.075214,62020766.0,0.1051,0.102014,0.312324,5.581,4.081,18.739,28.401,54.451,176146.06,337709.69,21.203762,0.3894
17112,Monticelli Brusati,Brescia,17,45.63219,10.09857,278664522.0,0.1399,0.015854,0.012584,9.889,0.634,0.755,11.278,21.623,314283.86,602549.41,20.48295,0.9473
18075,Gravellona Lomellina,Pavia,18,45.327664,8.76414,8878641.0,0.0403,0.0,0.019604,0.821,0.0,1.176,1.997,3.828,1772.92,3399.06,18.961299,4.9529
14048,Piantedo,Sondrio,14,46.13419,9.42934,748220166.0,0.0445,0.034703,0.030774,1.001,1.388,1.846,4.235,8.12,316879.27,607525.39,12.776609,1.5736
98056,Tavazzano con Villavesco,Lodi,98,45.334092,9.403652,15843234.0,0.0643,0.0,0.01366,2.089,0.0,0.82,2.909,5.576,4608.17,8834.85,19.574231,3.5102
77020,Pisticci,Matera,77,40.390527,16.556732,199817842.0,0.0969,0.002839,0.088443,4.744,0.114,5.307,10.164,19.487,203102.13,389390.25,22.969725,1.1787
29030,Loreo,Rovigo,29,45.061995,12.188925,115557031.0,0.0574,0.0,0.018033,1.665,0.0,1.082,2.747,5.266,31740.06,60852.49,24.853738,4.7196
16019,Barbata,Bergamo,16,45.474977,9.77736,28342017.0,0.1228,0.0,0.0,7.619,0.0,0.0,7.619,14.608,21594.6,41401.47,21.203762,1.4515
93042,Sequals,Pordenone,93,46.165522,12.828776,51063557.0,0.2516,0.001942,0.0,31.984,0.078,0.0,32.062,61.47,163720.65,313887.52,22.312037,0.363
1284,Val della Torre,Torino,1,45.155147,7.445015,24674491.0,0.0867,0.005323,0.01712,3.798,0.213,1.027,5.038,9.659,12431.32,23833.51,20.594868,2.1322
72024,Grumo Appula,Bari,72,41.013531,16.708483,194404640.0,0.0826,0.000428,0.016533,3.447,0.017,0.992,4.456,8.544,86634.28,166096.45,14.160402,1.6574
20019,Ceresara,Mantova,20,45.26513,10.567035,156649254.0,0.1235,0.0,0.047462,7.706,0.0,2.848,10.554,20.235,165329.5,316972.04,21.044843,1.04
13035,Cabiate,Como,13,45.674176,9.173743,135308541.0,0.0455,0.006932,0.000868,1.046,0.277,0.052,1.375,2.637,18610.08,35679.51,12.029442,4.562
60085,Veroli,Frosinone,60,41.691272,13.417632,98295660.0,0.1724,0.261302,0.000541,15.017,10.452,0.032,25.502,48.893,250672.12,480592.1,34.188464,0.6993
99025,San Leo,Rimini,99,43.896961,12.343644,25100246.0,0.178,0.416564,0.051376,16.009,16.663,3.083,35.754,68.548,89743.11,172056.75,28.763441,0.4196
20025,Gazzuolo,Mantova,20,45.069175,10.583113,48250054.0,0.0746,0.0,0.058025,2.812,0.0,3.482,6.293,12.066,30365.55,58217.25,21.044843,1.7442
23066,Roveredo di Guà,Verona,23,45.273751,11.444988,36846025.0,0.0844,0.0,0.0,3.599,0.0,0.0,3.599,6.9,13261.52,25425.16,20.167921,2.9227
93032,Porcia,Pordenone,93,45.946555,12.601781,945024859.0,0.1999,0.0,0.024351,20.19,0.0,1.461,21.651,41.51,2046109.31,3922829.46,22.312037,0.5375
4022,Bernezzo,Cuneo,4,44.385329,7.436329,91678000.0,0.1409,0.000184,0.003146,10.031,0.007,0.189,10.227,19.607,93759.21,179756.48,16.396584,0.8362
16001,Adrara San Martino,Bergamo,16,45.699945,9.948935,195680164.0,0.1294,0.091569,0.0,8.46,3.663,0.0,12.123,23.243,237224.4,454809.94,21.203762,0.9123
16153,Osio Sotto,Bergamo,16,45.616078,9.589053,413673847.0,0.1082,0.007063,0.009323,5.915,0.283,0.559,6.757,12.955,279525.09,535909.42,21.203762,1.6367
17132,Paitone,Brescia,17,45.553076,10.401255,202917782.0,0.1593,8.5e-05,0.028175,12.822,0.003,1.69,14.516,27.83,294549.48,564714.38,20.48295,0.736
29014,Ceneselli,Rovigo,29,45.013695,11.369156,23607333.0,0.0909,0.0,0.07275,4.175,0.0,4.365,8.54,16.373,20160.41,38651.82,24.853738,1.518
12017,Brebbia,Varese,12,45.828539,8.650052,51965442.0,0.0389,0.004176,0.221701,0.765,0.167,13.302,14.234,27.289,73965.89,141808.44,11.229804,0.4115
26026,Farra di Soligo,Treviso,26,45.905381,12.12543,82941729.0,0.2465,0.0,0.0,30.701,0.0,0.0,30.701,58.86,254638.79,488197.06,21.139592,0.3591
23075,San Pietro di Morubio,Verona,23,45.242986,11.228187,48812244.0,0.0986,0.0,0.0,4.912,0.0,0.0,4.912,9.418,23977.3,45969.61,20.167921,2.1415
62076,Torrecuso,Benevento,62,41.18974,14.680055,54372470.0,0.2522,0.109429,0.032707,32.137,4.377,1.962,38.477,73.768,209207.66,401095.86,40.937916,0.555
22032,Calceranica al Lago,Trento,22,46.004241,11.242883,295999000.0,0.0821,0.091666,0.0,3.406,3.667,0.0,7.072,13.559,209339.99,401349.56,14.82766,1.0936
27025,Musile di Piave,Venezia,27,45.617359,12.561887,61095686.0,0.0856,0.0,0.585608,3.702,0.0,35.136,38.839,74.462,237287.86,454931.6,17.526854,0.2354
50009,Castelfranco di Sotto,Pisa,50,43.699715,10.745178,264493552.0,0.1205,0.002662,0.122475,7.337,0.106,7.348,14.792,28.359,391226.36,750064.67,28.10564,0.9911
65037,Cava de' Tirreni,Salerno,65,40.700462,14.706263,593570589.0,0.1083,0.493821,0.014945,5.926,19.753,0.897,26.576,50.951,1577456.34,3024321.41,25.585615,0.5022
73026,Sava,Taranto,73,40.403424,17.558409,87028624.0,0.0557,0.0,0.029731,1.568,0.0,1.784,3.351,6.425,29167.07,55919.51,15.194153,2.3647
93004,Aviano,Pordenone,93,46.068544,12.589114,44816983.0,0.2473,0.040173,0.0,30.901,1.607,0.0,32.507,62.324,145688.56,279316.16,22.312037,0.358
35012,Casalgrande,Reggio nell'Emilia,35,44.588009,10.737321,1538280236.0,0.1634,0.024767,0.036024,13.49,0.991,2.161,16.642,31.907,2560071.19,4908204.38,36.618436,1.1477
17037,Capriano del Colle,Brescia,17,45.454869,10.130348,117546626.0,0.1437,0.0,0.008321,10.434,0.0,0.499,10.933,20.96,128511.23,246383.53,20.48295,0.9772
15172,Pessano con Bornago,Milano,15,45.548535,9.388324,317258840.0,0.0683,0.0,0.024075,2.357,0.0,1.444,3.801,7.288,120605.85,231227.24,15.050002,2.065
17091,Lograto,Brescia,17,45.484238,10.053276,242256195.0,0.1431,0.0,0.0,10.347,0.0,0.0,10.347,19.837,250652.36,480554.21,20.48295,1.0326
1150,Mercenasco,Torino,1,45.357182,7.882359,43265400.0,0.0423,2.3e-05,2.3e-05,0.904,0.001,0.001,0.906,1.738,3921.41,7518.19,20.594868,11.8519
28103,Villafranca Padovana,Padova,28,45.494851,11.797524,144504171.0,0.114,0.0,0.0,6.566,0.0,0.0,6.566,12.589,94887.22,181919.11,17.804557,1.4143
64079,Rocca San Felice,Avellino,64,40.95146,15.164394,22912457.0,0.2681,0.09859,0.0,36.317,3.944,0.0,40.261,77.188,92247.17,176857.58,37.737871,0.4889
24014,Breganze,Vicenza,24,45.708144,11.564767,299923620.0,0.1671,0.0,0.0,14.108,0.0,0.0,14.108,27.048,423137.19,811244.56,21.315155,0.788
3023,Borgolavezzaro,Novara,3,45.319663,8.699539,93547272.0,0.0393,0.0,0.035807,0.78,0.0,2.148,2.929,5.615,27398.07,52527.96,12.08995,2.1531
97058,Olgiate Molgora,Lecco,97,45.730279,9.403347,17943225.0,0.0611,0.00496,0.000439,1.886,0.198,0.026,2.111,4.047,3787.8,7262.03,14.425007,3.5642
65135,Sarno,Salerno,65,40.810811,14.619839,374142488.0,0.1497,0.433837,0.014405,11.323,17.353,0.864,29.541,56.636,1105245.82,2118992.79,25.585615,0.4518
36009,Cavezzo,Modena,36,44.8365,11.029435,235614844.0,0.1501,0.0,0.125805,11.384,0.0,7.548,18.932,36.296,446063.29,855198.79,36.541065,1.0067
98003,Boffalora d'Adda,Lodi,98,45.359771,9.494156,21490573.0,0.0701,0.0,0.155108,2.483,0.0,9.306,11.789,22.603,25335.98,48574.51,19.574231,0.866
41067,Urbino,Pesaro e Urbino,41,43.726261,12.636314,254289957.0,0.1745,0.120624,0.0,15.385,4.825,0.0,20.21,38.748,513928.89,985311.67,24.621765,0.6354
87051,Tremestieri Etneo,Catania,87,37.576488,15.07322,422845982.0,0.225,0.0,0.0,25.579,0.0,0.0,25.579,49.04,1081595.51,2073650.08,36.827421,0.751
12025,Buguggiate,Varese,12,45.785997,8.80499,208802737.0,0.038,0.036142,0.141985,0.73,1.446,8.519,10.694,20.503,223301.58,428116.92,11.229804,0.5477
73003,Castellaneta,Taranto,73,40.630424,16.934678,17155261.0,0.1413,0.027712,0.034412,10.088,1.108,2.065,13.261,25.424,22749.81,43616.26,15.194153,0.5976
37047,Pianoro,Bologna,37,44.392964,11.342314,1628289110.0,0.1673,0.180475,0.017324,14.142,7.219,1.039,22.4,42.946,3647432.26,6992908.26,38.815968,0.9038
35035,Rolo,Reggio nell'Emilia,35,44.886656,10.858208,49956323.0,0.1402,0.0,0.165428,9.931,0.0,9.926,19.857,38.07,99199.03,190185.78,36.618436,0.9619
17134,Paratico,Brescia,17,45.659876,9.95507,127628718.0,0.1343,0.010406,0.125707,9.113,0.416,7.542,17.072,32.73,217885.63,417733.38,20.48295,0.6258
75021,Collepasso,Lecce,75,40.07302,18.163073,18266890.0,0.0565,0.00055,0.010815,1.613,0.022,0.649,2.284,4.379,4171.84,7998.31,14.108941,3.2223
15050,Carpiano,Milano,15,45.340572,9.272733,79294915.0,0.0579,0.0,0.000792,1.694,0.0,0.048,1.741,3.339,13808.17,26473.22,15.050002,4.5079
41065,Tavullia,Pesaro e Urbino,41,43.897756,12.75479,136271534.0,0.1848,0.124885,0.0,17.255,4.995,0.0,22.251,42.659,303213.19,581324.58,24.621765,0.5772
42031,Morro d'Alba,Ancona,42,43.601097,13.213846,33378920.0,0.1844,0.091192,0.0,17.181,3.648,0.0,20.828,39.932,69522.7,133289.89,27.781362,0.6957
40003,Bertinoro,Forlì-Cesena,40,44.148665,12.134235,176033662.0,0.2061,0.225602,0.110556,21.462,9.024,6.633,37.12,71.166,653430.08,1252765.3,31.154462,0.4378
15106,Gessate,Milano,15,45.554388,9.435192,383172975.0,0.0731,0.0,0.012865,2.7,0.0,0.772,3.472,6.656,133031.11,255049.12,15.050002,2.261
16037,Brembate,Bergamo,16,45.603928,9.555598,109668650.0,0.0963,0.006978,0.041615,4.686,0.279,2.497,7.462,14.306,81831.17,156887.87,21.203762,1.4822
15076,Cesate,Milano,15,45.596474,9.077308,28156555.0,0.0429,0.0,0.029944,0.93,0.0,1.797,2.727,5.227,7676.97,14718.4,15.050002,2.8791
4075,Costigliole Saluzzo,Cuneo,4,44.564534,7.485427,37319792.0,0.1245,0.0,0.079387,7.832,0.0,4.763,12.595,24.147,47004.0,90116.73,16.396584,0.679
13114,Guanzate,Como,13,45.723878,9.010799,225001857.0,0.0397,0.0,0.011024,0.796,0.0,0.661,1.458,2.795,32800.33,62885.24,12.029442,4.3041
1164,Nichelino,Torino,1,44.995518,7.646618,50119367.0,0.0596,0.0,0.025181,1.795,0.0,1.511,3.306,6.338,16567.64,31763.7,20.594868,3.2496
15185,Rodano,Milano,15,45.477658,9.353461,1037777541.0,0.0599,0.0,0.0,1.813,0.0,0.0,1.813,3.476,188137.58,360700.0,15.050002,4.3301
16240,Villa di Serio,Bergamo,16,45.722665,9.732378,119863886.0,0.1176,0.000743,0.019808,6.988,0.03,1.188,8.206,15.732,98358.73,188574.73,21.203762,1.3478
96004,Biella,Biella,96,45.566954,8.086912,741741989.0,0.0415,0.036913,0.034707,0.87,1.477,2.082,4.429,8.492,328527.13,629856.82,19.06674,2.2454
16016,Azzano San Paolo,Bergamo,16,45.661039,9.67518,473313149.0,0.1193,0.0,0.021383,7.191,0.0,1.283,8.474,16.247,401091.85,768978.92,21.203762,1.3051
75034,Guagnano,Lecce,75,40.401227,17.949018,21146574.0,0.0486,0.0,0.027425,1.193,0.0,1.646,2.839,5.443,6003.32,11509.66,14.108941,2.5922
23012,Bovolone,Verona,23,45.25781,11.120366,106470819.0,0.1088,0.0,0.01713,5.981,0.0,1.028,7.009,13.437,74623.51,143069.23,20.167921,1.5009
89009,Floridia,Siracusa,89,37.086946,15.151894,71114048.0,0.256,0.0,0.0,33.113,0.0,0.0,33.113,63.485,235479.42,451464.45,32.507353,0.5121
98025,Crespiatica,Lodi,98,45.356672,9.575158,34200793.0,0.0762,0.0,0.0,2.934,0.0,0.0,2.934,5.625,10033.76,19236.87,19.574231,3.4801
71050,San Paolo di Civitate,Foggia,71,41.738336,15.260241,23937831.0,0.2078,0.0,0.032729,21.818,0.0,1.964,23.781,45.594,56927.58,109142.35,37.634206,0.8254
58046,Grottaferrata,Roma,58,41.788616,12.666741,40491108.0,0.1665,0.021343,0.0,14.007,0.854,0.0,14.861,28.491,60172.83,115364.19,29.689549,1.0421
83048,Messina,Messina,83,38.193757,15.554208,911876946.0,0.2489,0.011327,0.0,31.302,0.453,0.0,31.755,60.881,2895641.9,5551565.25,44.663628,0.7336
108009,Biassono,Monza e della Brianza,108,45.630987,9.27512,571358361.0,0.054,0.0,0.023578,1.473,0.0,1.415,2.888,5.537,165009.86,316359.21,13.279771,2.3984
67041,Teramo,Teramo,67,42.658118,13.699625,542663775.0,0.184,0.223832,0.018492,17.106,8.953,1.11,27.169,52.089,1474362.64,2826668.72,27.38232,0.5257
3024,Borgomanero,Novara,3,45.698911,8.462367,703687846.0,0.0388,0.0,0.015045,0.761,0.0,0.903,1.663,3.189,117047.45,224405.01,12.08995,3.7912
1090,Collegno,Torino,1,45.077547,7.572426,790668775.0,0.0632,0.0,0.020039,2.018,0.0,1.202,3.22,6.174,254633.48,488186.88,20.594868,3.3356
17097,Maclodio,Brescia,17,45.476998,10.042715,95515949.0,0.1395,0.0,0.0,9.833,0.0,0.0,9.833,18.851,93916.51,180058.05,20.48295,1.0866
50037,Vecchiano,Pisa,50,43.783342,10.384403,72736551.0,0.1206,0.02997,0.622234,7.349,1.199,37.334,45.882,87.965,333726.71,639825.53,28.10564,0.3195
79096,Pianopoli,Catanzaro,79,38.953917,16.388125,66788563.0,0.2747,0.006952,0.061256,38.127,0.278,3.675,42.081,80.678,281050.57,538834.09,52.451966,0.6501
68021,Loreto Aprutino,Pescara,68,42.434634,13.983232,36540292.0,0.1773,0.112544,0.020274,15.883,4.502,1.216,21.601,41.414,78931.76,151329.07,27.533978,0.6648
87008,Biancavilla,Catania,87,37.646276,14.861411,35563480.0,0.1788,0.006999,0.012848,16.153,0.28,0.771,17.204,32.983,61182.77,117300.47,36.827421,1.1165
13110,Grandate,Como,13,45.775177,9.057838,179149169.0,0.0405,0.0,0.005855,0.829,0.0,0.351,1.18,2.262,21140.64,40531.13,12.029442,5.3171
34036,Soragna,Parma,34,44.926266,10.124178,546936249.0,0.133,0.0,0.275924,8.938,0.0,16.555,25.493,48.876,1394306.77,2673184.48,33.475863,0.6849
79017,Caraffa di Catanzaro,Catanzaro,79,38.881287,16.485603,28571968.0,0.2589,0.060817,0.019409,33.867,2.433,1.165,37.465,71.828,107043.76,205225.81,52.451966,0.7302
108036,Ornago,Monza e della Brianza,108,45.598404,9.422214,74048591.0,0.0727,0.0,0.0,2.67,0.0,0.0,2.67,5.12,19774.4,37911.75,13.279771,2.5938
81010,Gibellina,Trapani,81,37.807042,12.869539,4971212.0,0.1142,0.003194,0.001712,6.589,0.128,0.103,6.82,13.075,3390.34,6500.0,16.86353,1.2897
16233,Verdello,Bergamo,16,45.604778,9.628954,68607169.0,0.1133,0.0,0.001154,6.486,0.0,0.069,6.555,12.568,44973.7,86224.2,21.203762,1.6871
51017,Cortona,Arezzo,51,43.275298,11.985062,149106320.0,0.1554,0.044098,0.013185,12.202,1.764,0.791,14.757,28.292,220031.74,421847.93,29.518286,1.0434
1062,Caselette,Torino,1,45.104746,7.480817,55478317.0,0.0832,0.001622,0.052962,3.498,0.065,3.178,6.74,12.922,37393.23,71690.83,20.594868,1.5937
24024,Carrè,Vicenza,24,45.748384,11.459298,265025492.0,0.1599,0.0,0.0,12.919,0.0,0.0,12.919,24.768,342375.13,656406.4,21.315155,0.8606
97057,Oggiono,Lecco,97,45.79188,9.346745,350537239.0,0.0537,0.016179,0.121698,1.457,0.647,7.302,9.406,18.033,329717.51,632139.04,14.425007,0.7999
55004,Amelia,Terni,55,42.553528,12.416776,66654277.0,0.1515,0.064683,0.000618,11.597,2.587,0.037,14.221,27.265,94791.22,181735.06,34.830185,1.2775
57016,Cittaducale,Rieti,57,42.386834,12.948341,530433362.0,0.2113,0.014691,0.059846,22.559,0.588,3.591,26.737,51.261,1418232.03,2719054.33,44.772003,0.8734
15027,Bollate,Milano,15,45.543835,9.117708,2019968796.0,0.0447,0.0,0.033075,1.01,0.0,1.984,2.994,5.74,604791.03,1159513.85,15.050002,2.6218
18102,Mortara,Pavia,18,45.247922,8.736385,95233421.0,0.0418,0.0,0.005648,0.883,0.0,0.339,1.222,2.342,11634.63,22306.07,18.961299,8.0953
34025,Noceto,Parma,34,44.809901,10.17726,276854555.0,0.1525,0.016345,0.192455,11.751,0.654,11.547,23.952,45.92,663111.68,1271327.02,33.475863,0.729
27020,Marcon,Venezia,27,45.554328,12.299382,443469274.0,0.0921,0.0,0.019395,4.286,0.0,1.164,5.45,10.448,241670.77,463334.58,17.526854,1.6775
30100,San Giorgio di Nogaro,Udine,30,45.832024,13.211145,836184528.0,0.109,0.0,0.003081,6.003,0.0,0.185,6.188,11.864,517421.92,992008.56,22.91097,1.9312
40045,Savignano sul Rubicone,Forlì-Cesena,40,44.092512,12.399131,97528099.0,0.1852,0.000807,0.240029,17.33,0.032,14.402,31.764,60.899,309788.85,593931.53,31.154462,0.5116
27039,Stra,Venezia,27,45.416845,12.002304,9861684.0,0.078,0.0,0.02369,3.074,0.0,1.421,4.495,8.619,4433.24,8499.47,17.526854,2.0336
37036,Marzabotto,Bologna,37,44.340988,11.204782,34142253.0,0.16,0.099791,0.052632,12.935,3.992,3.158,20.084,38.506,68572.31,131467.8,38.815968,1.0081
23038,Grezzana,Verona,23,45.518531,11.016159,270103726.0,0.1647,0.005398,0.0,13.706,0.216,0.0,13.922,26.691,376031.22,720932.33,20.167921,0.7556
54020,Fratta Todina,Perugia,54,42.857978,12.364672,3262298.0,0.1577,0.029368,0.132782,12.566,1.175,7.967,21.707,41.617,7081.53,13576.8,38.922787,0.9353
17039,Carpenedolo,Brescia,17,45.364606,10.429385,365885433.0,0.1452,0.0,0.037547,10.652,0.0,2.253,12.905,24.742,472186.25,905282.1,20.48295,0.8279
15154,Nerviano,Milano,15,45.553647,8.970719,830002945.0,0.04,0.0,0.056773,0.808,0.0,3.406,4.215,8.081,349829.73,670698.46,15.050002,1.8625
28106,Due Carrare,Padova,28,45.290505,11.821753,178508840.0,0.0676,0.0,0.096564,2.309,0.0,5.794,8.103,15.535,144641.63,277308.96,17.804557,1.1461
93040,San Quirino,Pordenone,93,46.036167,12.68004,299791553.0,0.2211,0.0,0.0,24.7,0.0,0.0,24.7,47.355,740482.01,1419662.48,22.312037,0.4712
109035,Rapagnano,Fermo,109,43.161253,13.592905,23972103.0,0.1768,0.146269,0.0,15.794,5.851,0.0,21.644,41.497,51886.17,99476.9,25.228384,0.608
12078,Gorla Maggiore,Varese,12,45.664137,8.890948,113224851.0,0.0384,0.0,0.031176,0.745,0.0,1.871,2.616,5.015,29615.1,56778.49,11.229804,2.2394
28044,Legnaro,Padova,28,45.345648,11.963935,59688616.0,0.0693,0.0,0.248817,2.427,0.0,14.929,17.356,33.274,103592.82,198609.61,17.804557,0.5351
36018,Lama Mocogno,Modena,36,44.307263,10.731777,13429611.0,0.1614,0.364045,0.005952,13.162,14.562,0.357,28.081,53.837,37711.7,72301.4,36.541065,0.6787
67017,Civitella del Tronto,Teramo,67,42.773446,13.672291,69014081.0,0.1794,0.167602,0.002175,16.262,6.704,0.13,23.096,44.28,159395.97,305596.18,27.38232,0.6184
15110,Grezzago,Milano,15,45.591865,9.495203,122236453.0,0.0839,0.0,0.0,3.557,0.0,0.0,3.557,6.819,43475.27,83351.4,15.050002,2.2071
97019,Castello di Brianza,Lecco,97,45.756471,9.345355,49338420.0,0.056,0.0,0.002062,1.585,0.0,0.124,1.708,3.275,8428.11,16158.5,14.425007,4.4045
35008,Cadelbosco di Sopra,Reggio nell'Emilia,35,44.763319,10.595182,241726716.0,0.1349,0.0,0.185739,9.195,0.0,11.144,20.339,38.994,491650.97,942600.12,36.618436,0.9391
16154,Pagazzano,Bergamo,16,45.534277,9.671157,202749463.0,0.1156,0.0,0.0,6.752,0.0,0.0,6.752,12.945,136896.71,262460.29,21.203762,1.638
16028,Bolgare,Bergamo,16,45.635081,9.812858,208108445.0,0.1327,0.0,0.10237,8.897,0.0,6.142,15.04,28.834,312985.23,600059.66,21.203762,0.7354
30109,Sedegliano,Udine,30,46.014371,12.97743,89251503.0,0.173,0.0,0.0,15.122,0.0,0.0,15.122,28.992,134966.31,258759.3,22.91097,0.7902
13095,Erba,Como,13,45.80958,9.231242,584977824.0,0.0458,0.063311,0.006611,1.06,2.532,0.397,3.989,7.648,233345.33,447372.93,12.029442,1.573
12067,Fagnano Olona,Varese,12,45.668948,8.872771,39966789.0,0.0384,0.0,0.023603,0.745,0.0,1.416,2.161,4.144,8637.71,16560.33,11.229804,2.7102
6091,Masio,Alessandria,6,44.869649,8.407741,38569082.0,0.0474,1.1e-05,0.043372,1.135,0.0,2.602,3.738,7.166,14416.99,27640.45,20.84217,2.9083
36004,Camposanto,Modena,36,44.790101,11.137808,27233518.0,0.1548,0.0,0.333219,12.108,0.0,19.993,32.101,61.544,87421.72,167606.15,36.541065,0.5937
63079,Somma Vesuviana,Napoli,63,40.871615,14.436142,299054349.0,0.1724,0.28314,0.13459,15.017,11.326,8.075,34.418,65.987,1029294.54,1973377.92,35.751904,0.5418
60056,Pontecorvo,Frosinone,60,41.461618,13.666709,49202036.0,0.1556,0.053814,0.025361,12.233,2.153,1.522,15.907,30.498,78267.29,150055.15,34.188464,1.121
61043,Gricignano di Aversa,Caserta,61,40.980092,14.233711,1805822602.0,0.1369,0.0,0.0,9.469,0.0,0.0,9.469,18.155,1710013.79,3278462.41,28.435248,1.5663
12012,Besnate,Varese,12,45.700165,8.768315,78688745.0,0.0376,0.0,0.002014,0.714,0.0,0.121,0.835,1.601,6571.78,12599.5,11.229804,7.0134
17149,Pontevico,Brescia,17,45.274374,10.092471,109006852.0,0.1075,0.0,0.145356,5.839,0.0,8.721,14.56,27.915,158717.33,304295.08,20.48295,0.7338
98045,Pieve Fissiraga,Lodi,98,45.263268,9.458357,195468045.0,0.0707,0.0,0.005839,2.526,0.0,0.35,2.876,5.514,56214.52,107775.26,19.574231,3.5501
67047,Martinsicuro,Teramo,67,42.885144,13.915535,57367200.0,0.1786,0.08845,0.054127,16.117,3.538,3.248,22.902,43.909,131385.14,251893.43,27.38232,0.6236
26095,Zero Branco,Treviso,26,45.601701,12.165212,65921817.0,0.1224,0.0,0.007489,7.57,0.0,0.449,8.019,15.374,52863.18,101350.02,21.139592,1.375
42027,Montemarciano,Ancona,42,43.638863,13.30747,17984345.0,0.1826,0.020798,0.0,16.847,0.832,0.0,17.679,33.894,31794.14,60956.18,27.781362,0.8197
28008,Bagnoli di Sopra,Padova,28,45.184841,11.883486,263708363.0,0.0609,0.0,0.020678,1.874,0.0,1.241,3.115,5.971,82134.74,157469.88,17.804557,2.9817
4211,Sant'Albano Stura,Cuneo,4,44.508934,7.722333,154956508.0,0.0749,1e-06,0.071063,2.835,0.0,4.264,7.098,13.609,109993.57,210881.22,16.396584,1.2048
24009,Asiago,Vicenza,24,45.875377,11.5107,211976941.0,0.1404,0.00154,0.0,9.96,0.062,0.0,10.021,19.213,212431.17,407276.02,21.315155,1.1094
16207,Stezzano,Bergamo,16,45.65138,9.65351,1256878276.0,0.1154,0.0,0.000738,6.729,0.0,0.044,6.773,12.985,851277.41,1632080.99,21.203762,1.6329
61055,Pastorano,Caserta,61,41.180816,14.198225,167675640.0,0.1184,0.050266,0.0,7.083,2.011,0.0,9.094,17.435,152479.23,292335.31,28.435248,1.631
63066,San Gennaro Vesuviano,Napoli,63,40.8604,14.529168,58738594.0,0.1743,0.0,0.0,15.35,0.0,0.0,15.35,29.43,90164.58,172864.79,35.751904,1.2148
1066,Castellamonte,Torino,1,45.381955,7.712117,186773008.0,0.0471,0.002794,0.069786,1.121,0.112,4.187,5.42,10.391,101227.25,194074.3,20.594868,1.982
90005,Ardara,Sassari,90,40.621761,8.810319,16487160.0,0.0,0.02418,0.0,0.0,0.967,0.0,0.967,1.854,1594.64,3057.26,12.837123,6.9228
76089,Tito,Potenza,76,40.583615,15.675465,290074267.0,0.25,0.031566,0.0,31.579,1.263,0.0,32.842,62.964,952649.94,1826433.82,40.913322,0.6498
67039,Sant'Omero,Teramo,67,42.786672,13.801764,145607682.0,0.1759,0.034429,0.074673,15.633,1.377,4.48,21.491,41.202,312922.43,599939.27,27.38232,0.6646
6018,Borghetto di Borbera,Alessandria,6,44.730892,8.945331,95687040.0,0.0949,0.036016,0.074647,4.55,1.441,4.479,10.47,20.073,100183.04,192072.33,20.84217,1.0383
97071,Robbiate,Lecco,97,45.691134,9.441322,127962650.0,0.0729,0.0,0.026038,2.685,0.0,1.562,4.247,8.143,54351.57,104203.59,14.425007,1.7714
22042,Carisolo,Trento,22,46.168776,10.759159,17949711.0,0.0558,0.219531,0.0,1.573,8.781,0.0,10.354,19.852,18585.93,35633.21,14.82766,0.7469
16069,Cenate Sotto,Bergamo,16,45.698864,9.825711,1154758975.0,0.1267,0.026271,0.0,8.111,1.051,0.0,9.162,17.565,1057964.06,2028343.54,21.203762,1.2072
72032,Noicattaro,Bari,72,41.032287,16.987712,75972014.0,0.0654,0.0,0.020016,2.161,0.0,1.201,3.362,6.446,25542.18,48969.83,14.160402,2.1969
24067,Monticello Conte Otto,Vicenza,24,45.59518,11.580579,84536195.0,0.1569,0.0,0.023486,12.438,0.0,1.409,13.848,26.549,117061.76,224432.45,21.315155,0.8029
63080,Sorrento,Napoli,63,40.624906,14.374836,282045539.0,0.0974,0.223859,0.013777,4.793,8.954,0.827,14.574,27.942,411061.36,788092.6,35.751904,1.2795
80025,Caulonia,Reggio di Calabria,80,38.381377,16.409007,3261290.0,0.1667,0.187829,0.096985,14.041,7.513,5.819,27.373,52.48,8927.12,17115.19,48.652369,0.9271
34023,Montechiarugolo,Parma,34,44.693401,10.42248,946868598.0,0.1557,0.0,0.088,12.249,0.0,5.28,17.529,33.607,1659750.54,3182097.0,33.475863,0.9961
83005,Barcellona Pozzo di Gotto,Messina,83,38.148306,15.217552,161653079.0,0.1826,0.009427,0.002681,16.847,0.377,0.161,17.385,33.33,281030.78,538796.15,44.663628,1.34
84021,Licata,Agrigento,84,37.101636,13.937615,136174467.0,0.0589,0.006465,0.0,1.753,0.259,0.0,2.011,3.856,27391.0,52514.42,20.102118,5.2127
49014,Portoferraio,Livorno,49,42.811582,10.313053,88905602.0,0.0333,0.000164,0.119008,0.56,0.007,7.14,7.707,14.777,68522.4,131372.11,23.707966,1.6044
23017,Caldiero,Verona,23,45.414388,11.177392,117761557.0,0.1487,0.0,0.491108,11.172,0.0,29.466,40.639,77.913,478567.69,917516.68,20.167921,0.2589
61007,Bellona,Caserta,61,41.160016,14.232326,36572537.0,0.1189,0.190981,0.050945,7.143,7.639,3.057,17.839,34.201,65241.57,125082.05,28.435248,0.8314
92068,Selargius,Cagliari,92,39.25695,9.167554,21682195.0,0.0,0.0,0.070138,0.0,0.0,4.208,4.208,8.068,9124.47,17493.57,12.810064,1.5877
63043,Marigliano,Napoli,63,40.924914,14.456867,94002202.0,0.1764,0.0,0.002154,15.722,0.0,0.129,15.851,30.391,149007.53,285679.32,35.751904,1.1764
17075,Gardone Val Trompia,Brescia,17,45.687914,10.183724,327803286.0,0.1401,0.155394,0.00788,9.917,6.216,0.473,16.606,31.837,544345.89,1043627.56,20.48295,0.6434
103017,Cannobio,Verbano-Cusio-Ossola,103,46.061808,8.697639,17318267.0,0.0432,0.000954,0.243798,0.943,0.038,14.628,15.609,29.926,27032.05,51826.23,17.575018,0.5873
7073,Verrès,Valle d'Aosta/Vallée d'Aoste,7,45.668718,7.690758,5168598.0,0.0568,0.511171,0.134102,1.63,20.447,8.046,30.123,57.752,15569.4,29849.87,17.572597,0.3043
52032,Siena,Siena,52,43.167225,11.467181,611036130.0,0.1416,0.138474,0.021817,10.131,5.539,1.309,16.979,32.552,1037465.37,1989043.15,24.090373,0.7401
92011,Capoterra,Cagliari,92,39.175313,8.97195,29702297.0,0.0,0.139525,0.085198,0.0,5.581,5.112,10.693,20.501,31760.31,60891.31,12.810064,0.6249
109034,Porto Sant'Elpidio,Fermo,109,43.258962,13.756983,229893041.0,0.1813,0.007304,0.0,16.608,0.292,0.0,16.9,32.401,388519.32,744874.68,25.228384,0.7786
43022,Loro Piceno,Macerata,43,43.16612,13.416403,12432946.0,0.1746,0.190198,0.0,15.403,7.608,0.0,23.011,44.117,28609.39,54850.32,27.736975,0.6287
109008,Grottazzolina,Fermo,109,43.111711,13.602981,102291591.0,0.1762,0.012043,0.0,15.687,0.482,0.0,16.168,30.998,165388.55,317085.24,25.228384,0.8139
34015,Fontanellato,Parma,34,44.881666,10.172179,359745213.0,0.1375,0.0,0.221795,9.553,0.0,13.308,22.86,43.828,822389.49,1576696.65,33.475863,0.7638
87045,Sant'Agata li Battiati,Catania,87,37.558273,15.080813,31017734.0,0.2179,0.006078,0.0,23.99,0.243,0.0,24.233,46.46,75165.96,144109.24,36.827421,0.7927
23028,Colognola ai Colli,Verona,23,45.434631,11.186701,149809598.0,0.1525,0.0,0.065336,11.751,0.0,3.92,15.671,30.044,234761.92,450088.85,20.167921,0.6713
111102,Villaperuccio,Sud Sardegna,111,39.111832,8.670038,10024538.0,0.0,0.0,0.0,0.0,0.0,0.0,0.0,0.0,0.0,0.0,15.448131,
33014,Castelvetro Piacentino,Piacenza,33,45.100335,9.986716,6788496.0,0.0832,0.0,0.260348,3.498,0.0,15.621,19.118,36.654,12978.54,24882.64,28.260932,0.771
85007,Gela,Caltanissetta,85,37.066436,14.250244,361104220.0,0.0931,0.000348,0.036246,4.379,0.014,2.175,6.568,12.592,237177.01,454719.08,20.302008,1.6122
54054,Trevi,Perugia,54,42.877497,12.747455,223649181.0,0.2343,0.005673,0.191311,27.737,0.227,11.479,39.443,75.62,882133.96,1691239.6,38.922787,0.5147
63076,Saviano,Napoli,63,40.905613,14.505035,204435180.0,0.1784,0.0,0.014957,16.081,0.0,0.897,16.978,32.551,347094.31,665454.07,35.751904,1.0983
96026,Gaglianico,Biella,96,45.537862,8.075022,274345705.0,0.0405,0.0,0.0,0.829,0.0,0.0,0.829,1.589,22736.62,43590.96,19.06674,11.9999
21034,Gais/Gais,Bolzano/Bozen,21,46.833156,11.947484,25063546.0,0.0517,0.054753,0.0128,1.351,2.19,0.768,4.309,8.261,10798.96,20703.92,10.80791,1.3084
21012,Bronzolo/Branzoll,Bolzano/Bozen,21,46.404262,11.320055,10893977.0,0.0546,0.167627,0.0,1.506,6.705,0.0,8.211,15.743,8945.43,17150.3,10.80791,0.6865
75030,Galatone,Lecce,75,40.142922,18.070424,87387008.0,0.0539,0.003495,0.013911,1.468,0.14,0.835,2.442,4.683,21343.01,40919.13,14.108941,3.0131
75028,Gagliano del Capo,Lecce,75,39.844218,18.369534,10033606.0,0.069,0.155264,0.008522,2.406,6.211,0.511,9.127,17.499,9158.11,17558.06,14.108941,0.8063
81007,Custonaci,Trapani,81,38.078163,12.675229,10606020.0,0.06,0.046435,0.0,1.819,1.857,0.0,3.676,7.048,3899.14,7475.49,16.86353,2.3926
84017,Favara,Agrigento,84,37.316197,13.662417,47820758.0,0.0564,0.00216,0.0,1.607,0.086,0.0,1.694,3.247,8099.03,15527.57,20.102118,6.1909
47013,Pieve a Nievole,Pistoia,47,43.879112,10.796112,28977161.0,0.1344,0.029928,0.176064,9.127,1.197,10.564,20.888,40.046,60526.65,116042.55,29.709501,0.7419
64011,Bisaccia,Avellino,64,41.012121,15.374753,12136698.0,0.236,0.303758,0.0,28.141,12.15,0.0,40.291,77.247,48900.52,93752.77,37.737871,0.4885
108019,Cesano Maderno,Monza e della Brianza,108,45.628189,9.14624,1351778040.0,0.0448,0.0,0.001771,1.014,0.0,0.106,1.12,2.148,151445.56,290353.54,13.279771,6.1826
16174,Predore,Bergamo,16,45.680784,10.014361,65653391.0,0.1333,0.087769,0.325168,8.978,3.511,19.51,31.999,61.349,210083.01,402774.09,21.203762,0.3456
76042,Lauria,Potenza,76,40.047351,15.836595,85914593.0,0.2424,0.141814,0.001257,29.688,5.673,0.075,35.436,67.939,304447.91,583691.8,40.913322,0.6022
23089,Valeggio sul Mincio,Verona,23,45.353751,10.734546,194947086.0,0.1487,0.0,0.010862,11.172,0.0,0.652,11.824,22.669,230504.31,441926.09,20.167921,0.8897
63036,Grumo Nevano,Napoli,63,40.938154,14.259269,71543074.0,0.1525,0.0,0.060248,11.751,0.0,3.615,15.365,29.459,109928.84,210757.11,35.751904,1.2136
17048,Cellatica,Brescia,17,45.584106,10.180245,439659898.0,0.1463,0.007685,0.122888,10.814,0.307,7.373,18.495,35.459,813158.72,1558999.3,20.48295,0.5776
15032,Bresso,Milano,15,45.53668,9.18773,747426329.0,0.0478,0.0,0.008319,1.154,0.0,0.499,1.654,3.17,123593.33,236954.87,15.050002,4.7472
22188,Telve,Trento,22,46.071328,11.479592,19461064.0,0.0901,0.174734,0.0,4.102,6.989,0.0,11.091,21.264,21584.44,41382.0,14.82766,0.6973
30002,Amaro,Udine,30,46.374031,13.09536,529809532.0,0.2511,0.031871,0.033025,31.857,1.275,1.981,35.114,67.321,1860362.25,3566712.59,22.91097,0.3403
56042,Orte,Viterbo,56,42.460598,12.385606,44230352.0,0.1419,0.037013,0.165241,10.174,1.481,9.914,21.569,41.352,95399.39,182901.05,19.086634,0.4616
87018,Grammichele,Catania,87,37.214682,14.636542,10121171.0,0.2241,0.0,0.0,25.375,0.0,0.0,25.375,48.649,25682.19,49238.26,36.827421,0.757
17073,Gambara,Brescia,17,45.255246,10.293411,31447480.0,0.1054,0.0,0.0,5.613,0.0,0.0,5.613,10.761,17651.63,33841.94,20.48295,1.9034
15002,Abbiategrasso,Milano,15,45.398733,8.91623,174098771.0,0.0418,0.0,0.269549,0.883,0.0,16.173,17.056,32.7,296938.62,569294.88,15.050002,0.4603
67019,Colonnella,Teramo,67,42.872628,13.865016,34828638.0,0.1758,0.160216,0.074261,15.615,6.409,4.456,26.48,50.767,92225.47,176815.97,27.38232,0.5394
23081,Soave,Verona,23,45.42023,11.247722,227308593.0,0.1497,0.0,0.036305,11.323,0.0,2.178,13.501,25.885,306895.99,588385.29,20.167921,0.7791
19021,Casalmaggiore,Cremona,19,44.986386,10.41535,490390392.0,0.0798,0.0,0.10555,3.218,0.0,6.333,9.551,18.31,468349.11,897925.48,21.210647,1.1584
23007,Belfiore,Verona,23,45.379623,11.208976,1545457322.0,0.1424,0.0,0.36146,10.246,0.0,21.688,31.933,61.223,4935140.56,9461720.67,20.167921,0.3294
15096,Cuggiono,Milano,15,45.506239,8.815266,107957437.0,0.0382,0.0,0.115829,0.737,0.0,6.95,7.687,14.738,82987.32,159104.45,15.050002,1.0212
36034,Ravarino,Modena,36,44.72117,11.098403,86592021.0,0.1569,0.0,0.247086,12.438,0.0,14.825,27.264,52.27,236080.43,452616.71,36.541065,0.6991
41036,Montelabbate,Pesaro e Urbino,41,43.848864,12.787955,342154876.0,0.1857,0.037526,0.0,17.424,1.501,0.0,18.925,36.283,647520.65,1241435.68,24.621765,0.6786
73015,Massafra,Taranto,73,40.588831,17.11699,253024568.0,0.1288,0.0,0.080454,8.382,0.0,4.827,13.209,25.325,334227.06,640784.8,15.194153,0.6
23031,Dolcè,Verona,23,45.600689,10.852482,162389960.0,0.1655,0.038127,0.069547,13.839,1.525,4.173,19.537,37.457,317264.26,608263.48,20.167921,0.5384
26081,Silea,Treviso,26,45.65335,12.296098,602433829.0,0.1211,0.0,0.036047,7.41,0.0,2.163,9.573,18.353,576686.43,1105631.31,21.139592,1.1518
26057,Pieve di Soligo,Treviso,26,45.899761,12.173081,460326234.0,0.2466,0.0,0.0,30.726,0.0,0.0,30.726,58.908,1414391.06,2711690.37,21.139592,0.3589
16113,Ghisalba,Bergamo,16,45.594193,9.753914,106394399.0,0.1285,0.0,0.071014,8.343,0.0,4.261,12.604,24.164,134098.13,257094.82,21.203762,0.8775
26041,Meduna di Livenza,Treviso,26,45.806443,12.612685,106511742.0,0.1352,0.0,0.403044,9.236,0.0,24.183,33.418,64.07,355944.83,682422.42,21.139592,0.3299
97016,Casatenovo,Lecco,97,45.696378,9.311646,52683024.0,0.0543,0.003273,0.001632,1.49,0.131,0.098,1.719,3.295,9054.12,17358.69,14.425007,4.3779
98031,Lodi,Lodi,98,45.26131,9.491678,797356843.0,0.071,0.0,0.078915,2.547,0.0,4.735,7.282,13.961,580629.8,1113191.59,19.574231,1.4021
37002,Argelato,Bologna,37,44.64157,11.34781,728322661.0,0.1595,0.0,0.248723,12.854,0.0,14.923,27.777,53.255,2023091.07,3878698.55,38.815968,0.7289
44045,Monteprandone,Ascoli Piceno,44,42.919939,13.834816,73487817.0,0.1761,0.107168,0.065007,15.669,4.287,3.9,23.856,45.737,175312.26,336111.12,32.834347,0.7179
93049,Vito d'Asio,Pordenone,93,46.227815,12.938303,21017617.0,0.2574,0.087915,0.000218,33.476,3.517,0.013,37.006,70.948,77777.31,149115.75,22.312037,0.3145
108041,Sovico,Monza e della Brianza,108,45.648556,9.264837,464277523.0,0.0518,0.0,0.00915,1.356,0.0,0.549,1.905,3.652,88432.9,169544.8,13.279771,3.6365
15221,Trezzo sull'Adda,Milano,15,45.608718,9.519844,293783855.0,0.09,0.000318,0.057503,4.093,0.013,3.45,7.556,14.486,221969.32,425562.69,15.050002,1.039
20017,Castiglione delle Stiviere,Mantova,20,45.389677,10.488874,1607545235.0,0.1521,0.0,0.010463,11.689,0.0,0.628,12.317,23.614,1979972.48,3796031.0,21.044843,0.8912
37038,Minerbio,Bologna,37,44.624199,11.490697,149056351.0,0.1616,0.0,0.149768,13.195,0.0,8.986,22.181,42.525,330618.99,633867.36,38.815968,0.9128
108017,Cavenago di Brianza,Monza e della Brianza,108,45.584917,9.416059,310342844.0,0.073,0.0,0.002408,2.693,0.0,0.144,2.837,5.439,88045.11,168801.33,13.279771,2.4415
95041,Paulilatino,Oristano,95,40.084032,8.763937,12035565.0,0.0,0.0,0.00147,0.0,0.0,0.088,0.088,0.169,106.15,203.52,13.76477,81.401
13029,Brenna,Como,13,45.742978,9.187142,42279454.0,0.0455,0.151193,0.015412,1.046,6.048,0.925,8.018,15.373,33901.62,64996.65,12.029442,0.7825
18060,Cura Carpignano,Pavia,18,45.212072,9.255463,26852003.0,0.0718,0.0,0.008548,2.605,0.0,0.513,3.118,5.977,8371.47,16049.9,18.961299,3.1723
1058,Carignano,Torino,1,44.906943,7.673225,58284776.0,0.0591,0.0,0.305731,1.765,0.0,18.344,20.109,38.553,117202.81,224702.86,20.594868,0.5342
56045,Ronciglione,Viterbo,56,42.290242,12.213806,42757409.0,0.0888,0.001031,0.0,3.984,0.041,0.0,4.025,7.718,17211.83,32998.77,19.086634,2.4731
98044,Ossago Lodigiano,Lodi,98,45.245669,9.537059,58201274.0,0.0731,0.0,0.029364,2.7,0.0,1.762,4.462,8.554,25968.07,49786.34,19.574231,2.2883
22153,Riva del Garda,Trento,22,45.884771,10.839694,481580994.0,0.1254,0.162631,0.130618,7.945,6.505,7.837,22.288,42.73,1073331.54,2057806.27,14.82766,0.347
23064,Ronco all'Adige,Verona,23,45.337766,11.242452,107886133.0,0.1222,0.0,0.0,7.545,0.0,0.0,7.545,14.465,81400.24,156061.68,20.167921,1.3942
48015,Fiesole,Firenze,48,43.806669,11.293074,529183380.0,0.1341,0.062837,0.007243,9.086,2.513,0.435,12.034,23.072,636825.17,1220930.15,35.050589,1.5192
27028,Pianiga,Venezia,27,45.456096,12.030173,296463784.0,0.0866,0.0,0.03488,3.789,0.0,2.093,5.882,11.277,174381.52,334326.7,17.526854,1.5542
33039,Rottofreno,Piacenza,33,45.057464,9.547763,214806047.0,0.0929,0.0,0.176879,4.361,0.0,10.613,14.973,28.707,321637.0,616646.97,28.260932,0.9845
47020,Serravalle Pistoiese,Pistoia,47,43.90585,10.83302,353142586.0,0.1475,0.277873,0.046838,10.993,11.115,2.81,24.918,47.773,879954.75,1687061.58,29.709501,0.6219
33042,Sarmato,Piacenza,33,45.059814,9.491398,85677181.0,0.0936,0.0,0.289843,4.427,0.0,17.391,21.817,41.828,186923.37,358372.1,28.260932,0.6756
15237,Vignate,Milano,15,45.496573,9.376651,341346668.0,0.0635,0.0,0.0,2.037,0.0,0.0,2.037,3.906,69544.17,133331.06,15.050002,3.853
19069,Pescarolo ed Uniti,Cremona,19,45.195148,10.187717,62482102.0,0.0904,0.0,0.056915,4.129,0.0,3.415,7.544,14.463,47136.44,90370.65,21.210647,1.4665
15040,Bussero,Milano,15,45.536676,9.372003,136623504.0,0.0641,0.0,0.01065,2.076,0.0,0.639,2.715,5.205,37093.7,71116.55,15.050002,2.8913
103053,Piedimulera,Verbano-Cusio-Ossola,103,46.024238,8.259263,89600477.0,0.0648,0.063214,0.015477,2.122,2.529,0.929,5.579,10.696,49986.32,95834.47,17.575018,1.6432
97037,Garbagnate Monastero,Lecco,97,45.772926,9.302566,200533536.0,0.0508,0.0,0.0,1.304,0.0,0.0,1.304,2.5,26147.61,50130.57,14.425007,5.7703
75083,Surbo,Lecce,75,40.396028,18.133422,95120499.0,0.0473,0.0,0.003589,1.13,0.0,0.215,1.346,2.58,12800.94,24542.14,14.108941,5.4683
22226,Ziano di Fiemme,Trento,22,46.286517,11.565976,192611546.0,0.071,0.344261,0.006299,2.547,13.77,0.378,16.695,32.009,321572.9,616524.08,14.82766,0.4632
16084,Costa di Mezzate,Bergamo,16,45.661981,9.793957,198684443.0,0.1299,0.006877,0.017412,8.526,0.275,1.045,9.846,18.876,195617.06,375039.78,21.203762,1.1233
63002,Afragola,Napoli,63,40.926012,14.310831,293957672.0,0.164,0.0,0.0,13.59,0.0,0.0,13.59,26.054,399475.48,765879.99,35.751904,1.3722
15125,Locate di Triulzi,Milano,15,45.357932,9.224641,113943151.0,0.0545,0.0,0.026273,1.501,0.0,1.576,3.077,5.9,35061.88,67221.13,15.050002,2.5511
15222,Tribiano,Milano,15,45.413371,9.378952,1305221790.0,0.0618,0.0,0.022677,1.93,0.0,1.361,3.29,6.308,429462.51,823371.55,15.050002,2.3858
26077,San Zenone degli Ezzelini,Treviso,26,45.778944,11.840513,107113486.0,0.1968,0.0,0.0,19.569,0.0,0.0,19.569,37.518,209609.99,401867.21,21.139592,0.5635
97075,Sirone,Lecco,97,45.77268,9.322144,275195395.0,0.0528,0.015224,0.098597,1.409,0.609,5.916,7.933,15.21,218322.77,418571.47,14.425007,0.9484
13192,Proserpio,Como,13,45.82828,9.245542,17514396.0,0.0458,0.001884,0.0,1.06,0.075,0.0,1.135,2.176,1988.27,3811.94,12.029442,5.5271
13055,Cassina Rizzardi,Como,13,45.75055,9.0312,50318193.0,0.0401,0.0,0.0,0.812,0.0,0.0,0.812,1.558,4088.19,7837.94,12.029442,7.7227
12121,Solbiate Arno,Varese,12,45.719056,8.814344,178712996.0,0.0379,0.0,0.038126,0.726,0.0,2.288,3.013,5.777,53852.03,103245.88,11.229804,1.9438
13004,Albese con Cassano,Como,13,45.797299,9.168256,107458471.0,0.0428,0.037541,0.008829,0.926,1.502,0.53,2.957,5.669,31774.84,60919.17,12.029442,2.1219
96016,Cavaglià,Biella,96,45.407734,8.093429,100292750.0,0.0389,0.0,0.0,0.765,0.0,0.0,0.765,1.466,7668.08,14701.34,19.06674,13.0074
23039,Illasi,Verona,23,45.465933,11.180021,49009686.0,0.1582,0.0,0.0,12.645,0.0,0.0,12.645,24.244,61974.43,118818.24,20.167921,0.8319
24073,Nove,Vicenza,24,45.725675,11.680058,36474651.0,0.173,0.0,0.0,15.122,0.0,0.0,15.122,28.992,55157.04,105747.86,21.315155,0.7352
21037,Laces/Latsch,Bolzano/Bozen,21,46.617344,10.859539,79253303.0,0.0525,5.9e-05,0.0,1.393,0.002,0.0,1.395,2.674,11055.77,21196.28,10.80791,4.0411
34042,Traversetolo,Parma,34,44.639212,10.381795,233807287.0,0.1571,0.099132,0.112843,12.47,3.965,6.771,23.206,44.491,542572.3,1040227.22,33.475863,0.7524
50025,Peccioli,Pisa,50,43.548027,10.720848,12676094.0,0.1412,0.141713,0.033996,10.074,5.669,2.04,17.782,34.092,22540.55,43215.05,28.10564,0.8244
21092,Sesto/Sexten,Bolzano/Bozen,21,46.702743,12.350544,17136413.0,0.0685,0.002509,0.0,2.371,0.1,0.0,2.471,4.738,4234.72,8118.86,10.80791,2.2812
18024,Broni,Pavia,18,45.062162,9.261191,28135476.0,0.0922,0.000104,0.013505,4.295,0.004,0.81,5.11,9.796,14376.16,27562.18,18.961299,1.9356
4142,Monticello d'Alba,Cuneo,4,44.718182,7.948204,43006547.0,0.0489,0.00518,0.085923,1.208,0.207,5.155,6.571,12.598,28258.61,54177.81,16.396584,1.3016
75040,Martano,Lecce,75,40.203621,18.30198,39943432.0,0.0546,0.0,0.0,1.506,0.0,0.0,1.506,2.888,6016.56,11535.03,14.108941,4.8856
97038,Garlate,Lecco,97,45.80604,9.40197,18978103.0,0.058,0.045212,0.499397,1.7,1.808,29.964,33.472,64.173,63523.52,121788.18,14.425007,0.2248
97013,Calolziocorte,Lecco,97,45.801472,9.432979,373320921.0,0.0604,0.11121,0.069345,1.843,4.448,4.161,10.452,20.039,390209.24,748114.63,14.425007,0.7198
75020,Cavallino,Lecce,75,40.312527,18.200425,82232993.0,0.0498,0.0,0.000955,1.253,0.0,0.057,1.31,2.512,10775.59,20659.11,14.108941,5.616
65114,Sala Consilina,Salerno,65,40.398221,15.596369,138563052.0,0.2209,0.094578,0.107861,24.655,3.783,6.472,34.91,66.93,483723.76,927401.97,25.585615,0.3823
88005,Ispica,Ragusa,88,36.785832,14.907637,58059450.0,0.1453,0.009151,0.0,10.667,0.366,0.0,11.033,21.153,64058.16,122813.2,23.45042,1.1086
85004,Caltanissetta,Caltanissetta,85,37.489941,14.063162,690306984.0,0.0731,0.005217,0.0,2.7,0.209,0.0,2.909,5.576,200783.33,384944.61,20.302008,3.6407
47006,Larciano,Pistoia,47,43.82504,10.856367,155255423.0,0.1305,0.070987,0.003349,8.605,2.839,0.201,11.645,22.326,180797.7,346627.89,29.709501,1.3307
75059,Parabita,Lecce,75,40.051921,18.129526,29957362.0,0.056,0.0,0.077073,1.585,0.0,4.624,6.209,11.904,18600.18,35660.53,14.108941,1.1853
28059,Ospedaletto Euganeo,Padova,28,45.222695,11.610901,32123605.0,0.0673,0.0,0.0,2.288,0.0,0.0,2.288,4.388,7351.43,14094.27,17.804557,4.058
10010,Carasco,Genova,10,44.349756,9.34565,88396055.0,0.1087,0.161196,0.133043,5.97,6.448,7.983,20.4,39.112,180331.96,345734.95,24.504626,0.6265
24098,Sarego,Vicenza,24,45.408121,11.405559,208730150.0,0.1297,0.0,0.0,8.5,0.0,0.0,8.5,16.296,177411.91,340136.6,21.315155,1.308
12046,Castiglione Olona,Varese,12,45.755476,8.866883,323836158.0,0.0382,0.0,0.012808,0.737,0.0,0.768,1.506,2.887,48762.61,93488.36,11.229804,3.8899
38006,Comacchio,Ferrara,38,44.696379,12.180427,57706741.0,0.104,0.0,0.030741,5.465,0.0,1.844,7.309,14.014,42180.09,80868.25,39.906082,2.8477
80050,Melito di Porto Salvo,Reggio di Calabria,80,37.920384,15.777857,13748104.0,0.2166,0.043452,0.067935,23.705,1.738,4.076,29.519,56.594,40582.87,77806.04,48.652369,0.8597
35015,Castelnovo di Sotto,Reggio nell'Emilia,35,44.810863,10.563295,231084889.0,0.1166,0.0,0.123439,6.869,0.0,7.406,14.276,27.37,329889.29,632468.37,36.618436,1.3379
18152,Spessa,Pavia,18,45.112728,9.34943,12365860.0,0.089,0.0,0.579835,4.002,0.0,34.79,38.792,74.373,47970.0,91968.76,18.961299,0.2549
34031,Sala Baganza,Parma,34,44.71395,10.226334,299973919.0,0.1559,0.153034,0.050057,12.28,6.121,3.003,21.405,41.038,642097.32,1231037.99,33.475863,0.8157
17173,San Zeno Naviglio,Brescia,17,45.491572,10.217058,346451299.0,0.1486,0.0,0.016129,11.157,0.0,0.968,12.125,23.246,420070.15,805364.38,20.48295,0.8811
18149,Silvano Pietra,Pavia,18,45.04037,8.947606,2781116.0,0.0721,0.0,0.11479,2.627,0.0,6.887,9.514,18.24,2645.94,5072.84,18.961299,1.0395
36022,Mirandola,Modena,36,44.887207,11.066106,1196484650.0,0.1425,0.0,0.174311,10.26,0.0,10.459,20.719,39.722,2478955.87,4752688.94,36.541065,0.9199
87053,Viagrande,Catania,87,37.610166,15.096759,53625230.0,0.2296,0.0,0.0,26.636,0.0,0.0,26.636,51.066,142833.66,273842.7,36.827421,0.7212
17117,Nave,Brescia,17,45.587727,10.289235,94843340.0,0.1506,0.032431,0.016281,11.46,1.297,0.977,13.734,26.33,130254.53,249725.8,20.48295,0.7779
36027,Nonantola,Modena,36,44.677608,11.043624,193032090.0,0.1586,0.0,0.146254,12.709,0.0,8.775,21.485,41.191,414721.9,795110.65,36.541065,0.8871
61062,Portico di Caserta,Caserta,61,41.056514,14.279428,23830940.0,0.1237,0.0,0.0,7.731,0.0,0.0,7.731,14.823,18424.61,35323.91,28.435248,1.9184
92108,Elmas,Cagliari,92,39.268086,9.049631,399720786.0,0.0,0.0,0.148309,0.0,0.0,8.899,8.899,17.06,355693.14,681939.88,12.810064,0.7509
1265,Settimo Torinese,Torino,1,45.137335,7.771015,908787734.0,0.0474,0.0,0.028816,1.135,0.0,1.729,2.864,5.491,260291.81,499035.1,20.594868,3.7505
11002,Arcola,La Spezia,11,44.114382,9.905967,211624849.0,0.1311,0.0055,0.279549,8.684,0.22,16.773,25.677,49.228,543389.21,1041793.41,28.212129,0.5731
73005,Faggiano,Taranto,73,40.419823,17.386605,37628521.0,0.0594,0.0,0.099664,1.783,0.0,5.98,7.763,14.883,29209.48,56000.82,15.194153,1.0209
59009,Gaeta,Latina,59,41.218312,13.56281,19101639.0,0.0754,0.059699,0.009646,2.873,2.388,0.579,5.839,11.195,11153.87,21384.36,21.481102,1.9188
27037,Scorzè,Venezia,27,45.571354,12.108383,1054546995.0,0.1122,0.0,0.051913,6.361,0.0,3.115,9.475,18.166,999231.48,1915740.6,17.526854,0.9648
88010,Santa Croce Camerina,Ragusa,88,36.827897,14.525538,25639047.0,0.1188,0.0,0.0,7.131,0.0,0.0,7.131,13.672,18283.21,35052.82,23.45042,1.7153
69018,Castel Frentano,Chieti,69,42.197139,14.355214,8040735.0,0.1379,0.312236,0.0,9.608,12.489,0.0,22.098,42.366,17768.2,34065.44,28.116343,0.6637
18085,Magherno,Pavia,18,45.223566,9.329355,16884281.0,0.0747,0.0,0.017047,2.819,0.0,1.023,3.842,7.366,6487.34,12437.61,18.961299,2.574
4012,Barge,Cuneo,4,44.727536,7.321021,46627251.0,0.1338,0.003064,0.024816,9.045,0.123,1.489,10.657,20.432,49690.49,95267.31,16.396584,0.8025
42017,Fabriano,Ancona,42,43.335841,12.904619,662035627.0,0.1792,0.032136,0.0,16.225,1.285,0.0,17.511,33.572,1159275.62,2222579.47,27.781362,0.8275
10014,Ceranesi,Genova,10,44.51127,8.878941,20743343.0,0.0783,0.268801,0.00248,3.098,10.752,0.149,13.999,26.838,29037.68,55671.44,24.504626,0.913
111009,Carbonia,Sud Sardegna,111,39.165332,8.527834,44857526.0,0.0,0.001717,0.001527,0.0,0.069,0.092,0.16,0.307,719.07,1378.6,15.448131,50.2657
24066,Monteviale,Vicenza,24,45.560525,11.458072,21231566.0,0.1559,0.0,0.0,12.28,0.0,0.0,12.28,23.544,26073.05,49987.62,21.315155,0.9053
61005,Aversa,Caserta,61,40.973212,14.204928,180605600.0,0.1359,0.0,0.0,9.332,0.0,0.0,9.332,17.891,168534.09,323115.92,28.435248,1.5894
81001,Alcamo,Trapani,81,37.97665,12.962674,79245432.0,0.1265,0.007044,0.0,8.085,0.282,0.0,8.367,16.042,66305.5,127121.84,16.86353,1.0512
61091,Teano,Caserta,61,41.251084,14.067151,49012879.0,0.1149,0.084357,0.000412,6.67,3.374,0.025,10.069,19.305,49353.47,94621.16,28.435248,1.4729
51025,Monte San Savino,Arezzo,51,43.331423,11.725351,124112999.0,0.1457,0.00924,0.001601,10.726,0.37,0.096,11.192,21.457,138902.72,266306.25,29.518286,1.3757
65076,Montesano sulla Marcellana,Salerno,65,40.275889,15.701375,87972987.0,0.2451,0.017772,0.001337,30.353,0.711,0.08,31.144,59.71,273985.57,525288.97,25.585615,0.4285
7044,Morgex,Valle d'Aosta/Vallée d'Aoste,7,45.758022,7.035433,44279981.0,0.1105,0.65943,0.033069,6.169,26.377,1.984,34.531,66.203,152902.0,293145.87,17.572597,0.2654
93014,Cimolais,Pordenone,93,46.287639,12.438053,31812782.0,0.2104,0.064545,0.0,22.367,2.582,0.0,24.949,47.832,79369.3,152167.93,22.312037,0.4665
75063,Racale,Lecce,75,39.963119,18.093826,33373563.0,0.0572,0.010167,0.013013,1.653,0.407,0.781,2.841,5.446,9480.1,18175.37,14.108941,2.5907
17059,Cologne,Brescia,17,45.58152,9.941172,476241329.0,0.1373,0.0,0.0,9.525,0.0,0.0,9.525,18.261,453613.31,869673.8,20.48295,1.1217
23050,Monteforte d'Alpone,Verona,23,45.417254,11.283666,49081776.0,0.1434,0.0,0.293867,10.39,0.0,17.632,28.022,53.724,137537.1,263688.05,20.167921,0.3754
109013,Montappone,Fermo,109,43.136453,13.468481,8713655.0,0.1745,0.170659,0.0,15.385,6.826,0.0,22.212,42.585,19354.55,37106.82,25.228384,0.5924
19106,Tornata,Cremona,19,45.104373,10.430781,33241552.0,0.0757,0.0,0.0,2.895,0.0,0.0,2.895,5.551,9624.78,18452.76,21.210647,3.821
26040,Maserada sul Piave,Treviso,26,45.749411,12.319333,64918045.0,0.1609,0.0,0.002025,13.081,0.0,0.121,13.202,25.311,85705.85,164316.46,21.139592,0.8352
16072,Chignolo d'Isola,Bergamo,16,45.667579,9.527651,739937469.0,0.0918,0.000488,0.043356,4.258,0.02,2.601,6.879,13.188,508992.17,975846.93,21.203762,1.6078
24006,Arcugnano,Vicenza,24,45.500472,11.535699,917416963.0,0.1394,0.0,0.033033,9.818,0.0,1.982,11.8,22.624,1082591.98,2075560.52,21.315155,0.9421
56043,Piansano,Viterbo,56,42.517932,11.828273,23621499.0,0.1399,0.008687,0.0,9.889,0.347,0.0,10.236,19.626,24180.14,46358.5,19.086634,0.9725
63024,Castellammare di Stabia,Napoli,63,40.694305,14.480481,395615157.0,0.1152,0.442818,0.024009,6.705,17.713,1.441,25.859,49.577,1023006.5,1961322.41,35.751904,0.7211
63077,Scisciano,Napoli,63,40.916013,14.485735,16761184.0,0.1781,0.0,0.0,16.027,0.0,0.0,16.027,30.727,26862.73,51501.6,35.751904,1.1635
93034,Prata di Pordenone,Pordenone,93,45.893311,12.596294,882970701.0,0.1712,0.0,0.510939,14.809,0.0,30.656,45.465,87.167,4014454.57,7696568.58,22.312037,0.256
49017,Rosignano Marittimo,Livorno,49,43.406786,10.473366,749177052.0,0.1268,0.014033,0.049312,8.124,0.561,2.959,11.644,22.324,872325.45,1672434.58,23.707966,1.062
65025,Capaccio Paestum,Salerno,65,40.443862,15.040038,72279283.0,0.0915,0.091306,0.086582,4.23,3.652,5.195,13.077,25.072,94522.14,181219.18,25.585615,1.0205
50038,Vicopisano,Pisa,50,43.699832,10.584695,33405362.0,0.1179,0.0,0.065273,7.023,0.0,3.916,10.94,20.974,36544.61,70063.85,28.10564,1.34
40015,Gambettola,Forlì-Cesena,40,44.116946,12.338764,118497506.0,0.1896,0.0,0.206121,18.163,0.0,12.367,30.531,58.534,361779.29,693608.34,31.154462,0.5322
109024,Monte Urano,Fermo,109,43.202656,13.672885,85485531.0,0.1831,0.0169,0.0,16.939,0.676,0.0,17.615,33.772,150584.95,288703.57,25.228384,0.747
1280,Trofarello,Torino,1,44.983646,7.745225,415106917.0,0.0529,0.0,0.00375,1.414,0.0,0.225,1.639,3.142,68033.26,130434.32,20.594868,6.5543
60079,Torrice,Frosinone,60,41.629719,13.398401,123715358.0,0.1638,0.03679,0.0,13.556,1.472,0.0,15.028,28.812,185919.85,356448.14,34.188464,1.1866
4105,La Morra,Cuneo,4,44.63848,7.932582,64914231.0,0.0524,0.000815,0.005082,1.387,0.033,0.305,1.725,3.307,11196.74,21466.55,16.396584,4.9583
30004,Aquileia,Udine,30,45.769614,13.369798,68553197.0,0.1031,0.0,0.079101,5.371,0.0,4.746,10.117,19.396,69353.97,132966.4,22.91097,1.1812
53024,Scarlino,Grosseto,53,42.907402,10.851975,173868729.0,0.0595,0.023908,0.075821,1.789,0.956,4.549,7.294,13.985,126825.73,243152.06,19.796812,1.4156
40046,Sogliano al Rubicone,Forlì-Cesena,40,44.004663,12.300541,89480972.0,0.1846,0.558851,0.012961,17.218,22.354,0.778,40.35,77.359,361052.44,692214.8,31.154462,0.4027
60068,Sant'Elia Fiumerapido,Frosinone,60,41.539107,13.866147,9198302.0,0.2459,0.319766,0.0,30.552,12.791,0.0,43.342,83.096,39867.55,76434.62,34.188464,0.4114
20068,Villimpenta,Mantova,20,45.144747,11.030232,8610749.0,0.0861,0.0,0.117339,3.746,0.0,7.04,10.786,20.679,9287.52,17806.17,21.044843,1.0177
22247,Tre Ville,Trento,22,46.074324,10.7711,25443932.0,0.064,0.225742,0.001678,2.07,9.03,0.101,11.2,21.473,28496.99,54634.84,14.82766,0.6905
30080,Pradamano,Udine,30,46.033822,13.30263,29269700.0,0.2034,0.0,0.014065,20.904,0.0,0.844,21.747,41.694,63654.06,122038.46,22.91097,0.5495
98054,Somaglia,Lodi,98,45.14672,9.637931,91138570.0,0.0816,0.0,0.031411,3.364,0.0,1.885,5.249,10.063,47838.5,91716.64,19.574231,1.9451
47017,Quarrata,Pistoia,47,43.8475,10.977701,71458204.0,0.1336,0.010632,0.369677,9.018,0.425,22.181,31.624,60.631,225981.72,433255.33,29.709501,0.49
15219,Trezzano Rosa,Milano,15,45.582777,9.486652,286954188.0,0.0839,0.0,0.011989,3.557,0.0,0.719,4.276,8.198,122701.42,235244.89,15.050002,1.8358
48002,Barberino di Mugello,Firenze,48,44.000541,11.238381,70628199.0,0.1954,0.235092,0.003934,19.292,9.404,0.236,28.931,55.467,204336.23,391756.29,35.050589,0.6319
66077,Raiano,L'Aquila,66,42.102554,13.814304,11828000.0,0.2587,0.010169,0.0,33.815,0.407,0.0,34.222,65.611,40477.6,77604.22,47.395882,0.7224
36002,Bomporto,Modena,36,44.72977,11.038401,196608212.0,0.157,0.0,0.069263,12.454,0.0,4.156,16.61,31.845,326566.47,626097.81,36.541065,1.1475
53002,Campagnatico,Grosseto,53,42.883729,11.273537,11786437.0,0.133,0.375673,0.111271,8.938,15.027,6.676,30.641,58.745,36114.56,69239.35,19.796812,0.337
21019,Castelrotto/Kastelruth,Bolzano/Bozen,21,46.547539,11.608297,109217230.0,0.0569,0.070164,0.000226,1.636,2.807,0.014,4.456,8.543,48666.82,93304.7,10.80791,1.2651
65005,Altavilla Silentina,Salerno,65,40.530241,15.131031,59133817.0,0.1142,0.07261,0.071316,6.589,2.904,4.279,13.773,26.405,81443.94,156145.47,25.585615,0.969
17009,Bagnolo Mella,Brescia,17,45.429079,10.18437,390755876.0,0.1426,0.0,0.054355,10.274,0.0,3.261,13.536,25.951,528915.63,1014044.46,20.48295,0.7893
43057,Visso,Macerata,43,42.931232,13.087449,22821865.0,0.2487,0.096577,0.001753,31.251,3.863,0.105,35.22,67.524,80377.79,154101.42,27.736975,0.4108
2016,Borgosesia,Vercelli,2,45.716668,8.276857,191502226.0,0.043,0.020343,0.074018,0.934,0.814,4.441,6.189,11.866,118521.33,227230.76,17.175786,1.4475
75068,San Cesario di Lecce,Lecce,75,40.302961,18.159865,187417462.0,0.0497,0.0,0.006309,1.248,0.0,0.379,1.627,3.119,30485.05,58446.37,14.108941,4.5243
9056,Savona,Savona,9,44.233424,8.252573,247618668.0,0.0736,0.038372,0.020168,2.737,1.535,1.21,5.482,10.51,135743.32,260249.0,24.791781,2.3589
20047,Quistello,Mantova,20,45.006579,10.98046,218740685.0,0.0976,0.0,0.111555,4.813,0.0,6.693,11.506,22.06,251689.94,482543.47,21.044843,0.954
108008,Besana in Brianza,Monza e della Brianza,108,45.701804,9.288298,106485265.0,0.0522,0.0,0.004487,1.377,0.0,0.269,1.646,3.156,17527.28,33603.54,13.279771,4.2082
70078,Termoli,Campobasso,70,41.998327,14.993937,177831225.0,0.1118,0.012784,0.105241,6.315,0.511,6.314,13.141,25.195,233692.02,448037.62,35.851049,1.423
53012,Isola del Giglio,Grosseto,53,42.353169,10.896463,6381600.0,0.0328,0.265169,0.052053,0.544,10.607,3.123,14.274,27.365,9108.79,17463.5,19.796812,0.7234
1047,Caluso,Torino,1,45.304955,7.895722,14222387.0,0.0415,0.0,0.045432,0.87,0.0,2.726,3.596,6.895,5114.53,9805.64,20.594868,2.9871
35028,Novellara,Reggio nell'Emilia,35,44.84297,10.727492,108557815.0,0.1358,0.0,0.131998,9.318,0.0,7.92,17.238,33.048,187129.37,358767.05,36.618436,1.108
98010,Casalpusterlengo,Lodi,98,45.179329,9.648396,61893444.0,0.0772,0.0,0.008384,3.011,0.0,0.503,3.514,6.738,21751.38,41702.06,19.574231,2.9052
56021,Civita Castellana,Viterbo,56,42.295226,12.40917,206190556.0,0.1182,0.004773,0.075518,7.059,0.191,4.531,11.781,22.587,242916.25,465722.43,19.086634,0.845
19098,Soresina,Cremona,19,45.286473,9.856965,118126582.0,0.0931,0.0,0.0,4.379,0.0,0.0,4.379,8.396,51732.64,99182.54,21.210647,2.5262
62008,Benevento,Benevento,62,41.247688,14.705941,467877539.0,0.2648,0.014687,0.036069,35.429,0.587,2.164,38.18,73.2,1786365.22,3424844.45,40.937916,0.5593
69050,Miglianico,Chieti,69,42.359239,14.292074,27981195.0,0.1263,0.101094,0.044725,8.06,4.044,2.683,14.787,28.35,41375.96,79326.58,28.116343,0.9918
1013,Avigliana,Torino,1,45.077944,7.39839,219385030.0,0.1011,0.033186,0.040508,5.164,1.327,2.43,8.922,17.106,195742.36,375280.0,20.594868,1.204
6175,Treville,Alessandria,6,45.096854,8.359536,4836256.0,0.0385,0.066522,0.000317,0.749,2.661,0.019,3.429,6.574,1658.27,3179.26,20.84217,3.1705
63014,Capri,Napoli,63,40.548775,14.228087,56961811.0,0.084,0.338601,0.014775,3.565,13.544,0.886,17.996,34.502,102506.63,196527.16,35.751904,1.0362
17148,Ponte di Legno,Brescia,17,46.258603,10.508662,53312937.0,0.0556,0.089027,0.011509,1.562,3.561,0.691,5.814,11.146,30993.85,59421.85,20.48295,1.8377
19111,Vaiano Cremasco,Cremona,19,45.371972,9.587158,198677958.0,0.0781,0.0,0.0,3.082,0.0,0.0,3.082,5.909,61230.72,117392.4,21.210647,3.5897
67037,Roseto degli Abruzzi,Teramo,67,42.677577,14.014464,465977407.0,0.1685,0.101658,0.029389,14.346,4.066,1.763,20.175,38.68,940119.57,1802410.42,27.38232,0.7079
90003,Alghero,Sassari,90,40.56002,8.315147,196335549.0,0.0,0.112407,0.037482,0.0,4.496,2.249,6.745,12.932,132432.25,253900.98,12.837123,0.9927
17187,Toscolano-Maderno,Brescia,17,45.63453,10.609521,25048358.0,0.1588,0.006457,0.35581,12.741,0.258,21.349,34.348,65.853,86036.91,164951.17,20.48295,0.311
4246,Villanova Solaro,Cuneo,4,44.729938,7.574426,33231828.0,0.0951,0.0,0.119328,4.57,0.0,7.16,11.729,22.488,38978.56,74730.24,16.396584,0.7291
7022,Courmayeur,Valle d'Aosta/Vallée d'Aoste,7,45.787425,6.973062,170872589.0,0.1119,0.956719,0.072318,6.327,38.269,4.339,48.935,93.818,836157.29,1603092.49,17.572597,0.1873
83041,Lipari,Messina,83,38.468185,14.95472,26044122.0,0.1838,0.149112,0.0,17.069,5.964,0.0,23.034,44.16,59988.73,115011.24,44.663628,1.0114
29040,Rosolina,Rovigo,29,45.075572,12.246084,20539072.0,0.0561,0.0,0.000108,1.59,0.0,0.006,1.597,3.061,3279.37,6287.25,24.853738,8.1192
18046,Certosa di Pavia,Pavia,18,45.257015,9.148114,38020000.0,0.0591,0.0,0.0,1.765,0.0,0.0,1.765,3.383,6709.72,12863.98,18.961299,5.6041
16202,Sorisole,Bergamo,16,45.744579,9.661195,76586477.0,0.0987,0.168827,0.000339,4.922,6.753,0.02,11.696,22.423,89572.0,171728.69,21.203762,0.9456
15213,Solaro,Milano,15,45.617526,9.081021,120685449.0,0.0426,0.0,0.01299,0.917,0.0,0.779,1.696,3.252,20472.25,39249.69,15.050002,4.6276
1063,Caselle Torinese,Torino,1,45.17749,7.646367,192896555.0,0.0535,0.0,0.037083,1.446,0.0,2.225,3.671,7.038,70815.59,135768.65,20.594868,2.9261
7020,Châtillon,Valle d'Aosta/Vallée d'Aoste,7,45.748786,7.612529,475492039.0,0.0697,0.817508,0.038674,2.455,32.7,2.32,37.475,71.848,1781924.19,3416330.05,17.572597,0.2446
60027,Colfelice,Frosinone,60,41.554919,13.603407,72333625.0,0.2045,0.027923,0.02003,21.13,1.117,1.202,23.449,44.957,169614.77,325187.81,34.188464,0.7605
15103,Gaggiano,Milano,15,45.406461,9.034418,107962140.0,0.045,0.0,0.0,1.023,0.0,0.0,1.023,1.962,11046.23,21177.99,15.050002,7.6723
23053,Nogara,Verona,23,45.179012,11.063733,243726492.0,0.0916,0.0,0.0,4.239,0.0,0.0,4.239,8.128,103326.4,198098.83,20.167921,2.4813
82019,Camporeale,Palermo,82,37.897145,13.093842,20012792.0,0.1685,0.001968,0.0,14.346,0.079,0.0,14.424,27.654,28867.01,55344.23,29.57954,1.0696
54003,Bettona,Perugia,54,43.013614,12.484756,66820460.0,0.1964,0.013593,0.150034,19.489,0.544,9.002,29.035,55.667,194014.91,371968.11,38.922787,0.6992
16055,Carobbio degli Angeli,Bergamo,16,45.665182,9.829158,187730812.0,0.1313,0.003762,0.071061,8.711,0.15,4.264,13.125,25.163,246391.44,472385.12,21.203762,0.8427
17203,Visano,Brescia,17,45.318378,10.372376,267455672.0,0.1293,0.0,0.229032,8.447,0.0,13.742,22.189,42.541,593461.59,1137792.88,20.48295,0.4815
110010,Trinitapoli,Barletta-Andria-Trani,110,41.358853,16.087436,51749169.0,0.1325,0.0,0.172805,8.871,0.0,10.368,19.239,36.885,99559.33,190876.54,22.254355,0.6033
38017,Ostellato,Ferrara,38,44.745678,11.943521,112205984.0,0.134,0.0,0.078204,9.073,0.0,4.692,13.765,26.39,154448.68,296111.17,39.906082,1.5122
17103,Manerbio,Brescia,17,45.355777,10.13517,650776248.0,0.1307,0.0,0.04126,8.631,0.0,2.476,11.107,21.294,722801.09,1385764.39,20.48295,0.9619
18167,Valeggio,Pavia,18,45.15066,8.859946,20901811.0,0.052,0.0,0.0,1.366,0.0,0.0,1.366,2.619,2855.67,5474.93,18.961299,7.2389
98014,Castiglione d'Adda,Lodi,98,45.218912,9.694111,24730912.0,0.0762,0.0,0.047081,2.934,0.0,2.825,5.759,11.041,14241.64,27304.28,19.574231,1.7729
43012,Cingoli,Macerata,43,43.373841,13.216313,87295433.0,0.1754,0.111395,0.0,15.545,4.456,0.0,20.0,38.345,174593.5,334733.11,27.736975,0.7234
55023,Orvieto,Terni,55,42.718615,12.108791,88743355.0,0.143,0.050041,0.030072,10.332,2.002,1.804,14.138,27.106,125466.12,240545.41,34.830185,1.285
61017,Carinola,Caserta,61,41.170677,14.015459,48749462.0,0.0981,0.069251,0.004131,4.862,2.77,0.248,7.88,15.108,38416.31,73652.29,28.435248,1.8821
74008,Francavilla Fontana,Brindisi,74,40.530162,17.582677,119668222.0,0.0546,0.000687,0.010134,1.506,0.027,0.608,2.142,4.106,25630.42,49139.01,13.243039,3.2251
86016,Regalbuto,Enna,86,37.653547,14.639636,43341882.0,0.1084,0.013596,0.001866,5.937,0.544,0.112,6.593,12.64,28574.98,54784.35,34.389868,2.7207
69069,Pretoro,Chieti,69,42.217225,14.141552,56408997.0,0.177,0.030955,0.0,15.829,1.238,0.0,17.068,32.722,96276.56,184582.77,28.116343,0.8592
18072,Giussago,Pavia,18,45.284766,9.140749,12200379.0,0.0554,0.0,0.0,1.551,0.0,0.0,1.551,2.973,1891.95,3627.28,18.961299,6.3776
1133,Levone,Torino,1,45.318202,7.606187,6483381.0,0.0532,0.044476,2.9e-05,1.43,1.779,0.002,3.211,6.156,2081.68,3991.03,20.594868,3.3456
17062,Corte Franca,Brescia,17,45.637417,10.006468,750630653.0,0.1363,0.007751,0.029894,9.387,0.31,1.794,11.49,22.029,862497.31,1653591.94,20.48295,0.9298
42023,Maiolati Spontini,Ancona,42,43.477658,13.121768,145558299.0,0.1767,0.210195,0.0,15.776,8.408,0.0,24.184,46.365,352012.02,674882.38,27.781362,0.5992
63005,Arzano,Napoli,63,40.91602,14.268018,444367292.0,0.1612,0.0,0.0,13.129,0.0,0.0,13.129,25.172,583431.39,1118562.84,35.751904,1.4203
2107,Quarona,Vercelli,2,45.757869,8.265721,2795229520.0,0.0451,2.8e-05,0.069098,1.028,0.001,4.146,5.175,9.921,1446450.3,2773154.8,17.175786,1.7313
18171,Varzi,Pavia,18,44.82354,9.196904,2852608.0,0.0975,0.121993,0.016372,4.803,4.88,0.982,10.665,20.447,3042.36,5832.86,18.961299,0.9273
46034,Villa Basilica,Lucca,46,43.927516,10.644575,161392185.0,0.1513,0.117242,0.005345,11.566,4.69,0.321,16.577,31.781,267535.11,512922.06,29.45658,0.9269
88003,Comiso,Ragusa,88,36.950734,14.607455,96340054.0,0.1883,0.002919,0.0,17.915,0.117,0.0,18.032,34.571,173718.65,333055.84,23.45042,0.6783
35010,Campegine,Reggio nell'Emilia,35,44.781734,10.528419,105503897.0,0.1254,0.0,0.220494,7.945,0.0,13.23,21.175,40.597,223404.33,428313.92,36.618436,0.902
108034,Muggiò,Monza e della Brianza,108,45.593195,9.227138,163504861.0,0.0505,0.0,0.0,1.289,0.0,0.0,1.289,2.47,21068.38,40392.59,13.279771,5.3755
50039,Volterra,Pisa,50,43.400337,10.860019,364665580.0,0.1403,0.18358,0.03026,9.946,7.343,1.816,19.104,36.627,696673.37,1335671.95,28.10564,0.7673
28063,Piazzola sul Brenta,Padova,28,45.541496,11.784404,96361072.0,0.1274,0.0,0.1493,8.201,0.0,8.958,17.159,32.897,165344.08,317000.0,17.804557,0.5412
17056,Coccaglio,Brescia,17,45.563448,9.978272,433539753.0,0.1383,0.0,0.0,9.664,0.0,0.0,9.664,18.528,418977.71,803269.94,20.48295,1.1055
72036,Putignano,Bari,72,40.85183,17.121294,636404427.0,0.0697,0.0,0.021773,2.455,0.0,1.306,3.761,7.211,239351.32,458887.7,14.160402,1.9638
61048,Maddaloni,Caserta,61,41.039924,14.376687,212909558.0,0.1419,0.069784,0.004102,10.174,2.791,0.246,13.211,25.329,281280.39,539274.71,28.435248,1.1226
108012,Brugherio,Monza e della Brianza,108,45.550749,9.301222,654774767.0,0.0553,0.0,0.011239,1.545,0.0,0.674,2.219,4.255,145325.96,278620.98,13.279771,3.1208
28039,Galliera Veneta,Padova,28,45.66284,11.828488,256201576.0,0.1688,0.0,0.0,14.397,0.0,0.0,14.397,27.602,368845.35,707155.48,17.804557,0.6451
1002,Airasca,Torino,1,44.917042,7.484321,664040225.0,0.097,0.0,1.4e-05,4.754,0.0,0.001,4.755,9.116,315741.9,605344.8,20.594868,2.2592
3068,Galliate,Novara,3,45.478267,8.696903,109498364.0,0.0375,0.0,0.003385,0.711,0.0,0.203,0.914,1.752,10004.06,19179.92,12.08995,6.9022
18110,Pavia,Pavia,18,45.036855,9.137825,339574987.0,0.0879,0.0,0.190041,3.904,0.0,11.402,15.306,29.346,519764.69,996500.15,18.961299,0.6461
33036,Ponte dell'Olio,Piacenza,33,44.867361,9.642268,9642858.0,0.1056,0.121001,0.05524,5.634,4.84,3.314,13.789,26.436,13296.36,25491.96,28.260932,1.069
97056,Nibionno,Lecco,97,45.746479,9.268944,94776128.0,0.0506,0.0,0.030189,1.294,0.0,1.811,3.105,5.953,29427.95,56419.67,14.425007,2.4232
58043,Genzano di Roma,Roma,58,41.706989,12.691118,39640729.0,0.1657,0.040071,0.0,13.873,1.603,0.0,15.476,29.67,61346.38,117614.14,29.689549,1.0007
16043,Calcinate,Bergamo,16,45.619721,9.798877,418461143.0,0.1322,0.0,0.008845,8.83,0.0,0.531,9.361,17.947,391725.8,751022.2,21.203762,1.1814
36008,Castelvetro di Modena,Modena,36,44.503462,10.9433,2239541271.0,0.1631,0.024476,0.011844,13.441,0.979,0.711,15.13,29.008,3388536.46,6496549.61,36.541065,1.2597
24078,Piovene Rocchette,Vicenza,24,45.758826,11.430127,150732908.0,0.159,0.00456,0.0,12.774,0.182,0.0,12.956,24.839,195288.92,374410.66,21.315155,0.8581
4222,Sommariva del Bosco,Cuneo,4,44.768741,7.78533,16919504.0,0.0561,0.0,0.004855,1.59,0.0,0.291,1.881,3.607,3183.35,6103.17,16.396584,4.5455
64066,Nusco,Avellino,64,40.88695,15.084004,458721216.0,0.2363,0.041443,0.00045,28.213,1.658,0.027,29.897,57.32,1371459.35,2629381.1,37.737871,0.6584
18061,Dorno,Pavia,18,45.155085,8.951882,76178628.0,0.0563,0.0,0.0,1.602,0.0,0.0,1.602,3.07,12200.22,23390.43,18.961299,6.1754
42044,Sassoferrato,Ancona,42,43.432655,12.857263,55671848.0,0.1742,0.048279,0.0,15.333,1.931,0.0,17.264,33.098,96110.17,184263.77,27.781362,0.8394
90026,Codrongianos,Sassari,90,40.657261,8.679816,9541594.0,0.0,0.066012,0.0,0.0,2.64,0.0,2.64,5.062,2519.44,4830.3,12.837123,2.5358
70071,San Polo Matese,Campobasso,70,41.459324,14.493428,50508826.0,0.2681,0.029763,0.014316,36.317,1.191,0.859,38.367,73.557,193785.13,371527.57,35.851049,0.4874
67030,Mosciano Sant'Angelo,Teramo,67,42.746847,13.888296,292834237.0,0.1748,0.125756,0.013858,15.438,5.03,0.831,21.3,40.837,623738.56,1195840.32,27.38232,0.6705
63026,Cercola,Napoli,63,40.857682,14.355158,94337927.0,0.1706,0.0,0.00663,14.705,0.0,0.398,15.103,28.956,142480.09,273164.82,35.751904,1.2347
26009,Casale sul Sile,Treviso,26,45.597766,12.325734,241927555.0,0.1032,0.0,0.055091,5.381,0.0,3.305,8.687,16.654,210153.61,402909.45,21.139592,1.2693
28089,Teolo,Padova,28,45.365421,11.688606,175612265.0,0.0804,0.026521,0.001776,3.266,1.061,0.107,4.434,8.5,77857.73,149269.93,17.804557,2.0947
88001,Acate,Ragusa,88,37.02504,14.492981,127926216.0,0.1789,0.000537,0.0,16.171,0.021,0.0,16.193,31.045,207144.95,397141.21,23.45042,0.7554
78015,Belvedere Marittimo,Cosenza,78,39.617973,15.861853,22055244.0,0.1402,0.054867,0.028686,9.931,2.195,1.721,13.847,26.548,30540.59,58552.84,50.996071,1.9209
1043,Busano,Torino,1,45.329438,7.655732,252159781.0,0.0515,0.0,0.011362,1.34,0.0,0.682,2.022,3.876,50981.77,97742.97,20.594868,5.3131
97049,Missaglia,Lecco,97,45.708717,9.335754,214698619.0,0.0567,0.005125,0.010014,1.624,0.205,0.601,2.43,4.659,52176.18,100032.9,14.425007,3.096
83068,Piraino,Messina,83,38.161243,14.861943,22530915.0,0.181,0.035616,0.0,16.553,1.425,0.0,17.978,34.467,40505.1,77656.95,44.663628,1.2958
16098,Filago,Bergamo,16,45.637578,9.556352,448503633.0,0.1012,0.00015,0.030367,5.175,0.006,1.822,7.003,13.426,314071.05,602141.42,21.203762,1.5794
89011,Lentini,Siracusa,89,37.284685,14.998778,14281106.0,0.2706,0.001978,0.228506,36.998,0.079,13.71,50.787,97.37,72529.53,139054.62,32.507353,0.3339
17201,Villanuova sul Clisi,Brescia,17,45.60168,10.453872,36341869.0,0.1591,0.051022,0.015398,12.79,2.041,0.924,15.754,30.205,57254.4,109768.94,20.48295,0.6781
24076,Pedemonte,Vicenza,24,45.503234,10.91872,22784458.0,0.1643,0.069713,0.0,13.639,2.789,0.0,16.428,31.496,37429.95,71761.22,21.315155,0.6768
17142,Pian Camuno,Brescia,17,45.843752,10.157887,278108888.0,0.1018,0.41291,0.008469,5.236,16.516,0.508,22.261,42.679,619089.95,1186927.92,20.48295,0.4799
81004,Campobello di Mazara,Trapani,81,37.635838,12.744338,98685192.0,0.0889,0.000399,0.0,3.993,0.016,0.0,4.009,7.686,39564.48,75853.58,16.86353,2.1939
83108,Torrenova,Messina,83,38.089846,14.678879,110192654.0,0.1692,0.005899,0.0,14.465,0.236,0.0,14.701,28.185,161993.75,310576.68,44.663628,1.5847
65013,Baronissi,Salerno,65,40.746938,14.769987,21409886.0,0.1186,0.526399,0.002681,7.107,21.056,0.161,28.324,54.303,60641.0,116261.78,25.585615,0.4712
3066,Fontaneto d'Agogna,Novara,3,45.643469,8.480828,666203269.0,0.038,0.0,0.059378,0.73,0.0,3.563,4.292,8.229,285953.1,548233.29,12.08995,1.4691
4082,Dronero,Cuneo,4,44.465942,7.367256,364501650.0,0.1385,0.023219,0.018786,9.692,0.929,1.127,11.748,22.523,428216.69,820983.05,16.396584,0.728
77029,Tursi,Matera,77,40.245213,16.469687,31608989.0,0.095,0.012402,0.066234,4.56,0.496,3.974,9.03,17.313,28543.3,54723.61,22.969725,1.3268
110001,Andria,Barletta-Andria-Trani,110,41.227646,16.295435,367961710.0,0.1709,0.001147,0.006819,14.757,0.046,0.409,15.212,29.165,559748.69,1073158.04,22.254355,0.7631
12081,Grantola,Varese,12,45.949179,8.774329,21468102.0,0.0392,0.01503,0.01017,0.776,0.601,0.61,1.988,3.811,4267.45,8181.61,11.229804,2.9466
1034,Brandizzo,Torino,1,45.176606,7.838004,72018337.0,0.0445,0.0,0.20566,1.001,0.0,12.34,13.34,25.576,96073.52,184193.51,20.594868,0.8052
12004,Arcisate,Varese,12,45.860392,8.859618,38457500.0,0.0384,0.041291,0.083854,0.745,1.652,5.031,7.428,14.241,28565.93,54766.99,11.229804,0.7886
15167,Pantigliate,Milano,15,45.439548,9.352631,77599296.0,0.0595,0.0,0.011233,1.789,0.0,0.674,2.463,4.722,19110.67,36639.25,15.050002,3.1875
17177,Seniga,Brescia,17,45.242674,10.177973,68375621.0,0.0984,0.0,0.384899,4.892,0.0,23.094,27.986,53.655,191357.25,366872.8,20.48295,0.3817
24025,Cartigliano,Vicenza,24,45.713054,11.694064,249271212.0,0.173,0.0,0.0,15.122,0.0,0.0,15.122,28.992,376948.45,722690.86,21.315155,0.7352
43004,Belforte del Chienti,Macerata,43,43.162552,13.245376,171565523.0,0.1762,0.140341,0.0,15.687,5.614,0.0,21.3,40.837,365439.06,700624.9,27.736975,0.6792
41026,Mercatino Conca,Pesaro e Urbino,41,43.870162,12.491148,7718542.0,0.1764,0.469692,0.023809,15.722,18.788,1.429,35.938,68.902,27739.26,53182.1,24.621765,0.3573
97026,Costa Masnaga,Lecco,97,45.767002,9.278316,320367588.0,0.0498,0.0,0.014016,1.253,0.0,0.841,2.094,4.015,67086.03,128618.27,14.425007,3.593
35040,Scandiano,Reggio nell'Emilia,35,44.599345,10.687838,431616012.0,0.1623,0.118075,0.023152,13.309,4.723,1.389,19.421,37.235,838258.87,1607121.65,36.618436,0.9834
19035,Crema,Cremona,19,45.362828,9.687457,427984373.0,0.0929,0.0,0.061407,4.361,0.0,3.684,8.045,15.424,344315.49,660126.49,21.210647,1.3752
11028,Sesta Godano,La Spezia,11,44.293966,9.675716,16906464.0,0.1511,0.069967,0.017982,11.536,2.799,1.079,15.413,29.551,26058.56,49959.83,28.212129,0.9547
3121,Pombia,Novara,3,45.65083,8.632293,18460297.0,0.0374,0.016423,0.018845,0.707,0.657,1.131,2.494,4.782,4604.67,8828.13,12.08995,2.5281
76098,Viggiano,Potenza,76,40.340711,15.900773,66678384.0,0.2497,0.104029,0.0,31.503,4.161,0.0,35.664,68.376,237804.21,455921.57,40.913322,0.5984
19099,Sospiro,Cremona,19,45.108571,10.157675,8971094.0,0.0803,0.0,0.0,3.258,0.0,0.0,3.258,6.246,2922.77,5603.57,21.210647,3.3957
36019,Maranello,Modena,36,44.525522,10.866361,372169910.0,0.1627,0.042349,0.01822,13.375,1.694,1.093,16.162,30.986,601505.76,1153215.27,36.541065,1.1793
108039,Seregno,Monza e della Brianza,108,45.649723,9.205392,601795385.0,0.0475,0.0,0.0,1.14,0.0,0.0,1.14,2.186,68604.67,131529.84,13.279771,6.076
91005,Bari Sardo,Nuoro,91,39.842053,9.644147,10722898.0,0.0,0.107342,0.018776,0.0,4.294,1.127,5.42,10.392,5812.07,11142.98,14.344669,1.3804
51016,Civitella in Val di Chiana,Arezzo,51,43.402527,11.735586,87885758.0,0.143,0.005325,0.00418,10.332,0.213,0.251,10.796,20.698,94880.82,181906.83,29.518286,1.4261
110003,Bisceglie,Barletta-Andria-Trani,110,41.240274,16.501011,72387207.0,0.1347,0.001367,0.04749,9.168,0.055,2.849,12.072,23.144,87383.09,167532.08,22.254355,0.9616
28058,Noventa Padovana,Padova,28,45.414232,11.9508,137968220.0,0.0795,0.0,0.035875,3.193,0.0,2.152,5.346,10.249,73756.29,141406.58,17.804557,1.7372
22049,Castelnuovo,Trento,22,46.052859,11.493282,27917674.0,0.0973,0.338461,0.009905,4.783,13.538,0.594,18.916,36.266,52809.67,101247.43,14.82766,0.4089
4210,San Michele Mondovì,Cuneo,4,44.377031,7.911036,305816118.0,0.0682,0.015089,0.049874,2.35,0.604,2.992,5.946,11.4,181841.33,348628.74,16.396584,1.4383
61052,Mondragone,Caserta,61,41.114112,13.893519,10186239.0,0.0878,0.075443,0.163445,3.895,3.018,9.807,16.719,32.055,17030.79,32651.68,28.435248,0.8871
14037,Livigno,Sondrio,14,46.537801,10.136316,61295753.0,0.1239,0.112261,0.033781,7.756,4.49,2.027,14.274,27.366,87491.72,167740.36,12.776609,0.4669
4045,Casalgrasso,Cuneo,4,44.819641,7.624625,123534872.0,0.0699,0.0,0.15234,2.469,0.0,9.14,11.609,22.257,143413.13,274953.66,16.396584,0.7367
17186,Torbole Casaglia,Brescia,17,45.50531,10.102464,386182585.0,0.1451,0.0,0.053118,10.638,0.0,3.187,13.825,26.505,533893.39,1023587.9,20.48295,0.7728
1128,Lanzo Torinese,Torino,1,45.27335,7.477411,62184450.0,0.0682,0.014443,0.058858,2.35,0.578,3.531,6.459,12.384,40166.8,77008.36,20.594868,1.663
100004,Poggio a Caiano,Prato,100,43.816089,11.05465,16080653.0,0.1302,0.005611,0.112091,8.565,0.224,6.725,15.515,29.746,24949.36,47833.26,30.888404,1.0384
37034,Loiano,Bologna,37,44.266157,11.325534,32099075.0,0.1704,0.267175,0.009098,14.671,10.687,0.546,25.904,49.663,83148.74,159413.94,38.815968,0.7816
24043,Gambellara,Vicenza,24,45.462509,11.33984,547906697.0,0.1517,0.0,0.278746,11.628,0.0,16.725,28.352,54.357,1553442.9,2978282.51,21.315155,0.3921
69041,Gissi,Chieti,69,42.021227,14.545748,93411642.0,0.102,0.328888,0.039165,5.257,13.156,2.35,20.762,39.806,193942.91,371830.07,28.116343,0.7063
78093,Parenti,Cosenza,78,39.162192,16.410498,33358654.0,0.2763,0.011731,0.023262,38.573,0.469,1.396,40.438,77.528,134894.4,258621.44,50.996071,0.6578
3049,Cerano,Novara,3,45.410966,8.780039,63617737.0,0.0388,0.0,0.019948,0.761,0.0,1.197,1.958,3.753,12453.32,23875.68,12.08995,3.2214
24029,Chiampo,Vicenza,24,45.544573,11.280896,538097474.0,0.1619,0.024539,0.0,13.244,0.982,0.0,14.225,27.273,765460.92,1467552.41,21.315155,0.7815
109022,Monterubbiano,Fermo,109,43.084754,13.719887,142927080.0,0.183,0.169523,0.0,16.921,6.781,0.0,23.702,45.441,338761.16,649477.65,25.228384,0.5552
87005,Aci Sant'Antonio,Catania,87,37.606392,15.126895,268251773.0,0.2285,0.0,0.0,26.381,0.0,0.0,26.381,50.578,707673.03,1356760.65,36.827421,0.7281
109007,Francavilla d'Ete,Fermo,109,43.187355,13.540682,70137016.0,0.175,0.013242,0.0,15.474,0.53,0.0,16.003,30.682,112242.82,215193.51,25.228384,0.8223
23040,Isola della Scala,Verona,23,45.273105,11.006889,483458401.0,0.1136,0.0,0.0,6.52,0.0,0.0,6.52,12.501,315234.26,604371.54,20.167921,1.6133
64008,Avellino,Avellino,64,40.996545,15.140569,944687479.0,0.2707,0.016609,0.011863,37.025,0.664,0.712,38.401,73.623,3627700.18,6955077.64,37.737871,0.5126
16080,Colzate,Bergamo,16,45.816027,9.855865,165743865.0,0.0996,0.158108,0.069501,5.012,6.324,4.17,15.507,29.73,257013.56,492750.01,21.203762,0.7132
87042,San Gregorio di Catania,Catania,87,37.565254,15.111788,666658693.0,0.2159,0.001979,0.0,23.552,0.079,0.0,23.631,45.305,1575374.2,3020329.5,36.827421,0.8129
93027,Montereale Valcellina,Pordenone,93,46.160509,12.662136,37525640.0,0.2551,0.041709,0.0,32.881,1.668,0.0,34.549,66.238,129646.85,248560.75,22.312037,0.3368
52016,Monteriggioni,Siena,52,43.390059,11.223389,369820221.0,0.14,0.021948,0.027279,9.903,0.878,1.637,12.418,23.808,459236.02,880453.73,24.090373,1.0119
28038,Fontaniva,Padova,28,45.637629,11.752198,222650684.0,0.161,0.0,0.0,13.097,0.0,0.0,13.097,25.11,291603.96,559067.2,17.804557,0.7091
56024,Fabrica di Roma,Viterbo,56,42.335126,12.299767,161146397.0,0.0966,0.049772,0.0,4.715,1.991,0.0,6.706,12.856,108061.12,207176.3,19.086634,1.4846
23077,Sant'Ambrogio di Valpolicella,Verona,23,45.522113,10.834443,614190470.0,0.1649,0.009573,0.001332,13.739,0.383,0.08,14.202,27.228,872270.9,1672330.0,20.167921,0.7407
58060,Monte Compatri,Roma,58,41.808918,12.737784,43259796.0,0.1686,0.004598,0.005185,14.363,0.184,0.311,14.858,28.485,64273.72,123226.48,29.689549,1.0423
63001,Acerra,Napoli,63,40.946053,14.375008,529135534.0,0.1688,0.0,0.00032,14.397,0.0,0.019,14.416,27.638,762795.73,1462442.66,35.751904,1.2936
65130,Sant'Egidio del Monte Albino,Salerno,65,40.733842,14.597044,135242602.0,0.1229,0.258926,0.045979,7.632,10.357,2.759,20.747,39.777,280594.34,537959.41,25.585615,0.6432
17028,Breno,Brescia,17,45.956324,10.30404,148292390.0,0.0769,0.180603,0.028363,2.988,7.224,1.702,11.914,22.841,176673.02,338719.99,20.48295,0.8967
61057,Piedimonte Matese,Caserta,61,41.350819,14.368032,69978017.0,0.242,0.20516,0.002799,29.59,8.206,0.168,37.965,72.786,265668.54,509343.46,28.435248,0.3907
30116,Tarcento,Udine,30,46.215273,13.221658,77341856.0,0.2561,0.048244,0.012592,33.139,1.93,0.756,35.824,68.682,277070.09,531202.66,22.91097,0.3336
61082,Santa Maria a Vico,Caserta,61,41.026857,14.465186,20565268.0,0.1626,0.323817,0.026384,13.359,12.953,1.583,27.894,53.479,57365.28,109981.51,28.435248,0.5317
15130,Magenta,Milano,15,45.465393,8.883843,290772113.0,0.0397,0.0,0.084472,0.796,0.0,5.068,5.865,11.244,170527.96,326938.6,15.050002,1.3385
18020,Bosnasco,Pavia,18,45.064363,9.358477,19242699.0,0.0937,0.048889,0.0,4.436,1.956,0.0,6.392,12.254,12299.19,23580.18,18.961299,1.5473
79039,Curinga,Catanzaro,79,38.826185,16.3134,8589515.0,0.2684,0.019837,0.046808,36.398,0.793,2.808,40.0,76.689,34358.4,65872.4,52.451966,0.684
84003,Aragona,Agrigento,84,37.403199,13.617948,129667932.0,0.0608,0.003153,0.00126,1.868,0.126,0.076,2.069,3.968,26834.73,51447.91,20.102118,5.0665
87038,Randazzo,Catania,87,37.877934,14.946248,63955402.0,0.1838,0.003726,0.0,17.069,0.149,0.0,17.218,33.011,110118.81,211121.33,36.827421,1.1156
72033,Palo del Colle,Bari,72,41.057532,16.700782,227668173.0,0.0824,0.0,0.00694,3.431,0.0,0.416,3.847,7.376,87584.3,167917.85,14.160402,1.9199
87017,Giarre,Catania,87,37.726857,15.187688,14720820.0,0.2121,0.005663,0.0,22.73,0.227,0.0,22.956,44.013,33793.84,64790.03,36.827421,0.8367
48012,Certaldo,Firenze,48,43.547853,11.041199,222001039.0,0.1386,0.250423,0.049528,9.706,10.017,2.972,22.695,43.511,503824.37,965939.14,35.050589,0.8056
5031,Castelnuovo Don Bosco,Asti,5,45.040849,7.963128,27426774.0,0.042,0.070428,1.5e-05,0.891,2.817,0.001,3.709,7.112,10173.42,19504.63,21.748752,3.0582
18109,Parona,Pavia,18,45.282602,8.750845,50632472.0,0.0418,0.0,0.0,0.883,0.0,0.0,0.883,1.693,4469.92,8569.78,18.961299,11.2028
65122,San Marzano sul Sarno,Salerno,65,40.775215,14.587362,155167555.0,0.1415,0.0,0.049197,10.117,0.0,2.952,13.068,25.055,202778.01,388768.84,25.585615,1.0212
83033,Gioiosa Marea,Messina,83,38.173269,14.895164,9392481.0,0.1913,0.034012,0.0,18.49,1.36,0.0,19.851,38.058,18644.95,35746.36,44.663628,1.1736
4232,Trinità,Cuneo,4,44.508277,7.757897,22517610.0,0.0711,0.000673,0.070995,2.554,0.027,4.26,6.841,13.115,15403.92,29532.61,16.396584,1.2502
65021,Camerota,Salerno,65,40.032501,15.372765,11489454.0,0.0928,0.549832,0.009715,4.351,21.993,0.583,26.927,51.626,30938.14,59315.04,25.585615,0.4956
16172,Pontirolo Nuovo,Bergamo,16,45.569175,9.569345,237580070.0,0.1024,0.0,0.0,5.298,0.0,0.0,5.298,10.158,125871.54,241322.68,21.203762,2.0875
16031,Bonate Sotto,Bergamo,16,45.666784,9.561388,37258130.0,0.0976,0.0,0.070472,4.813,0.0,4.228,9.041,17.334,33686.33,64583.9,21.203762,1.2232
87031,Nicolosi,Catania,87,37.614711,15.026349,3330603.0,0.2265,0.0,0.0,25.921,0.0,0.0,25.921,49.696,8633.3,16551.89,36.827421,0.741
62009,Bonea,Benevento,62,41.075206,14.618001,3305405.0,0.198,0.413101,0.0,19.808,16.524,0.0,36.332,69.657,12009.32,23024.44,40.937916,0.5877
86014,Piazza Armerina,Enna,86,37.385946,14.367174,51539921.0,0.0937,0.000736,0.0,4.436,0.029,0.0,4.465,8.561,23015.12,44124.91,34.389868,4.0169
63073,Sant'Antimo,Napoli,63,40.945711,14.231429,96375446.0,0.1486,0.0,0.03867,11.157,0.0,2.32,13.477,25.839,129889.05,249025.11,35.751904,1.3836
79069,Maida,Catanzaro,79,38.858841,16.364824,37592608.0,0.2686,0.00542,0.075102,36.453,0.217,4.506,41.176,78.942,154789.88,296765.32,52.451966,0.6644
1266,Settimo Vittone,Torino,1,45.54976,7.832216,58539524.0,0.0462,0.115564,0.017925,1.078,4.623,1.075,6.777,12.992,39669.39,76054.71,20.594868,1.5852
44002,Acquaviva Picena,Ascoli Piceno,44,42.944936,13.815114,11853591.0,0.1767,0.01682,0.0,15.776,0.673,0.0,16.449,31.535,19497.47,37380.82,32.834347,1.0412
26006,Caerano di San Marco,Treviso,26,45.78591,12.001038,254893597.0,0.2169,0.0,0.0,23.77,0.0,0.0,23.77,45.573,605892.62,1161625.82,21.139592,0.4639
60048,Patrica,Frosinone,60,41.592217,13.243998,70766332.0,0.1352,0.160678,0.016184,9.236,6.427,0.971,16.634,31.891,117711.91,225678.92,34.188464,1.0721
16125,Lenna,Bergamo,16,45.943983,9.678696,23979417.0,0.0614,0.12576,0.026043,1.905,5.03,1.563,8.498,16.292,20377.23,39067.52,21.203762,1.3015
26061,Possagno,Treviso,26,45.854879,11.88157,122601741.0,0.2144,0.0,0.0,23.226,0.0,0.0,23.226,44.528,284750.06,545926.82,21.139592,0.4747
1027,Bollengo,Torino,1,45.470859,7.94202,50451224.0,0.0416,0.005763,0.000104,0.874,0.231,0.006,1.111,2.13,5605.88,10747.67,20.594868,9.6675
60074,Sora,Frosinone,60,41.720336,13.613958,90644642.0,0.2396,0.336807,0.003843,29.006,13.472,0.231,42.709,81.882,387135.0,742220.65,34.188464,0.4175
1086,Ciriè,Torino,1,45.235277,7.600308,285569279.0,0.0567,0.0,0.043766,1.624,0.0,2.626,4.25,8.149,121376.24,232704.23,20.594868,2.5274
58118,Ciampino,Roma,58,41.800289,12.600471,338426036.0,0.1645,0.0,0.013682,13.673,0.0,0.821,14.493,27.787,490496.67,940387.09,29.689549,1.0685
90006,Arzachena,Sassari,90,41.079898,9.387612,960960392.0,0.0,0.000104,0.025176,0.0,0.004,1.511,1.515,2.904,145558.59,279066.97,12.837123,4.4204
16193,Sarnico,Bergamo,16,45.670143,9.963513,126889574.0,0.1343,0.004616,0.308648,9.113,0.185,18.519,27.817,53.331,352964.84,676709.15,21.203762,0.3976
25016,Cortina d'Ampezzo,Belluno,25,46.538333,12.137351,65612756.0,0.0798,0.048186,0.0,3.218,1.927,0.0,5.145,9.864,33757.61,64720.55,17.91629,1.8163
9012,Borghetto Santo Spirito,Savona,9,44.114446,8.235328,35708827.0,0.1119,0.043709,0.078186,6.327,1.748,4.691,12.766,24.476,45586.7,87399.47,24.791781,1.0129
77021,Policoro,Matera,77,40.21046,16.676376,59742890.0,0.0821,0.0,0.072654,3.406,0.0,4.359,7.765,14.887,46389.88,88939.33,22.969725,1.5429
13222,Tavernerio,Como,13,45.802426,9.146436,60082645.0,0.0428,0.077085,0.0,0.926,3.083,0.0,4.009,7.686,24086.9,46179.74,12.029442,1.5651
108010,Bovisio-Masciago,Monza e della Brianza,108,45.6109,9.151857,74522515.0,0.0451,0.0,0.011141,1.028,0.0,0.668,1.696,3.252,12640.29,24234.14,13.279771,4.0837
10034,Mezzanego,Genova,10,44.392008,9.407722,15927556.0,0.1205,0.375349,0.009336,7.337,15.014,0.56,22.911,43.925,36491.09,69961.24,24.504626,0.5579
73017,Montemesola,Taranto,73,40.56302,17.339228,31813302.0,0.0679,0.034268,0.069225,2.329,1.371,4.154,7.854,15.057,24985.18,47901.94,15.194153,1.0091
26042,Miane,Treviso,26,45.944321,12.093856,51678060.0,0.2479,0.0,0.0,31.051,0.0,0.0,31.051,59.531,160463.73,307643.32,21.139592,0.3551
26001,Altivole,Treviso,26,45.754003,11.955362,253372974.0,0.2082,0.0,0.0,21.902,0.0,0.0,21.902,41.99,554931.49,1063922.44,21.139592,0.5034
111048,Nurri,Sud Sardegna,111,39.712048,9.229841,9139013.0,0.0,0.019071,0.0,0.0,0.763,0.0,0.763,1.463,697.16,1336.61,15.448131,10.5626
1044,Bussoleno,Torino,1,45.139271,7.147717,1710787.0,0.1343,0.299958,0.007404,9.113,11.998,0.444,21.556,41.327,3687.73,7070.16,20.594868,0.4983
1042,Burolo,Torino,1,45.48116,7.93392,5768324.0,0.042,0.005529,0.159035,0.891,0.221,9.542,10.655,20.427,6145.89,11782.98,20.594868,1.0082
10016,Cicagna,Genova,10,44.409323,9.235533,32245867.0,0.0933,0.343657,0.021451,4.398,13.746,1.287,19.432,37.255,62658.88,120130.48,24.504626,0.6578
26027,Follina,Treviso,26,45.953073,12.118137,19519992.0,0.2502,0.0,0.0,31.629,0.0,0.0,31.629,60.641,61740.75,118370.23,21.139592,0.3486
37051,San Benedetto Val di Sambro,Bologna,37,44.215259,11.232914,28565112.0,0.168,0.277661,0.011294,14.261,11.106,0.678,26.045,49.933,74396.77,142634.53,38.815968,0.7774
15142,Melzo,Milano,15,45.498585,9.424251,152702015.0,0.0715,0.0,0.03642,2.583,0.0,2.185,4.768,9.142,72811.86,139595.91,15.050002,1.6463
17145,Polpenazze del Garda,Brescia,17,45.551185,10.504875,322760312.0,0.1589,0.001285,0.0,12.757,0.051,0.0,12.809,24.557,413420.31,792615.22,20.48295,0.8341
72031,Noci,Bari,72,40.79468,17.123557,251588344.0,0.0744,0.0,0.0,2.797,0.0,0.0,2.797,5.362,70364.57,134903.93,14.160402,2.6408
58059,Mentana,Roma,58,42.035022,12.642272,17652356.0,0.1243,0.006762,0.0,7.807,0.27,0.0,8.077,15.485,14257.88,27335.42,29.689549,1.9173
16199,Serina,Bergamo,16,45.871941,9.729336,18548110.0,0.0776,0.072038,4e-06,3.043,2.882,0.0,5.924,11.358,10988.52,21067.34,21.203762,1.8668
23023,Cavaion Veronese,Verona,23,45.540293,10.770187,241370377.0,0.1651,0.0,0.001371,13.772,0.0,0.082,13.855,26.562,334412.1,641139.56,20.167921,0.7593
16120,Grumello del Monte,Bergamo,16,45.637181,9.876759,276828748.0,0.1345,0.003588,1e-05,9.14,0.144,0.001,9.284,17.8,257020.46,492763.22,21.203762,1.1912
48026,Marradi,Firenze,48,44.075738,11.612896,13005250.0,0.2089,0.073308,0.010996,22.049,2.932,0.66,25.641,49.16,33347.24,63933.79,35.050589,0.713
47005,Lamporecchio,Pistoia,47,43.81638,10.896283,70397971.0,0.1283,0.180908,0.02875,8.317,7.236,1.725,17.278,33.126,121636.44,233203.09,29.709501,0.8969
98028,Graffignana,Lodi,98,45.209188,9.452577,9659475.0,0.0778,0.0,0.022121,3.058,0.0,1.327,4.386,8.408,4236.2,8121.7,19.574231,2.328
17113,Montichiari,Brescia,17,45.415181,10.390675,1080083749.0,0.1515,0.0,0.064758,11.597,0.0,3.885,15.482,29.683,1672229.55,3206021.93,20.48295,0.6901
65158,Bellizzi,Salerno,65,40.62018,14.948453,84493274.0,0.1055,0.0,0.031374,5.624,0.0,1.882,7.506,14.391,63421.88,121593.32,25.585615,1.7779
34013,Felino,Parma,34,44.696587,10.237205,236612814.0,0.1563,0.146317,0.040381,12.343,5.853,2.423,20.619,39.531,487871.07,935353.25,33.475863,0.8468
3122,Prato Sesia,Novara,3,45.646849,8.372939,188093494.0,0.039,0.0,0.060597,0.769,0.0,3.636,4.404,8.444,82842.49,158826.79,12.08995,1.4318
18159,Torre d'Isola,Pavia,18,45.217464,9.076149,74895442.0,0.0603,0.0,0.176621,1.837,0.0,10.597,12.434,23.839,93128.31,178546.89,18.961299,0.7954
65050,Eboli,Salerno,65,40.617515,15.056944,256206620.0,0.117,0.024001,0.06625,6.917,0.96,3.975,11.852,22.722,303645.51,582153.44,25.585615,1.126
35037,San Martino in Rio,Reggio nell'Emilia,35,44.732802,10.783988,148490853.0,0.157,0.0,0.003258,12.454,0.0,0.195,12.65,24.252,187836.65,360123.05,36.618436,1.5099
38005,Codigoro,Ferrara,38,44.831581,12.109524,185800927.0,0.0789,0.0,0.00777,3.145,0.0,0.466,3.612,6.924,67103.29,128651.37,39.906082,5.7633
24070,Mussolente,Vicenza,24,45.778952,11.801272,402139357.0,0.1921,0.0,0.0,18.645,0.0,0.0,18.645,35.747,749806.05,1437538.67,21.315155,0.5963
63034,Giugliano in Campania,Napoli,63,40.928687,14.200699,184121793.0,0.1516,0.0,0.000993,11.612,0.0,0.06,11.672,22.377,214903.66,412016.31,35.751904,1.5977
48050,Vinci,Firenze,48,43.787397,10.927106,191524898.0,0.1269,0.108991,0.066349,8.137,4.36,3.981,16.477,31.59,315578.27,605031.09,35.050589,1.1095
11031,Vezzano Ligure,La Spezia,11,44.146775,9.876327,9842901.0,0.1347,0.022344,0.282218,9.168,0.894,16.933,26.994,51.754,26570.3,50940.95,28.212129,0.5451
76063,Potenza,Potenza,76,40.518319,15.82096,366710113.0,0.2282,0.090079,0.004249,26.312,3.603,0.255,30.17,57.842,1106357.08,2121123.31,40.913322,0.7073
69057,Orsogna,Chieti,69,42.218939,14.279112,28208652.0,0.1526,0.346712,0.0,11.766,13.868,0.0,25.634,49.147,72311.25,138636.14,28.116343,0.5721
66036,Civitella Roveto,L'Aquila,66,41.916026,13.426898,4268462.0,0.2066,0.5253,5.1e-05,21.566,21.012,0.003,42.581,81.638,18175.75,34846.8,47.395882,0.5806
23046,Marano di Valpolicella,Verona,23,45.556047,10.915684,198889603.0,0.1656,0.002287,0.0,13.856,0.091,0.0,13.947,26.74,277401.14,531837.36,20.167921,0.7542
72029,Molfetta,Bari,72,41.199246,16.596828,726779489.0,0.1069,0.0,0.07861,5.774,0.0,4.717,10.491,20.113,762431.68,1461744.71,14.160402,0.7041
13036,Cadorago,Como,13,45.724609,9.038219,615234602.0,0.0403,0.0,0.0,0.821,0.0,0.0,0.821,1.573,50485.71,96791.91,12.029442,7.6462
30105,San Vito al Torre,Udine,30,45.895798,13.370587,19027185.0,0.1479,0.0,0.0,11.052,0.0,0.0,11.052,21.19,21029.48,40318.01,22.91097,1.0812
97059,Olginate,Lecco,97,45.800938,9.413279,216414627.0,0.058,0.021821,0.110103,1.7,0.873,6.606,9.179,17.598,198641.04,380837.39,14.425007,0.8197
12123,Somma Lombardo,Varese,12,45.683621,8.707087,130913534.0,0.0374,0.0,0.047002,0.707,0.0,2.82,3.527,6.762,46171.4,88520.45,11.229804,1.6608
12016,Bodio Lomnago,Varese,12,45.791229,8.751004,72033429.0,0.038,0.0,0.178951,0.73,0.0,10.737,11.467,21.984,82598.28,158358.59,11.229804,0.5108
16131,Madone,Bergamo,16,45.649957,9.547963,230929632.0,0.0938,0.0,0.000295,4.446,0.0,0.018,4.463,8.557,103069.15,197605.62,21.203762,2.478
12140,Vizzola Ticino,Varese,12,45.625599,8.696243,125916078.0,0.0374,0.0,0.329069,0.707,0.0,19.744,20.451,39.209,257509.48,493700.79,11.229804,0.2864
10053,San Colombano Certenoli,Genova,10,44.399253,9.328805,18774351.0,0.1087,0.374486,0.032834,5.97,14.979,1.97,22.92,43.942,43029.9,82497.52,24.504626,0.5577
84001,Agrigento,Agrigento,84,37.312299,13.57465,205269704.0,0.0561,0.010292,0.006842,1.59,0.412,0.411,2.412,4.625,49518.63,94937.82,20.102118,4.3464
90047,Olbia,Sassari,90,40.923266,9.502744,337614255.0,0.0,5.1e-05,0.038667,0.0,0.002,2.32,2.322,4.452,78396.06,150302.02,12.837123,2.8835
28092,Torreglia,Padova,28,45.335667,11.73364,285745287.0,0.0771,0.010302,0.012612,3.003,0.412,0.757,4.172,7.999,119221.26,228572.67,17.804557,2.2258
95025,Marrubiu,Oristano,95,39.752143,8.637228,33825582.0,0.0,0.023376,0.042997,0.0,0.935,2.58,3.515,6.739,11889.22,22794.18,13.76477,2.0426
77008,Ferrandina,Matera,77,40.501218,16.454683,122157128.0,0.1451,0.007696,0.037073,10.638,0.308,2.224,13.17,25.25,160881.37,308444.02,22.969725,0.9097
31016,Ronchi dei Legionari,Gorizia,31,45.827808,13.501845,188730336.0,0.1427,0.000778,0.0,10.289,0.031,0.0,10.32,19.786,194768.58,373413.05,23.340869,1.1797
4059,Cavallermaggiore,Cuneo,4,44.709839,7.686329,198126453.0,0.0705,0.0,0.00547,2.511,0.0,0.328,2.839,5.444,56257.69,107858.04,16.396584,3.0119
4244,Villafalletto,Cuneo,4,44.543734,7.540129,163469358.0,0.1128,0.0,0.0,6.429,0.0,0.0,6.429,12.326,105092.61,201485.03,16.396584,1.3303
98040,Montanaso Lombardo,Lodi,98,45.33577,9.468656,6696710.0,0.0676,0.0,0.091422,2.309,0.0,5.485,7.794,14.943,5219.58,10007.06,19.574231,1.3099
17130,Paderno Franciacorta,Brescia,17,45.589187,10.076411,76753991.0,0.1418,0.0,0.0,10.159,0.0,0.0,10.159,19.478,77977.81,149500.16,20.48295,1.0516
28082,Sant'Angelo di Piove di Sacco,Padova,28,45.345315,12.007022,88878926.0,0.0686,0.0,0.043529,2.378,0.0,2.612,4.989,9.566,44346.04,85020.84,17.804557,1.8612
99020,Verucchio,Rimini,99,43.983611,12.421163,190095884.0,0.1811,0.119139,0.062721,16.571,4.766,3.763,25.1,48.122,477141.47,914782.31,28.763441,0.5977
83064,Pace del Mela,Messina,83,38.179625,15.305332,56271471.0,0.1616,0.002058,0.0,13.195,0.082,0.0,13.277,25.455,74711.89,143238.67,44.663628,1.7546
61024,Castel di Sasso,Caserta,61,41.192288,14.280644,14591519.0,0.1302,0.189817,0.004542,8.565,7.593,0.273,16.43,31.501,23974.51,45964.27,28.435248,0.9027
60046,Paliano,Frosinone,60,41.806023,13.058068,122656875.0,0.1533,0.028225,0.003855,11.874,1.129,0.231,13.234,25.373,162329.43,311220.26,34.188464,1.3474
21027,Curon Venosta/Graun im Vinschgau,Bolzano/Bozen,21,46.803738,10.555045,36239977.0,0.1032,5.5e-05,0.0,5.381,0.002,0.0,5.383,10.321,19509.33,37403.57,10.80791,1.0472
1315,Volvera,Torino,1,44.956464,7.511052,18104685.0,0.0857,0.0,0.026233,3.711,0.0,1.574,5.285,10.132,9568.11,18344.11,20.594868,2.0326
78057,Frascineto,Cosenza,78,39.836404,16.261987,25569042.0,0.229,0.060336,0.025749,26.497,2.413,1.545,30.455,58.389,77870.22,149293.89,50.996071,0.8734
6167,Stazzano,Alessandria,6,44.727394,8.867728,34653151.0,0.0927,0.006404,0.075622,4.342,0.256,4.537,9.135,17.514,31656.88,60693.01,20.84217,1.19
3100,Momo,Novara,3,45.574889,8.556139,78638954.0,0.0372,0.0,0.079409,0.699,0.0,4.765,5.464,10.475,42966.31,82375.6,12.08995,1.1542
67002,Ancarano,Teramo,67,42.836048,13.739392,296584698.0,0.1762,0.137982,0.054698,15.687,5.519,3.282,24.488,46.948,726270.15,1392415.32,27.38232,0.5832
43002,Apiro,Macerata,43,43.392256,13.131157,6590536.0,0.1746,0.162868,0.0,15.403,6.515,0.0,21.918,42.021,14444.97,27694.1,27.736975,0.6601
97074,Santa Maria Hoè,Lecco,97,45.744389,9.375011,20747132.0,0.0596,0.002772,0.0,1.795,0.111,0.0,1.906,3.654,3953.69,7580.07,14.425007,3.9482
37037,Medicina,Bologna,37,44.476674,11.638338,190176845.0,0.1883,0.0,0.108748,17.915,0.0,6.525,24.44,46.857,464791.07,891103.96,38.815968,0.8284
27022,Meolo,Venezia,27,45.619429,12.453057,138403951.0,0.0987,0.0,0.304202,4.922,0.0,18.252,23.174,44.43,320740.6,614928.37,17.526854,0.3945
42046,Serra de' Conti,Ancona,42,43.54331,13.037191,61741589.0,0.177,0.061203,0.0,15.829,2.448,0.0,18.278,35.042,112848.25,216354.24,27.781362,0.7928
28006,Arre,Padova,28,45.216319,11.930495,119549197.0,0.0608,0.0,0.05034,1.868,0.0,3.02,4.888,9.372,58437.75,112037.68,17.804557,1.8998
23095,Villa Bartolomea,Verona,23,45.158717,11.353377,65158600.0,0.0757,0.0,0.0,2.895,0.0,0.0,2.895,5.551,18866.06,36170.27,20.167921,3.6331
34032,Salsomaggiore Terme,Parma,34,44.814762,9.979576,72749318.0,0.1533,0.159947,0.031978,11.874,6.398,1.919,20.191,38.71,146885.92,281611.75,33.475863,0.8648
2062,Ghislarengo,Vercelli,2,45.528823,8.386128,17823479.0,0.0377,0.0,0.12863,0.718,0.0,7.718,8.436,16.173,15035.75,28826.76,17.175786,1.062
26093,Volpago del Montello,Treviso,26,45.778058,12.119815,111019592.0,0.2141,0.0,0.0,23.161,0.0,0.0,23.161,44.404,257128.72,492970.79,21.139592,0.4761
16158,Parre,Bergamo,16,45.874587,9.890855,201741477.0,0.0848,0.246204,0.065463,3.633,9.848,3.928,17.409,33.377,351217.94,673359.96,21.203762,0.6353
26022,Cordignano,Treviso,26,45.94897,12.41602,413108369.0,0.2347,0.00233,0.0,27.832,0.093,0.0,27.925,53.539,1153611.78,2211720.68,21.139592,0.3948
3098,Miasino,Novara,3,45.801972,8.429724,82624391.0,0.0425,0.050926,0.014791,0.913,2.037,0.887,3.837,7.357,31704.07,60783.48,12.08995,1.6434
103050,Omegna,Verbano-Cusio-Ossola,103,45.879774,8.408022,86518910.0,0.0476,0.018581,0.008995,1.145,0.743,0.54,2.428,4.655,21004.59,40270.29,17.575018,3.7759
67014,Castilenti,Teramo,67,42.533705,13.917011,109638309.0,0.1778,0.306009,0.027111,15.973,12.24,1.627,29.84,57.209,327158.78,627233.4,27.38232,0.4786
32004,San Dorligo della Valle-Dolina,Trieste,32,45.612602,13.853506,59660653.0,0.1161,0.004206,9.1e-05,6.811,0.168,0.005,6.984,13.39,41668.48,79887.4,23.184655,1.7315
56023,Corchiano,Viterbo,56,42.344926,12.355668,21383054.0,0.1168,0.001703,0.0,6.893,0.068,0.0,6.961,13.346,14884.83,28537.41,19.086634,1.4302
16060,Casnigo,Bergamo,16,45.815986,9.868556,333636431.0,0.1005,0.455539,0.04268,5.103,18.222,2.561,25.886,49.628,863639.39,1655781.56,21.203762,0.4273
12120,Sesto Calende,Varese,12,45.723955,8.634362,192211553.0,0.0377,0.01274,0.191732,0.718,0.51,11.504,12.732,24.409,244716.93,469174.74,11.229804,0.4601
96007,Brusnengo,Biella,96,45.593865,8.251924,21297432.0,0.0395,0.001996,1e-05,0.788,0.08,0.001,0.869,1.666,1850.27,3547.37,19.06674,11.4472
97078,Suello,Lecco,97,45.816781,9.311543,103146665.0,0.0488,0.054439,0.0,1.203,2.178,0.0,3.381,6.482,34871.97,66857.03,14.425007,2.2255
20054,Sabbioneta,Mantova,20,44.998436,10.488587,240297547.0,0.0764,0.0,0.0,2.949,0.0,0.0,2.949,5.654,70868.57,135870.22,21.044843,3.722
4152,Novello,Cuneo,4,44.587706,7.927116,78743545.0,0.0556,0.29076,0.003319,1.562,11.63,0.199,13.391,25.674,105449.34,202168.96,16.396584,0.6386
3025,Borgo Ticino,Novara,3,45.689268,8.60183,55812447.0,0.0376,0.0,0.0,0.714,0.0,0.0,0.714,1.37,3986.8,7643.55,12.08995,8.828
108016,Carnate,Monza e della Brianza,108,45.647281,9.379087,31262978.0,0.0623,0.0,0.025964,1.961,0.0,1.558,3.519,6.747,11001.17,21091.6,13.279771,1.9684
65132,San Valentino Torio,Salerno,65,40.793011,14.598039,104652962.0,0.1521,0.0,0.019711,11.689,0.0,1.183,12.872,24.678,134705.37,258259.02,25.585615,1.0368
92066,Sarroch,Cagliari,92,39.067234,9.009445,1698391570.0,0.0,0.000724,0.000535,0.0,0.029,0.032,0.061,0.117,10370.38,19882.24,12.810064,109.4269
60052,Piedimonte San Germano,Frosinone,60,41.498319,13.752311,63246584.0,0.1954,0.132211,0.0,19.292,5.288,0.0,24.58,47.125,155459.94,298049.97,34.188464,0.7255
90071,Thiesi,Sassari,90,40.524859,8.716419,90527466.0,0.0,0.152092,0.0,0.0,6.084,0.0,6.084,11.664,55074.01,105588.67,12.837123,1.1006
90075,Tula,Sassari,90,40.732465,8.983921,13791632.0,0.0,0.002266,0.00184,0.0,0.091,0.11,0.201,0.385,277.27,531.58,12.837123,33.3054
82043,Isola delle Femmine,Palermo,82,38.198295,13.247344,104231108.0,0.1499,0.326659,0.0,11.353,13.066,0.0,24.42,46.818,254528.49,487985.59,29.57954,0.6318
111035,Iglesias,Sud Sardegna,111,39.31254,8.534111,24482643.0,0.0,0.077153,0.00234,0.0,3.086,0.14,3.227,6.186,7899.37,15144.79,15.448131,2.4973
67032,Notaresco,Teramo,67,42.654145,13.894698,133098718.0,0.1758,0.177055,0.013509,15.615,7.082,0.811,23.508,45.07,312891.41,599879.8,27.38232,0.6075
20046,Quingentole,Mantova,20,45.039077,11.045796,2025194.0,0.0892,0.0,0.212311,4.02,0.0,12.739,16.759,32.13,3393.99,6507.01,21.044843,0.655
109017,Montegiorgio,Fermo,109,43.132253,13.536383,95368190.0,0.1748,0.016304,0.0,15.438,0.652,0.0,16.09,30.849,153452.15,294200.61,25.228384,0.8178
64072,Pietradefusi,Avellino,64,41.044191,14.883407,43876447.0,0.2524,0.030404,0.0,32.188,1.216,0.0,33.404,64.043,146566.35,280999.05,37.737871,0.5893
21093,Silandro/Schlanders,Bolzano/Bozen,21,46.628069,10.773476,76488867.0,0.0582,0.031246,0.0,1.711,1.25,0.0,2.961,5.677,22650.55,43425.96,10.80791,1.9037
99005,Misano Adriatico,Rimini,99,43.977495,12.698695,165487077.0,0.1838,0.018097,0.095826,17.069,0.724,5.75,23.542,45.136,389597.33,746941.46,28.763441,0.6373
11001,Ameglia,La Spezia,11,44.065929,9.95741,1065887000.0,0.1261,0.061043,0.237318,8.034,2.442,14.239,24.715,47.384,2634349.91,5050612.58,28.212129,0.5954
17077,Gavardo,Brescia,17,45.584627,10.438237,162360983.0,0.1592,0.013359,0.021588,12.806,0.534,1.295,14.635,28.059,237621.03,455570.37,20.48295,0.73
22183,Storo,Trento,22,45.849075,10.579914,145795487.0,0.1243,0.469266,0.005023,7.807,18.771,0.301,26.879,51.532,391877.62,751313.26,14.82766,0.2877
69033,Fossacesia,Chieti,69,42.244633,14.482904,10944405.0,0.0956,0.015517,0.062977,4.618,0.621,3.779,9.017,17.288,9868.66,18920.33,28.116343,1.6264
98048,San Martino in Strada,Lodi,98,45.271532,9.528032,118308862.0,0.0718,0.0,0.018652,2.605,0.0,1.119,3.724,7.139,44056.72,84466.15,19.574231,2.7417
16132,Mapello,Bergamo,16,45.708965,9.547513,103784732.0,0.0863,0.00334,6.1e-05,3.763,0.134,0.004,3.9,7.478,40479.19,77607.28,21.203762,2.8356
20041,Piubega,Mantova,20,45.227309,10.534508,97890324.0,0.1088,0.0,0.03226,5.981,0.0,1.936,7.917,15.178,77496.07,148576.56,21.044843,1.3865
19046,Gadesco-Pieve Delmona,Cremona,19,45.167703,10.114948,180759572.0,0.0803,0.0,0.007207,3.258,0.0,0.432,3.69,7.075,66707.55,127892.66,21.210647,2.9978
17045,Castrezzato,Brescia,17,45.512505,9.977855,118351638.0,0.1379,0.0,0.002069,9.608,0.0,0.124,9.732,18.659,115184.92,220834.14,20.48295,1.0977
27014,Fiesso d'Artico,Venezia,27,45.417348,12.033181,119001997.0,0.0768,0.0,0.009794,2.98,0.0,0.588,3.568,6.84,42457.57,81400.25,17.526854,2.5623
34012,Corniglio,Parma,34,44.4759,10.088926,33208831.0,0.19,0.276457,0.019165,18.24,11.058,1.15,30.448,58.376,101114.85,193858.8,33.475863,0.5735
96050,Pray,Biella,96,45.676196,8.208714,32832129.0,0.0425,0.0,0.065547,0.913,0.0,3.933,4.845,9.29,15908.65,30500.29,19.06674,2.0524
83079,San Marco d'Alunzio,Messina,83,38.073514,14.699355,11095289.0,0.1762,0.077058,0.0,15.687,3.082,0.0,18.769,35.984,20824.68,39925.38,44.663628,1.2412
12118,Samarate,Varese,12,45.628182,8.784305,109550455.0,0.0379,0.0,0.004344,0.726,0.0,0.261,0.986,1.891,10806.11,20717.63,11.229804,5.9381
18180,Villanterio,Pavia,18,45.219467,9.364356,77063804.0,0.0751,0.0,0.015714,2.85,0.0,0.943,3.793,7.271,29226.67,56033.79,18.961299,2.6078
63051,Ottaviano,Napoli,63,40.849818,14.490127,309899238.0,0.1703,0.270237,0.157489,14.654,10.809,9.449,34.913,66.935,1081935.95,2074302.77,35.751904,0.5341
20055,San Benedetto Po,Mantova,20,45.041924,10.928295,35525671.0,0.0894,0.0,0.161588,4.038,0.0,9.695,13.734,26.33,48789.27,93539.47,21.044843,0.7993
4095,Garessio,Cuneo,4,44.202931,8.019253,73782232.0,0.0941,0.079126,0.007704,4.474,3.165,0.462,8.101,15.532,59773.12,114597.86,16.396584,1.0557
13154,Montano Lucino,Como,13,45.790331,9.027521,90271867.0,0.0398,0.000406,0.0,0.8,0.016,0.0,0.817,1.566,7371.57,14132.89,12.029442,7.6836
88011,Scicli,Ragusa,88,36.79357,14.706964,41095860.0,0.1418,0.014728,0.0,10.159,0.589,0.0,10.749,20.607,44172.16,84687.49,23.45042,1.138
23009,Bonavigo,Verona,23,45.257573,11.279332,48348634.0,0.0959,0.0,0.0,4.647,0.0,0.0,4.647,8.909,22466.69,43073.45,20.167921,2.2638
15122,Liscate,Milano,15,45.481549,9.409012,93260469.0,0.0666,0.0,0.0,2.241,0.0,0.0,2.241,4.297,20900.84,40071.38,15.050002,3.5027
3040,Casalino,Novara,3,45.102415,8.248872,99346779.0,0.038,0.0,0.0,0.73,0.0,0.0,0.73,1.399,7248.34,13896.62,12.08995,8.6431
63025,Castello di Cisterna,Napoli,63,40.915112,14.406233,16479786.0,0.1728,0.0,0.0,15.087,0.0,0.0,15.087,28.925,24863.18,47668.04,35.751904,1.236
58122,Fonte Nuova,Roma,58,41.996254,12.623621,67853125.0,0.13,0.025094,0.0,8.539,1.004,0.0,9.543,18.295,64750.25,124140.09,29.689549,1.6228
1299,Vigone,Torino,1,44.843067,7.494438,68515034.0,0.1034,0.0,0.119798,5.402,0.0,7.188,12.59,24.138,86259.96,165378.8,20.594868,0.8532
28067,Ponso,Padova,28,45.195057,11.588255,53305539.0,0.0673,0.0,0.0,2.288,0.0,0.0,2.288,4.388,12198.88,23387.87,17.804557,4.058
1160,Montalto Dora,Torino,1,45.490759,7.862818,3310521.0,0.0439,0.0,0.243616,0.974,0.0,14.617,15.591,29.891,5161.34,9895.39,20.594868,0.689
58023,Castel Madama,Roma,58,41.976936,12.86919,62938141.0,0.1532,0.002234,0.02226,11.859,0.089,1.336,13.284,25.468,83604.56,160287.83,29.689549,1.1658
43054,Treia,Macerata,43,43.310556,13.311475,359044916.0,0.1748,0.025801,0.0,15.438,1.032,0.0,16.47,31.577,591360.48,1133764.6,27.736975,0.8784
43041,Pollenza,Macerata,43,43.267775,13.347792,77230311.0,0.1741,0.043296,0.0,15.315,1.732,0.0,17.047,32.682,131652.78,252406.55,27.736975,0.8487
101010,Crotone,Crotone,101,39.187389,16.878282,248079509.0,0.2042,0.049692,0.057778,21.068,1.988,3.467,26.523,50.85,657972.38,1261473.88,41.916345,0.8243
37013,Castel d'Aiano,Bologna,37,44.275859,10.999408,44076318.0,0.1605,0.148561,0.000815,13.016,5.942,0.049,19.007,36.441,83776.06,160616.63,38.815968,1.0652
54011,Citerna,Perugia,54,43.498407,12.115516,130351121.0,0.2157,0.033422,0.032301,23.508,1.337,1.938,26.783,51.349,349120.21,669338.15,38.922787,0.758
23076,San Pietro in Cariano,Verona,23,45.520913,10.886377,116374985.0,0.165,0.0,0.000587,13.756,0.0,0.035,13.791,26.44,160492.85,307699.15,20.167921,0.7628
64099,Serino,Avellino,64,40.856714,14.870566,12282872.0,0.1729,0.380133,0.010132,15.105,15.205,0.608,30.918,59.276,37975.92,72807.96,37.737871,0.6366
69056,Mozzagrogna,Chieti,69,42.212756,14.444745,83879513.0,0.104,0.103268,0.029551,5.465,4.131,1.773,11.369,21.796,95360.15,182825.83,28.116343,1.29
24019,Caltrano,Vicenza,24,45.770615,11.460801,117490825.0,0.1573,0.0,0.0,12.502,0.0,0.0,12.502,23.969,146885.54,281611.01,21.315155,0.8893
50020,Montescudaio,Pisa,50,43.326278,10.626995,33945331.0,0.1314,0.078152,0.149455,8.724,3.126,8.967,20.817,39.911,70664.79,135479.52,28.10564,0.7042
33048,Ziano Piacentino,Piacenza,33,45.001462,9.40156,72626444.0,0.0965,0.271546,0.012512,4.705,10.862,0.751,16.318,31.285,118509.63,227208.32,28.260932,0.9034
20058,San Giovanni del Dosso,Mantova,20,44.966893,11.081617,27798612.0,0.1101,0.0,0.082579,6.125,0.0,4.955,11.08,21.242,30799.6,59049.42,21.044843,0.9907
14050,Piuro,Sondrio,14,46.330143,9.420908,27219693.0,0.0527,0.136785,0.004348,1.403,5.471,0.261,7.136,13.68,19422.73,37237.52,12.776609,0.9339
14051,Poggiridenti,Sondrio,14,46.174795,9.92605,70919672.0,0.0965,0.024343,0.043776,4.705,0.974,2.627,8.305,15.923,58901.74,112927.25,12.776609,0.8024
33040,San Giorgio Piacentino,Piacenza,33,44.954163,9.736869,13575978.0,0.1017,0.000115,0.059618,5.226,0.005,3.577,8.808,16.886,11957.13,22924.37,28.260932,1.6736
97006,Barzanò,Lecco,97,45.733474,9.312813,1419203976.0,0.0527,0.00018,0.0,1.403,0.007,0.0,1.41,2.704,200173.37,383775.2,14.425007,5.3344
34039,Tizzano Val Parma,Parma,34,44.520544,10.199199,76325542.0,0.1624,0.428086,0.021012,13.326,17.123,1.261,31.71,60.795,242027.14,464017.83,33.475863,0.5506
24005,Altissimo,Vicenza,24,45.614739,11.251258,3598515.0,0.1644,0.001189,0.0,13.656,0.048,0.0,13.703,26.273,4931.22,9454.21,21.315155,0.8113
97068,Pescate,Lecco,97,45.833482,9.393945,12848200.0,0.0544,0.069615,0.464281,1.495,2.785,27.857,32.137,61.613,41289.89,79161.57,14.425007,0.2341
109029,Ortezzano,Fermo,109,43.030052,13.605986,54277717.0,0.1757,0.004124,0.0,15.598,0.165,0.0,15.763,30.22,85556.24,164029.61,25.228384,0.8348
28056,Montagnana,Padova,28,45.233321,11.465778,121256373.0,0.0785,0.0,0.0,3.114,0.0,0.0,3.114,5.969,37753.87,72382.26,17.804557,2.9827
14040,Mazzo di Valtellina,Sondrio,14,46.2586,10.256656,41393822.0,0.0751,0.031457,0.009576,2.85,1.258,0.575,4.683,8.977,19382.78,37160.93,12.776609,1.4232
4019,Bene Vagienna,Cuneo,4,44.543336,7.828335,108572955.0,0.0611,0.010341,0.02021,1.886,0.414,1.213,3.512,6.734,38136.18,73115.22,16.396584,2.4348
54052,Todi,Perugia,54,42.782443,12.406255,133504349.0,0.1565,0.12819,0.055075,12.375,5.128,3.304,20.807,39.892,277784.26,532571.87,38.922787,0.9757
27017,Fossò,Venezia,27,45.38565,12.048577,56903351.0,0.0725,0.0,0.069969,2.656,0.0,4.198,6.854,13.14,39001.16,74773.56,17.526854,1.3338
81006,Castelvetrano,Trapani,81,37.682851,12.795534,51294442.0,0.1023,0.000265,0.046923,5.288,0.011,2.815,8.114,15.556,41618.8,79792.15,16.86353,1.0841
24063,Monte di Malo,Vicenza,24,45.660464,11.362566,112495776.0,0.1639,0.0,0.0,13.573,0.0,0.0,13.573,26.022,152690.41,292740.19,21.315155,0.8191
83049,Milazzo,Messina,83,38.220805,15.241513,91253481.0,0.1584,0.023004,0.0,12.677,0.92,0.0,13.597,26.069,124081.88,237891.52,44.663628,1.7133
68024,Montesilvano,Pescara,68,42.513603,14.15162,251658965.0,0.1453,0.043589,0.027336,10.667,1.744,1.64,14.051,26.939,353603.02,677932.67,27.533978,1.0221
24051,Longare,Vicenza,24,45.474634,11.611049,24572965.0,0.1246,0.0,0.150176,7.844,0.0,9.011,16.855,32.314,41417.37,79405.96,21.315155,0.6596
108013,Burago di Molgora,Monza e della Brianza,108,45.59666,9.377706,217602444.0,0.0637,0.0,0.008475,2.05,0.0,0.509,2.559,4.906,55677.96,106746.57,13.279771,2.7071
99027,Talamello,Rimini,99,43.90499,12.285898,54053630.0,0.1829,0.508705,0.021146,16.902,20.348,1.269,38.519,73.85,208210.42,399183.94,28.763441,0.3895
46009,Castelnuovo di Garfagnana,Lucca,46,44.110022,10.411786,110120689.0,0.2011,0.384437,0.042806,20.433,15.377,2.568,38.379,73.581,422635.42,810282.56,29.45658,0.4003
58065,Monterotondo,Roma,58,42.051799,12.618397,297785022.0,0.117,0.006811,0.179474,6.917,0.272,10.768,17.957,34.428,534745.29,1025221.17,29.689549,0.8624
17057,Collebeato,Brescia,17,45.581315,10.210271,62920511.0,0.1469,0.0,0.007409,10.903,0.0,0.445,11.348,21.756,71401.7,136892.35,20.48295,0.9415
97048,Merate,Lecco,97,45.698679,9.411648,302579741.0,0.0667,0.008437,0.0,2.248,0.337,0.0,2.585,4.957,78227.16,149978.2,14.425007,2.9102
35022,Gattatico,Reggio nell'Emilia,35,44.795684,10.444557,88683246.0,0.1321,0.0,0.04979,8.817,0.0,2.987,11.804,22.632,104685.69,200704.87,36.618436,1.618
65151,Tramonti,Salerno,65,40.699733,14.641537,23696220.0,0.1086,0.84733,0.001111,5.959,33.893,0.067,39.919,76.533,94592.74,181354.52,25.585615,0.3343
2061,Gattinara,Vercelli,2,45.614242,8.371138,28999183.0,0.0385,0.0,0.071428,0.749,0.0,4.286,5.035,9.652,14599.95,27991.22,17.175786,1.7794
15159,Opera,Milano,15,45.373069,9.211149,244812363.0,0.0534,0.0,0.002556,1.441,0.0,0.153,1.594,3.056,39026.72,74822.57,15.050002,4.9242
29004,Badia Polesine,Rovigo,29,45.094056,11.493462,353260527.0,0.0729,0.0,0.0,2.685,0.0,0.0,2.685,5.148,94856.65,181860.51,24.853738,4.8278
39009,Cotignola,Ravenna,39,44.383843,11.940217,408107451.0,0.1878,0.0,0.112284,17.82,0.0,6.737,24.557,47.081,1002192.96,1921418.39,37.876303,0.8045
47009,Monsummano Terme,Pistoia,47,43.870744,10.814016,135498454.0,0.1347,0.058362,0.096824,9.168,2.334,5.809,17.311,33.19,234567.61,449716.31,29.709501,0.8951
44054,Offida,Ascoli Piceno,44,42.934821,13.691044,130401712.0,0.176,0.122726,0.0,15.651,4.909,0.0,20.56,39.418,268106.85,514018.22,32.834347,0.833
40049,Tredozio,Forlì-Cesena,40,44.081042,11.744208,10358561.0,0.2105,0.336603,0.008026,22.388,13.464,0.482,36.334,69.66,37636.81,72157.83,31.154462,0.4472
1187,Pertusio,Torino,1,45.356788,7.638501,26248305.0,0.0513,0.018495,1e-06,1.33,0.74,0.0,2.07,3.968,5432.23,10414.75,20.594868,5.1905
67028,Montorio al Vomano,Teramo,67,42.582706,13.632519,311978940.0,0.2014,0.15054,0.01401,20.494,6.022,0.841,27.357,52.449,853470.3,1636285.23,27.38232,0.5221
1176,Ozegna,Torino,1,45.34929,7.742524,33430730.0,0.0459,0.0,0.29505,1.064,0.0,17.703,18.767,35.981,62741.1,120288.12,20.594868,0.5724
19002,Agnadello,Cremona,19,45.444374,9.557056,5757155.0,0.0847,0.0,0.0,3.625,0.0,0.0,3.625,6.95,2086.86,4000.95,21.210647,3.0521
15179,Pregnana Milanese,Milano,15,45.515849,9.008012,198994430.0,0.0414,0.0,0.095424,0.866,0.0,5.725,6.591,12.637,131166.0,251473.3,15.050002,1.1909
48011,Cerreto Guidi,Firenze,48,43.758922,10.879013,262540545.0,0.1243,0.137401,0.195523,7.807,5.496,11.731,25.034,47.996,657243.56,1260076.58,35.050589,0.7303
43029,Montefano,Macerata,43,43.411159,13.438376,35797756.0,0.1834,0.086152,0.0,16.995,3.446,0.0,20.441,39.19,73173.8,140289.83,27.736975,0.7078
10009,Campomorone,Genova,10,44.507337,8.89011,55550560.0,0.0759,0.332831,0.005309,2.911,13.313,0.319,16.543,31.716,91894.54,176181.5,24.504626,0.7726
57052,Poggio Catino,Rieti,57,42.294999,12.691922,13300819.0,0.1552,0.022555,0.0,12.17,0.902,0.0,13.072,25.063,17387.49,33335.53,44.772003,1.7864
15085,Corbetta,Milano,15,45.465937,8.92009,233381026.0,0.0402,0.0,0.0,0.817,0.0,0.0,0.817,1.565,19056.16,36534.73,15.050002,9.6138
76060,Pietragalla,Potenza,76,40.747522,15.880648,41761481.0,0.1527,0.025986,0.0,11.781,1.039,0.0,12.821,24.58,53541.59,102650.69,40.913322,1.6645
16178,Ranica,Bergamo,16,45.726338,9.714663,7309840.0,0.1108,0.038774,0.0517,6.203,1.551,3.102,10.856,20.813,7935.48,15214.02,21.203762,1.0188
24064,Montegalda,Vicenza,24,45.443775,11.673211,18843476.0,0.1055,0.0,0.004973,5.624,0.0,0.298,5.922,11.354,11159.27,21394.7,21.315155,1.8773
80092,Stilo,Reggio di Calabria,80,38.476612,16.467263,11174092.0,0.1728,0.028681,0.07012,15.087,1.147,4.207,20.442,39.191,22841.54,43792.12,48.652369,1.2414
52009,Chianciano Terme,Siena,52,43.058255,11.828429,16292060.0,0.1456,0.148353,0.001397,10.711,5.934,0.084,16.729,32.073,27255.31,52254.25,24.090373,0.7511
41057,Sant'Angelo in Vado,Pesaro e Urbino,41,43.663161,12.405361,39602353.0,0.1842,0.022347,0.0,17.143,0.894,0.0,18.037,34.581,71431.86,136950.17,24.621765,0.712
13010,Appiano Gentile,Como,13,45.734637,8.979101,138205056.0,0.0393,0.0,0.0,0.78,0.0,0.0,0.78,1.496,10785.16,20677.46,12.029442,8.0403
57001,Accumoli,Rieti,57,42.694141,13.247683,20690629.0,0.2575,0.014784,0.0,33.502,0.591,0.0,34.093,65.364,70541.52,135243.2,44.772003,0.685
41066,Urbania,Pesaro e Urbino,41,43.668257,12.524113,133409403.0,0.1746,0.104081,0.0,15.403,4.163,0.0,19.566,37.513,261032.42,500455.01,24.621765,0.6564
111065,San Sperate,Sud Sardegna,111,39.358739,9.006741,98199451.0,0.0,0.0,0.029444,0.0,0.0,1.767,1.767,3.387,17348.31,33260.42,15.448131,4.561
76043,Lavello,Potenza,76,41.045625,15.790762,55720997.0,0.1932,0.004032,0.077428,18.86,0.161,4.646,23.667,45.374,131872.29,252827.4,40.913322,0.9017
65052,Fisciano,Salerno,65,40.772812,14.799443,771320562.0,0.1317,0.387664,0.01331,8.764,15.507,0.799,25.069,48.062,1933615.33,3707154.43,25.585615,0.5323
83080,San Pier Niceto,Messina,83,38.158918,15.351874,14903890.0,0.1768,0.010451,0.004412,15.794,0.418,0.265,16.476,31.589,24556.24,47079.57,44.663628,1.4139
41014,Fermignano,Pesaro e Urbino,41,43.676758,12.645373,187032769.0,0.1738,0.063022,0.0,15.262,2.521,0.0,17.783,34.094,332601.89,637669.01,24.621765,0.7222
65134,Sapri,Salerno,65,40.075078,15.629775,4717351.0,0.1508,0.420824,0.00885,11.49,16.833,0.531,28.854,55.319,13611.43,26096.02,25.585615,0.4625
52006,Castelnuovo Berardenga,Siena,52,43.346341,11.503334,15214254.0,0.1233,0.084457,0.024054,7.681,3.378,1.443,12.503,23.971,19022.35,36469.92,24.090373,1.005
16129,Lurano,Bergamo,16,45.565677,9.640155,42428226.0,0.1134,0.0,0.0,6.497,0.0,0.0,6.497,12.457,27567.58,52852.95,21.203762,1.7022
79060,Gizzeria,Catanzaro,79,38.979987,16.203296,29060118.0,0.2577,0.001463,0.038319,33.554,0.059,2.299,35.912,68.851,104360.19,200080.83,52.451966,0.7618
37017,Castello d'Argile,Bologna,37,44.681321,11.296169,290832688.0,0.1581,0.0,0.327264,12.629,0.0,19.636,32.265,61.859,938377.51,1799070.52,38.815968,0.6275
72010,Bitetto,Bari,72,41.041408,16.748699,21035077.0,0.0779,0.0,0.036753,3.066,0.0,2.205,5.271,10.106,11088.27,21258.59,14.160402,1.4012
19096,Solarolo Rainerio,Cremona,19,45.081572,10.35628,100739150.0,0.0746,0.0,0.012774,2.812,0.0,0.766,3.578,6.86,36047.59,69110.95,21.210647,3.0918
65100,Positano,Salerno,65,40.628658,14.485495,15250720.0,0.0945,0.886839,0.000915,4.512,35.474,0.055,40.041,76.766,61064.78,117074.25,25.585615,0.3333
87019,Gravina di Catania,Catania,87,37.560369,15.061763,43896382.0,0.2179,0.0,0.0,23.99,0.0,0.0,23.99,45.994,105307.87,201897.72,36.827421,0.8007
23042,Lavagno,Verona,23,45.447398,11.134941,174559506.0,0.1573,0.0,0.104626,12.502,0.0,6.278,18.779,36.004,327812.85,628487.4,20.167921,0.5602
4130,Mondovì,Cuneo,4,44.390028,7.820472,626569711.0,0.0731,0.035124,0.042845,2.7,1.405,2.571,6.676,12.799,418272.2,801917.33,16.396584,1.2811
18068,Gambolò,Pavia,18,45.25903,8.85906,29267119.0,0.0453,0.0,0.099712,1.037,0.0,5.983,7.02,13.458,20544.25,39387.72,18.961299,1.4089
2142,Stroppiana,Vercelli,2,45.230246,8.453732,63226352.0,0.0374,0.0,0.007763,0.707,0.0,0.466,1.173,2.248,7413.43,14213.13,17.175786,7.6406
108054,Lentate sul Seveso,Monza e della Brianza,108,45.678405,9.11817,178817109.0,0.0429,0.0,0.002285,0.93,0.0,0.137,1.067,2.046,19079.63,36579.74,13.279771,6.4917
68006,Cappelle sul Tavo,Pescara,68,42.464742,14.101977,73514937.0,0.1629,0.0,0.012474,13.408,0.0,0.748,14.156,27.141,104070.03,199524.51,27.533978,1.0145
25056,Sospirolo,Belluno,25,46.142372,12.074176,6618502.0,0.2096,2.1e-05,0.0,22.197,0.001,0.0,22.198,42.559,14691.84,28167.41,17.91629,0.421
58074,Palestrina,Roma,58,41.838966,12.891249,109456895.0,0.1691,0.096734,0.0,14.448,3.869,0.0,18.317,35.118,200495.08,384391.99,29.689549,0.8454
18005,Arena Po,Pavia,18,45.096606,9.362846,110748205.0,0.0911,0.0,0.270742,4.193,0.0,16.245,20.438,39.184,226345.02,433951.85,18.961299,0.4839
77012,Grottole,Matera,77,40.60102,16.37928,39553671.0,0.1635,0.082536,0.046067,13.507,3.301,2.764,19.572,37.524,77415.56,148422.19,22.969725,0.6121
51011,Castiglion Fibocchi,Arezzo,51,43.527965,11.763176,62863287.0,0.1439,0.023411,0.0,10.463,0.936,0.0,11.399,21.854,71658.05,137383.82,29.518286,1.3507
19109,Trescore Cremasco,Cremona,19,45.401573,9.624958,126247862.0,0.0878,0.0,0.0,3.895,0.0,0.0,3.895,7.468,49173.45,94276.03,21.210647,2.8404
63070,San Sebastiano al Vesuvio,Napoli,63,40.843565,14.36995,22048660.0,0.1698,0.023918,0.000908,14.568,0.957,0.054,15.579,29.868,34349.54,65855.41,35.751904,1.197
13131,Locate Varesino,Como,13,45.688851,8.930679,100063942.0,0.0388,0.0,5.2e-05,0.761,0.0,0.003,0.764,1.464,7642.52,14652.34,12.029442,8.2152
6165,Spigno Monferrato,Alessandria,6,44.543141,8.333946,80039818.0,0.0499,0.029084,0.041785,1.258,1.163,2.507,4.929,9.449,39448.19,75630.62,20.84217,2.2057
12057,Crosio della Valle,Varese,12,45.759974,8.770432,16023200.0,0.0378,0.0,0.0,0.722,0.0,0.0,0.722,1.384,1156.78,2217.79,11.229804,8.1134
2104,Prarolo,Vercelli,2,45.282293,8.478118,10686238.0,0.0369,0.0,0.025542,0.688,0.0,1.533,2.22,4.257,2372.87,4549.3,17.175786,4.0346
20064,Sustinente,Mantova,20,45.069272,11.019604,11954973.0,0.0868,0.0,0.255131,3.807,0.0,15.308,19.115,36.647,22851.49,43811.2,21.044843,0.5743
47002,Agliana,Pistoia,47,43.903816,11.003396,157093610.0,0.1428,0.0,0.79966,10.303,0.0,47.98,58.283,111.741,915586.26,1755374.81,29.709501,0.2659
40008,Cesenatico,Forlì-Cesena,40,44.199928,12.396969,198471517.0,0.1796,0.0,0.466153,16.298,0.0,27.969,44.267,84.869,878574.45,1684415.24,31.154462,0.3671
14009,Bormio,Sondrio,14,46.469244,10.372216,45729645.0,0.1058,0.399633,0.075599,5.656,15.985,4.536,26.177,50.187,119706.46,229502.91,12.776609,0.2546
30043,Gemona del Friuli,Udine,30,46.277007,13.140105,115587319.0,0.2616,0.048564,0.007229,34.577,1.943,0.434,36.954,70.848,427138.63,818916.16,22.91097,0.3234
15243,Vittuone,Milano,15,45.487969,8.952442,111428462.0,0.0404,0.0,0.0,0.825,0.0,0.0,0.825,1.581,9189.17,17617.61,15.050002,9.5189
64084,San Michele di Serino,Avellino,64,40.877296,14.856309,11358551.0,0.184,0.021227,0.033795,17.106,0.849,2.028,19.983,38.312,22697.76,43516.46,37.737871,0.985
97023,Colico,Lecco,97,46.116215,9.314998,321801359.0,0.0412,0.231852,0.408798,0.858,9.274,24.528,34.66,66.45,1115351.09,2138366.74,14.425007,0.2171
63042,Mariglianella,Napoli,63,40.929513,14.435833,70915965.0,0.1746,0.0,0.0,15.403,0.0,0.0,15.403,29.531,109232.06,209421.24,35.751904,1.2107
74002,Carovigno,Brindisi,74,40.707185,17.656848,47230458.0,0.0503,0.002534,0.006973,1.278,0.101,0.418,1.798,3.447,8492.51,16281.97,13.243039,3.8415
48037,Rufina,Firenze,48,43.826668,11.490078,19940585.0,0.1712,0.200653,0.027217,14.809,8.026,1.633,24.468,46.911,48790.86,93542.53,35.050589,0.7472
1269,Strambino,Torino,1,45.381457,7.88572,67173312.0,0.0418,0.0,0.324816,0.883,0.0,19.489,20.372,39.057,136843.97,262359.17,20.594868,0.5273
56039,Nepi,Viterbo,56,42.242824,12.34557,92920567.0,0.0869,0.001013,0.0,3.816,0.041,0.0,3.856,7.393,35830.82,68695.36,19.086634,2.5817
75088,Tricase,Lecce,75,39.93042,18.355332,58100207.0,0.0651,0.007868,0.011936,2.141,0.315,0.716,3.172,6.082,18430.49,35335.2,14.108941,2.3199
46013,Forte dei Marmi,Lucca,46,43.959589,10.169939,69377997.0,0.1271,0.0,0.041445,8.162,0.0,2.487,10.649,20.416,73880.13,141644.02,29.45658,1.4428
75087,Trepuzzi,Lecce,75,40.405472,18.07062,68183288.0,0.0473,0.011929,0.00552,1.13,0.477,0.331,1.939,3.717,13219.24,25344.11,14.108941,3.7957
102047,Vibo Valentia,Vibo Valentia,102,38.626656,16.098693,103024155.0,0.2692,0.122625,0.314178,36.616,4.905,18.851,60.371,115.745,621971.39,1192452.27,39.815188,0.344
12085,Jerago con Orago,Varese,12,45.708033,8.793964,19938121.0,0.0377,0.0,0.007846,0.718,0.0,0.471,1.189,2.279,2370.41,4544.59,11.229804,4.9268
17102,Manerba del Garda,Brescia,17,45.556043,10.562593,9304306.0,0.1598,0.0,0.693122,12.902,0.0,41.587,54.49,104.468,50698.92,97200.68,20.48295,0.1961
46011,Coreglia Antelminelli,Lucca,46,44.063653,10.525509,16738591.0,0.1989,0.242258,0.04591,19.989,9.69,2.755,32.434,62.182,54289.51,104084.62,29.45658,0.4737
93017,Cordenons,Pordenone,93,46.003731,12.718653,67291361.0,0.2081,0.0,0.0,21.881,0.0,0.0,21.881,41.95,147238.41,282287.53,22.312037,0.5319
6113,Murisengo,Alessandria,6,45.083776,8.137233,13736714.0,0.0385,4e-06,0.051847,0.749,0.0,3.111,3.86,7.4,5302.24,10165.53,20.84217,2.8164
96031,Massazza,Biella,96,45.491362,8.164524,10629145.0,0.0389,0.0,0.0,0.765,0.0,0.0,0.765,1.466,812.67,1558.07,19.06674,13.0074
47016,Ponte Buggianese,Pistoia,47,43.840935,10.747548,32217109.0,0.1293,0.0,0.140669,8.447,0.0,8.44,16.887,32.377,54406.25,104308.42,29.709501,0.9176
61083,Santa Maria Capua Vetere,Caserta,61,41.079922,14.256397,71002740.0,0.119,0.0,0.040645,7.155,0.0,2.439,9.594,18.393,68118.12,130597.02,28.435248,1.546
71004,Apricena,Foggia,71,41.783938,15.443744,25603174.0,0.2074,0.018753,0.033934,21.734,0.75,2.036,24.52,47.01,62778.81,120360.42,37.634206,0.8006
11027,Sarzana,La Spezia,11,44.111872,9.958746,21699957.0,0.1333,0.012245,0.217867,8.978,0.49,13.072,22.54,43.214,48911.24,93773.31,28.212129,0.6529
19026,Castelverde,Cremona,19,45.188771,9.99557,204142707.0,0.0809,0.0,0.000105,3.307,0.0,0.006,3.313,6.352,67635.57,129671.86,21.210647,3.3392
52011,Chiusi,Siena,52,43.016047,11.947524,83270184.0,0.1464,0.206182,0.230976,10.829,8.247,13.859,32.935,63.144,274251.39,525798.61,24.090373,0.3815
34030,Roccabianca,Parma,34,45.009369,10.219378,50061231.0,0.0918,0.0,0.296554,4.258,0.0,17.793,22.051,42.277,110391.09,211643.35,33.475863,0.7918
80052,Monasterace,Reggio di Calabria,80,38.453679,16.552009,17456664.0,0.1385,0.062935,0.199588,9.692,2.517,11.975,24.185,46.367,42218.53,80941.96,48.652369,1.0493
1168,None,Torino,1,44.933143,7.540121,40471355.0,0.0795,0.0,0.067817,3.193,0.0,4.069,7.262,13.924,29391.96,56350.67,20.594868,1.4791
9052,Quiliano,Savona,9,44.292536,8.412652,12772195.0,0.0568,0.103832,0.01159,1.63,4.153,0.695,6.479,12.421,8274.82,15864.61,24.791781,1.9959
96012,Candelo,Biella,96,45.546208,8.112599,6715082.0,0.0405,0.0,0.027424,0.829,0.0,1.645,2.474,4.744,1661.44,3185.34,19.06674,4.0195
63021,Casavatore,Napoli,63,40.899211,14.27663,275451302.0,0.1648,0.0,0.0,13.722,0.0,0.0,13.722,26.309,377987.01,724682.0,35.751904,1.3589
72038,Ruvo di Puglia,Bari,72,41.114087,16.486397,113003718.0,0.1501,0.00105,0.011178,11.384,0.042,0.671,12.096,23.191,136692.28,262068.36,14.160402,0.6106
68030,Pianella,Pescara,68,42.396011,14.04627,17644632.0,0.1754,0.039621,0.000807,15.545,1.585,0.048,17.178,32.933,30309.53,58109.85,27.533978,0.836
52012,Colle di Val d'Elsa,Siena,52,43.422646,11.126394,122421748.0,0.1409,0.085109,0.005828,10.031,3.404,0.35,13.785,26.429,168757.57,323544.37,24.090373,0.9115
52002,Asciano,Siena,52,43.234857,11.55946,45926631.0,0.1356,0.205141,0.019501,9.29,8.206,1.17,18.666,35.787,85727.36,164357.7,24.090373,0.6732
3120,Pogno,Novara,3,45.759039,8.383426,265384458.0,0.0421,0.0,0.0,0.896,0.0,0.0,0.896,1.717,23766.07,45564.64,12.08995,7.0416
3051,Colazza,Novara,3,45.792573,8.500326,43085216.0,0.0403,0.000569,0.003171,0.821,0.023,0.19,1.034,1.982,4453.34,8538.01,12.08995,6.1009
79138,Soveria Mannelli,Catanzaro,79,39.08289,16.371898,14990120.0,0.276,0.001395,0.06355,38.489,0.056,3.813,42.358,81.209,63494.74,121733.01,52.451966,0.6459
13202,Rovello Porro,Como,13,45.654152,9.041161,14832251.0,0.0411,0.0,0.016236,0.853,0.0,0.974,1.828,3.504,2710.82,5197.23,12.029442,3.4331
8055,Sanremo,Imperia,8,43.819825,7.774883,136191460.0,0.149,0.047853,0.013926,11.217,1.914,0.836,13.967,26.778,190218.98,364690.5,29.468433,1.1005
110007,San Ferdinando di Puglia,Barletta-Andria-Trani,110,41.302632,16.070465,46728077.0,0.1542,0.000749,0.134295,12.014,0.03,8.058,20.102,38.539,93931.03,180085.89,22.254355,0.5774
20035,Moglia,Mantova,20,44.937174,10.913395,66867572.0,0.1201,0.0,0.021928,7.288,0.0,1.316,8.604,16.495,57530.19,110297.69,21.044843,1.2758
12072,Gavirate,Varese,12,45.842826,8.717671,184891091.0,0.0385,0.014923,0.212966,0.749,0.597,12.778,14.124,27.078,261136.6,500654.74,11.229804,0.4147
35021,Fabbrico,Reggio nell'Emilia,35,44.872091,10.810062,704498383.0,0.1356,0.0,0.254967,9.29,0.0,15.298,24.588,47.141,1732254.13,3321101.9,36.618436,0.7768
21072,Renon/Ritten,Bolzano/Bozen,21,46.562935,11.441435,776618553.0,0.0514,0.010432,0.0,1.335,0.417,0.0,1.752,3.359,136076.39,260887.56,10.80791,3.2173
16150,Orio al Serio,Bergamo,16,45.676227,9.692956,225267826.0,0.1172,0.0,0.0,6.94,0.0,0.0,6.94,13.306,156340.69,299738.56,21.203762,1.5936
23068,Salizzole,Verona,23,45.24279,11.084444,60009573.0,0.1043,0.0,0.0,5.497,0.0,0.0,5.497,10.538,32984.26,63237.89,20.167921,1.9138
22167,San Michele all'Adige,Trento,22,46.192907,11.133577,30963303.0,0.0586,0.00648,0.013625,1.735,0.259,0.817,2.812,5.391,8706.12,16691.49,14.82766,2.7506
88002,Chiaramonte Gulfi,Ragusa,88,37.031342,14.701285,180395142.0,0.2459,0.000866,0.0,30.552,0.035,0.0,30.586,58.64,551761.84,1057845.53,23.45042,0.3999
4144,Morozzo,Cuneo,4,44.423932,7.713335,4354015.0,0.0854,0.0,0.015154,3.685,0.0,0.909,4.594,8.808,2000.32,3835.05,16.396584,1.8615
15181,Rescaldina,Milano,15,45.615974,8.948931,572511718.0,0.0391,0.0,0.001131,0.772,0.0,0.068,0.84,1.611,48108.81,92234.89,15.050002,9.3417
33002,Alseno,Piacenza,33,44.898364,9.961374,73156312.0,0.1386,0.006904,0.070337,9.706,0.276,4.22,14.202,27.229,103900.0,199198.53,28.260932,1.0379
4148,Neive,Cuneo,4,44.72605,8.115186,105764877.0,0.0452,0.197153,0.043423,1.032,7.886,2.605,11.524,22.094,121881.04,233672.04,16.396584,0.7421
66042,Fagnano Alto,L'Aquila,66,42.25418,13.597459,27567354.0,0.26,0.017269,0.027529,34.156,0.691,1.652,36.498,69.975,100616.13,192902.65,47.395882,0.6773
6191,Cassano Spinola,Alessandria,6,44.766166,8.863175,461261341.0,0.0923,0.048571,0.17242,4.304,1.943,10.345,16.593,31.811,765348.96,1467337.75,20.84217,0.6552
41029,Mondolfo,Pesaro e Urbino,41,43.750769,13.096891,79620852.0,0.1839,0.008465,0.0,17.088,0.339,0.0,17.426,33.41,138748.9,266011.33,24.621765,0.737
13170,Orsenigo,Como,13,45.777379,9.181741,48761411.0,0.0445,0.0,0.014243,1.001,0.0,0.855,1.855,3.557,9045.86,17342.86,12.029442,3.3822
16038,Brembate di Sopra,Bergamo,16,45.716763,9.579416,227841673.0,0.0972,0.0,0.072471,4.774,0.0,4.348,9.122,17.489,207835.02,398464.22,21.203762,1.2124
93026,Meduno,Pordenone,93,46.216779,12.785867,181598419.0,0.2575,0.029187,0.0,33.502,1.167,0.0,34.67,66.469,629594.19,1207066.8,22.312037,0.3357
14015,Castione Andevenno,Sondrio,14,46.172794,9.800247,52213024.0,0.0757,0.03428,0.031475,2.895,1.371,1.889,6.155,11.801,32137.67,61614.79,12.776609,1.0827
35016,Castelnovo ne' Monti,Reggio nell'Emilia,35,44.435562,10.403295,24354401.0,0.163,0.272733,0.012269,13.424,10.909,0.736,25.07,48.064,61055.99,117057.4,36.618436,0.7619
17015,Berlingo,Brescia,17,45.50298,10.043665,198466193.0,0.1399,0.0,0.0,9.889,0.0,0.0,9.889,18.959,196263.53,376279.19,20.48295,1.0804
25053,Sedico,Belluno,25,46.11098,12.097154,152647557.0,0.2249,0.012195,0.0,25.556,0.488,0.0,26.044,49.932,397555.54,762199.05,17.91629,0.3588
21062,Parcines/Partschins,Bolzano/Bozen,21,46.683848,11.07352,58904892.0,0.0438,0.0,0.0,0.969,0.0,0.0,0.969,1.858,5709.75,10946.82,10.80791,5.8157
21040,Laives/Leifers,Bolzano/Bozen,21,46.422819,11.334771,612280401.0,0.0538,0.152689,0.0,1.462,6.108,0.0,7.57,14.513,463497.11,888623.17,10.80791,0.7447
43025,Mogliano,Macerata,43,43.186461,13.48097,29761445.0,0.1745,0.075077,0.0,15.385,3.003,0.0,18.388,35.255,54726.74,104922.88,27.736975,0.7868
20034,Medole,Mantova,20,45.324254,10.514405,102304756.0,0.14,0.0,0.003722,9.903,0.0,0.223,10.126,19.415,103598.69,198620.85,21.044843,1.084
1109,Front,Torino,1,45.280852,7.663618,128760924.0,0.0501,0.002707,0.12017,1.268,0.108,7.21,8.587,16.463,110563.09,211973.1,20.594868,1.251
41007,Cagli,Pesaro e Urbino,41,43.545737,12.651788,190106303.0,0.1778,0.014989,0.0,15.973,0.6,0.0,16.572,31.773,315051.07,604020.33,24.621765,0.7749
15224,Truccazzano,Milano,15,45.483874,9.468553,142645218.0,0.0747,0.0,0.065876,2.819,0.0,3.953,6.772,12.983,96598.97,185200.9,15.050002,1.1592
75039,Maglie,Lecce,75,40.118463,18.298853,64820089.0,0.0574,0.0,0.010402,1.665,0.0,0.624,2.289,4.388,14836.29,28444.34,14.108941,3.2152
42006,Camerano,Ancona,42,43.531268,13.551574,239274974.0,0.18,0.110831,0.0,16.371,4.433,0.0,20.804,39.885,497782.06,954354.75,27.781362,0.6965
53006,Castiglione della Pescaia,Grosseto,53,42.76393,10.879092,94936546.0,0.05,0.145095,0.213093,1.263,5.804,12.786,19.853,38.062,188473.14,361343.34,19.796812,0.5201
75090,Ugento,Lecce,75,39.926319,18.157428,46370136.0,0.0586,0.00033,1e-06,1.735,0.013,0.0,1.748,3.352,8106.95,15542.76,14.108941,4.2092
37024,Crevalcore,Bologna,37,44.72057,11.149804,53926172.0,0.1569,0.0,0.040792,12.438,0.0,2.448,14.886,28.539,80273.91,153902.27,38.815968,1.3601
27021,Martellago,Venezia,27,45.546645,12.157678,99773729.0,0.1012,0.0,0.019104,5.175,0.0,1.146,6.321,12.118,63065.6,120910.25,17.526854,1.4463
108043,Triuggio,Monza e della Brianza,108,45.661364,9.267441,101711925.0,0.0535,0.0,0.012608,1.446,0.0,0.756,2.203,4.223,22403.78,42952.83,13.279771,3.1446
78012,Aprigliano,Cosenza,78,39.241693,16.341796,5307424.0,0.2764,0.008941,9e-06,38.601,0.358,0.001,38.959,74.692,20677.06,39642.35,50.996071,0.6827
2049,Crescentino,Vercelli,2,45.190454,8.099929,15729781.0,0.0382,0.0,0.186563,0.737,0.0,11.194,11.931,22.874,18767.33,35980.98,17.175786,0.7509
16011,Arcene,Bergamo,16,45.575577,9.614054,84006092.0,0.1082,0.0,0.0,5.915,0.0,0.0,5.915,11.341,49691.59,95269.42,21.203762,1.8697
108029,Macherio,Monza e della Brianza,108,45.640116,9.269371,44656109.0,0.054,0.0,0.004746,1.473,0.0,0.285,1.758,3.371,7851.02,15052.09,13.279771,3.9398
17162,Roccafranca,Brescia,17,45.4643,9.914056,50309866.0,0.1317,0.0,0.050375,8.764,0.0,3.022,11.786,22.597,59296.38,113683.86,20.48295,0.9065
35006,Brescello,Reggio nell'Emilia,35,44.901224,10.515728,671792335.0,0.087,0.0,0.230609,3.824,0.0,13.837,17.661,33.86,1186444.17,2274667.4,36.618436,1.0815
29046,Taglio di Po,Rovigo,29,45.005777,12.210798,53800562.0,0.0583,0.0,0.184387,1.717,0.0,11.063,12.781,24.503,68760.1,131827.82,24.853738,1.0143
3079,Grignasco,Novara,3,45.684099,8.337853,65355385.0,0.0401,0.000736,0.12772,0.812,0.029,7.663,8.505,16.306,55585.46,106569.23,12.08995,0.7414
51033,San Giovanni Valdarno,Arezzo,51,43.56493,11.530595,58589494.0,0.1244,0.114303,0.076523,7.819,4.572,4.591,16.983,32.559,99500.37,190763.5,29.518286,0.9066
33010,Caorso,Piacenza,33,45.0496,9.874375,302881027.0,0.0903,0.0,0.250681,4.12,0.0,15.041,19.161,36.735,580344.92,1112645.42,28.260932,0.7693
43015,Corridonia,Macerata,43,43.248458,13.509212,337135292.0,0.1756,0.009371,0.0,15.58,0.375,0.0,15.955,30.589,537893.0,1031256.0,27.736975,0.9068
7049,Pollein,Valle d'Aosta/Vallée d'Aoste,7,45.727967,7.352221,116794798.0,0.0901,0.593354,0.091915,4.102,23.734,5.515,33.351,63.941,389519.89,746793.0,17.572597,0.2748
1309,Vinovo,Torino,1,44.94839,7.633929,165643391.0,0.0645,0.0,0.089931,2.102,0.0,5.396,7.498,14.375,124197.44,238113.08,20.594868,1.4327
93010,Casarsa della Delizia,Pordenone,93,45.955937,12.842693,75713433.0,0.1606,0.0,0.058856,13.032,0.0,3.531,16.563,31.755,125406.35,240430.81,22.312037,0.7026
42043,Santa Maria Nuova,Ancona,42,43.49406,13.311672,19074528.0,0.1841,0.201289,0.0,17.125,8.052,0.0,25.176,48.268,48022.7,92069.79,27.781362,0.5756
18095,Montebello della Battaglia,Pavia,18,45.000959,9.103454,12296880.0,0.0882,0.014234,0.0,3.931,0.569,0.0,4.5,8.627,5533.5,10608.91,18.961299,2.1978
3036,Carpignano Sesia,Novara,3,45.534635,8.418519,15639876.0,0.0375,0.0,0.033843,0.711,0.0,2.031,2.741,5.255,4287.06,8219.2,12.08995,2.3005
6011,Balzola,Alessandria,6,45.183005,8.402652,89098518.0,0.0375,0.0,0.152392,0.711,0.0,9.144,9.854,18.892,87798.09,168327.73,20.84217,1.1032
2133,Santhià,Vercelli,2,45.366259,8.172627,18633256.0,0.0375,0.0,0.020135,0.711,0.0,1.208,1.919,3.678,3575.03,6854.09,17.175786,4.6693
2007,Asigliano Vercellese,Vercelli,2,45.261578,8.408501,13216690.0,0.0367,0.0,0.002948,0.681,0.0,0.177,0.857,1.644,1133.22,2172.62,17.175786,10.4485
2090,Palazzolo Vercellese,Vercelli,2,45.186255,8.232632,9472175.0,0.037,0.0,0.347806,0.692,0.0,20.868,21.56,41.335,20422.07,39153.48,17.175786,0.4155
16183,Romano di Lombardia,Bergamo,16,45.518376,9.755087,104906101.0,0.1247,0.0,0.039994,7.857,0.0,2.4,10.257,19.664,107597.23,206286.92,21.203762,1.0783
14027,Dubino,Sondrio,14,46.153343,9.461512,198277382.0,0.0457,0.069838,0.042125,1.055,2.794,2.528,6.376,12.225,126426.76,242387.15,12.776609,1.0452
49012,Piombino,Livorno,49,42.923166,10.526819,130236101.0,0.0435,0.073009,0.176121,0.956,2.92,10.567,14.444,27.692,188109.17,360645.54,23.707966,0.8561
65056,Giffoni Valle Piana,Salerno,65,40.718112,14.942347,34597345.0,0.1217,0.58666,0.005159,7.483,23.466,0.31,31.259,59.931,108149.01,207344.79,25.585615,0.4269
16209,Suisio,Bergamo,16,45.655902,9.500154,123439104.0,0.0876,0.003611,0.044494,3.877,0.144,2.67,6.691,12.829,82597.4,158356.9,21.203762,1.6528
29038,Pontecchio Polesine,Rovigo,29,45.019111,11.811926,1962063.0,0.0666,0.0,0.0,2.241,0.0,0.0,2.241,4.297,439.72,843.04,24.853738,5.7844
3006,Armeno,Novara,3,45.822457,8.439199,35904344.0,0.0434,0.005409,0.005744,0.952,0.216,0.345,1.513,2.9,5431.23,10412.82,12.08995,4.1687
40020,Mercato Saraceno,Forlì-Cesena,40,43.956744,12.195766,282808946.0,0.196,0.50411,0.029403,19.41,20.164,1.764,41.339,79.255,1169097.38,2241409.89,31.154462,0.3931
14044,Montagna in Valtellina,Sondrio,14,46.178495,9.90295,274076688.0,0.0944,0.052794,0.03289,4.503,2.112,1.973,8.588,16.465,235369.99,451254.64,12.776609,0.776
69035,Francavilla al Mare,Chieti,69,42.420643,14.28701,97302625.0,0.1156,0.057631,0.009875,6.752,2.305,0.593,9.65,18.501,93894.63,180016.11,28.116343,1.5197
13053,Casnate con Bernate,Como,13,45.760483,9.074278,481676422.0,0.0408,0.0,0.000919,0.841,0.0,0.055,0.896,1.718,43168.87,82763.95,12.029442,7.001
35018,Canossa,Reggio nell'Emilia,35,44.55356,10.411914,97826577.0,0.1579,0.255145,0.030788,12.597,10.206,1.847,24.651,47.26,241147.48,462331.34,36.618436,0.7748
59028,Sezze,Latina,59,41.498414,13.059217,67704166.0,0.0796,0.083133,0.006585,3.201,3.325,0.395,6.922,13.271,46863.8,89847.93,21.481102,1.6187
108005,Barlassina,Monza e della Brianza,108,45.656416,9.130101,41157300.0,0.0444,0.0,0.004786,0.996,0.0,0.287,1.283,2.46,5281.37,10125.51,13.279771,5.3978
3058,Cureggio,Novara,3,45.674869,8.459727,20224496.0,0.0382,0.001555,0.023897,0.737,0.062,1.434,2.233,4.282,4516.78,8659.63,12.08995,2.8236
63008,Boscoreale,Napoli,63,40.77404,14.477432,3699165.0,0.1523,0.0,0.011801,11.72,0.0,0.708,12.428,23.827,4597.24,8813.9,35.751904,1.5005
19102,Spino d'Adda,Cremona,19,45.398872,9.492255,131614270.0,0.0725,0.0,0.031887,2.656,0.0,1.913,4.569,8.76,60134.68,115291.06,21.210647,2.4214
86012,Nicosia,Enna,86,37.747452,14.397271,4125753.0,0.1277,0.011586,0.0,8.239,0.463,0.0,8.703,16.685,3590.61,6883.96,34.389868,2.0611
12125,Taino,Varese,12,45.764344,8.615061,56755592.0,0.0382,0.00402,0.003412,0.737,0.161,0.205,1.103,2.114,6259.12,12000.08,11.229804,5.3113
15082,Colturano,Milano,15,45.37977,9.337852,10175304.0,0.0584,0.0,0.013761,1.723,0.0,0.826,2.549,4.887,2593.57,4972.44,15.050002,3.0797
43006,Caldarola,Macerata,43,43.138534,13.224835,39798802.0,0.178,0.01957,0.0,16.009,0.783,0.0,16.792,32.193,66828.39,128124.32,27.736975,0.8616
4143,Moretta,Cuneo,4,44.763839,7.537125,367536103.0,0.1007,0.0,0.159704,5.124,0.0,9.582,14.706,28.194,540493.3,1036241.33,16.396584,0.5816
17160,Remedello,Brescia,17,45.279498,10.371743,251015489.0,0.117,0.0,0.008934,6.917,0.0,0.536,7.453,14.288,187071.49,358656.08,20.48295,1.4336
5097,San Damiano d'Asti,Asti,5,44.833445,8.063534,51655940.0,0.0435,0.018655,0.029447,0.956,0.746,1.767,3.469,6.651,17919.98,34356.44,21.748752,3.27
54009,Castiglione del Lago,Perugia,54,43.127141,12.04525,90292549.0,0.1528,0.011417,0.001377,11.797,0.457,0.083,12.336,23.651,111385.82,213550.46,38.922787,1.6457
15206,Senago,Milano,15,45.576272,9.124548,200011533.0,0.0444,0.0,0.020125,0.996,0.0,1.208,2.204,4.225,44073.65,84498.63,15.050002,3.5624
54025,Lisciano Niccone,Perugia,54,43.246844,12.14305,102829854.0,0.1694,0.075437,0.007096,14.499,3.017,0.426,17.942,34.4,184501.99,353729.8,38.922787,1.1315
91095,Tortolì,Nuoro,91,39.926604,9.659155,28412882.0,0.0,0.032611,0.0709,0.0,1.304,4.254,5.558,10.657,15793.13,30278.81,14.344669,1.3461
87003,Aci Catena,Catania,87,37.60257,15.14196,67185818.0,0.2255,0.00253,0.0,25.693,0.101,0.0,25.794,49.453,173298.82,332250.92,36.827421,0.7447
12040,Cassano Magnago,Varese,12,45.675221,8.825584,166769944.0,0.0379,0.0,0.048689,0.726,0.0,2.921,3.647,6.992,60822.75,116610.23,11.229804,1.606
2150,Tronzano Vercellese,Vercelli,2,45.341258,8.173027,105423939.0,0.0372,0.0,0.0,0.699,0.0,0.0,0.699,1.341,7371.28,14132.32,17.175786,12.8128
1041,Buriasco,Torino,1,44.87364,7.41032,45950128.0,0.1222,0.0,0.079944,7.545,0.0,4.797,12.342,23.662,56710.06,108725.32,20.594868,0.8704
111057,Portoscuso,Sud Sardegna,111,39.207031,8.380931,223280333.0,0.0,0.021602,0.076597,0.0,0.864,4.596,5.46,10.468,121908.83,233725.32,15.448131,1.4758
74007,Fasano,Brindisi,74,40.834432,17.358399,189534466.0,0.0583,8.9e-05,0.039156,1.717,0.004,2.349,4.07,7.804,77145.34,147904.13,13.243039,1.6971
1189,Pianezza,Torino,1,45.105847,7.543418,266295631.0,0.0665,0.001145,0.005268,2.234,0.046,0.316,2.596,4.978,69137.8,132551.96,20.594868,4.1375
37035,Malalbergo,Bologna,37,44.718674,11.532212,97536152.0,0.1569,0.0,0.669158,12.438,0.0,40.149,52.588,100.822,512921.67,983380.61,38.815968,0.385
65115,Salento,Salerno,65,40.248604,15.190058,18596011.0,0.09,0.100745,0.056292,4.093,4.03,3.378,11.5,22.048,21385.32,41000.24,25.585615,1.1605
39013,Massa Lombarda,Ravenna,39,44.447386,11.826091,87897625.0,0.183,0.0,0.24118,16.921,0.0,14.471,31.392,60.184,275924.34,529006.01,37.876303,0.6293
15059,Cassano d'Adda,Milano,15,45.526333,9.521491,125243269.0,0.0882,0.0,0.072384,3.931,0.0,4.343,8.274,15.862,103621.31,198664.23,15.050002,0.9488
10055,Sant'Olcese,Genova,10,44.490864,8.97054,153082795.0,0.0831,0.467347,0.008454,3.489,18.694,0.507,22.69,43.502,347349.0,665942.37,24.504626,0.5633
6169,Tagliolo Monferrato,Alessandria,6,44.638346,8.665851,56869770.0,0.0744,0.153438,0.002675,2.797,6.138,0.161,9.095,17.437,51722.11,99162.35,20.84217,1.1953
6021,Bosco Marengo,Alessandria,6,44.825551,8.677248,76496078.0,0.074,0.0,0.013951,2.767,0.0,0.837,3.604,6.909,27568.28,52854.29,20.84217,3.0165
62057,San Bartolomeo in Galdo,Benevento,62,41.409682,15.015391,33854048.0,0.1587,0.228836,0.011266,12.725,9.153,0.676,22.555,43.242,76357.13,146392.96,40.937916,0.9467
1146,Mathi,Torino,1,45.255172,7.541984,648748168.0,0.0611,6.9e-05,0.076695,1.886,0.003,4.602,6.491,12.444,421083.85,807307.86,20.594868,1.655
2148,Trino,Vercelli,2,45.19394,8.296987,17850097.0,0.0369,0.0,0.038446,0.688,0.0,2.307,2.995,5.742,5345.62,10248.71,17.175786,2.9915
35039,Sant'Ilario d'Enza,Reggio nell'Emilia,35,44.760505,10.449892,449097848.0,0.1392,0.0,0.033072,9.79,0.0,1.984,11.775,22.574,528795.75,1013814.63,36.618436,1.6221
44036,Montefiore dell'Aso,Ascoli Piceno,44,43.051895,13.75279,18256535.0,0.1829,0.083518,0.0,16.902,3.341,0.0,20.243,38.81,36956.69,70853.88,32.834347,0.846
87011,Caltagirone,Catania,87,37.237201,14.513202,66329401.0,0.1683,0.001374,0.0,14.312,0.055,0.0,14.366,27.544,95292.02,182695.2,36.827421,1.3371
75082,Surano,Lecce,75,40.028322,18.345131,124344113.0,0.0619,0.0,0.0,1.936,0.0,0.0,1.936,3.712,24072.66,46152.45,14.108941,3.8012
16157,Palosco,Bergamo,16,45.587549,9.835698,31643237.0,0.1341,0.0,0.103912,9.086,0.0,6.235,15.321,29.373,48479.88,92946.31,21.203762,0.7219
58015,Campagnano di Roma,Roma,58,42.141078,12.383669,47140290.0,0.082,0.001833,0.0,3.397,0.073,0.0,3.471,6.654,16361.03,31367.59,29.689549,4.4618
58064,Monte Porzio Catone,Roma,58,41.816426,12.715341,5260997.0,0.168,0.0,0.0,14.261,0.0,0.0,14.261,27.341,7502.47,14383.84,29.689549,1.0859
38014,Mesola,Ferrara,38,44.920782,12.229224,6360634.0,0.0614,0.0,0.060875,1.905,0.0,3.653,5.557,10.655,3534.81,6776.99,39.906082,3.7454
20065,Suzzara,Mantova,20,44.991873,10.74309,547743470.0,0.0911,0.0,0.138064,4.193,0.0,8.284,12.477,23.921,683426.38,1310274.63,21.044843,0.8798
16142,Mozzanica,Bergamo,16,45.476076,9.689258,95189564.0,0.1122,0.0,0.360044,6.361,0.0,21.603,27.963,53.612,266181.6,510327.09,21.203762,0.3955
87033,Paternò,Catania,87,37.56707,14.905352,53986185.0,0.1813,0.001411,0.072133,16.608,0.056,4.328,20.992,40.247,113329.22,217276.37,36.827421,0.915
63084,Torre del Greco,Napoli,63,40.787921,14.368281,199302810.0,0.1591,0.048787,0.02327,12.79,1.951,1.396,16.137,30.939,321621.13,616616.54,35.751904,1.1556
67004,Atri,Teramo,67,42.580137,13.976412,115845954.0,0.1739,0.271974,0.011099,15.28,10.879,0.666,26.825,51.429,310752.94,595779.89,27.38232,0.5324
16203,Sotto il Monte Giovanni XXIII,Bergamo,16,45.705467,9.503737,79521356.0,0.0803,0.007384,0.003788,3.258,0.295,0.227,3.781,7.248,30064.02,57639.16,21.203762,2.9254
1260,Scalenghe,Torino,1,44.891741,7.492521,72533381.0,0.0985,0.0,4.9e-05,4.902,0.0,0.003,4.905,9.404,35578.56,68211.72,20.594868,2.19
58115,Lariano,Roma,58,41.725114,12.831276,2503249.0,0.1666,0.080691,0.0,14.024,3.228,0.0,17.252,33.075,4318.48,8279.45,29.689549,0.8976
36021,Medolla,Modena,36,44.846673,11.0676,730292594.0,0.15,0.0,0.089166,11.368,0.0,5.35,16.718,32.053,1220930.99,2340786.01,36.541065,1.14
76091,Tramutola,Potenza,76,40.31661,15.791071,20698669.0,0.2607,0.012284,0.013029,34.34,0.491,0.782,35.613,68.278,73714.28,141326.05,40.913322,0.5992
13102,Fino Mornasco,Como,13,45.742876,9.047639,25255947.0,0.0401,9.5e-05,0.004275,0.812,0.004,0.257,1.073,2.057,2709.38,5194.46,12.029442,5.8488
4165,Pianfei,Cuneo,4,44.372031,7.711435,28435102.0,0.0913,0.009237,0.047653,4.212,0.369,2.859,7.44,14.265,21156.79,40562.09,16.396584,1.1494
30078,Povoletto,Udine,30,46.118179,13.298797,132701418.0,0.2351,0.000385,0.000835,27.927,0.015,0.05,27.992,53.667,371463.25,712174.56,22.91097,0.4269
1193,Piobesi Torinese,Torino,1,44.932943,7.610123,97971142.0,0.0697,0.0,0.03736,2.455,0.0,2.242,4.696,9.004,46009.34,88209.76,20.594868,2.2874
43024,Matelica,Macerata,43,43.25656,13.010514,109844070.0,0.1797,0.039665,0.0,16.316,1.587,0.0,17.903,34.323,196649.48,377019.14,27.736975,0.8081
8019,Chiusanico,Imperia,8,43.972565,7.99088,58154962.0,0.1564,0.124452,0.006615,12.359,4.978,0.397,17.734,34.0,103133.18,197728.39,29.468433,0.8667
33027,Monticelli d'Ongina,Piacenza,33,45.089511,9.933165,162268079.0,0.0834,0.0,0.350465,3.514,0.0,21.028,24.542,47.053,398243.0,763517.06,28.260932,0.6006
89014,Pachino,Siracusa,89,36.715209,15.091477,10391265.0,0.1128,0.000618,0.0,6.429,0.025,0.0,6.454,12.373,6706.11,12857.06,32.507353,2.6273
99023,Novafeltria,Rimini,99,43.895727,12.290398,10225538.0,0.1801,0.471897,0.039685,16.389,18.876,2.381,37.646,72.175,38494.75,73802.68,28.763441,0.3985
60026,Cervaro,Frosinone,60,41.481158,13.905113,22082189.0,0.229,0.143391,0.0,26.497,5.736,0.0,32.232,61.796,71175.63,136458.92,34.188464,0.5532
15044,Cambiago,Milano,15,45.572544,9.426842,291593754.0,0.0731,0.0,0.005189,2.7,0.0,0.311,3.011,5.773,87806.73,168344.3,15.050002,2.6069
17044,Casto,Brescia,17,45.69455,10.321243,512404452.0,0.1448,0.131838,0.013455,10.594,5.274,0.807,16.675,31.969,854418.68,1638103.48,20.48295,0.6407
42030,Monte San Vito,Ancona,42,43.600562,13.26817,19472099.0,0.1839,0.028218,0.0,17.088,1.129,0.0,18.216,34.925,35471.0,68005.5,27.781362,0.7955
24120,Zermeghedo,Vicenza,24,45.474991,11.369496,82828963.0,0.1476,0.0,0.0,11.008,0.0,0.0,11.008,21.104,91174.33,174800.7,21.315155,1.01
51018,Foiano della Chiana,Arezzo,51,43.252454,11.81876,102381762.0,0.15,0.060201,0.000255,11.368,2.408,0.015,13.792,26.442,141202.48,270715.37,29.518286,1.1164
16067,Cazzano Sant'Andrea,Bergamo,16,45.812733,9.884704,118010044.0,0.1005,0.096203,0.028886,5.103,3.848,1.733,10.685,20.485,126088.59,241738.81,21.203762,1.0351
64006,Atripalda,Avellino,64,40.920812,14.833499,181113982.0,0.2026,0.021207,0.045427,20.739,0.848,2.726,24.313,46.614,440348.14,844241.63,37.737871,0.8096
13034,Bulgarograsso,Como,13,45.747076,9.006438,51351707.0,0.0396,0.0,0.000627,0.792,0.0,0.038,0.83,1.591,4261.95,8171.08,12.029442,7.56
17174,Sarezzo,Brescia,17,45.66187,10.195876,414036098.0,0.1423,0.024053,0.017717,10.231,0.962,1.063,12.256,23.498,507457.56,972904.74,20.48295,0.8717
20031,Marcaria,Mantova,20,45.120575,10.532783,389216021.0,0.0802,0.0,0.104387,3.25,0.0,6.263,9.513,18.239,370264.81,709876.89,21.044843,1.1539
16030,Bonate Sopra,Bergamo,16,45.68338,9.559751,64404489.0,0.095,4.9e-05,0.043595,4.56,0.002,2.616,7.178,13.761,46227.35,88627.73,21.203762,1.5408
1191,Pinerolo,Torino,1,44.887309,7.331945,329868237.0,0.1319,0.00638,0.036302,8.79,0.255,2.178,11.224,21.518,370233.93,709817.68,20.594868,0.9571
17061,Concesio,Brescia,17,45.605184,10.216967,379863101.0,0.1474,0.003626,0.007891,10.978,0.145,0.473,11.596,22.232,440498.04,844529.02,20.48295,0.9213
18086,Marcignago,Pavia,18,45.253065,9.079349,30563033.0,0.0563,0.0,0.0,1.602,0.0,0.0,1.602,3.07,4894.75,9384.29,18.961299,6.1754
13064,Cermenate,Como,13,45.70008,9.080088,1533697290.0,0.0415,1e-06,0.001065,0.87,0.0,0.064,0.934,1.791,143267.18,274673.85,12.029442,6.7169
26063,Preganziol,Treviso,26,45.60253,12.235314,157142723.0,0.1132,0.0,0.0,6.475,0.0,0.0,6.475,12.413,101743.05,195063.21,21.139592,1.703
30067,Ovaro,Udine,30,46.482943,12.865389,73246002.0,0.1947,0.078919,0.000284,19.154,3.157,0.017,22.327,42.806,163538.99,313539.25,22.91097,0.5352
27013,Eraclea,Venezia,27,45.577034,12.673818,181892765.0,0.0736,0.0,0.586897,2.737,0.0,35.214,37.951,72.76,690297.78,1323448.59,17.526854,0.2409
17144,Polaveno,Brescia,17,45.661484,10.123964,202805873.0,0.1378,0.077992,0.0,9.594,3.12,0.0,12.714,24.376,257848.22,494350.23,20.48295,0.8403
15026,Boffalora sopra Ticino,Milano,15,45.467278,8.830608,13238362.0,0.0389,0.0,0.213127,0.765,0.0,12.788,13.552,25.982,17940.88,34396.5,15.050002,0.5792
17020,Borgo San Giacomo,Brescia,17,45.346975,9.968467,83138954.0,0.1134,0.0,0.059955,6.497,0.0,3.597,10.095,19.354,83926.79,160905.63,20.48295,1.0583
17122,Offlaga,Brescia,17,45.386133,10.117457,154284548.0,0.1343,0.0,0.108071,9.113,0.0,6.484,15.597,29.904,240644.3,461366.63,20.48295,0.685
21083,San Martino in Passiria/St. Martin in Passeier,Bolzano/Bozen,21,46.783939,11.226799,138295878.0,0.0416,0.013511,0.0,0.874,0.54,0.0,1.415,2.713,19566.49,37513.15,10.80791,3.9844
1261,Scarmagno,Torino,1,45.384456,7.841119,11316668.0,0.0432,0.001307,0.001303,0.943,0.052,0.078,1.073,2.058,1214.73,2328.9,20.594868,10.0075
93029,Pasiano di Pordenone,Pordenone,93,45.849754,12.626509,276617775.0,0.1467,0.0,0.033085,10.874,0.0,1.985,12.859,24.653,355697.62,681948.46,22.312037,0.905
61002,Alife,Caserta,61,41.32612,14.334026,109851377.0,0.2217,0.126785,0.087615,24.834,5.071,5.257,35.162,67.414,386264.18,740551.1,28.435248,0.4218
81012,Mazara del Vallo,Trapani,81,37.653729,12.588691,158345180.0,0.0593,0.000121,0.001007,1.777,0.005,0.06,1.842,3.532,29167.39,55920.12,16.86353,4.7751
14045,Morbegno,Sondrio,14,46.132419,9.569474,179433026.0,0.0503,0.013086,0.040707,1.278,0.523,2.442,4.244,8.137,76155.35,146006.1,12.776609,1.5702
42013,Cerreto d'Esi,Ancona,42,43.316789,12.987124,74348000.0,0.176,0.065945,0.0,15.651,2.638,0.0,18.289,35.064,135973.81,260690.89,27.781362,0.7923
48010,Castelfiorentino,Firenze,48,43.605607,10.971248,14821606.0,0.1363,0.042018,0.033341,9.387,1.681,2.0,13.068,25.054,19368.58,37133.72,35.050589,1.399
59008,Formia,Latina,59,41.259308,13.608021,47704764.0,0.0817,0.170143,0.00601,3.373,6.806,0.361,10.539,20.205,50275.55,96389.0,21.481102,1.0631
93037,Sacile,Pordenone,93,45.95386,12.503368,333331669.0,0.221,0.0,0.0,24.678,0.0,0.0,24.678,47.312,822581.16,1577064.13,22.312037,0.4716
87030,Motta Sant'Anastasia,Catania,87,37.513391,14.967072,61204573.0,0.1911,0.005166,0.015975,18.452,0.207,0.959,19.617,37.61,120064.71,230189.75,36.827421,0.9792
22062,Cles,Trento,22,46.365262,11.033245,318923350.0,0.0496,0.052372,0.0,1.243,2.095,0.0,3.338,6.399,106453.69,204094.5,14.82766,2.317
5017,Canelli,Asti,5,44.719278,8.287138,482306652.0,0.0472,0.001604,0.028196,1.126,0.064,1.692,2.882,5.525,138979.82,266454.06,21.748752,3.9367
16187,Rovetta,Bergamo,16,45.892989,9.983457,203138900.0,0.0814,0.182803,0.071076,3.348,7.312,4.265,14.925,28.614,303175.33,581252.0,21.203762,0.741
27044,Cavallino-Treporti,Venezia,27,45.479217,12.515257,153860098.0,0.0697,0.0,0.000473,2.455,0.0,0.028,2.483,4.76,38203.37,73244.03,17.526854,3.6818
86009,Enna,Enna,86,37.566757,14.280747,17700146.0,0.0868,0.005924,0.00177,3.807,0.237,0.106,4.15,7.956,7345.44,14082.79,34.389868,4.3223
22009,Baselga di Pinè,Trento,22,46.131281,11.256837,17265289.0,0.0665,0.148585,0.0,2.234,5.943,0.0,8.178,15.679,14119.21,27069.54,14.82766,0.9457
98043,Ospedaletto Lodigiano,Lodi,98,45.168767,9.578661,76857562.0,0.0806,0.0,0.0,3.282,0.0,0.0,3.282,6.293,25227.51,48366.53,19.574231,3.1105
6141,Quargnento,Alessandria,6,44.944966,8.487386,44899495.0,0.0474,0.0,0.000224,1.135,0.0,0.013,1.149,2.202,5157.36,9887.76,20.84217,9.4643
14033,Grosio,Sondrio,14,46.29893,10.274516,12236421.0,0.0795,0.076086,0.035529,3.193,3.043,2.132,8.369,16.044,10240.13,19632.53,12.776609,0.7963
4046,Castagnito,Cuneo,4,44.755443,8.031335,31301167.0,0.0455,0.190359,0.002213,1.046,7.614,0.133,8.793,16.858,27523.62,52768.67,16.396584,0.9726
51015,Chiusi della Verna,Arezzo,51,43.695024,11.938632,58433375.0,0.206,0.413871,0.013005,21.441,16.555,0.78,38.776,74.343,226584.1,434410.22,29.518286,0.3971
30107,Sauris,Udine,30,46.465366,12.708717,19321332.0,0.172,0.033914,0.0,14.948,1.357,0.0,16.304,31.259,31502.01,60396.1,22.91097,0.7329
71056,Torremaggiore,Foggia,71,41.687477,15.292956,44036860.0,0.2056,0.000352,0.03677,21.358,0.014,2.206,23.578,45.205,103832.05,199068.26,37.634206,0.8325
48022,Impruneta,Firenze,48,43.685345,11.254664,47349971.0,0.1236,0.214692,0.013252,7.719,8.588,0.795,17.102,32.788,80976.43,155249.15,35.050589,1.069
3032,Cameri,Novara,3,45.499674,8.660451,868899137.0,0.0373,0.0,0.016079,0.703,0.0,0.965,1.668,3.197,144906.97,277817.67,12.08995,3.7812
51014,Chitignano,Arezzo,51,43.662352,11.881338,9123014.0,0.1933,0.199591,0.032461,18.879,7.984,1.948,28.81,55.236,26283.77,50391.61,29.518286,0.5344
73009,Laterza,Taranto,73,40.629524,16.799689,73876546.0,0.1451,0.0,0.000279,10.638,0.0,0.017,10.655,20.427,78712.18,150908.09,15.194153,0.7438
44071,Spinetoli,Ascoli Piceno,44,42.889126,13.772983,268485719.0,0.1761,0.031407,0.062828,15.669,1.256,3.77,20.695,39.676,555625.34,1065252.69,32.834347,0.8276
67035,Pineto,Teramo,67,42.607771,14.067103,259605217.0,0.1591,0.185857,0.120435,12.79,7.434,7.226,27.45,52.628,712616.59,1366238.51,27.38232,0.5203
98027,Galgagnano,Lodi,98,45.357971,9.445355,18586402.0,0.0658,0.0,0.035074,2.188,0.0,2.104,4.292,8.229,7977.37,15294.33,19.574231,2.3788
73008,Grottaglie,Taranto,73,40.536193,17.434221,25833773.0,0.0602,1.6e-05,0.043582,1.831,0.001,2.615,4.447,8.525,11487.38,22023.78,15.194153,1.7823
29007,Bosaro,Rovigo,29,45.0008,11.766536,42563665.0,0.0729,0.0,0.0,2.685,0.0,0.0,2.685,5.148,11429.09,21912.01,24.853738,4.8278
54057,Valfabbrica,Perugia,54,43.158897,12.600896,29743579.0,0.2323,0.13306,0.014043,27.266,5.322,0.843,33.431,64.094,99434.7,190637.59,38.922787,0.6073
35032,Reggiolo,Reggio nell'Emilia,35,44.918534,10.804211,1029682851.0,0.1207,0.0,0.018973,7.361,0.0,1.138,8.499,16.295,875158.48,1677866.1,36.618436,2.2472
15007,Arconate,Milano,15,45.540664,8.848162,31870558.0,0.0385,0.0,0.0,0.749,0.0,0.0,0.749,1.436,2386.87,4576.14,15.050002,10.4816
91012,Bortigali,Nuoro,91,40.282855,8.836225,25080998.0,0.0,0.122774,0.0,0.0,4.911,0.0,4.911,9.415,12317.18,23614.67,14.344669,1.5235
18164,Tromello,Pavia,18,45.20913,8.871731,9074133.0,0.0503,0.0,0.048717,1.278,0.0,2.923,4.201,8.055,3812.39,7309.17,18.961299,2.354
51001,Anghiari,Arezzo,51,43.540966,12.054582,35607517.0,0.2112,0.052712,0.019032,22.537,2.108,1.142,25.788,49.441,91824.26,176046.75,29.518286,0.597
58073,Olevano Romano,Roma,58,41.860621,13.03309,1783112.0,0.1542,0.056674,1.4e-05,12.014,2.267,0.001,14.282,27.381,2546.6,4882.37,29.689549,1.0843
26035,Istrana,Treviso,26,45.678616,12.099794,794319189.0,0.169,0.0,0.020919,14.431,0.0,1.255,15.686,30.073,1245965.99,2388783.46,21.139592,0.7029
73002,Carosino,Taranto,73,40.465824,17.397605,9512943.0,0.06,0.0,0.091811,1.819,0.0,5.509,7.328,14.049,6970.71,13364.35,15.194153,1.0815
64032,Flumeri,Avellino,64,41.077821,15.147747,50043164.0,0.2638,0.119359,0.017842,35.161,4.774,1.071,41.006,78.618,205208.83,393429.24,37.737871,0.48
72016,Cassano delle Murge,Bari,72,40.89101,16.768619,21862831.0,0.0788,0.000499,0.006037,3.137,0.02,0.362,3.52,6.748,7694.8,14752.58,14.160402,2.0985
21115,Vipiteno/Sterzing,Bolzano/Bozen,21,46.896324,11.43194,677704706.0,0.0402,0.0,0.047656,0.817,0.0,2.859,3.676,7.047,249116.49,477609.62,10.80791,1.5336
79131,Settingiano,Catanzaro,79,38.911388,16.513903,25921873.0,0.2631,0.073661,0.039835,34.975,2.946,2.39,40.312,77.286,104495.4,200340.04,52.451966,0.6787
4212,Santa Vittoria d'Alba,Cuneo,4,44.698641,7.937334,190582701.0,0.0505,0.0,0.043309,1.289,0.0,2.599,3.887,7.452,74081.16,142029.44,16.396584,2.2002
82044,Lascari,Palermo,82,38.000053,13.941459,12361987.0,0.1816,0.001417,0.002146,16.663,0.057,0.129,16.848,32.302,20827.84,39931.42,29.57954,0.9157
61021,Casapulla,Caserta,61,41.075314,14.289728,107598662.0,0.1272,0.041992,0.0,8.175,1.68,0.0,9.855,18.894,106035.87,203293.45,28.435248,1.505
43003,Appignano,Macerata,43,43.363732,13.346596,98219298.0,0.1768,0.186173,0.0,15.794,7.447,0.0,23.241,44.557,228267.12,437636.92,27.736975,0.6225
69091,Torino di Sangro,Chieti,69,42.18814,14.540819,40970119.0,0.093,0.230561,0.073585,4.37,9.222,4.415,18.008,34.524,73777.19,141446.67,28.116343,0.8144
4192,Roccavione,Cuneo,4,44.314628,7.482432,101296832.0,0.144,0.026094,0.067693,10.477,1.044,4.062,15.582,29.875,157845.55,302623.71,16.396584,0.5488
63032,Frattamaggiore,Napoli,63,40.941426,14.272209,207093523.0,0.1562,0.0,0.0,12.328,0.0,0.0,12.328,23.635,255297.29,489459.55,35.751904,1.5127
15247,Zibido San Giacomo,Milano,15,45.36,9.106028,87502769.0,0.0498,0.0,0.0,1.253,0.0,0.0,1.253,2.402,10964.73,21021.74,15.050002,6.2645
111066,San Vito,Sud Sardegna,111,39.443245,9.540751,32649003.0,0.0,0.00984,0.028977,0.0,0.394,1.739,2.132,4.088,6961.49,13346.66,15.448131,3.779
12080,Gornate Olona,Varese,12,45.739598,8.859798,11887373.0,0.0383,0.00048,0.025324,0.741,0.019,1.519,2.28,4.371,2710.09,5195.82,11.229804,2.5692
12128,Travedona-Monate,Varese,12,45.805066,8.674199,12224460.0,0.0383,0.0,0.0,0.741,0.0,0.0,0.741,1.421,906.03,1737.06,11.229804,7.9029
84011,Canicattì,Agrigento,84,37.358942,13.850364,67629310.0,0.0604,0.000108,0.0,1.843,0.004,0.0,1.848,3.542,12495.2,23955.97,20.102118,5.675
17152,Pralboino,Brescia,17,45.267999,10.217413,372060820.0,0.1061,0.0,0.063871,5.688,0.0,3.832,9.52,18.252,354206.12,679088.94,20.48295,1.1222
74011,Oria,Brindisi,74,40.497327,17.64131,22668817.0,0.0529,0.0,0.037091,1.414,0.0,2.225,3.639,6.977,8250.07,15817.16,13.243039,1.898
4202,Salmour,Cuneo,4,44.578037,7.791833,45912452.0,0.0625,0.006757,0.051924,1.974,0.27,3.115,5.359,10.275,24606.34,47175.62,16.396584,1.5958
85020,Sutera,Caltanissetta,85,37.525228,13.731316,19643527.0,0.0681,0.0354,0.0,2.343,1.416,0.0,3.759,7.207,7384.42,14157.52,20.302008,2.8169
26014,Cavaso del Tomba,Treviso,26,45.8584,11.90898,41960209.0,0.2199,0.0,0.0,24.433,0.0,0.0,24.433,46.842,102519.32,196551.49,21.139592,0.4513
23037,Gazzo Veronese,Verona,23,45.130336,11.096079,149214754.0,0.0836,0.0,0.000585,3.531,0.0,0.035,3.566,6.837,53215.41,102025.34,20.167921,2.9496
51020,Loro Ciuffenna,Arezzo,51,43.592286,11.633007,4043802.0,0.1305,0.235157,0.000247,8.605,9.406,0.015,18.026,34.559,7289.3,13975.15,29.518286,0.8541
70032,Limosano,Campobasso,70,41.67633,14.622428,7952674.0,0.2215,0.570188,0.02541,24.789,22.808,1.525,49.121,94.176,39064.7,74895.39,35.851049,0.3807
6142,Quattordio,Alessandria,6,44.89635,8.404941,27633828.0,0.0458,0.0,0.000483,1.06,0.0,0.029,1.089,2.088,3008.88,5768.67,20.84217,9.9841
3047,Cavallirio,Novara,3,45.663368,8.394526,74379755.0,0.039,0.0,0.0,0.769,0.0,0.0,0.769,1.473,5716.12,10959.03,12.08995,8.2055
63087,Villaricca,Napoli,63,40.921611,14.189828,102842861.0,0.1516,0.007514,0.013875,11.612,0.301,0.833,12.745,24.435,131076.32,251301.36,35.751904,1.4631
41025,Mercatello sul Metauro,Pesaro e Urbino,41,43.647355,12.336648,8420185.0,0.1956,0.005779,0.0,19.331,0.231,0.0,19.562,37.505,16471.74,31579.85,24.621765,0.6565
27001,Annone Veneto,Venezia,27,45.79551,12.68422,21004264.0,0.1164,0.0,7.9e-05,6.846,0.0,0.005,6.851,13.134,14389.03,27586.86,17.526854,1.3345
24013,Bolzano Vicentino,Vicenza,24,45.60071,11.622101,90832331.0,0.1556,0.0,0.0,12.233,0.0,0.0,12.233,23.453,111116.17,213033.49,21.315155,0.9088
103042,Masera,Verbano-Cusio-Ossola,103,46.139979,8.323415,36642850.0,0.0773,0.212374,0.032767,3.019,8.495,1.966,13.48,25.844,49394.83,94700.47,17.575018,0.68
97028,Cremella,Lecco,97,45.74168,9.299885,6521093.0,0.0527,0.0,0.0,1.403,0.0,0.0,1.403,2.69,915.08,1754.4,14.425007,5.3618
6173,Ticineto,Alessandria,6,45.098026,8.555658,15202456.0,0.0431,0.0,0.112091,0.939,0.0,6.725,7.664,14.694,11651.23,22337.89,20.84217,1.4185
37027,Gaggio Montano,Bologna,37,44.196956,10.932908,229205824.0,0.1775,0.308147,0.009731,15.919,12.326,0.584,28.829,55.271,660770.3,1266838.09,38.815968,0.7023
22002,Albiano,Trento,22,46.144906,11.193479,22261340.0,0.0633,0.061215,0.0,2.025,2.449,0.0,4.473,8.576,9957.8,19091.23,14.82766,1.729
1308,Villastellone,Torino,1,44.918612,7.744347,112774373.0,0.0546,0.0,0.008042,1.506,0.0,0.483,1.989,3.813,22428.46,43000.15,20.594868,5.4013
108025,Lazzate,Monza e della Brianza,108,45.672326,9.08522,94664848.0,0.0418,0.0,0.026728,0.883,0.0,1.604,2.486,4.767,23538.38,45128.11,13.279771,2.7857
15114,Inzago,Milano,15,45.540475,9.482052,45689140.0,0.0831,0.0,0.006329,3.489,0.0,0.38,3.869,7.417,17676.63,33889.88,15.050002,2.029
3073,Ghemme,Novara,3,45.598346,8.420904,152630296.0,0.038,0.0,0.070504,0.73,0.0,4.23,4.96,9.509,75702.18,145137.29,12.08995,1.2714
1199,Pont-Canavese,Torino,1,45.420526,7.596855,29821867.0,0.0526,0.017901,0.037991,1.398,0.716,2.279,4.393,8.423,13102.06,25119.46,20.594868,2.445
94052,Venafro,Isernia,94,41.483425,14.045112,72245100.0,0.2503,0.203367,0.014398,31.655,8.135,0.864,40.653,77.941,293700.48,563086.67,43.903663,0.5633
93018,Cordovado,Pordenone,93,45.845777,12.880665,31745472.0,0.1182,0.0,0.0,7.059,0.0,0.0,7.059,13.534,22409.61,42964.03,22.312037,1.6486
12030,Cantello,Varese,12,45.819946,8.894712,21362909.0,0.0384,0.009694,0.006703,0.745,0.388,0.402,1.535,2.943,3279.17,6286.86,11.229804,3.8159
16071,Cerete,Bergamo,16,45.854348,10.011019,48667161.0,0.0927,0.027033,0.026289,4.342,1.081,1.577,7.001,13.422,34069.61,65318.73,21.203762,1.5798
16194,Scanzorosciate,Bergamo,16,45.710782,9.735055,1103842089.0,0.1176,0.0,0.003151,6.988,0.0,0.189,7.177,13.759,792197.47,1518812.09,21.203762,1.541
21067,Prato allo Stelvio/Prad am Stilfserjoch,Bolzano/Bozen,21,46.603767,10.581909,65556003.0,0.0969,0.010478,0.000223,4.744,0.419,0.013,5.177,9.925,33936.53,65063.6,10.80791,1.089
60043,Isola del Liri,Frosinone,60,41.679248,13.573077,16777475.0,0.2276,0.052951,0.018948,26.174,2.118,1.137,29.428,56.421,49373.49,94659.55,34.188464,0.606
29015,Ceregnano,Rovigo,29,45.049471,11.870854,5088374.0,0.0628,0.0,0.0,1.993,0.0,0.0,1.993,3.82,1013.95,1943.96,24.853738,6.5056
72035,Polignano a Mare,Bari,72,40.996118,17.219586,63478437.0,0.059,0.002008,0.011093,1.759,0.08,0.666,2.505,4.802,15899.58,30482.89,14.160402,2.9488
101012,Cutro,Crotone,101,39.035445,16.979263,32309871.0,0.1869,0.009949,0.017315,17.65,0.398,1.039,19.087,36.593,61668.29,118231.3,41.916345,1.1455
24099,Schiavon,Vicenza,24,45.697709,11.644283,45290138.0,0.1685,0.0,0.0,14.346,0.0,0.0,14.346,27.504,64971.23,124563.75,21.315155,0.775
19010,Camisano,Cremona,19,45.443275,9.74576,83454394.0,0.1164,0.0,0.0,6.846,0.0,0.0,6.846,13.125,57131.13,109532.6,21.210647,1.6161
18143,Santa Maria della Versa,Pavia,18,44.986177,9.300198,11114302.0,0.0956,0.507997,0.010802,4.618,20.32,0.648,25.586,49.053,28436.81,54519.45,18.961299,0.3865
98049,San Rocco al Porto,Lodi,98,45.081966,9.697165,219971969.0,0.0876,0.0,0.527213,3.877,0.0,31.633,35.51,68.08,781121.52,1497577.13,19.574231,0.2875
50035,Santa Maria a Monte,Pisa,50,43.698064,10.692998,85727344.0,0.1192,0.024987,0.042444,7.179,0.999,2.547,10.725,20.563,91944.48,176277.25,28.10564,1.3668
63037,Ischia,Napoli,63,40.734205,13.947125,120222580.0,0.1584,0.401923,0.028902,12.677,16.077,1.734,30.488,58.453,366539.12,702733.93,35.751904,0.6116
23002,Albaredo d'Adige,Verona,23,45.317046,11.274488,50875122.0,0.1129,0.0,0.0,6.44,0.0,0.0,6.44,12.347,32765.06,62817.63,20.167921,1.6334
48018,Firenzuola,Firenze,48,44.119079,11.379227,86251222.0,0.1985,0.303264,0.016196,19.909,12.131,0.972,33.011,63.289,284722.4,545873.78,35.050589,0.5538
40009,Civitella di Romagna,Forlì-Cesena,40,44.007171,11.941346,33062197.0,0.2104,0.482953,0.017302,22.367,19.318,1.038,42.723,81.91,141252.65,270811.56,31.154462,0.3804
86003,Assoro,Enna,86,37.627905,14.423886,10946946.0,0.096,0.020038,0.036782,4.657,0.802,2.207,7.665,14.695,8390.77,16086.91,34.389868,2.3402
83039,Librizzi,Messina,83,38.096866,14.95834,15444521.0,0.1981,0.045625,0.0,19.828,1.825,0.0,21.653,41.514,33442.56,64116.55,44.663628,1.0759
16066,Cavernago,Bergamo,16,45.625097,9.76164,31387841.0,0.1295,0.0,0.05115,8.473,0.0,3.069,11.542,22.129,36229.07,69458.88,21.203762,0.9582
56052,Tuscania,Viterbo,56,42.420214,11.870261,26385157.0,0.1387,0.013733,0.011609,9.72,0.549,0.697,10.966,21.024,28933.85,55472.38,19.086634,0.9078
16006,Almenno San Bartolomeo,Bergamo,16,45.742681,9.582251,177475261.0,0.0897,0.031643,0.009134,4.065,1.266,0.548,5.879,11.272,104340.42,200042.91,21.203762,1.8812
83007,Brolo,Messina,83,38.155362,14.829575,121746906.0,0.177,0.051427,0.0,15.829,2.057,0.0,17.886,34.292,217762.23,417496.8,44.663628,1.3024
41049,Piobbico,Pesaro e Urbino,41,43.589272,12.50943,18772674.0,0.1836,0.024869,0.0,17.032,0.995,0.0,18.027,34.561,33840.85,64880.16,24.621765,0.7124
42035,Ostra,Ancona,42,43.612527,13.158061,137055439.0,0.1847,0.079548,0.0,17.237,3.182,0.0,20.419,39.147,279846.82,536526.25,27.781362,0.7097
42008,Castelbellino,Ancona,42,43.486758,13.144668,69007529.0,0.1775,0.098372,0.0,15.919,3.935,0.0,19.854,38.064,137006.36,262670.51,27.781362,0.7299
28027,Casale di Scodosia,Padova,28,45.187494,11.468636,4682539.0,0.0723,0.0,0.0,2.641,0.0,0.0,2.641,5.064,1236.73,2371.08,17.804557,3.5161
65102,Praiano,Salerno,65,40.611107,14.53134,3706425.0,0.0891,0.759684,0.000197,4.011,30.387,0.012,34.41,65.972,12753.94,24452.04,25.585615,0.3878
64115,Vallesaccarda,Avellino,64,41.06276,15.251783,32852022.0,0.2464,0.202291,0.0,30.676,8.092,0.0,38.768,74.326,127359.61,244175.63,37.737871,0.5077
28094,Tribano,Padova,28,45.21001,11.832142,304899478.0,0.0627,0.0,0.02965,1.986,0.0,1.779,3.765,7.219,114804.9,220105.56,17.804557,2.4664
21113,Villabassa/Niederdorf,Bolzano/Bozen,21,46.739482,12.170006,11626597.0,0.0609,0.0,0.002614,1.874,0.0,0.157,2.031,3.893,2361.09,4526.71,10.80791,2.7759
38018,Poggio Renatico,Ferrara,38,44.765974,11.490111,119620789.0,0.1534,0.0,0.999984,11.89,0.0,59.999,71.889,137.826,859937.95,1648685.09,39.906082,0.2895
76065,Rapone,Potenza,76,40.846719,15.501158,19245760.0,0.2368,0.056633,0.0,28.332,2.265,0.0,30.598,58.662,58887.34,112899.64,40.913322,0.6974
71028,Lucera,Foggia,71,41.508273,15.337646,100912224.0,0.1544,0.005076,0.022005,12.045,0.203,1.32,13.568,26.014,136922.65,262510.03,37.634206,1.4467
92003,Assemini,Cagliari,92,39.291538,9.001542,475018119.0,0.0,0.13147,0.142991,0.0,5.259,8.579,13.838,26.531,657342.42,1260266.11,12.810064,0.4828
7031,Gressan,Valle d'Aosta/Vallée d'Aoste,7,45.719173,7.285097,56902884.0,0.0961,0.453261,0.037004,4.666,18.13,2.22,25.017,47.963,142353.33,272921.79,17.572597,0.3664
97045,Malgrate,Lecco,97,45.8526,9.375298,16642224.0,0.053,0.012876,0.197003,1.419,0.515,11.82,13.755,26.37,22890.55,43886.09,14.425007,0.547
4009,Bagnolo Piemonte,Cuneo,4,44.760336,7.31392,36788158.0,0.1343,0.0433,0.0,9.113,1.732,0.0,10.845,20.793,39897.4,76491.85,16.396584,0.7886
78053,Figline Vegliaturo,Cosenza,78,39.225192,16.330296,58763097.0,0.2759,0.020416,0.015355,38.461,0.817,0.921,40.199,77.07,236221.66,452887.48,50.996071,0.6617
16078,Colere,Bergamo,16,45.974292,10.082757,9637180.0,0.0704,0.3452,0.036667,2.504,13.808,2.2,18.512,35.492,17840.53,34204.11,21.203762,0.5974
6075,Frugarolo,Alessandria,6,44.837151,8.681548,14224694.0,0.074,0.0,0.035949,2.767,0.0,2.157,4.924,9.44,7003.9,13427.97,20.84217,2.2079
3052,Comignago,Novara,3,45.714871,8.564029,6321212.0,0.0381,0.0,0.0,0.733,0.0,0.0,0.733,1.406,463.63,888.87,12.08995,8.5978
48035,Reggello,Firenze,48,43.683088,11.536896,134598955.0,0.1335,0.263162,0.027935,9.005,10.526,1.676,21.208,40.659,285450.82,547270.31,35.050589,0.8621
16047,Calvenzano,Bergamo,16,45.494981,9.601286,47456365.0,0.1007,0.0,0.0,5.124,0.0,0.0,5.124,9.823,24314.82,46616.71,21.203762,2.1586
21107,Val di Vizze/Pfitsch,Bolzano/Bozen,21,46.948993,11.577499,35876183.0,0.0407,0.0,0.012172,0.837,0.0,0.73,1.567,3.005,5622.81,10780.14,10.80791,3.5969
27041,Torre di Mosto,Venezia,27,45.690543,12.71042,90430479.0,0.0937,0.0,0.10367,4.436,0.0,6.22,10.656,20.43,96365.01,184752.36,17.526854,0.8579
97025,Cortenova,Lecco,97,45.999922,9.383165,394029403.0,0.0444,0.277029,0.043081,0.996,11.081,2.585,14.662,28.11,577728.89,1107629.93,14.425007,0.5132
4085,Envie,Cuneo,4,44.682235,7.371123,27844759.0,0.133,0.015168,0.000304,8.938,0.607,0.018,9.563,18.333,26626.72,51049.12,16.396584,0.8944
30037,Fagagna,Udine,30,46.11344,13.084572,131539268.0,0.2173,0.0,0.000899,23.858,0.0,0.054,23.912,45.845,314538.11,603036.88,22.91097,0.4998
96076,Verrone,Biella,96,45.503662,8.119023,179285906.0,0.0397,0.0,0.007568,0.796,0.0,0.454,1.25,2.397,22418.27,42980.63,19.06674,7.9533
1015,Bairo,Torino,1,45.386587,7.755447,58743970.0,0.0461,0.0,0.048902,1.074,0.0,2.934,4.008,7.684,23544.06,45138.99,20.594868,2.6802
65118,San Cipriano Picentino,Salerno,65,40.720003,14.870013,21252884.0,0.1176,0.30404,0.008218,6.988,12.162,0.493,19.642,37.659,41745.65,80035.35,25.585615,0.6794
33008,Calendasco,Piacenza,33,45.087265,9.596063,62158981.0,0.0899,0.0,0.376246,4.084,0.0,22.575,26.658,51.11,165705.29,317692.5,28.260932,0.5529
75065,Salice Salentino,Lecce,75,40.385662,17.963748,45474120.0,0.0489,0.0,0.002333,1.208,0.0,0.14,1.348,2.585,6130.69,11753.84,14.108941,5.4586
13111,Grandola ed Uniti,Como,13,46.050863,9.189892,22914848.0,0.0396,0.087694,9.9e-05,0.792,3.508,0.006,4.306,8.256,9867.21,18917.55,12.029442,1.4571
82027,Cefalù,Palermo,82,38.034957,14.024456,44515140.0,0.1742,0.02809,0.002193,15.333,1.124,0.132,16.588,31.802,73840.44,141567.93,29.57954,0.9301
68025,Moscufo,Pescara,68,42.428144,14.054309,34518545.0,0.173,0.033236,0.025958,15.122,1.329,1.557,18.009,34.527,62164.24,119182.16,27.533978,0.7975
13238,Veniano,Como,13,45.71558,8.983074,83576401.0,0.0394,0.0,0.0,0.784,0.0,0.0,0.784,1.504,6555.32,12567.95,12.029442,7.9995
63075,San Vitaliano,Napoli,63,40.927213,14.480134,92136148.0,0.1781,0.0,0.011176,16.027,0.0,0.671,16.697,32.012,153842.59,294949.16,35.751904,1.1168
24084,Recoaro Terme,Vicenza,24,45.705171,11.224935,64278017.0,0.1607,0.035414,0.0,13.048,1.417,0.0,14.465,27.732,92976.37,178255.61,21.315155,0.7686
1101,Favria,Torino,1,45.331154,7.690617,144413148.0,0.0484,0.0,0.0,1.184,0.0,0.0,1.184,2.269,17092.87,32770.7,20.594868,9.0757
18034,Casorate Primo,Pavia,18,45.312366,9.016846,7471040.0,0.0491,0.0,0.0,1.218,0.0,0.0,1.218,2.335,910.04,1744.75,18.961299,8.1193
23092,Veronella,Verona,23,45.324969,11.322261,270289504.0,0.114,0.0,0.087377,6.566,0.0,5.243,11.809,22.64,319185.42,611946.75,20.167921,0.8908
15019,Bernate Ticino,Milano,15,45.479342,8.818039,89513493.0,0.0384,0.0,0.247704,0.745,0.0,14.862,15.607,29.922,139706.22,267846.73,15.050002,0.503
67008,Campli,Teramo,67,42.726231,13.686284,22537567.0,0.1806,0.162836,0.002902,16.48,6.513,0.174,23.167,44.417,52213.69,100104.83,27.38232,0.6165
42018,Falconara Marittima,Ancona,42,43.629397,13.396676,54534837.0,0.1809,0.058804,0.0,16.535,2.352,0.0,18.887,36.21,102998.86,197470.86,27.781362,0.7672
13028,Bregnano,Como,13,45.698661,9.060961,119694721.0,0.0407,0.0,0.000829,0.837,0.0,0.05,0.887,1.7,10613.37,20348.1,12.029442,7.0761
48030,Montespertoli,Firenze,48,43.64355,11.075141,73285434.0,0.1166,0.361971,0.012416,6.869,14.479,0.745,22.093,42.357,161910.5,310417.09,35.050589,0.8275
23054,Nogarole Rocca,Verona,23,45.291882,10.883788,145699072.0,0.1243,0.0,0.001022,7.807,0.0,0.061,7.868,15.084,114634.33,219778.55,20.167921,1.337
21028,Dobbiaco/Toblach,Bolzano/Bozen,21,46.735636,12.223958,36789759.0,0.0624,0.0,0.001403,1.967,0.0,0.084,2.052,3.933,7547.62,14470.39,10.80791,2.7478
63020,Casandrino,Napoli,63,40.935864,14.248805,86096281.0,0.1582,0.0,0.282985,12.645,0.0,16.979,29.624,56.796,255055.43,488995.85,35.751904,0.6295
109023,Monte San Pietrangeli,Fermo,109,43.189355,13.575383,166696177.0,0.1773,0.051613,0.0,15.883,2.065,0.0,17.948,34.409,299179.86,573591.83,25.228384,0.7332
20001,Acquanegra sul Chiese,Mantova,20,45.162475,10.43468,27033516.0,0.0869,0.0,0.123445,3.816,0.0,7.407,11.222,21.515,30337.69,58163.84,21.044843,0.9781
30013,Buja,Udine,30,46.206677,13.118557,63149578.0,0.2537,0.000248,0.166889,32.521,0.01,10.013,42.544,81.566,268662.69,515083.87,22.91097,0.2809
22136,Peio,Trento,22,46.362886,10.673244,38269183.0,0.0528,0.354047,0.0,1.409,14.162,0.0,15.57,29.852,59586.93,114240.89,14.82766,0.4967
1181,Pavone Canavese,Torino,1,45.437559,7.851715,5612016.0,0.0431,0.0,0.117299,0.939,0.0,7.038,7.977,15.293,4476.44,8582.29,20.594868,1.3467
109033,Porto San Giorgio,Fermo,109,43.182656,13.793386,14932873.0,0.1807,0.074147,0.0,16.498,2.966,0.0,19.464,37.317,29065.31,55724.43,25.228384,0.6761
48052,Figline e Incisa Valdarno,Firenze,48,43.630795,11.462946,17624724.0,0.1258,0.098196,0.043788,7.996,3.928,2.627,14.551,27.898,25646.15,49169.15,35.050589,1.2564
19113,Vescovato,Cremona,19,45.175073,10.164574,30013746.0,0.0835,0.0,0.076778,3.523,0.0,4.607,8.13,15.586,24399.68,46779.4,21.210647,1.3609
20024,Gazoldo degli Ippoliti,Mantova,20,45.200277,10.579383,4394083022.0,0.0969,0.0,0.0,4.744,0.0,0.0,4.744,9.096,2084651.41,3996722.92,21.044843,2.3137
7065,Saint-Vincent,Valle d'Aosta/Vallée d'Aoste,7,45.750386,7.647884,118542028.0,0.0669,0.55298,0.023018,2.261,22.119,1.381,25.762,49.391,305383.72,585485.94,17.572597,0.3558
75014,Carmiano,Lecce,75,40.344826,18.043021,28826222.0,0.0488,0.00016,0.000198,1.203,0.006,0.012,1.222,2.342,3521.22,6750.93,14.108941,6.0245
26002,Arcade,Treviso,26,45.785053,12.219408,31466924.0,0.2032,0.0,0.0,20.862,0.0,0.0,20.862,39.998,65647.67,125860.64,21.139592,0.5285
76100,Paterno,Potenza,76,40.378311,15.732769,12760493.0,0.2587,0.008682,0.006513,33.815,0.347,0.391,34.553,66.246,44091.52,84532.87,40.913322,0.6176
17053,Cigole,Brescia,17,45.308636,10.189375,76306438.0,0.1172,0.0,0.03975,6.94,0.0,2.385,9.325,17.878,71157.39,136423.94,20.48295,1.1457
6171,Terruggia,Alessandria,6,45.082255,8.443238,32389092.0,0.04,0.010305,0.003988,0.808,0.412,0.239,1.46,2.799,4728.49,9065.52,20.84217,7.4464
22147,Predazzo,Trento,22,46.312361,11.602694,81090130.0,0.071,0.260001,0.000462,2.547,10.4,0.028,12.975,24.875,105212.75,201715.37,14.82766,0.5961
51012,Castiglion Fiorentino,Arezzo,51,43.341715,11.92378,25484280.0,0.1567,0.06249,0.144994,12.407,2.5,8.7,23.606,45.258,60157.99,115335.74,29.518286,0.6522
72039,Sammichele di Bari,Bari,72,40.887987,16.949456,12637898.0,0.072,0.0,0.00336,2.619,0.0,0.202,2.821,5.408,3565.0,6834.88,14.160402,2.6183
16042,Brusaporto,Bergamo,16,45.670846,9.761354,231499797.0,0.126,0.000742,0.012297,8.022,0.03,0.738,8.789,16.851,203466.51,390088.85,21.203762,1.2583
61013,Capodrise,Caserta,61,41.04414,14.303337,125915401.0,0.1295,0.0,0.0,8.473,0.0,0.0,8.473,16.245,106693.02,204553.36,28.435248,1.7504
27010,Cona,Venezia,27,45.180071,12.078695,80819990.0,0.0583,0.0,0.013176,1.717,0.0,0.791,2.508,4.808,20268.8,38859.62,17.526854,3.6452
97044,Lomagna,Lecco,97,45.667978,9.376047,600486235.0,0.0614,0.0,0.019072,1.905,0.0,1.144,3.049,5.846,183096.77,351035.7,14.425007,2.4676
25039,Pieve di Cadore,Belluno,25,46.428709,12.375297,23833645.0,0.1322,0.00506,0.0,8.83,0.202,0.0,9.033,17.318,21528.46,41274.67,17.91629,1.0346
23006,Bardolino,Verona,23,45.54756,10.724214,756357665.0,0.1646,0.001959,0.716496,13.689,0.078,42.99,56.757,108.816,4292881.56,8230372.71,20.167921,0.1853
19001,Acquanegra Cremonese,Cremona,19,45.168436,9.890147,25769887.0,0.079,0.0,0.073531,3.153,0.0,4.412,7.565,14.504,19495.45,37376.96,21.210647,1.4624
73029,Statte,Taranto,73,40.563225,17.209799,12669771.0,0.0994,0.002853,0.00058,4.992,0.114,0.035,5.141,9.857,6513.66,12488.08,15.194153,1.5415
58039,Frascati,Roma,58,41.808245,12.680368,65391500.0,0.1673,0.001579,0.0,14.142,0.063,0.0,14.205,27.234,92889.39,178088.84,29.689549,1.0902
63074,Sant'Antonio Abate,Napoli,63,40.723709,14.546538,136672921.0,0.1187,0.039232,0.012985,7.119,1.569,0.779,9.467,18.151,129393.47,248074.97,35.751904,1.9697
10015,Chiavari,Genova,10,44.316449,9.323338,204183033.0,0.0997,0.25851,0.146499,5.022,10.34,8.79,24.153,46.306,493157.18,945487.86,24.504626,0.5292
16235,Viadanica,Bergamo,16,45.684342,9.962284,118394510.0,0.1323,0.00414,0.0,8.844,0.166,0.0,9.009,17.273,106665.97,204501.49,21.203762,1.2276
27031,Quarto d'Altino,Venezia,27,45.580451,12.3705,183012055.0,0.0947,0.0,0.465239,4.531,0.0,27.914,32.446,62.205,593793.33,1138428.89,17.526854,0.2818
26007,Cappella Maggiore,Treviso,26,45.96954,12.361669,20279889.0,0.2438,0.00366,0.0,30.032,0.146,0.0,30.178,57.859,61201.57,117336.51,21.139592,0.3654
8063,Vallecrosia,Imperia,8,43.788827,7.643411,22173712.0,0.1341,0.172831,0.040624,9.086,6.913,2.437,18.437,35.347,40881.08,78377.77,29.468433,0.8337
21077,San Candido/Innichen,Bolzano/Bozen,21,46.732863,12.282416,130951652.0,0.0641,0.0,0.0,2.076,0.0,0.0,2.076,3.98,27185.96,52121.3,10.80791,2.7154
46003,Barga,Lucca,46,44.073918,10.484263,89276943.0,0.1974,0.201575,0.052186,19.688,8.063,3.131,30.883,59.209,275710.66,528596.35,29.45658,0.4975
13046,Carimate,Como,13,45.702976,9.110641,11956702.0,0.0426,0.002886,0.056244,0.917,0.115,3.375,4.407,8.449,5269.33,10102.44,12.029442,1.4237
79142,Squillace,Catanzaro,79,38.779485,16.512205,3362400.0,0.2261,0.064285,0.058296,25.83,2.571,3.498,31.899,61.157,10725.66,20563.39,52.451966,0.8577
64050,Mirabella Eclano,Avellino,64,41.044919,14.998744,37729842.0,0.2651,0.037384,0.00662,35.509,1.495,0.397,37.401,71.707,141115.08,270547.8,37.737871,0.5263
12091,Lozza,Varese,12,45.775675,8.857734,31526416.0,0.0382,0.0,0.042949,0.737,0.0,2.577,3.314,6.354,10448.61,20032.22,11.229804,1.7673
50008,Cascina,Pisa,50,43.676674,10.549224,197767248.0,0.1164,0.0,0.337247,6.846,0.0,20.235,27.081,51.919,535565.78,1026794.22,28.10564,0.5413
79081,Montepaone,Catanzaro,79,38.721458,16.498972,53741182.0,0.2137,0.013294,0.041089,23.074,0.532,2.465,26.071,49.984,140110.25,268621.34,52.451966,1.0494
16171,Pontida,Bergamo,16,45.732311,9.498642,62322246.0,0.0778,0.001967,0.005645,3.058,0.079,0.339,3.476,6.664,21661.08,41528.92,21.203762,3.182
96035,Mongrando,Biella,96,45.527732,8.010583,25778065.0,0.0419,0.009636,0.08051,0.887,0.385,4.831,6.103,11.701,15732.57,30162.71,19.06674,1.6295
19050,Grontardo,Cremona,19,45.201873,10.150773,26583194.0,0.0867,0.0,0.015025,3.798,0.0,0.902,4.7,9.01,12492.79,23951.36,21.210647,2.3541
91024,Fonni,Nuoro,91,40.118804,9.251971,21130488.0,0.0,0.184701,0.000371,0.0,7.388,0.022,7.41,14.207,15658.33,30020.36,14.344669,1.0097
21106,Valdaora/Olang,Bolzano/Bozen,21,46.759829,12.030987,211832138.0,0.0562,1e-06,0.000444,1.596,0.0,0.027,1.623,3.111,34370.26,65895.14,10.80791,3.4744
28095,Urbana,Padova,28,45.194131,11.445349,8799771.0,0.0744,0.0,0.0,2.797,0.0,0.0,2.797,5.362,2461.13,4718.52,17.804557,3.3205
84018,Grotte,Agrigento,84,37.402853,13.70067,22326034.0,0.0611,0.003841,0.008379,1.886,0.154,0.503,2.543,4.875,5676.69,10883.43,20.102118,4.1237
65032,Castelnuovo Cilento,Salerno,65,40.219535,15.177151,11335462.0,0.0872,0.087154,0.056629,3.842,3.486,3.398,10.726,20.564,12158.24,23309.94,25.585615,1.2442
29024,Fratta Polesine,Rovigo,29,45.029282,11.64501,23231181.0,0.0736,0.0,0.0,2.737,0.0,0.0,2.737,5.247,6358.35,12190.32,24.853738,4.7364
21029,Egna/Neumarkt,Bolzano/Bozen,21,46.316916,11.27257,138694695.0,0.0562,0.230437,0.050563,1.596,9.217,3.034,13.847,26.548,192051.98,368204.74,10.80791,0.4071
17138,San Paolo,Brescia,17,45.370576,10.026767,105508071.0,0.1229,0.0,0.0,7.632,0.0,0.0,7.632,14.632,80520.61,154375.25,20.48295,1.3999
80069,Rosarno,Reggio di Calabria,80,38.487283,15.976495,6864565.0,0.2677,0.000418,0.022225,36.209,0.017,1.334,37.559,72.009,25782.65,49430.85,48.652369,0.6756
75080,Sternatia,Lecce,75,40.222125,18.225226,13858683.0,0.0527,0.0,0.0,1.403,0.0,0.0,1.403,2.69,1944.74,3728.48,14.108941,5.2443
100002,Carmignano,Prato,100,43.814065,11.01903,16875215.0,0.1298,0.066748,0.045011,8.513,2.67,2.701,13.883,26.617,23428.32,44917.11,30.888404,1.1605
17192,Urago d'Oglio,Brescia,17,45.515978,9.869661,8220588.0,0.1333,0.0,0.100842,8.978,0.0,6.051,15.028,28.813,12354.3,23685.83,20.48295,0.7109
22005,Andalo,Trento,22,46.166136,11.003402,104813134.0,0.0585,0.10296,0.0,1.729,4.118,0.0,5.848,11.211,61289.87,117505.79,14.82766,1.3226
2042,Cigliano,Vercelli,2,45.308356,8.021025,13180237.0,0.0393,0.0,0.002471,0.78,0.0,0.148,0.929,1.78,1223.96,2346.6,17.175786,9.6472
30083,Premariacco,Udine,30,46.060687,13.394778,16723936.0,0.2259,0.001311,0.002188,25.784,0.052,0.131,25.968,49.786,43428.23,83261.21,22.91097,0.4602
80029,Condofuri,Reggio di Calabria,80,38.004659,15.857397,16853703.0,0.2431,0.01148,0.113612,29.86,0.459,6.817,37.136,71.197,62587.52,119993.66,48.652369,0.6833
22092,Giovo,Trento,22,46.185824,11.146814,12794752.0,0.0592,0.225716,0.000975,1.771,9.029,0.058,10.858,20.817,13892.42,26634.74,14.82766,0.7123
30121,Tolmezzo,Udine,30,46.429503,13.056167,14299814.0,0.2316,0.068454,0.005208,27.102,2.738,0.312,30.152,57.808,43117.13,82664.76,22.91097,0.3963
34035,Solignano,Parma,34,44.613057,9.97548,322325219.0,0.1628,0.352436,0.051348,13.391,14.097,3.081,30.57,58.609,985339.62,1889106.93,33.475863,0.5712
10008,Campo Ligure,Genova,10,44.537644,8.698153,32911189.0,0.0662,0.171046,0.011983,2.214,6.842,0.719,9.775,18.741,32171.03,61678.76,24.504626,1.3075
44023,Grottammare,Ascoli Piceno,44,42.990497,13.86876,54182764.0,0.1806,0.032887,0.0,16.48,1.315,0.0,17.795,34.117,96419.99,184857.76,32.834347,0.9624
30072,Pasian di Prato,Udine,30,46.048513,13.187597,21230709.0,0.1946,0.0,0.000749,19.134,0.0,0.045,19.179,36.77,40718.02,78065.16,22.91097,0.6231
16063,Castel Rozzone,Bergamo,16,45.552277,9.619855,70593023.0,0.1125,0.0,0.0,6.395,0.0,0.0,6.395,12.26,45142.38,86547.6,21.203762,1.7295
111087,Soleminis,Sud Sardegna,111,39.347963,9.181708,6169441.0,0.0,0.0,1e-05,0.0,0.0,0.001,0.001,0.001,0.37,0.71,15.448131,13429.3223
79072,Marcellinara,Catanzaro,79,38.928093,16.493077,60247165.0,0.2678,0.067839,0.048055,36.236,2.714,2.883,41.833,80.202,252030.38,483196.18,52.451966,0.654
3097,Mezzomerico,Novara,3,45.618687,8.605518,8398490.0,0.0373,0.0,0.0,0.703,0.0,0.0,0.703,1.348,590.39,1131.9,12.08995,8.9705
91070,Ottana,Nuoro,91,40.233499,9.044599,45263039.0,0.0,0.0,0.033537,0.0,0.0,2.012,2.012,3.858,9107.92,17461.83,14.344669,3.7183
26075,Santa Lucia di Piave,Treviso,26,45.849186,12.284264,142437362.0,0.2156,0.0,0.0,23.486,0.0,0.0,23.486,45.028,334533.08,641371.51,21.139592,0.4695
46021,Montecarlo,Lucca,46,43.851186,10.667621,150796313.0,0.1309,0.076632,0.027056,8.658,3.065,1.623,13.346,25.588,201256.2,385851.21,29.45658,1.1512
22180,Spormaggiore,Trento,22,46.217752,11.048268,20501243.0,0.0561,0.413878,0.000272,1.59,16.555,0.016,18.162,34.82,37233.56,71384.7,14.82766,0.4258
63090,Santa Maria la Carità,Napoli,63,40.721003,14.51282,98296395.0,0.1207,0.0,0.002248,7.361,0.0,0.135,7.496,14.371,73681.02,141262.29,35.751904,2.4878
63055,Poggiomarino,Napoli,63,40.803111,14.539037,25388851.0,0.1567,0.0,0.00717,12.407,0.0,0.43,12.837,24.611,32591.37,62484.62,35.751904,1.4527
71063,Ordona,Foggia,71,41.315529,15.627355,11822572.0,0.1544,0.0,0.122497,12.045,0.0,7.35,19.395,37.184,22929.84,43961.42,37.634206,1.0121
29044,San Martino di Venezze,Rovigo,29,45.131203,11.868523,7451956.0,0.0609,0.0,0.0,1.874,0.0,0.0,1.874,3.593,1396.44,2677.28,24.853738,6.9178
28088,Stanghella,Padova,28,45.134624,11.756048,40167162.0,0.0627,0.0,0.0,1.986,0.0,0.0,1.986,3.808,7978.55,15296.58,17.804557,4.6753
56058,Vignanello,Viterbo,56,42.383826,12.276766,149228190.0,0.1094,0.001046,0.0,6.047,0.042,0.0,6.089,11.674,90865.21,174208.06,19.086634,1.635
16088,Credaro,Bergamo,16,45.660582,9.93106,108426562.0,0.134,0.0,0.011185,9.073,0.0,0.671,9.744,18.681,105646.56,202547.07,21.203762,1.1351
16152,Osio Sopra,Bergamo,16,45.630787,9.591063,76609243.0,0.1071,0.009658,0.013908,5.796,0.386,0.834,7.016,13.452,53751.92,103053.94,21.203762,1.5763
16073,Chiuduno,Bergamo,16,45.650819,9.848016,348867686.0,0.1323,0.009485,0.178567,8.844,0.379,10.714,19.937,38.224,695544.05,1333506.8,21.203762,0.5547
91063,Orosei,Nuoro,91,40.37918,9.695014,153318476.0,0.0,0.110398,0.117219,0.0,4.416,7.033,11.449,21.95,175535.24,336538.63,14.344669,0.6535
26020,Colle Umberto,Treviso,26,45.940984,12.340972,128645651.0,0.2419,0.0,0.0,29.566,0.0,0.0,29.566,56.684,380350.93,729214.13,21.139592,0.3729
16214,Torre Boldone,Bergamo,16,45.716272,9.708189,37411971.0,0.1147,0.0,0.000359,6.647,0.0,0.022,6.669,12.786,24949.4,47833.34,21.203762,1.6584
39001,Alfonsine,Ravenna,39,44.505385,12.04118,201841327.0,0.1619,0.0,0.471843,13.244,0.0,28.311,41.554,79.669,838738.33,1608040.89,37.876303,0.4754
61060,Pignataro Maggiore,Caserta,61,41.190816,14.172324,54353200.0,0.1153,0.045395,0.007099,6.717,1.816,0.426,8.959,17.176,48693.69,93356.23,28.435248,1.6555
85013,Niscemi,Caltanissetta,85,37.14645,14.39418,6299749.0,0.1461,0.017671,0.001149,10.785,0.707,0.069,11.561,22.164,7282.97,13963.01,20.302008,0.916
85011,Montedoro,Caltanissetta,85,37.453508,13.816238,16573313.0,0.0641,0.00509,0.0,2.076,0.204,0.0,2.28,4.371,3778.1,7243.43,20.302008,4.6452
47012,Pescia,Pistoia,47,43.90171,10.689781,48790489.0,0.1426,0.177586,0.012047,10.274,7.103,0.723,18.101,34.703,88314.03,169316.9,29.709501,0.8561
13068,Cirimido,Como,13,45.699775,9.012539,20449927.0,0.0398,0.0,0.0,0.8,0.0,0.0,0.8,1.534,1636.72,3137.95,12.029442,7.8395
15169,Paullo,Milano,15,45.416787,9.398241,334904458.0,0.0645,0.0,0.004118,2.102,0.0,0.247,2.349,4.504,78672.44,150831.91,15.050002,3.3417
17066,Dello,Brescia,17,45.41811,10.075203,84585118.0,0.1382,0.0,0.130136,9.65,0.0,7.808,17.458,33.471,147671.26,283117.4,20.48295,0.612
99016,San Clemente,Rimini,99,43.932205,12.625693,611042249.0,0.1847,0.044322,0.032286,17.237,1.773,1.937,20.947,40.159,1279927.76,2453895.45,28.763441,0.7162
22035,Calliano,Trento,22,45.933851,11.093758,82704285.0,0.1081,0.381409,0.02402,5.904,15.256,1.441,22.602,43.333,186927.14,358379.32,14.82766,0.3422
65140,Serre,Salerno,65,40.582511,15.185554,5058461.0,0.1309,0.082999,0.197905,8.658,3.32,11.874,23.852,45.729,12065.36,23131.89,25.585615,0.5595
95021,Ghilarza,Oristano,95,40.119652,8.834927,18608130.0,0.0,0.060057,3e-06,0.0,2.402,0.0,2.402,4.606,4470.53,8570.96,13.76477,2.9884
34046,Varsi,Parma,34,44.662157,9.846676,33171205.0,0.16,0.450769,0.022428,12.935,18.031,1.346,32.311,61.947,107180.07,205487.13,33.475863,0.5404
94050,Sesto Campano,Isernia,94,41.42042,14.077819,11014700.0,0.2164,0.175982,0.063407,23.661,7.039,3.804,34.505,66.153,38005.83,72865.32,43.903663,0.6637
74017,San Vito dei Normanni,Brindisi,74,40.656248,17.703752,36816429.0,0.0498,0.000481,0.003316,1.253,0.019,0.199,1.471,2.821,5416.7,10384.98,13.243039,4.6949
30131,Venzone,Udine,30,46.333676,13.1394,85920819.0,0.2592,0.110543,0.017937,33.946,4.422,1.076,39.444,75.622,338904.9,649753.23,22.91097,0.303
72001,Acquaviva delle Fonti,Bari,72,40.897829,16.842487,138848210.0,0.0757,0.0,0.011572,2.895,0.0,0.694,3.59,6.882,49842.7,95559.11,14.160402,2.0575
4010,Baldissero d'Alba,Cuneo,4,44.759519,7.914349,131642208.0,0.0488,0.014564,0.00299,1.203,0.583,0.179,1.965,3.768,25870.51,49599.3,16.396584,4.3518
1296,Vialfrè,Torino,1,45.381019,7.817828,16579126.0,0.044,0.0,0.0,0.978,0.0,0.0,0.978,1.875,1621.75,3109.25,20.594868,10.9816
98004,Borghetto Lodigiano,Lodi,98,45.213268,9.499683,45684244.0,0.0771,0.0,0.019769,3.003,0.0,1.186,4.19,8.032,19140.01,36695.5,19.574231,2.4369
78155,Zumpano,Cosenza,78,39.310894,16.292094,19780339.0,0.2756,0.321972,0.037432,38.377,12.879,2.246,53.502,102.575,105829.25,202897.33,50.996071,0.4972
14057,Samolaco,Sondrio,14,46.24616,9.395079,10162069.0,0.0459,0.307726,0.042947,1.064,12.309,2.577,15.95,30.58,16208.86,31075.85,12.776609,0.4178
12105,Morazzone,Varese,12,45.764961,8.8315,32842918.0,0.0381,0.0,0.0,0.733,0.0,0.0,0.733,1.406,2408.85,4618.28,11.229804,7.9861
1222,Roletto,Torino,1,44.924691,7.331324,65277863.0,0.1285,0.0,0.001466,8.343,0.0,0.088,8.431,16.164,55035.71,105515.24,20.594868,1.2741
103002,Anzola d'Ossola,Verbano-Cusio-Ossola,103,45.988976,8.344519,57995769.0,0.0569,7.6e-05,0.035059,1.636,0.003,2.104,3.742,7.175,21704.48,41612.14,17.575018,2.4495
24068,Montorso Vicentino,Vicenza,24,45.489834,11.362271,565076644.0,0.1532,0.0,0.0,11.859,0.0,0.0,11.859,22.736,670104.48,1284733.7,21.315155,0.9375
22182,Stenico,Trento,22,46.052168,10.854089,15968717.0,0.0739,0.226408,0.000536,2.759,9.056,0.032,11.848,22.715,18919.46,36272.66,14.82766,0.6528
3109,Oleggio Castello,Novara,3,45.748872,8.527127,41685120.0,0.0389,0.0,0.099478,0.765,0.0,5.969,6.733,12.909,28067.63,53811.65,12.08995,0.9365
13043,Capiago Intimiano,Como,13,45.770802,9.130032,83625457.0,0.0422,0.0,0.0,0.9,0.0,0.0,0.9,1.725,7524.56,14426.19,12.029442,6.9732
17136,Passirano,Brescia,17,45.599487,10.064918,494225193.0,0.14,0.0,0.017111,9.903,0.0,1.027,10.93,20.955,540179.14,1035639.01,20.48295,0.9775
30024,Chiopris-Viscone,Udine,30,45.931403,13.38111,2904743.0,0.1715,0.0,0.032841,14.861,0.0,1.97,16.831,32.269,4889.09,9373.42,22.91097,0.71
54037,Panicale,Perugia,54,43.029059,12.098364,28205353.0,0.1519,0.010499,0.0,11.658,0.42,0.0,12.078,23.157,34067.0,65313.74,38.922787,1.6809
4037,Canale,Cuneo,4,44.798544,7.997334,94430344.0,0.0451,0.017241,0.025069,1.028,0.69,1.504,3.221,6.176,30420.64,58322.88,16.396584,2.6548
77003,Bernalda,Matera,77,40.412918,16.691097,66348526.0,0.1018,0.000835,0.310625,5.236,0.033,18.637,23.907,45.835,158619.84,304108.18,22.969725,0.5011
79048,Feroleto Antico,Catanzaro,79,38.961095,16.388327,10564197.0,0.2747,0.037571,0.055072,38.127,1.503,3.304,42.934,82.314,45356.71,86958.52,52.451966,0.6372
33006,Borgonovo Val Tidone,Piacenza,33,45.014362,9.443461,46209663.0,0.0959,0.027787,0.079145,4.647,1.111,4.749,10.507,20.144,48552.44,93085.43,28.260932,1.4029
17121,Odolo,Brescia,17,45.64685,10.388448,71034150.0,0.1543,0.00481,0.0,12.03,0.192,0.0,12.222,23.432,86817.6,166447.93,20.48295,0.8741
80002,Agnana Calabra,Reggio di Calabria,80,38.302674,16.222904,10345981.0,0.2121,0.074795,0.044723,22.73,2.992,2.683,28.405,54.459,29387.92,56342.93,48.652369,0.8934
14063,Talamona,Sondrio,14,46.138492,9.612944,36073568.0,0.0531,0.1871,0.123505,1.425,7.484,7.41,16.319,31.287,58868.26,112863.05,12.776609,0.4084
12023,Brunello,Varese,12,45.765371,8.797365,76894246.0,0.0379,0.0,0.017987,0.726,0.0,1.079,1.805,3.461,13879.3,26609.58,11.229804,3.2451
28101,Villa del Conte,Padova,28,45.586598,11.859005,340720156.0,0.137,0.0,0.015045,9.483,0.0,0.903,10.386,19.912,353871.42,678447.24,17.804557,0.8942
20037,Motteggiana,Mantova,20,45.03494,10.764023,58508146.0,0.0863,0.0,0.314549,3.763,0.0,18.873,22.636,43.398,132438.94,253913.8,21.044843,0.4849
97030,Dervio,Lecco,97,46.076574,9.304528,221843742.0,0.0413,0.013079,0.426864,0.862,0.523,25.612,26.997,51.759,598907.61,1148234.06,14.425007,0.2787
26062,Povegliano,Treviso,26,45.759192,12.2085,26648102.0,0.1929,0.0,0.0,18.801,0.0,0.0,18.801,36.046,50101.23,96054.78,21.139592,0.5865
16168,Ponte Nossa,Bergamo,16,45.866062,9.882974,56386199.0,0.0895,0.641062,0.111717,4.047,25.642,6.703,36.393,69.773,205205.08,393422.05,21.203762,0.3039
16040,Brignano Gera d'Adda,Bergamo,16,45.545519,9.648953,172387035.0,0.117,0.0,0.001043,6.917,0.0,0.063,6.979,13.38,120311.11,230662.14,21.203762,1.5847
64041,Lacedonia,Avellino,64,41.051222,15.423854,58317777.0,0.2195,0.359223,0.0,24.344,14.369,0.0,38.713,74.22,225763.42,432836.8,37.737871,0.5085
31006,Fogliano Redipuglia,Gorizia,31,45.856486,13.492933,19764299.0,0.152,0.0,0.0,11.674,0.0,0.0,11.674,22.381,23072.05,44234.06,23.340869,1.0429
1070,Cavour,Torino,1,44.785499,7.373841,27726639.0,0.1293,0.0,0.039175,8.447,0.0,2.351,10.798,20.702,29938.5,57398.5,20.594868,0.9948
42032,Numana,Ancona,42,43.510344,13.622637,56425839.0,0.1783,0.0301,0.0,16.063,1.204,0.0,17.267,33.104,97429.17,186792.58,27.781362,0.8392
96020,Cossato,Biella,96,45.569912,8.179988,94617238.0,0.0401,0.0026,0.099126,0.812,0.104,5.948,6.864,13.16,64945.54,124514.5,19.06674,1.4489
16013,Arzago d'Adda,Bergamo,16,45.481513,9.561678,8041063.0,0.0899,0.0,0.0,4.084,0.0,0.0,4.084,7.829,3283.6,6295.37,21.203762,2.7084
15230,Vaprio d'Adda,Milano,15,45.576576,9.529174,14481273.0,0.0902,0.0,0.043146,4.111,0.0,2.589,6.7,12.845,9701.88,18600.57,15.050002,1.1717
16247,Costa Serina,Bergamo,16,45.83242,9.741937,31472379.0,0.0878,0.0327,0.00321,3.895,1.308,0.193,5.396,10.345,16981.21,32556.62,21.203762,2.0498
96042,Pettinengo,Biella,96,45.613064,8.104221,6638738.0,0.0422,0.029399,0.004577,0.9,1.176,0.275,2.35,4.506,1560.35,2991.53,19.06674,4.2313
62053,Ponte,Benevento,62,41.214732,14.696327,152347613.0,0.263,0.065988,0.05717,34.949,2.64,3.43,41.018,78.641,624903.51,1198073.78,40.937916,0.5206
27011,Concordia Sagittaria,Venezia,27,45.756104,12.844956,106811546.0,0.0969,0.0,0.024448,4.744,0.0,1.467,6.211,11.908,66341.76,127191.36,17.526854,1.4719
21056,Naturno/Naturns,Bolzano/Bozen,21,46.649886,11.004195,295546383.0,0.046,0.009812,4e-06,1.069,0.392,0.0,1.462,2.803,43204.65,82832.56,10.80791,3.8563
86018,Troina,Enna,86,37.785354,14.598475,65590616.0,0.1392,0.004161,0.0,9.79,0.166,0.0,9.957,19.089,65306.89,125207.28,34.389868,1.8015
16234,Vertova,Bergamo,16,45.810219,9.853507,47168392.0,0.0996,0.188602,0.018437,5.012,7.544,1.106,13.663,26.194,64444.25,123553.41,21.203762,0.8095
66025,Carsoli,L'Aquila,66,42.098927,13.084888,104900725.0,0.1712,0.122426,0.005564,14.809,4.897,0.334,20.04,38.421,210219.59,403035.94,47.395882,1.2336
1231,Salassa,Torino,1,45.358526,7.689238,55865959.0,0.0483,0.0,0.175823,1.179,0.0,10.549,11.728,22.485,65520.17,125616.2,20.594868,0.9159
15016,Bellinzago Lombardo,Milano,15,45.542075,9.445951,11994406.0,0.0776,0.0,0.026931,3.043,0.0,1.616,4.658,8.931,5587.51,10712.46,15.050002,1.6851
110006,Minervino Murge,Barletta-Andria-Trani,110,41.085052,16.077776,7745792.0,0.191,0.0,0.003574,18.433,0.0,0.214,18.647,35.75,14443.54,27691.35,22.254355,0.6225
17058,Collio,Brescia,17,45.809312,10.332872,40565726.0,0.1195,0.056692,0.004488,7.215,2.268,0.269,9.752,18.697,39560.69,75846.3,20.48295,1.0955
1141,Lusigliè,Torino,1,45.318401,7.766652,46458277.0,0.0459,0.0,0.391831,1.064,0.0,23.51,24.574,47.114,114168.21,218884.9,20.594868,0.4371
103028,Domodossola,Verbano-Cusio-Ossola,103,46.115245,8.292046,213531457.0,0.0773,0.059016,0.071894,3.019,2.361,4.314,9.693,18.584,206984.03,396832.67,17.575018,0.9457
1248,San Maurizio Canavese,Torino,1,45.216676,7.631241,57651044.0,0.0549,0.0,0.031729,1.523,0.0,1.904,3.427,6.57,19754.75,37874.09,20.594868,3.1349
3022,Bolzano Novarese,Novara,3,45.762786,8.445175,11522053.0,0.0408,0.0,0.044266,0.841,0.0,2.656,3.497,6.705,4029.31,7725.05,12.08995,1.8032
75077,Specchia,Lecce,75,39.93712,18.297631,41861897.0,0.062,0.000383,0.029034,1.942,0.015,1.742,3.7,7.093,15487.19,29692.26,14.108941,1.9892
97043,Lierna,Lecco,97,45.959202,9.302478,11533860.0,0.0439,0.201918,0.207474,0.974,8.077,12.448,21.499,41.218,24796.54,47540.27,14.425007,0.35
1170,Oglianico,Torino,1,45.342554,7.693717,15924020.0,0.0483,0.0,5e-06,1.179,0.0,0.0,1.179,2.26,1877.48,3599.53,20.594868,9.111
12109,Origgio,Varese,12,45.597693,9.018061,883721106.0,0.0409,0.0,0.005528,0.845,0.0,0.332,1.177,2.256,104004.19,199398.29,11.229804,4.977
13089,Domaso,Como,13,46.15099,9.328142,10810228.0,0.042,0.022325,0.597498,0.891,0.893,35.85,37.634,72.153,40683.39,77998.76,12.029442,0.1667
83081,San Piero Patti,Messina,83,38.05215,14.967069,56519441.0,0.2002,0.012494,0.0,20.251,0.5,0.0,20.751,39.784,117281.95,224854.6,44.663628,1.1227
43009,Castelraimondo,Macerata,43,43.208151,13.053671,4723413.0,0.183,0.015658,0.0,16.921,0.626,0.0,17.547,33.642,8288.21,15890.27,27.736975,0.8245
4099,Govone,Cuneo,4,44.804445,8.094036,317105541.0,0.0435,0.067195,0.017453,0.956,2.688,1.047,4.691,8.994,148756.25,285197.56,16.396584,1.8231
73007,Ginosa,Taranto,73,40.579751,16.756208,77982521.0,0.1564,0.002932,0.147138,12.359,0.117,8.828,21.305,40.846,166140.06,318526.05,15.194153,0.372
35011,Carpineti,Reggio nell'Emilia,35,44.455961,10.519698,87457930.0,0.1588,0.198136,0.011364,12.741,7.925,0.682,21.349,40.93,186711.52,357965.94,36.618436,0.8947
75052,Nardò,Lecce,75,40.176261,18.030637,214818848.0,0.0536,0.009369,0.020951,1.452,0.375,1.257,3.083,5.912,66237.69,126991.83,14.108941,2.3867
48036,Rignano sull'Arno,Firenze,48,43.72105,11.451427,213221902.0,0.1335,0.187329,0.023539,9.005,7.493,1.412,17.91,34.338,381889.52,732163.94,35.050589,1.0207
95059,Simaxis,Oristano,95,39.930347,8.692127,66444513.0,0.0,0.0,0.07623,0.0,0.0,4.574,4.574,8.769,30390.39,58264.88,13.76477,1.5697
4133,Montà,Cuneo,4,44.813644,7.957233,78132832.0,0.0463,0.014561,0.039063,1.083,0.582,2.344,4.009,7.687,31326.17,60058.97,16.396584,2.1331
1274,Torre Canavese,Torino,1,45.392056,7.759818,10267635.0,0.0461,0.0,0.0,1.074,0.0,0.0,1.074,2.059,1102.53,2113.78,20.594868,10.0039
14019,Chiesa in Valmalenco,Sondrio,14,46.265097,9.848647,4990541.0,0.1049,0.040208,0.027888,5.56,1.608,1.673,8.842,16.951,4412.4,8459.51,12.776609,0.7537
2031,Caresanablot,Vercelli,2,45.357613,8.388842,50532164.0,0.0364,0.0,0.215103,0.669,0.0,12.906,13.576,26.027,68600.61,131522.06,17.175786,0.6599
15191,San Colombano al Lambro,Milano,15,45.181716,9.488578,24529538.0,0.0799,0.0,0.063382,3.226,0.0,3.803,7.029,13.475,17240.65,33054.01,15.050002,1.1169
91051,Nuoro,Nuoro,91,40.127683,9.342323,1526251876.0,0.0,0.180277,0.008899,0.0,7.211,0.534,7.745,14.849,1182085.13,2266310.19,14.344669,0.966
19052,Gussola,Cremona,19,45.011263,10.350137,41431387.0,0.0806,0.0,0.449012,3.282,0.0,26.941,30.223,57.944,125218.46,240070.59,21.210647,0.3661
12044,Castelseprio,Varese,12,45.715977,8.862656,22184151.0,0.0383,0.003393,0.049365,0.741,0.136,2.962,3.839,7.36,8516.02,16327.03,11.229804,1.5258
26094,Zenson di Piave,Treviso,26,45.678973,12.492099,154496872.0,0.108,0.0,0.384495,5.893,0.0,23.07,28.963,55.528,447470.67,857897.05,21.139592,0.3807
19056,Malagnino,Cremona,19,45.134771,10.114774,136624162.0,0.0796,0.0,0.093698,3.201,0.0,5.622,8.823,16.916,120547.71,231115.76,21.210647,1.2539
37012,Casalfiumanese,Bologna,37,44.296864,11.624022,75840261.0,0.2081,0.31108,0.039194,21.881,12.443,2.352,36.676,70.315,278148.47,533270.16,38.815968,0.552
18088,Mede,Pavia,18,45.097858,8.735944,192895686.0,0.0512,0.0,0.0,1.325,0.0,0.0,1.325,2.539,25549.36,48983.6,18.961299,7.4669
16133,Martinengo,Bergamo,16,45.570368,9.767376,84628417.0,0.1307,0.0,0.037475,8.631,0.0,2.249,10.88,20.859,92072.78,176523.22,21.203762,1.0165
6115,Occimiano,Alessandria,6,45.060255,8.50764,79947190.0,0.0423,0.0,0.132802,0.904,0.0,7.968,8.872,17.01,70930.6,135989.15,20.84217,1.2253
64025,Cervinara,Avellino,64,41.021928,14.613291,71625638.0,0.1964,0.44295,0.003527,19.489,17.718,0.212,37.419,71.74,268016.8,513845.57,37.737871,0.526
96003,Benna,Biella,96,45.513662,8.126623,75609092.0,0.0397,0.0,6.4e-05,0.796,0.0,0.004,0.8,1.534,6050.09,11599.32,19.06674,12.4285
91044,Macomer,Nuoro,91,40.26519,8.781387,25330451.0,0.0,0.004457,0.003111,0.0,0.178,0.187,0.365,0.7,924.41,1772.29,14.344669,20.5021
1244,San Giorgio Canavese,Torino,1,45.334155,7.796819,22814522.0,0.0448,0.0,0.094565,1.014,0.0,5.674,6.688,12.822,15258.31,29253.45,20.594868,1.6062
17026,Brandico,Brescia,17,45.454178,10.052666,102776632.0,0.139,0.0,0.0,9.762,0.0,0.0,9.762,18.716,100332.5,192358.87,20.48295,1.0944
15108,Gorgonzola,Milano,15,45.531574,9.404651,178210245.0,0.0679,0.0,0.020217,2.329,0.0,1.213,3.542,6.792,63130.81,121035.27,15.050002,2.2159
22199,Tione di Trento,Trento,22,46.036304,10.726909,59363247.0,0.0732,0.091717,0.005486,2.707,3.669,0.329,6.705,12.855,39804.01,76312.81,14.82766,1.1534
4058,Cavallerleone,Cuneo,4,44.740139,7.663928,5168173.0,0.0689,0.0,0.0,2.399,0.0,0.0,2.399,4.599,1239.63,2376.64,16.396584,3.5656
87056,Mazzarrone,Catania,87,37.083393,14.561674,10363108.0,0.2129,0.0,0.0,22.902,0.0,0.0,22.902,43.908,23733.35,45501.9,36.827421,0.8387
15200,Santo Stefano Ticino,Milano,15,45.487263,8.918626,20536981.0,0.0398,0.0,0.0,0.8,0.0,0.0,0.8,1.534,1643.69,3151.31,15.050002,9.808
108020,Cogliate,Monza e della Brianza,108,45.64548,9.080732,13876846.0,0.0421,0.0,2.2e-05,0.896,0.0,0.001,0.897,1.719,1244.55,2386.07,13.279771,7.7232
1025,Bibiana,Torino,1,44.798937,7.288219,9423351.0,0.134,0.0,0.00467,9.073,0.0,0.28,9.353,17.931,8813.38,16897.14,20.594868,1.1486
3037,Casalbeltrame,Novara,3,45.438064,8.466532,13276822.0,0.0368,0.0,0.0,0.684,0.0,0.0,0.684,1.312,908.46,1741.72,12.08995,9.216
1119,Grosso,Torino,1,45.257502,7.557907,66537784.0,0.0583,0.0,0.023162,1.717,0.0,1.39,3.107,5.957,20673.65,39635.81,20.594868,3.4573
20011,Casaloldo,Mantova,20,45.254777,10.474379,72538697.0,0.1137,0.0,0.03167,6.532,0.0,1.9,8.432,16.166,61165.25,117266.87,21.044843,1.3018
66102,Trasacco,L'Aquila,66,41.958441,13.536102,6089362.0,0.2472,0.111007,0.0,30.876,4.44,0.0,35.316,67.708,21505.08,41229.84,47.395882,0.7
24102,Sossano,Vicenza,24,45.358777,11.510029,66330538.0,0.1009,0.0,0.0,5.144,0.0,0.0,5.144,9.862,34120.35,65416.01,21.315155,2.1613
18062,Ferrera Erbognone,Pavia,18,45.115059,8.864347,25634958.0,0.0554,0.0,0.087433,1.551,0.0,5.246,6.797,13.031,17423.35,33404.28,18.961299,1.4551
93031,Polcenigo,Pordenone,93,46.0307,12.501626,15636190.0,0.2461,0.000577,0.0,30.601,0.023,0.0,30.624,58.714,47884.97,91805.74,22.312037,0.38
1171,Orbassano,Torino,1,45.007263,7.536919,140927392.0,0.0762,0.0,0.016279,2.934,0.0,0.977,3.911,7.497,55109.94,105657.55,20.594868,2.747
23003,Angiari,Verona,23,45.218142,11.283908,118765562.0,0.0849,0.0,0.0,3.642,0.0,0.0,3.642,6.982,43253.73,82926.65,20.167921,2.8884
17172,San Gervasio Bresciano,Brescia,17,45.307376,10.148671,20449766.0,0.1159,0.0,0.0,6.787,0.0,0.0,6.787,13.012,13879.47,26609.91,20.48295,1.5741
58018,Capena,Roma,58,42.14015,12.540201,39037094.0,0.1199,0.012425,0.244887,7.264,0.497,14.693,22.454,43.049,87653.45,168050.43,29.689549,0.6897
1099,Druento,Torino,1,45.134748,7.576618,31507348.0,0.0612,0.000141,0.038322,1.892,0.006,2.299,4.197,8.047,13224.87,25354.91,20.594868,2.5592
52035,Torrita di Siena,Siena,52,43.16676,11.771647,7843329.0,0.146,0.086732,0.106242,10.77,3.469,6.375,20.614,39.521,16168.23,30997.96,24.090373,0.6096
41043,Pergola,Pesaro e Urbino,41,43.56321,12.836317,35687295.0,0.1738,0.015331,0.0,15.262,0.613,0.0,15.875,30.437,56655.16,108620.06,24.621765,0.809
54034,Nocera Umbra,Perugia,54,43.113619,12.788608,31001863.0,0.2348,0.059814,0.003093,27.856,2.393,0.186,30.434,58.348,94350.52,180890.14,38.922787,0.6671
63045,Melito di Napoli,Napoli,63,40.920511,14.230029,33969641.0,0.1551,0.0,0.245335,12.155,0.0,14.72,26.875,51.525,91292.44,175027.15,35.751904,0.6939
4073,Cortemilia,Cuneo,4,44.579471,8.193302,92734913.0,0.0484,0.037692,0.080038,1.184,1.508,4.802,7.494,14.367,69491.55,133230.17,16.396584,1.1413
5067,Monale,Asti,5,44.93605,8.071859,17071014.0,0.0409,0.035989,0.021107,0.845,1.44,1.266,3.551,6.808,6062.24,11622.61,21.748752,3.1944
81008,Erice,Trapani,81,38.03823,12.587182,111917738.0,0.0545,0.043291,0.0,1.501,1.732,0.0,3.232,6.197,36176.27,69357.64,16.86353,2.7212
21066,Postal/Burgstall,Bolzano/Bozen,21,46.607583,11.193324,307054009.0,0.0451,0.473834,0.0,1.028,18.953,0.0,19.981,38.308,613526.77,1176262.13,10.80791,0.2821
21004,Appiano sulla strada del vino/Eppan an der Weinstraße,Bolzano/Bozen,21,46.461908,11.260867,230941897.0,0.0509,0.058462,0.0,1.309,2.338,0.0,3.648,6.993,84236.54,161499.47,10.80791,1.5455
69032,Filetto,Chieti,69,42.228224,14.245095,14412971.0,0.1632,0.448448,0.0,13.457,17.938,0.0,31.395,60.191,45249.84,86753.63,28.116343,0.4671
37042,Monte San Pietro,Bologna,37,44.428404,11.15122,8849955.0,0.1617,0.291484,0.012545,13.211,11.659,0.753,25.623,49.125,22676.35,43475.41,38.815968,0.7901
21015,Caldaro sulla strada del vino/Kaltern an der Weinstraße,Bolzano/Bozen,21,46.413259,11.246202,69985864.0,0.0517,0.089678,0.001562,1.351,3.587,0.094,5.031,9.646,35212.36,67509.63,10.80791,1.1204
24017,Brogliano,Vicenza,24,45.588786,11.364543,148380454.0,0.1629,0.023065,0.0,13.408,0.923,0.0,14.33,27.475,212636.17,407669.04,21.315155,0.7758
3115,Pella,Novara,3,45.801625,8.384779,70347948.0,0.044,0.031145,0.000809,0.978,1.246,0.049,2.273,4.357,15986.78,30650.08,12.08995,2.7749
35005,Boretto,Reggio nell'Emilia,35,44.90187,10.554287,102798474.0,0.0908,0.0,0.266785,4.166,0.0,16.007,20.173,38.676,207373.44,397579.26,36.618436,0.9468
2137,Serravalle Sesia,Vercelli,2,45.685568,8.310924,249082886.0,0.0407,0.001784,0.133051,0.837,0.071,7.983,8.891,17.047,221469.14,424603.75,17.175786,1.0076
9003,Albissola Marina,Savona,9,44.327279,8.503102,52206682.0,0.0538,0.124134,0.085489,1.462,4.965,5.129,11.557,22.158,60336.07,115677.15,24.791781,1.1189
61046,Lusciano,Caserta,61,40.970012,14.190427,16234578.0,0.1359,0.0,0.0,9.332,0.0,0.0,9.332,17.891,15149.47,29044.78,28.435248,1.5894
4049,Castelletto Stura,Cuneo,4,44.441789,7.638649,67634297.0,0.0967,0.0,0.159756,4.725,0.0,9.585,14.31,27.435,96784.82,185557.21,16.396584,0.5976
63064,Ercolano,Napoli,63,40.805361,14.347104,12112680.0,0.1651,0.150885,0.04967,13.772,6.035,2.98,22.788,43.69,27602.46,52919.82,35.751904,0.8183
71058,Troia,Foggia,71,41.363128,15.312347,2190518.0,0.1445,0.017473,0.009498,10.55,0.699,0.57,11.819,22.659,2588.93,4963.54,37.634206,1.6609
24021,Camisano Vicentino,Vicenza,24,45.522021,11.713344,329902751.0,0.1252,0.0,0.003306,7.92,0.0,0.198,8.118,15.565,267827.6,513482.82,21.315155,1.3695
10046,Rapallo,Genova,10,44.351147,9.229671,123525578.0,0.0872,0.38408,0.013769,3.842,15.363,0.826,20.031,38.404,247437.55,474390.73,24.504626,0.6381
62074,Telese Terme,Benevento,62,41.216414,14.527,69570221.0,0.2284,0.001513,0.236844,26.358,0.061,14.211,40.629,77.894,282656.86,541913.69,40.937916,0.5256
22095,Grigno,Trento,22,46.017035,11.635942,227544942.0,0.1222,0.409556,0.009875,7.545,16.382,0.593,24.52,47.01,557934.6,1069680.03,14.82766,0.3154
43010,Castelsantangelo sul Nera,Macerata,43,42.894492,13.15393,21569911.0,0.2466,0.062801,0.001997,30.726,2.512,0.12,33.358,63.954,71952.26,137947.89,27.736975,0.4337
17114,Montirone,Brescia,17,45.44638,10.228771,56608996.0,0.1488,0.0,0.0,11.187,0.0,0.0,11.187,21.448,63329.92,121417.01,20.48295,0.955
67006,Bellante,Teramo,67,42.741847,13.810195,8881741.0,0.1765,0.212948,0.015356,15.74,8.518,0.921,25.179,48.274,22363.66,42875.92,27.38232,0.5672
30070,Palmanova,Udine,30,45.905464,13.309932,126641190.0,0.1475,0.0,0.0,10.993,0.0,0.0,10.993,21.075,139211.99,266899.19,22.91097,1.0871
73006,Fragagnano,Taranto,73,40.431924,17.472207,18907188.0,0.059,0.005826,0.018796,1.759,0.233,1.128,3.12,5.981,5898.33,11308.35,15.194153,2.5404
12106,Mornago,Varese,12,45.747541,8.752299,135055276.0,0.0377,0.0,0.0,0.718,0.0,0.0,0.718,1.377,9698.66,18594.41,11.229804,8.1565
38023,Voghiera,Ferrara,38,44.759074,11.751132,14988785.0,0.1469,0.0,0.019134,10.903,0.0,1.148,12.051,23.105,18063.62,34631.82,39.906082,1.7272
72041,Santeramo in Colle,Bari,72,40.793027,16.755286,124772611.0,0.0911,0.000913,0.003604,4.193,0.037,0.216,4.446,8.524,55474.46,106356.42,14.160402,1.6612
16087,Covo,Bergamo,16,45.500322,9.770107,87874418.0,0.1254,0.0,0.03296,7.945,0.0,1.978,9.923,19.024,87197.29,167175.87,21.203762,1.1146
63012,Calvizzano,Napoli,63,40.905696,14.19329,31525547.0,0.1574,0.014952,0.100116,12.518,0.598,6.007,19.123,36.663,60285.72,115580.62,35.751904,0.9752
63030,Crispano,Napoli,63,40.952512,14.28993,15831003.0,0.1596,0.0,0.0,12.87,0.0,0.0,12.87,24.675,20374.73,39062.72,35.751904,1.4489
27023,Mira,Venezia,27,45.437774,12.132805,103213100.0,0.077,0.0,0.010806,2.996,0.0,0.648,3.644,6.986,37611.53,72109.35,17.526854,2.5087
15178,Pozzuolo Martesana,Milano,15,45.513975,9.456252,42675290.0,0.0769,0.0,0.004524,2.988,0.0,0.271,3.259,6.249,13909.45,26667.4,15.050002,2.4084
21038,Lagundo/Algund,Bolzano/Bozen,21,46.682519,11.123069,63329357.0,0.0437,0.003009,0.0,0.965,0.12,0.0,1.085,2.081,6872.86,13176.74,10.80791,5.1944
97009,Bosisio Parini,Lecco,97,45.80228,9.290743,139478255.0,0.0498,0.0,0.231381,1.253,0.0,13.883,15.136,29.019,211113.35,404749.47,14.425007,0.4971
30001,Aiello del Friuli,Udine,30,45.872922,13.363628,25255389.0,0.1394,0.0,0.0,9.818,0.0,0.0,9.818,18.824,24796.89,47540.95,22.91097,1.2171
75092,Veglie,Lecce,75,40.335126,17.965219,78878938.0,0.0499,0.0,0.007322,1.258,0.0,0.439,1.697,3.254,13389.15,25669.87,14.108941,4.3354
75002,Alessano,Lecce,75,39.889678,18.331208,17700357.0,0.0641,0.00059,0.009149,2.076,0.024,0.549,2.649,5.078,4688.06,8988.02,14.108941,2.7785
72040,Sannicandro di Bari,Bari,72,41.00052,16.797697,25103866.0,0.0751,0.000444,0.014592,2.85,0.018,0.876,3.743,7.176,9396.3,18014.72,14.160402,1.9733
58057,Marino,Roma,58,41.769788,12.658608,51420846.0,0.1663,0.000362,0.000135,13.973,0.014,0.008,13.996,26.833,71968.52,137979.06,29.689549,1.1064
58029,Cerveteri,Roma,58,41.99836,12.098851,15788339.0,0.0581,0.017445,0.014017,1.706,0.698,0.841,3.244,6.22,5122.36,9820.65,29.689549,4.7731
33018,Cortemaggiore,Piacenza,33,44.996353,9.931072,196723458.0,0.1064,0.0,0.143683,5.72,0.0,8.621,14.341,27.495,282121.98,540888.21,28.260932,1.0279
29042,Salara,Rovigo,29,44.982537,11.427149,24927580.0,0.0935,0.0,0.049548,4.417,0.0,2.973,7.39,14.168,18421.52,35318.0,24.853738,1.7542
43042,Porto Recanati,Macerata,43,43.435082,13.663008,40822760.0,0.1791,0.013077,0.0,16.207,0.523,0.0,16.73,32.076,68297.74,130941.39,27.736975,0.8647
49020,Suvereto,Livorno,49,43.079015,10.678681,14786768.0,0.0672,0.057221,0.064407,2.282,2.289,3.864,8.435,16.172,12472.56,23912.57,23.707966,1.466
39017,Sant'Agata sul Santerno,Ravenna,39,44.44217,11.860124,164920656.0,0.1829,0.0,0.056369,16.902,0.0,3.382,20.284,38.89,334531.83,641369.11,37.876303,0.9739
83104,Venetico,Messina,83,38.219944,15.366707,4776307.0,0.1585,0.021817,0.0,12.693,0.873,0.0,13.566,26.009,6479.55,12422.69,44.663628,1.7172
44063,Ripatransone,Ascoli Piceno,44,42.996178,13.761796,109095955.0,0.1772,0.078803,0.0,15.865,3.152,0.0,19.017,36.46,207471.08,397766.46,32.834347,0.9006
36010,Concordia sulla Secchia,Modena,36,44.913174,10.983297,145796423.0,0.1296,0.0,0.092526,8.486,0.0,5.552,14.038,26.914,204669.61,392395.45,36.541065,1.3577
30023,Cervignano del Friuli,Udine,30,45.822834,13.336382,49949985.0,0.1214,0.0,0.047385,7.447,0.0,2.843,10.29,19.727,51396.78,98538.62,22.91097,1.1614
1255,Sant'Ambrogio di Torino,Torino,1,45.099445,7.362315,97222265.0,0.1156,0.038422,0.031962,6.752,1.537,1.918,10.207,19.568,99231.01,190247.08,20.594868,1.0525
20010,Casalmoro,Mantova,20,45.259577,10.404478,23476150.0,0.1118,0.0,0.019641,6.315,0.0,1.178,7.494,14.367,17592.71,33728.99,21.044843,1.4648
50031,San Giuliano Terme,Pisa,50,43.762996,10.44104,28807060.0,0.1214,0.013827,0.184693,7.447,0.553,11.082,19.081,36.583,54967.35,105384.18,28.10564,0.7683
62048,Paolisi,Benevento,62,41.037084,14.578152,35132260.0,0.1833,0.342723,0.012029,16.976,13.709,0.722,31.407,60.214,110339.68,211544.79,40.937916,0.6799
79137,Soverato,Catanzaro,79,38.687717,16.550044,33209247.0,0.1981,0.01796,0.077419,19.828,0.718,4.645,25.192,48.298,83660.37,160394.84,52.451966,1.086
23060,Povegliano Veronese,Verona,23,45.348398,10.882438,109962011.0,0.1428,0.0,0.0,10.303,0.0,0.0,10.303,19.754,113296.56,217213.75,20.167921,1.021
76048,Melfi,Potenza,76,40.996127,15.655654,555167768.0,0.1919,0.017859,0.025311,18.607,0.714,1.519,20.84,39.954,1156949.86,2218120.5,40.913322,1.024
20062,Serravalle a Po,Mantova,20,45.072885,11.100535,13732857.0,0.0861,0.0,0.269822,3.746,0.0,16.189,19.935,38.22,27376.37,52486.36,21.044843,0.5506
17068,Edolo,Brescia,17,46.179375,10.330757,24920666.0,0.0587,0.036273,0.020613,1.741,1.451,1.237,4.429,8.491,11036.57,21159.46,20.48295,2.4124
19003,Annicco,Cremona,19,45.244572,9.879466,15002232.0,0.0842,0.0,0.0,3.582,0.0,0.0,3.582,6.868,5374.0,10303.11,21.210647,3.0885
43026,Montecassiano,Macerata,43,43.363832,13.435709,109545044.0,0.1832,0.014094,0.0,16.958,0.564,0.0,17.522,33.593,191939.6,367989.3,27.736975,0.8257
16101,Fontanella,Bergamo,16,45.469877,9.801961,42433388.0,0.1256,0.0,0.0,7.971,0.0,0.0,7.971,15.282,33822.42,64844.81,21.203762,1.3875
35023,Gualtieri,Reggio nell'Emilia,35,44.905013,10.630226,36038628.0,0.0961,0.0,0.283064,4.666,0.0,16.984,21.65,41.508,78023.81,149588.35,36.618436,0.8822
17119,Nuvolento,Brescia,17,45.545784,10.386772,49841077.0,0.1584,0.0,0.114865,12.677,0.0,6.892,19.569,37.518,97535.18,186995.81,20.48295,0.5459
80057,Palmi,Reggio di Calabria,80,38.357449,15.846565,14595180.0,0.2598,0.03438,0.015949,34.103,1.375,0.957,36.435,69.854,53178.13,101953.85,48.652369,0.6965
66053,Magliano de' Marsi,L'Aquila,66,42.091529,13.363794,11037262.0,0.2433,0.238924,0.0,29.909,9.557,0.0,39.466,75.665,43559.61,83513.1,47.395882,0.6264
74010,Mesagne,Brindisi,74,40.558829,17.808313,68574697.0,0.0493,0.0,0.059039,1.228,0.0,3.542,4.77,9.146,32712.72,62717.28,13.243039,1.448
8011,Camporosso,Imperia,8,43.815101,7.628418,29999730.0,0.1369,0.053154,0.040496,9.469,2.126,2.43,14.025,26.89,42075.72,80668.15,29.468433,1.0959
6030,Carbonara Scrivia,Alessandria,6,44.8494,8.869654,57560027.0,0.0882,0.0,0.112645,3.931,0.0,6.759,10.689,20.494,61527.43,117961.25,20.84217,1.017
21080,San Leonardo in Passiria/St. Leonhard in Passeier,Bolzano/Bozen,21,46.811893,11.247136,128538565.0,0.0408,0.004086,0.000307,0.841,0.163,0.018,1.023,1.961,13148.74,25208.95,10.80791,5.5109
12096,Malnate,Varese,12,45.800092,8.878168,94824577.0,0.0383,0.00442,0.069166,0.741,0.177,4.15,5.068,9.716,48056.39,92134.38,11.229804,1.1558
108002,Aicurzio,Monza e della Brianza,108,45.639977,9.414949,26637710.0,0.0711,0.0,0.060977,2.554,0.0,3.659,6.213,11.911,16549.56,31729.05,13.279771,1.1149
5121,Montiglio Monferrato,Asti,5,45.06447,8.098861,15443205.0,0.039,0.044411,0.065689,0.769,1.776,3.941,6.486,12.436,10016.9,19204.55,21.748752,1.7489
97054,Monticello Brianza,Lecco,97,45.70878,9.314141,55045749.0,0.0543,0.000313,0.000725,1.49,0.013,0.043,1.546,2.964,8508.88,16313.34,14.425007,4.8674
64049,Mercogliano,Avellino,64,40.920162,14.738605,61951752.0,0.1955,0.340233,0.0,19.311,13.609,0.0,32.921,63.116,203948.91,391013.71,37.737871,0.5979
2002,Alagna Valsesia,Vercelli,2,45.851211,7.937177,147823343.0,0.066,0.001974,0.016781,2.201,0.079,1.007,3.287,6.301,48585.78,93149.34,17.175786,2.7257
55017,Montecastrilli,Terni,55,42.652434,12.488567,9603406.0,0.1576,0.098619,0.001095,12.55,3.945,0.066,16.56,31.749,15903.3,30490.04,34.830185,1.097
16139,Montello,Bergamo,16,45.672082,9.805657,401124792.0,0.1278,0.0,0.037115,8.252,0.0,2.227,10.479,20.091,420349.99,805900.9,21.203762,1.0554
76057,Palazzo San Gervasio,Potenza,76,40.931324,15.980767,8038270.0,0.1584,0.002025,0.0,12.677,0.081,0.0,12.758,24.46,10255.49,19661.98,40.913322,1.6726
6151,Sale,Alessandria,6,44.980656,8.809348,10300700.0,0.0682,0.0,0.038179,2.35,0.0,2.291,4.641,8.897,4780.39,9165.03,20.84217,2.3425
17169,Sale Marasino,Brescia,17,45.715453,10.111139,114306737.0,0.1298,0.32645,0.190865,8.513,13.058,11.452,33.023,63.311,377470.5,723691.73,20.48295,0.3235
4128,Monasterolo di Savigliano,Cuneo,4,44.686338,7.619528,859678749.0,0.0821,0.0,0.025983,3.406,0.0,1.559,4.965,9.518,426801.34,818269.52,16.396584,1.7226
27003,Campolongo Maggiore,Venezia,27,45.330536,12.048313,5697523.0,0.0643,0.0,0.036615,2.089,0.0,2.197,4.286,8.217,2441.9,4681.65,17.526854,2.133
96015,Castelletto Cervo,Biella,96,45.516218,8.226654,68088361.0,0.0387,0.00158,0.122347,0.757,0.063,7.341,8.161,15.646,55565.19,106530.37,19.06674,1.2186
90070,Tempio Pausania,Sassari,90,40.897382,9.103516,67180344.0,0.0,0.013776,0.005872,0.0,0.551,0.352,0.903,1.732,6068.8,11635.2,12.837123,7.412
31008,Gradisca d'Isonzo,Gorizia,31,45.889551,13.500329,52745629.0,0.1701,0.0,0.228386,14.619,0.0,13.703,28.322,54.3,149388.54,286409.8,23.340869,0.4298
17016,Berzo Demo,Brescia,17,46.093418,10.336266,39645631.0,0.0594,0.123321,0.008666,1.783,4.933,0.52,7.236,13.872,28685.8,54996.81,20.48295,1.4766
41005,Belforte all'Isauro,Pesaro e Urbino,41,43.716553,12.376048,48913775.0,0.1791,0.052721,0.0,16.207,2.109,0.0,18.316,35.116,89590.81,171764.77,24.621765,0.7012
97079,Taceno,Lecco,97,46.024486,9.36394,17456657.0,0.0438,0.070962,0.055673,0.969,2.838,3.34,7.148,13.705,12478.33,23923.62,14.425007,1.0526
60044,Monte San Giovanni Campano,Frosinone,60,41.64062,13.513704,23159029.0,0.1848,0.067266,0.000362,17.255,2.691,0.022,19.968,38.282,46243.07,88657.87,34.188464,0.8931
16057,Carvico,Bergamo,16,45.703779,9.482249,511555459.0,0.0756,0.095608,0.0,2.888,3.824,0.0,6.712,12.868,343360.16,658294.91,21.203762,1.6477
70031,Larino,Campobasso,70,41.805567,14.921098,26563811.0,0.1963,0.124076,0.030314,19.47,4.963,1.819,26.252,50.33,69734.08,133695.15,35.851049,0.7123
89015,Palazzolo Acreide,Siracusa,89,37.061913,14.90391,19674821.0,0.2737,0.011261,0.0,37.85,0.45,0.0,38.301,73.43,75355.66,144472.93,32.507353,0.4427
52033,Sinalunga,Siena,52,43.212124,11.736483,89609307.0,0.1457,0.016307,0.097789,10.726,0.652,5.867,17.246,33.063,154536.57,296279.68,24.090373,0.7286
1060,Casalborgone,Torino,1,45.130451,7.940426,9179534.0,0.0412,0.222793,0.003089,0.858,8.912,0.185,9.955,19.085,9137.96,17519.43,20.594868,1.0791
71014,Casalvecchio di Puglia,Foggia,71,41.593832,15.110539,43338888.0,0.1963,0.036694,0.000166,19.47,1.468,0.01,20.947,40.161,90783.59,174051.57,37.634206,0.9371
97062,Paderno d'Adda,Lecco,97,45.681458,9.44456,9579337.0,0.0729,0.000255,0.040891,2.685,0.01,2.453,5.149,9.871,4932.24,9456.17,14.425007,1.4613
17123,Ome,Brescia,17,45.627283,10.121365,33628188.0,0.141,0.007021,0.002702,10.045,0.281,0.162,10.488,20.108,35269.57,67619.31,20.48295,1.0187
43038,Pieve Torina,Macerata,43,43.043287,13.048911,6539811.0,0.2269,0.027187,0.0,26.013,1.087,0.0,27.1,51.957,17723.05,33978.88,27.736975,0.5338
30068,Pagnacco,Udine,30,46.12428,13.186975,60530967.0,0.2295,0.0,0.056274,26.612,0.0,3.376,29.989,57.495,181524.97,348022.21,22.91097,0.3985
41047,Piandimeleto,Pesaro e Urbino,41,43.724158,12.411048,33671100.0,0.1771,0.091449,0.0,15.847,3.658,0.0,19.505,37.396,65676.29,125915.51,24.621765,0.6584
90011,Bonnanaro,Sassari,90,40.533359,8.76442,7199392.0,0.0,0.084728,0.0,0.0,3.389,0.0,3.389,6.498,2439.96,4677.93,12.837123,1.9757
30075,Pocenia,Udine,30,45.835515,13.100829,304000000.0,0.1052,0.0,0.065604,5.592,0.0,3.936,9.528,18.267,289651.43,555323.78,22.91097,1.2542
12063,Cuvio,Varese,12,45.896177,8.734129,59905271.0,0.039,0.002059,0.02246,0.769,0.082,1.348,2.198,4.215,13169.97,25249.64,11.229804,2.6643
82036,Gangi,Palermo,82,37.795627,14.20672,36506847.0,0.1477,0.01295,0.0,11.022,0.518,0.0,11.54,22.126,42130.59,80773.36,29.57954,1.3369
16032,Borgo di Terzo,Bergamo,16,45.721786,9.894848,7875913.0,0.1259,0.008357,0.015261,8.009,0.334,0.916,9.259,17.751,7292.13,13980.57,21.203762,1.1945
38022,Vigarano Mainarda,Ferrara,38,44.843422,11.494436,37270156.0,0.1401,0.0,0.999985,9.917,0.0,59.999,69.916,134.045,260579.55,499586.77,39.906082,0.2977
29047,Trecenta,Rovigo,29,45.030944,11.460521,23163593.0,0.0835,0.0,0.04062,3.523,0.0,2.437,5.96,11.427,13805.55,26468.19,24.853738,2.1751
18052,Confienza,Pavia,18,45.332162,8.556336,17788249.0,0.0372,0.0,0.022348,0.699,0.0,1.341,2.04,3.911,3628.95,6957.48,18.961299,4.8479
17018,Bienno,Brescia,17,45.935562,10.294791,56208186.0,0.0819,0.149063,0.003409,3.389,5.963,0.205,9.556,18.321,53713.49,102980.25,20.48295,1.118
16149,Onore,Bergamo,16,45.891169,10.009936,21305832.0,0.0874,0.045535,0.040369,3.86,1.821,2.422,8.103,15.535,17264.38,33099.51,21.203762,1.3649
13009,Anzano del Parco,Como,13,45.768478,9.195442,32047016.0,0.0445,0.0,0.0,1.001,0.0,0.0,1.001,1.918,3206.46,6147.46,12.029442,6.271
62003,Apice,Benevento,62,41.118424,14.914866,15336099.0,0.2676,0.119303,0.044786,36.182,4.772,2.687,43.641,83.669,66928.35,128315.97,40.937916,0.4893
30019,Cassacco,Udine,30,46.173595,13.187934,5034029.0,0.2443,0.0,0.215293,30.155,0.0,12.918,43.073,82.58,21683.04,41571.04,22.91097,0.2774
23087,Tregnago,Verona,23,45.513977,11.165641,108788799.0,0.1625,0.0,0.0,13.342,0.0,0.0,13.342,25.58,145147.16,278278.17,20.167921,0.7884
22050,Cavalese,Trento,22,46.291187,11.460468,143158180.0,0.0642,0.187624,0.009722,2.083,7.505,0.583,10.171,19.5,145603.22,279152.53,14.82766,0.7604
16135,Misano di Gera d'Adda,Bergamo,16,45.468775,9.621057,29372111.0,0.0977,0.0,0.0,4.823,0.0,0.0,4.823,9.246,14165.83,27158.92,21.203762,2.2932
63003,Agerola,Napoli,63,40.637707,14.538839,39518114.0,0.0975,0.690688,0.000551,4.803,27.628,0.033,32.464,62.24,128290.57,245960.48,35.751904,0.5744
31002,Cormons,Gorizia,31,45.957791,13.470954,349374769.0,0.1937,0.009414,0.045476,18.957,0.377,2.729,22.062,42.298,770805.88,1477799.85,23.340869,0.5518
28097,Vescovana,Padova,28,45.134514,11.708435,15948277.0,0.0635,0.0,0.0,2.037,0.0,0.0,2.037,3.906,3249.22,6229.45,17.804557,4.5582
30077,Porpetto,Udine,30,45.858174,13.217853,9805169.0,0.1156,0.0,0.0,6.752,0.0,0.0,6.752,12.945,6620.46,12692.85,22.91097,1.7699
51027,Ortignano Raggiolo,Arezzo,51,43.672777,11.715607,65002655.0,0.1532,0.055793,0.025161,11.859,2.232,1.51,15.6,29.909,101404.32,194413.79,29.518286,0.987
35002,Bagnolo in Piano,Reggio nell'Emilia,35,44.762967,10.673293,500999694.0,0.152,0.0,0.105922,11.674,0.0,6.355,18.029,34.565,903248.34,1731720.38,36.618436,1.0594
29013,Castelnovo Bariano,Rovigo,29,45.027827,11.287445,13440110.0,0.089,0.0,0.059054,4.002,0.0,3.543,7.545,14.466,10141.14,19442.74,24.853738,1.7181
18160,Torrevecchia Pia,Pavia,18,45.283242,9.29665,30294859.0,0.065,0.0,0.00786,2.135,0.0,0.472,2.606,4.997,7895.86,15138.05,18.961299,3.7946
3083,Landiona,Novara,3,45.496357,8.42308,68365000.0,0.0373,0.0,0.098841,0.703,0.0,5.93,6.633,12.718,45349.43,86944.56,12.08995,0.9506
108049,Villasanta,Monza e della Brianza,108,45.603981,9.300571,43637117.0,0.0572,0.0,0.011251,1.653,0.0,0.675,2.328,4.464,10159.59,19478.12,13.279771,2.9751
63048,Mugnano di Napoli,Napoli,63,40.9093,14.206835,160484865.0,0.1601,0.000661,0.086624,12.951,0.026,5.197,18.175,34.845,291677.88,559208.92,35.751904,1.026
23030,Costermano sul Garda,Verona,23,45.585664,10.739974,11286731.0,0.1649,0.0,0.026216,13.739,0.0,1.573,15.312,29.357,17282.33,33133.93,20.167921,0.687
63033,Frattaminore,Napoli,63,40.95574,14.270948,60493688.0,0.1562,0.0,0.0,12.328,0.0,0.0,12.328,23.635,74574.4,142975.08,35.751904,1.5127
2128,Saluggia,Vercelli,2,45.237554,8.011026,691993681.0,0.0391,0.0,0.130632,0.772,0.0,7.838,8.61,16.508,595832.26,1142337.96,17.175786,1.0405
94023,Isernia,Isernia,94,41.649468,14.208148,467550951.0,0.2679,0.115087,0.010653,36.263,4.603,0.639,41.506,79.575,1940598.46,3720542.58,43.903663,0.5517
5013,Calamandrana,Asti,5,44.737016,8.334154,23323985.0,0.0478,0.001474,0.0,1.154,0.059,0.0,1.213,2.326,2830.15,5425.99,21.748752,9.3488
17089,Limone sul Garda,Brescia,17,45.814119,10.791579,134279039.0,0.1426,0.087292,0.381266,10.274,3.492,22.876,36.642,70.251,492025.86,943318.88,20.48295,0.2916
72022,Giovinazzo,Bari,72,41.187501,16.671666,31055689.0,0.087,0.001183,0.007058,3.824,0.047,0.423,4.295,8.235,13338.84,25573.42,14.160402,1.7196
15226,Turbigo,Milano,15,45.52915,8.736666,97246470.0,0.0377,0.0,0.178079,0.718,0.0,10.685,11.403,21.862,110888.84,212597.64,15.050002,0.6884
93047,Travesio,Pordenone,93,46.196536,12.870994,13924767.0,0.254,0.000446,0.000218,32.598,0.018,0.013,32.628,62.556,45434.4,87107.46,22.312037,0.3567
71001,Accadia,Foggia,71,41.158824,15.33145,9919365.0,0.2106,0.662236,0.0,22.41,26.489,0.0,48.899,93.75,48504.76,92994.0,37.634206,0.4014
30127,Tricesimo,Udine,30,46.160562,13.212536,12077976.0,0.2394,0.000614,0.042357,28.958,0.025,2.541,31.524,60.438,38074.37,72996.73,22.91097,0.3791
60025,Ceprano,Frosinone,60,41.540418,13.512205,10434658.0,0.1608,0.010471,0.023932,13.064,0.419,1.436,14.919,28.603,15567.64,29846.5,34.188464,1.1953
99001,Bellaria-Igea Marina,Rimini,99,44.142108,12.469694,41021800.0,0.1829,0.0,0.291917,16.902,0.0,17.515,34.417,65.985,141185.92,270683.63,28.763441,0.4359
16238,Villa d'Adda,Bergamo,16,45.71398,9.461649,92484613.0,0.0711,0.000759,0.019592,2.554,0.03,1.176,3.76,7.209,34775.06,66671.23,21.203762,2.9413
37015,Castel di Casio,Bologna,37,44.162956,11.035811,85693000.0,0.1903,0.40683,0.033065,18.298,16.273,1.984,36.555,70.083,313248.58,600564.57,38.815968,0.5539
28028,Casalserugo,Padova,28,45.316226,11.913545,131925491.0,0.0681,0.0,0.801106,2.343,0.0,48.066,50.41,96.646,665030.77,1275006.32,17.804557,0.1842
17050,Ceto,Brescia,17,46.002595,10.351963,15163239.0,0.0703,0.050225,0.055315,2.497,2.009,3.319,7.825,15.002,11865.17,22748.07,20.48295,1.3653
87041,San Giovanni la Punta,Catania,87,37.577407,15.094215,35279313.0,0.2258,0.0,0.0,25.761,0.0,0.0,25.761,49.39,90883.62,174243.35,36.827421,0.7457
17101,Malonno,Brescia,17,46.122581,10.319212,19201239.0,0.0591,0.139895,0.051121,1.765,5.596,3.067,10.428,19.992,20022.76,38387.92,20.48295,1.0245
66032,Celano,L'Aquila,66,42.084324,13.546207,7343074.0,0.2593,0.264517,0.0,33.972,10.581,0.0,44.553,85.417,32715.45,62722.52,47.395882,0.5549
12005,Arsago Seprio,Varese,12,45.688158,8.731452,106299183.0,0.0375,0.0,0.0,0.711,0.0,0.0,0.711,1.362,7552.84,14480.4,11.229804,8.2437
108052,Caponago,Monza e della Brianza,108,45.565438,9.375441,309175621.0,0.0642,0.0,0.01981,2.083,0.0,1.189,3.271,6.271,101134.83,193897.12,13.279771,2.1175
15248,Villa Cortese,Milano,15,45.566752,8.888903,120918595.0,0.0386,0.0,0.0,0.753,0.0,0.0,0.753,1.443,9103.02,17452.43,15.050002,10.4273
69059,Paglieta,Chieti,69,42.163039,14.497318,46898936.0,0.0978,0.15177,0.096896,4.833,6.071,5.814,16.717,32.051,78402.46,150314.29,28.116343,0.8772
22129,Novaledo,Trento,22,46.022818,11.366434,268365809.0,0.0888,0.32884,0.0,3.984,13.154,0.0,17.138,32.857,459920.56,881766.14,14.82766,0.4513
37025,Dozza,Bologna,37,44.359391,11.628879,26218102.0,0.2051,0.0,0.066929,21.254,0.0,4.016,25.27,48.448,66253.52,127022.19,38.815968,0.8012
51022,Marciano della Chiana,Arezzo,51,43.305227,11.786366,31563474.0,0.1496,0.061089,0.0,11.308,2.444,0.0,13.751,26.364,43404.29,83215.32,29.518286,1.1196
75036,Lequile,Lecce,75,40.305826,18.140223,36135831.0,0.0495,0.001303,0.010781,1.238,0.052,0.647,1.937,3.714,6999.51,13419.57,14.108941,3.7992
18099,Monticelli Pavese,Pavia,18,45.110731,9.515049,6052236.0,0.0898,0.0,0.388498,4.074,0.0,23.31,27.384,52.502,16573.65,31775.23,18.961299,0.3612
72034,Poggiorsini,Bari,72,40.917126,16.254774,12873648.0,0.1357,0.000383,0.098369,9.304,0.015,5.902,15.222,29.183,19595.78,37569.31,14.160402,0.4852
61077,San Marcellino,Caserta,61,40.986454,14.175332,30720852.0,0.1246,0.0,0.0,7.844,0.0,0.0,7.844,15.039,24098.33,46201.66,28.435248,1.8907
29050,Villanova del Ghebbo,Rovigo,29,45.059183,11.639009,70894903.0,0.0723,0.0,0.0,2.641,0.0,0.0,2.641,5.064,18724.46,35898.79,24.853738,4.9083
98041,Mulazzano,Lodi,98,45.373492,9.397993,8991458.0,0.0617,0.0,0.002726,1.923,0.0,0.164,2.087,4.001,1876.55,3597.76,19.574231,4.892
36038,San Possidonio,Modena,36,44.892089,10.996136,25329319.0,0.1371,0.0,0.086633,9.497,0.0,5.198,14.695,28.174,37221.72,71362.01,36.541065,1.297
18173,Vellezzo Bellini,Pavia,18,45.270665,9.099249,7314858.0,0.0558,0.0,0.0,1.573,0.0,0.0,1.573,3.016,1150.78,2206.29,18.961299,6.2865
54005,Campello sul Clitunno,Perugia,54,42.822868,12.776263,86046569.0,0.2355,0.02464,0.001566,28.022,0.986,0.094,29.102,55.794,250409.12,480087.88,38.922787,0.6976
16111,Gazzaniga,Bergamo,16,45.796642,9.834955,163200142.0,0.1056,0.162998,0.02119,5.634,6.52,1.271,13.426,25.74,219107.47,420075.92,21.203762,0.8238
25029,Limana,Belluno,25,46.102814,12.186303,43506420.0,0.2427,0.002179,0.001815,29.762,0.087,0.109,29.958,57.435,130335.32,249880.71,17.91629,0.3119
48031,Palazzuolo sul Senio,Firenze,48,44.112297,11.54774,17314358.0,0.2086,0.039991,0.02167,21.986,1.6,1.3,24.886,47.711,43088.24,82609.37,35.050589,0.7346
22079,Dro,Trento,22,45.961471,10.91111,30939613.0,0.0975,0.29331,0.007267,4.803,11.732,0.436,16.972,32.538,52509.41,100671.77,14.82766,0.4557
65089,Palomonte,Salerno,65,40.662513,15.291856,46750368.0,0.2051,0.348982,0.0,21.254,13.959,0.0,35.214,67.512,164625.27,315621.88,25.585615,0.379
18065,Frascarolo,Pavia,18,45.046656,8.682044,43928210.0,0.0501,0.0,0.30547,1.268,0.0,18.328,19.596,37.571,86083.55,165040.58,18.961299,0.5047
72014,Capurso,Bari,72,41.05032,16.916742,47297392.0,0.0683,0.0,0.049465,2.357,0.0,2.968,5.325,10.209,25185.37,48285.75,14.160402,1.3871
75037,Leverano,Lecce,75,40.289425,17.999414,34332351.0,0.0507,0.0,0.005342,1.299,0.0,0.321,1.619,3.105,5559.42,10658.59,14.108941,4.5446
69004,Arielli,Chieti,69,42.382444,14.359279,12069347.0,0.1018,0.102936,0.0,5.236,4.117,0.0,9.354,17.933,11289.19,21643.79,28.116343,1.5679
58114,Zagarolo,Roma,58,41.838384,12.83105,13918551.0,0.1707,0.012236,0.0,14.723,0.489,0.0,15.212,29.165,21172.96,40593.1,29.689549,1.018
34026,Palanzano,Parma,34,44.437437,10.194462,5126436.0,0.1897,0.293849,0.018822,18.182,11.754,1.129,31.066,59.56,15925.65,30532.87,33.475863,0.5621
35033,Reggio nell'Emilia,Reggio nell'Emilia,35,44.608664,10.594797,227374659.0,0.1605,0.0,0.049275,13.016,0.0,2.957,15.972,30.622,363167.47,696269.77,36.618436,1.1958
38019,Portomaggiore,Ferrara,38,44.699258,11.804078,80163234.0,0.1531,0.0,0.082423,11.843,0.0,4.945,16.789,32.187,134582.46,258023.37,39.906082,1.2398
32002,Monrupino,Trieste,32,45.717812,13.797445,3344827.0,0.1428,0.0,0.0,10.303,0.0,0.0,10.303,19.754,3446.26,6607.21,23.184655,1.1737
6007,Altavilla Monferrato,Alessandria,6,44.993552,8.375938,15440592.0,0.0416,0.003561,0.014396,0.874,0.142,0.864,1.881,3.605,2903.74,5567.09,20.84217,5.7807
108046,Vedano al Lambro,Monza e della Brianza,108,45.611508,9.275072,26508087.0,0.0544,0.0,0.0,1.495,0.0,0.0,1.495,2.867,3963.64,7599.14,13.279771,4.6324
1098,Cuorgnè,Torino,1,45.38972,7.649817,335190035.0,0.0512,0.000203,0.102625,1.325,0.008,6.157,7.49,14.36,251061.93,481339.45,20.594868,1.4342
60007,Aquino,Frosinone,60,41.491119,13.70471,54842312.0,0.189,0.014144,0.0,18.049,0.566,0.0,18.614,35.688,102084.93,195718.67,34.188464,0.958
84030,Raffadali,Agrigento,84,37.404053,13.532076,14719439.0,0.0611,0.012642,0.0,1.886,0.506,0.0,2.392,4.586,3520.79,6750.11,20.102118,4.3835
21075,Rodengo/Rodeneck,Bolzano/Bozen,21,46.780775,11.689757,8540750.0,0.0482,0.039624,0.0,1.174,1.585,0.0,2.759,5.289,2356.23,4517.39,10.80791,2.0434
28026,Cartura,Padova,28,45.26839,11.85681,41437428.0,0.0645,0.0,0.540337,2.102,0.0,32.42,34.522,66.187,143051.29,274259.93,17.804557,0.269
72003,Alberobello,Bari,72,40.784124,17.237703,46873734.0,0.0663,0.0,0.009866,2.221,0.0,0.592,2.813,5.393,13185.3,25279.04,14.160402,2.6257
71064,Zapponeta,Foggia,71,41.456964,15.956532,60528566.0,0.1339,0.0,0.07079,9.059,0.0,4.247,13.306,25.511,80541.55,154415.38,37.634206,1.4752
18033,Casei Gerola,Pavia,18,45.006146,8.926989,7705561.0,0.0754,0.0,0.047588,2.873,0.0,2.855,5.728,10.981,4413.58,8461.77,18.961299,1.7267
59027,Sermoneta,Latina,59,41.549314,12.984893,65212894.0,0.0866,0.057318,0.004985,3.789,2.293,0.299,6.381,12.234,41612.81,79780.67,21.481102,1.7559
69082,San Martino sulla Marrucina,Chieti,69,42.223373,14.21481,29337392.0,0.1682,0.557417,0.0,14.295,22.297,0.0,36.591,70.153,107349.04,205811.09,28.116343,0.4008
5100,San Marzano Oliveto,Asti,5,44.754021,8.295757,28339343.0,0.0463,0.108866,0.020149,1.083,4.355,1.209,6.647,12.743,18836.33,36113.28,21.748752,1.7067
20063,Solferino,Mantova,20,45.368581,10.566679,37723853.0,0.1507,0.0,0.004042,11.475,0.0,0.243,11.717,22.465,44202.15,84744.98,21.044843,0.9368
4208,Sanfrè,Cuneo,4,44.749384,7.803374,13498740.0,0.0547,0.0,0.000299,1.512,0.0,0.018,1.53,2.933,2064.95,3958.94,16.396584,5.5907
76095,Venosa,Potenza,76,40.961323,15.814863,67296445.0,0.1745,0.000378,0.001422,15.385,0.015,0.085,15.486,29.69,104214.13,199800.79,40.913322,1.378
61095,Vairano Patenora,Caserta,61,41.337019,14.131121,7403477.0,0.1516,0.083929,0.062932,11.612,3.357,3.776,18.745,35.939,13878.06,26607.2,28.435248,0.7912
1240,San Francesco al Campo,Torino,1,45.226467,7.657164,7936499.0,0.0526,0.0,0.008669,1.398,0.0,0.52,1.918,3.677,1522.29,2918.55,20.594868,5.6004
15249,Vanzaghello,Milano,15,45.579253,8.782372,50989336.0,0.0378,0.0,0.022476,0.722,0.0,1.349,2.071,3.97,10557.34,20240.69,15.050002,3.7913
102020,Maierato,Vibo Valentia,102,38.705048,16.19007,95961318.0,0.2696,0.015807,0.01386,36.725,0.632,0.832,38.189,73.216,366461.96,702586.0,39.815188,0.5438
20022,Dosolo,Mantova,20,44.953372,10.637588,187268298.0,0.0861,0.0,0.441248,3.746,0.0,26.475,30.221,57.939,565934.2,1085016.97,21.044843,0.3632
15078,Cisliano,Milano,15,45.444669,8.990243,12586380.0,0.042,0.0,0.0,0.891,0.0,0.0,0.891,1.709,1121.8,2150.74,15.050002,8.8074
19025,Castelleone,Cremona,19,45.293813,9.764302,202866108.0,0.085,0.0,0.0,3.651,0.0,0.0,3.651,6.999,74056.81,141982.75,21.210647,3.0306
76018,Cancellara,Potenza,76,40.730219,15.925769,15246771.0,0.1594,0.036816,0.0,12.838,1.473,0.0,14.311,27.436,21818.97,41831.63,40.913322,1.4912
24016,Bressanvido,Vicenza,24,45.645976,11.632999,219805490.0,0.1616,0.0,0.0,13.195,0.0,0.0,13.195,25.297,290027.3,556044.41,21.315155,0.8426
47003,Buggiano,Pistoia,47,43.899935,10.726569,46236336.0,0.1363,0.097462,0.0,9.387,3.898,0.0,13.285,25.47,61425.45,117765.73,29.709501,1.1664
19077,Pozzaglio ed Uniti,Cremona,19,45.211016,10.0462,6851068.0,0.0882,0.0,0.144739,3.931,0.0,8.684,12.615,24.185,8642.56,16569.63,21.210647,0.877
17049,Cerveno,Brescia,17,46.002509,10.325791,7361295.0,0.0698,0.043232,0.03356,2.462,1.729,2.014,6.205,11.895,4567.35,8756.58,20.48295,1.7219
51037,Subbiano,Arezzo,51,43.574848,11.870369,251378446.0,0.1675,0.06167,0.010293,14.176,2.467,0.618,17.26,33.091,433883.46,831847.45,29.518286,0.892
87039,Riposto,Catania,87,37.73189,15.204221,94604899.0,0.2139,0.003206,0.0,23.117,0.128,0.0,23.246,44.567,219915.25,421624.6,36.827421,0.8263
14003,Andalo Valtellino,Sondrio,14,46.133822,9.473806,26150772.0,0.0465,0.233532,0.018183,1.093,9.341,1.091,11.525,22.095,30138.15,57781.29,12.776609,0.5782
26030,Fregona,Treviso,26,46.000218,12.338962,140369732.0,0.2534,0.002779,0.0,32.444,0.111,0.0,32.555,62.415,456972.2,876113.5,21.139592,0.3387
69096,Treglio,Chieti,69,42.267741,14.425515,68715725.0,0.1029,0.204403,0.0,5.35,8.176,0.0,13.526,25.932,92945.26,178195.95,28.116343,1.0842
75096,Castro,Lecce,75,40.007022,18.425733,14369721.0,0.0677,0.0,0.015266,2.316,0.0,0.916,3.232,6.196,4643.9,8903.35,14.108941,2.2771
18069,Garlasco,Pavia,18,45.197362,8.923746,29622198.0,0.0516,0.0,0.000731,1.345,0.0,0.044,1.389,2.663,4114.98,7889.29,18.961299,7.1195
10011,Casarza Ligure,Genova,10,44.273546,9.449771,42206373.0,0.1154,0.125368,0.01072,6.729,5.015,0.643,12.387,23.748,52279.31,100230.62,24.504626,1.0319
109001,Altidona,Fermo,109,43.109225,13.799878,24200872.0,0.1819,0.09607,0.0,16.718,3.843,0.0,20.561,39.419,49758.81,95398.29,25.228384,0.64
63057,Pomigliano d'Arco,Napoli,63,40.907912,14.386233,177164027.0,0.1718,0.0,0.0,14.913,0.0,0.0,14.913,28.591,264204.06,506535.74,35.751904,1.2504
12076,Germignaga,Varese,12,45.993507,8.724159,2451146.0,0.0407,0.045384,0.450126,0.837,1.815,27.008,29.66,56.864,7270.07,13938.28,11.229804,0.1975
63067,San Giorgio a Cremano,Napoli,63,40.829296,14.334168,90270936.0,0.1682,0.0,0.006522,14.295,0.0,0.391,14.686,28.156,132570.46,254165.95,35.751904,1.2698
20007,Bozzolo,Mantova,20,45.102474,10.483982,8519118.0,0.0777,0.0,0.024032,3.05,0.0,1.442,4.492,8.613,3827.08,7337.33,21.044843,2.4434
25040,Ponte nelle Alpi,Belluno,25,46.16178,12.298805,85238870.0,0.236,0.004251,0.0,28.141,0.17,0.0,28.311,54.279,241321.27,462664.53,17.91629,0.3301
64077,Quindici,Avellino,64,40.863313,14.647539,9146552.0,0.1746,0.687147,0.048367,15.403,27.486,2.902,45.791,87.791,41882.91,80298.5,37.737871,0.4299
21002,Andriano/Andrian,Bolzano/Bozen,21,46.517616,11.231373,2938829.0,0.0484,0.000156,0.0,1.184,0.006,0.0,1.19,2.281,349.68,670.4,10.80791,4.7378
17010,Bagolino,Brescia,17,45.823561,10.462731,37156376.0,0.1258,0.277295,0.027713,7.996,11.092,1.663,20.751,39.784,77102.05,147821.14,20.48295,0.5149
1006,Almese,Torino,1,45.116876,7.39455,366880569.0,0.098,0.066028,4e-06,4.853,2.641,0.0,7.494,14.367,274936.9,527112.88,20.594868,1.4334
3065,Fara Novarese,Novara,3,45.555159,8.458941,23774897.0,0.0375,0.0,2e-06,0.711,0.0,0.0,0.711,1.362,1689.55,3239.24,12.08995,8.8736
93028,Morsano al Tagliamento,Pordenone,93,45.858141,12.929336,15486674.0,0.1132,0.0,0.0,6.475,0.0,0.0,6.475,12.413,10026.95,19223.8,22.312037,1.7975
89002,Avola,Siracusa,89,36.909516,15.135001,30645613.0,0.2108,0.037206,0.004916,22.452,1.488,0.295,24.235,46.464,74270.86,142393.13,32.507353,0.6996
4086,Farigliano,Cuneo,4,44.512031,7.914245,156304023.0,0.0578,2.2e-05,0.061534,1.688,0.001,3.692,5.381,10.316,84106.0,161249.2,16.396584,1.5894
73012,Manduria,Taranto,73,40.401825,17.633511,50680162.0,0.0541,0.000666,0.017505,1.479,0.027,1.05,2.556,4.9,12952.58,24832.87,15.194153,3.1009
18117,Ponte Nizza,Pavia,18,44.851548,9.097243,6829832.0,0.0962,0.132363,0.016644,4.676,5.295,0.999,10.969,21.03,7491.7,14363.2,18.961299,0.9016
50022,Montopoli in Val d'Arno,Pisa,50,43.670299,10.760832,75315923.0,0.1276,0.008225,0.204534,8.227,0.329,12.272,20.828,39.931,156865.09,300743.96,28.10564,0.7039
5117,Villafranca d'Asti,Asti,5,44.91329,8.032501,18215912.0,0.0426,0.063896,0.038242,0.917,2.556,2.295,5.767,11.057,10505.65,20141.57,21.748752,1.9669
24001,Agugliaro,Vicenza,24,45.325389,11.584203,10438343.0,0.0842,0.0,0.095589,3.582,0.0,5.735,9.317,17.864,9725.9,18646.63,21.315155,1.1932
2032,Carisio,Vercelli,2,45.40936,8.199027,77971029.0,0.0377,0.0,0.115431,0.718,0.0,6.926,7.644,14.655,59600.94,114267.76,17.175786,1.172
96041,Occhieppo Superiore,Biella,96,45.565062,8.001319,32087320.0,0.043,0.040241,0.044928,0.934,1.61,2.696,5.24,10.045,16812.32,32232.81,19.06674,1.8981
93013,Chions,Pordenone,93,45.847186,12.711062,73997630.0,0.134,0.0,0.139204,9.073,0.0,8.352,17.425,33.407,128938.99,247203.63,22.312037,0.6679
67038,Sant'Egidio alla Vibrata,Teramo,67,42.821048,13.717891,165067571.0,0.1769,0.034947,0.027482,15.812,1.398,1.649,18.858,36.155,311289.51,596808.62,27.38232,0.7574
4043,Carrù,Cuneo,4,44.481035,7.874437,21341597.0,0.0629,0.027155,0.046566,1.999,1.086,2.794,5.879,11.272,12547.13,24055.53,16.396584,1.4547
82054,Partinico,Palermo,82,38.043896,13.119821,147978810.0,0.1741,0.005772,0.006765,15.315,0.231,0.406,15.952,30.583,236051.59,452561.42,29.57954,0.9672
1055,Caprie,Torino,1,45.118845,7.331914,201525564.0,0.1206,0.056006,0.011753,7.349,2.24,0.705,10.294,19.736,207453.42,397732.61,20.594868,1.0435
90029,Florinas,Sassari,90,40.649561,8.665116,49301899.0,0.0,0.160233,0.004987,0.0,6.409,0.299,6.709,12.862,33074.38,63410.66,12.837123,0.9981
21070,Racines/Ratschings,Bolzano/Bozen,21,46.880128,11.376056,42164416.0,0.0402,0.000472,0.000321,0.817,0.019,0.019,0.855,1.639,3603.65,6908.96,10.80791,6.5959
78114,San Demetrio Corone,Cosenza,78,39.569899,16.361492,33407733.0,0.2708,0.004647,0.033437,37.052,0.186,2.006,39.244,75.24,131106.58,251359.38,50.996071,0.6778
108038,Ronco Briantino,Monza e della Brianza,108,45.667563,9.400698,42056608.0,0.0654,0.0,0.0,2.161,0.0,0.0,2.161,4.143,9088.82,17425.21,13.279771,3.2051
15236,Vernate,Milano,15,45.316147,9.060968,56986557.0,0.0502,0.0,0.0,1.273,0.0,0.0,1.273,2.441,7256.0,13911.31,15.050002,6.1651
14056,Rogolo,Sondrio,14,46.135746,9.487317,24639189.0,0.0465,0.29979,0.001899,1.093,11.992,0.114,13.198,25.303,32518.91,62345.72,12.776609,0.5049
12136,Venegono Inferiore,Varese,12,45.738376,8.901107,67561549.0,0.0385,0.0,0.000191,0.749,0.0,0.011,0.76,1.458,5137.29,9849.28,11.229804,7.7031
62012,Calvi,Benevento,62,41.071619,14.865241,35869770.0,0.2576,0.006731,0.009965,33.528,0.269,0.598,34.395,65.943,123375.05,236536.37,40.937916,0.6208
13135,Luisago,Como,13,45.762877,9.035438,38939988.0,0.0399,0.0,0.008891,0.804,0.0,0.533,1.338,2.565,5209.56,9987.85,12.029442,4.69
69062,Palombaro,Chieti,69,42.124836,14.230613,10575281.0,0.1719,0.472355,0.0,14.93,18.894,0.0,33.825,64.849,35770.39,68579.49,28.116343,0.4336
49003,Campo nell'Elba,Livorno,49,42.758772,10.19897,4173295.0,0.0291,0.013139,0.121579,0.428,0.526,7.295,8.248,15.813,3442.2,6599.44,23.707966,1.4992
1301,Villanova Canavese,Torino,1,45.242575,7.554506,47270470.0,0.0587,0.0,0.096134,1.741,0.0,5.768,7.509,14.396,35495.49,68052.45,20.594868,1.4306
6014,Belforte Monferrato,Alessandria,6,44.625046,8.661251,12052378.0,0.0744,0.018471,0.035281,2.797,0.739,2.117,5.653,10.837,6812.62,13061.26,20.84217,1.9232
89001,Augusta,Siracusa,89,37.236936,15.219658,296770812.0,0.237,0.001582,0.003905,28.38,0.063,0.234,28.678,54.981,851070.62,1631684.52,32.507353,0.5912
2054,Desana,Vercelli,2,45.268822,8.356728,12305155.0,0.0365,0.0,0.001423,0.673,0.0,0.085,0.759,1.454,933.37,1789.46,17.175786,11.8108
63038,Lacco Ameno,Napoli,63,40.75097,13.89006,106320851.0,0.151,0.265866,0.061663,11.521,10.635,3.7,25.855,49.569,274891.77,527026.35,35.751904,0.7212
18169,Valle Salimbene,Pavia,18,45.171612,9.234493,9798119.0,0.0765,0.0,0.182873,2.957,0.0,10.972,13.929,26.705,13648.1,26166.33,18.961299,0.71
15165,Ozzero,Milano,15,45.365848,8.924514,9782876.0,0.0432,0.0,0.004126,0.943,0.0,0.248,1.191,2.282,1164.65,2232.89,15.050002,6.5938
5059,Isola d'Asti,Asti,5,44.829367,8.177452,53487809.0,0.0426,0.039378,0.018299,0.917,1.575,1.098,3.59,6.883,19202.08,36814.49,21.748752,3.1599
7005,Arvier,Valle d'Aosta/Vallée d'Aoste,7,45.702451,7.166471,622956.0,0.1042,0.89382,0.055999,5.486,35.753,3.36,44.599,85.505,2778.3,5326.6,17.572597,0.2055
48008,Capraia e Limite,Firenze,48,43.759563,10.9997,16499445.0,0.1247,0.188754,0.080872,7.857,7.55,4.852,20.259,38.842,33426.83,64086.39,35.050589,0.9024
64035,Frigento,Avellino,64,41.011319,15.099747,34398810.0,0.27,0.052071,0.003334,36.834,2.083,0.2,39.117,74.995,134556.33,257973.27,37.737871,0.5032
18051,Codevilla,Pavia,18,44.963288,9.057385,52958471.0,0.0888,0.076359,0.0,3.984,3.054,0.0,7.039,13.494,37275.26,71464.64,18.961299,1.4051
1148,Mazzè,Torino,1,45.300255,7.932723,15193603.0,0.0409,0.003414,0.096111,0.845,0.137,5.767,6.748,12.938,10253.3,19657.76,20.594868,1.5918
25001,Agordo,Belluno,25,46.282147,12.034981,1497090498.0,0.133,0.063823,0.0,8.938,2.553,0.0,11.491,22.03,1720234.83,3298058.34,17.91629,0.8133
75095,San Cassiano,Lecce,75,40.056287,18.333936,6355017.0,0.0594,0.0,6e-06,1.783,0.0,0.0,1.783,3.419,1133.17,2172.53,14.108941,4.1271
45008,Fosdinovo,Massa-Carrara,45,44.13382,10.018869,10130482.0,0.1541,0.066808,0.001534,11.998,2.672,0.092,14.763,28.303,14955.38,28672.66,30.748861,1.0864
48049,Vicchio,Firenze,48,43.933235,11.46529,45120647.0,0.1988,0.223675,0.019262,19.969,8.947,1.156,30.071,57.653,135684.32,260135.88,35.050589,0.608
12073,Gazzada Schianno,Varese,12,45.781043,8.832404,261073395.0,0.0381,0.0,0.013229,0.733,0.0,0.794,1.527,2.928,39870.74,76440.74,11.229804,3.8354
19012,Capergnanica,Cremona,19,45.337572,9.64336,255205677.0,0.0793,0.0,0.0,3.177,0.0,0.0,3.177,6.092,81087.58,155462.24,21.210647,3.4819
63009,Boscotrecase,Napoli,63,40.77431,14.462036,186554975.0,0.1542,0.041417,0.046273,12.014,1.657,2.776,16.447,31.532,306827.44,588253.87,35.751904,1.1338
111075,Senorbì,Sud Sardegna,111,39.535044,9.130141,2765190.0,0.0,0.0,0.0,0.0,0.0,0.0,0.0,0.0,0.0,0.0,15.448131,
17033,Calvagese della Riviera,Brescia,17,45.54004,10.445833,76333248.0,0.1589,0.0,0.007562,12.757,0.0,0.454,13.211,25.329,100845.5,193342.41,20.48295,0.8087
68043,Torre de' Passeri,Pescara,68,42.241891,13.930967,21667056.0,0.2106,0.271191,0.0,22.41,10.848,0.0,33.257,63.761,72058.68,138151.91,27.533978,0.4318
17055,Cividate Camuno,Brescia,17,45.942493,10.277462,516786485.0,0.0763,0.01573,0.231493,2.941,0.629,13.89,17.46,33.475,902322.92,1729946.16,20.48295,0.6119
46002,Bagni di Lucca,Lucca,46,44.009982,10.590633,13940915.0,0.1842,0.32054,0.013044,17.143,12.822,0.783,30.748,58.95,42865.02,82181.42,29.45658,0.4997
59022,Rocca Massima,Latina,59,41.679415,12.919415,15886467.0,0.146,0.089471,0.0,10.77,3.579,0.0,14.349,27.51,22795.54,43703.93,21.481102,0.7808
76094,Vaglio Basilicata,Potenza,76,40.665873,15.92007,41503754.0,0.184,0.039517,0.008022,17.106,1.581,0.481,19.168,36.75,79555.18,152524.31,40.913322,1.1133
17129,Padenghe sul Garda,Brescia,17,45.509584,10.506376,68677652.0,0.1584,0.000501,0.647267,12.677,0.02,38.836,51.533,98.801,353919.26,678538.97,20.48295,0.2073
73021,Palagiano,Taranto,73,40.578224,17.037395,20774764.0,0.1465,0.0,0.216772,10.844,0.0,13.006,23.85,45.726,49548.65,94995.37,15.194153,0.3323
16010,Antegnate,Bergamo,16,45.486477,9.79146,63463250.0,0.1254,0.0,0.0,7.945,0.0,0.0,7.945,15.233,50423.74,96673.09,21.203762,1.392
33001,Agazzano,Piacenza,33,44.94437,9.517685,332743421.0,0.0988,0.068042,0.063958,4.932,2.722,3.837,11.491,22.031,382363.98,733073.59,28.260932,1.2828
80065,Rizziconi,Reggio di Calabria,80,38.411996,15.95924,49062034.0,0.2685,0.001776,0.080031,36.426,0.071,4.802,41.298,79.178,202618.63,388463.29,48.652369,0.6145
83066,Patti,Messina,83,38.138901,14.964816,63644381.0,0.1966,0.018417,0.0,19.529,0.737,0.0,20.266,38.854,128981.0,247284.18,44.663628,1.1495
18120,Redavalle,Pavia,18,45.037446,9.203918,32952181.0,0.0918,0.067152,0.0,4.258,2.686,0.0,6.944,13.313,22882.17,43870.02,18.961299,1.4242
20012,Casalromano,Mantova,20,45.200675,10.369378,46616637.0,0.0935,0.0,0.083223,4.417,0.0,4.993,9.411,18.042,43868.66,84105.62,21.044843,1.1664
22143,Pinzolo,Trento,22,46.161732,10.765004,83139724.0,0.056,0.15319,0.0,1.585,6.128,0.0,7.712,14.786,64118.23,122928.37,14.82766,1.0028
17120,Nuvolera,Brescia,17,45.532183,10.369172,54218199.0,0.1589,0.000883,0.026116,12.757,0.035,1.567,14.36,27.531,77856.12,149266.84,20.48295,0.744
80049,Melicucco,Reggio di Calabria,80,38.433713,16.060471,7368089.0,0.2666,0.012692,0.056553,35.912,0.508,3.393,39.813,76.33,29334.37,56240.26,48.652369,0.6374
77011,Grassano,Matera,77,40.63262,16.282778,18023474.0,0.1647,0.086066,0.04675,13.706,3.443,2.805,19.953,38.255,35963.06,68948.87,22.969725,0.6004
63091,Trecase,Napoli,63,40.770891,14.439651,16266831.0,0.148,0.02083,0.073422,11.067,0.833,4.405,16.306,31.262,26524.38,50852.91,35.751904,1.1436
72023,Gravina in Puglia,Bari,72,40.819725,16.422779,302593803.0,0.1085,0.007255,0.068516,5.948,0.29,4.111,10.349,19.842,313161.72,600398.03,14.160402,0.7137
20052,Roncoferraro,Mantova,20,45.135929,10.951354,50542433.0,0.0873,0.0,0.037354,3.851,0.0,2.241,6.092,11.68,30790.44,59031.85,21.044843,1.8018
21079,San Genesio Atesino/Jenesien,Bolzano/Bozen,21,46.535035,11.331384,23757807.0,0.0501,0.023153,0.0,1.268,0.926,0.0,2.194,4.207,5213.26,9994.94,10.80791,2.569
16077,Clusone,Bergamo,16,45.887088,9.949656,51196539.0,0.0862,0.013879,0.004561,3.754,0.555,0.274,4.583,8.787,23464.13,44985.76,21.203762,2.4131
9034,Loano,Savona,9,44.128754,8.259371,40982847.0,0.102,0.060504,0.02174,5.257,2.42,1.304,8.981,17.219,36808.0,70568.81,24.791781,1.4398
82023,Casteldaccia,Palermo,82,38.054118,13.530226,18258941.0,0.1802,0.093798,0.015762,16.407,3.752,0.946,21.105,40.462,38534.7,73879.27,29.57954,0.731
102017,Ionadi,Vibo Valentia,102,38.636334,16.059571,51275694.0,0.268,0.008448,0.0076,36.29,0.338,0.456,37.084,71.098,190150.48,364559.17,39.815188,0.56
14069,Traona,Sondrio,14,46.14962,9.525796,9779740.0,0.0493,0.007123,0.060695,1.228,0.285,3.642,5.155,9.883,5041.12,9664.91,12.776609,1.2928
12083,Induno Olona,Varese,12,45.852448,8.839608,501553578.0,0.0382,0.01076,0.021372,0.737,0.43,1.282,2.45,4.697,122881.64,235590.4,11.229804,2.3907
1228,Rosta,Torino,1,45.067945,7.465117,193545577.0,0.0862,0.0,0.061118,3.754,0.0,3.667,7.421,14.228,143638.06,275384.9,20.594868,1.4474
37055,San Pietro in Casale,Bologna,37,44.699052,11.402926,197822020.0,0.1574,0.0,0.762293,12.518,0.0,45.738,58.255,111.688,1152419.17,2209434.19,38.815968,0.3475
21108,Valle Aurina/Ahrntal,Bolzano/Bozen,21,46.988356,11.942898,66753193.0,0.0439,0.0,0.0,0.974,0.0,0.0,0.974,1.867,6500.08,12462.04,10.80791,5.7893
4110,Limone Piemonte,Cuneo,4,44.202726,7.576336,33735677.0,0.1427,0.034582,0.00983,10.289,1.383,0.59,12.262,23.509,41366.35,79308.15,16.396584,0.6975
15134,Marcallo con Casone,Milano,15,45.48722,8.873276,215499762.0,0.039,0.0,0.0,0.769,0.0,0.0,0.769,1.473,16561.27,31751.5,15.050002,10.2145
8059,Taggia,Imperia,8,43.869607,7.836458,37610754.0,0.1571,0.065477,0.029107,12.47,2.619,1.746,16.836,32.277,63319.97,121397.93,29.468433,0.913
33045,Vigolzone,Piacenza,33,44.914662,9.669368,31590571.0,0.1034,0.12236,0.072115,5.402,4.894,4.327,14.623,28.036,46196.0,88567.62,28.260932,1.008
4223,Sommariva Perno,Cuneo,4,44.745642,7.900633,30798849.0,0.0506,1.8e-05,0.010071,1.294,0.001,0.604,1.899,3.64,5847.58,11211.06,16.396584,4.5044
56049,Sutri,Viterbo,56,42.247023,12.215067,47767385.0,0.0815,0.002089,0.0,3.356,0.084,0.0,3.44,6.595,16430.28,31500.36,19.086634,2.8943
20016,Castellucchio,Mantova,20,45.147276,10.648485,213931842.0,0.0871,0.0,0.005594,3.833,0.0,0.336,4.169,7.992,89183.34,170983.55,21.044843,2.6331
111106,Villasor,Sud Sardegna,111,39.380439,8.942839,218924643.0,0.0,0.0,0.118267,0.0,0.0,7.096,7.096,13.605,155349.36,297837.98,15.448131,1.1355
100001,Cantagallo,Prato,100,44.022193,11.079774,132175397.0,0.1941,0.087903,0.004887,19.036,3.516,0.293,22.845,43.799,301955.14,578912.62,30.888404,0.7052
22022,Borgo Valsugana,Trento,22,46.053346,11.4566,1463851405.0,0.0899,0.249113,0.000771,4.084,9.965,0.046,14.094,27.022,2063199.29,3955594.61,14.82766,0.5487
30009,Basiliano,Udine,30,46.016319,13.107126,340467551.0,0.1693,0.0,0.0,14.482,0.0,0.0,14.482,27.765,493068.52,945317.88,22.91097,0.8252
17171,San Felice del Benaco,Brescia,17,45.589546,10.551733,249692226.0,0.1588,0.0,0.663577,12.741,0.0,39.815,52.556,100.761,1312284.05,2515929.37,20.48295,0.2033
30066,Osoppo,Udine,30,46.255978,13.08086,1212329728.0,0.2592,0.017694,0.078376,33.946,0.708,4.703,39.356,75.454,4771274.38,9147554.14,22.91097,0.3036
6009,Arquata Scrivia,Alessandria,6,44.687845,8.885338,55363436.0,0.0931,0.001134,0.07306,4.379,0.045,4.384,8.808,16.888,48766.24,93495.32,20.84217,1.2342
79009,Belcastro,Catanzaro,79,39.017992,16.786408,1800297.0,0.2107,0.002705,0.025414,22.431,0.108,1.525,24.064,46.136,4332.22,8305.8,52.451966,1.1369
17151,Pozzolengo,Brescia,17,45.40597,10.631373,56829346.0,0.1554,0.0,0.029843,12.202,0.0,1.791,13.992,26.826,79517.1,152451.31,20.48295,0.7635
54041,Pietralunga,Perugia,54,43.442205,12.437194,51764340.0,0.2293,0.102582,0.0,26.566,4.103,0.0,30.669,58.8,158757.37,304371.85,38.922787,0.662
62041,Molinara,Benevento,62,41.29063,14.910343,22032936.0,0.2357,0.265958,0.0,28.07,10.638,0.0,38.708,74.211,85284.99,163509.59,40.937916,0.5516
41021,Isola del Piano,Pesaro e Urbino,41,43.737761,12.784057,75565512.0,0.1807,0.029993,0.0,16.498,1.2,0.0,17.698,33.931,133734.48,256397.63,24.621765,0.7257
42025,Monsano,Ancona,42,43.562561,13.25007,58292210.0,0.1844,0.096911,0.0,17.181,3.876,0.0,21.057,40.371,122746.4,235331.12,27.781362,0.6882
17193,Vallio Terme,Brescia,17,45.610193,10.390175,14872896.0,0.1573,0.066125,0.004612,12.502,2.645,0.277,15.424,29.57,22939.35,43979.64,20.48295,0.6927
98021,Cornegliano Laudense,Lodi,98,45.286169,9.487957,11573256.0,0.0695,0.0,0.0,2.441,0.0,0.0,2.441,4.679,2824.51,5415.19,19.574231,4.1834
62061,San Lorenzello,Benevento,62,41.277366,14.542832,27282631.0,0.2579,0.289441,0.017182,33.606,11.578,1.031,46.215,88.604,126086.22,241734.26,40.937916,0.462
22025,Brentonico,Trento,22,45.818774,10.956013,45813796.0,0.144,0.171361,0.0,10.477,6.854,0.0,17.332,33.228,79402.53,152231.65,14.82766,0.4462
21086,Sarentino/Sarntal,Bolzano/Bozen,21,46.695259,11.387379,11808844.0,0.0457,0.0,0.00158,1.055,0.0,0.095,1.15,2.205,1358.06,2603.69,10.80791,4.9018
30123,Torviscosa,Udine,30,45.822216,13.276933,96582019.0,0.1078,0.0,0.026123,5.872,0.0,1.567,7.439,14.262,71847.0,137746.08,22.91097,1.6064
70002,Baranello,Campobasso,70,41.526026,14.559428,24347824.0,0.2489,0.04185,0.007491,31.302,1.674,0.449,33.425,64.083,81382.9,156028.44,35.851049,0.5594
31025,Villesse,Gorizia,31,45.863908,13.44023,164069971.0,0.1519,0.0,0.45574,11.658,0.0,27.344,39.003,74.776,639916.28,1226856.47,23.340869,0.3121
21042,Lasa/Laas,Bolzano/Bozen,21,46.616614,10.700159,26319575.0,0.073,0.0,0.0,2.693,0.0,0.0,2.693,5.162,7086.67,13586.66,10.80791,2.0937
13242,Vertemate con Minoprio,Como,13,45.728215,9.078415,61465727.0,0.041,0.000543,0.033237,0.849,0.022,1.994,2.865,5.493,17611.7,33765.39,12.029442,2.1898
13100,Fenegrò,Como,13,45.701637,8.999679,10794661.0,0.0394,0.0,0.0,0.784,0.0,0.0,0.784,1.504,846.68,1623.27,12.029442,7.9995
13003,Albavilla,Como,13,45.803117,9.188483,82652170.0,0.0439,0.051814,0.000218,0.974,2.073,0.013,3.059,5.866,25286.51,48479.65,12.029442,2.0509
42019,Filottrano,Ancona,42,43.436659,13.354474,65493848.0,0.1839,0.121823,0.0,17.088,4.873,0.0,21.961,42.103,143827.9,275748.87,27.781362,0.6598
72018,Cellamare,Bari,72,41.019333,16.928288,5391351.0,0.0681,0.0,0.0,2.343,0.0,0.0,2.343,4.492,1263.31,2422.03,14.160402,3.1521
54035,Norcia,Perugia,54,42.792412,13.092928,11984688.0,0.2549,0.040319,0.000283,32.829,1.613,0.017,34.459,66.065,41297.69,79176.52,38.922787,0.5892
69065,Perano,Chieti,69,42.103137,14.394017,7146899.0,0.1267,0.058297,0.0,8.111,2.332,0.0,10.443,20.021,7463.37,14308.88,28.116343,1.4043
96065,Strona,Biella,96,45.616565,8.169122,47620641.0,0.0412,0.013348,0.018339,0.858,0.534,1.1,2.492,4.778,11866.65,22750.91,19.06674,3.9909
96068,Tollegno,Biella,96,45.593049,8.051676,106183444.0,0.0426,0.007829,0.068835,0.917,0.313,4.13,5.36,10.277,56916.36,109120.84,19.06674,1.8553
96063,Sordevolo,Biella,96,45.573638,7.974245,23437571.0,0.0436,0.00714,0.005689,0.96,0.286,0.341,1.587,3.043,3720.54,7133.07,19.06674,6.2649
79127,Sellia Marina,Catanzaro,79,38.899625,16.74433,64852525.0,0.2048,0.020428,0.075252,21.192,0.817,4.515,26.525,50.853,172018.16,329795.63,52.451966,1.0314
4041,Caramagna Piemonte,Cuneo,4,44.782241,7.739429,135858851.0,0.06,0.0,0.069156,1.819,0.0,4.149,5.968,11.443,81084.74,155456.8,16.396584,1.433
3043,Castelletto sopra Ticino,Novara,3,45.712169,8.642977,23337627.0,0.0377,0.004219,0.0749,0.718,0.169,4.494,5.381,10.316,12557.71,24075.82,12.08995,1.1719
19088,San Bassano,Cremona,19,45.243546,9.807876,146394416.0,0.0795,0.0,0.0,3.193,0.0,0.0,3.193,6.122,46749.44,89628.68,21.210647,3.4644
36028,Novi di Modena,Modena,36,44.893439,10.901254,51054324.0,0.1359,0.0,0.065124,9.332,0.0,3.907,13.239,25.382,67591.07,129586.55,36.541065,1.4396
10006,Busalla,Genova,10,44.573483,8.9433,51177307.0,0.0893,0.047811,0.031466,4.029,1.912,1.888,7.83,15.011,40069.87,76822.51,24.504626,1.6324
87055,Zafferana Etnea,Catania,87,37.693285,15.10646,11833864.0,0.2246,0.0,0.0,25.488,0.0,0.0,25.488,48.866,30162.25,57827.49,36.827421,0.7536
75094,Zollino,Lecce,75,40.206006,18.250589,26238505.0,0.0537,0.0,0.0,1.457,0.0,0.0,1.457,2.793,3823.01,7329.53,14.108941,5.0508
76007,Avigliano,Potenza,76,40.729718,15.720264,11192701.0,0.1859,0.069197,0.0,17.461,2.768,0.0,20.229,38.784,22641.91,43409.39,40.913322,1.0549
13201,Rovellasca,Como,13,45.669411,9.050151,16876799.0,0.0409,0.0,0.020253,0.845,0.0,1.215,2.06,3.95,3477.28,6666.69,12.029442,3.0453
18135,San Genesio ed Uniti,Pavia,18,45.234765,9.178551,21502766.0,0.0635,0.0,0.0,2.037,0.0,0.0,2.037,3.906,4380.86,8399.05,18.961299,4.8544
13022,Beregazzo con Figliaro,Como,13,45.771006,8.958279,14476478.0,0.0389,0.0,0.037161,0.765,0.0,2.23,2.994,5.741,4334.59,8310.34,12.029442,2.0955
97076,Sirtori,Lecco,97,45.736579,9.330845,15128069.0,0.0548,2e-06,0.0,1.517,0.0,0.0,1.517,2.909,2295.54,4401.04,14.425007,4.9584
30133,Villa Santina,Udine,30,46.414096,12.920748,19400426.0,0.2305,0.175432,0.002374,26.845,7.017,0.142,34.004,65.194,65970.14,126478.87,22.91097,0.3514
4147,Narzole,Cuneo,4,44.595438,7.869835,2564258.0,0.0578,0.241574,0.022884,1.688,9.663,1.373,12.724,24.395,3262.76,6255.41,16.396584,0.6721
26060,Portobuffolè,Treviso,26,45.853838,12.538337,21930677.0,0.1633,0.0,0.0,13.474,0.0,0.0,13.474,25.832,29548.95,56651.66,21.139592,0.8183
69030,Fara Filiorum Petri,Chieti,69,42.248697,14.185918,87902983.0,0.1703,0.184411,0.005313,14.654,7.376,0.319,22.349,42.848,196453.56,376643.53,28.116343,0.6562
63054,Pimonte,Napoli,63,40.673608,14.509838,25949486.0,0.1075,0.716325,0.021381,5.839,28.653,1.283,35.775,68.588,92833.79,177982.24,35.751904,0.5213
53018,Orbetello,Grosseto,53,42.438094,11.210743,25475923.0,0.0472,0.25743,0.298672,1.126,10.297,17.92,29.343,56.257,74754.42,143320.23,19.796812,0.3519
62056,Reino,Benevento,62,41.291903,14.823823,10459324.0,0.2585,0.351995,0.018316,33.763,14.08,1.099,48.942,93.831,51189.59,98141.39,40.937916,0.4363
11013,Follo,La Spezia,11,44.172831,9.832864,135703106.0,0.133,0.046901,0.083486,8.938,1.876,5.009,15.823,30.336,214720.31,411664.79,28.212129,0.93
4116,Manta,Cuneo,4,44.615872,7.48702,23100694.0,0.1223,0.032964,0.000652,7.557,1.319,0.039,8.915,17.092,20594.38,39483.83,16.396584,0.9593
56011,Canepina,Viterbo,56,42.380961,12.233652,12099121.0,0.1149,0.000185,0.0,6.67,0.007,0.0,6.678,12.803,8079.66,15490.44,19.086634,1.4908
4096,Genola,Cuneo,4,44.588936,7.66453,71573537.0,0.0806,0.0,0.022695,3.282,0.0,1.362,4.644,8.904,33239.26,63726.78,16.396584,1.8416
76002,Acerenza,Potenza,76,40.792121,15.936568,34969878.0,0.1337,0.070897,0.028878,9.032,2.836,1.733,13.6,26.075,47560.74,91184.12,40.913322,1.5691
82004,Altavilla Milicia,Palermo,82,38.042734,13.550893,32791050.0,0.1801,0.088882,0.010422,16.389,3.555,0.625,20.569,39.436,67448.96,129314.1,29.57954,0.7501
83098,Torregrotta,Messina,83,38.191637,15.352439,10287160.0,0.1644,0.0,0.0,13.656,0.0,0.0,13.656,26.181,14048.07,26933.16,44.663628,1.7059
14039,Mantello,Sondrio,14,46.152491,9.488941,17907792.0,0.0468,0.074265,0.134721,1.107,2.971,8.083,12.161,23.314,21776.78,41750.76,12.776609,0.548
65146,Teggiano,Salerno,65,40.379209,15.540465,160368275.0,0.1838,0.121387,0.005797,17.069,4.855,0.348,22.272,42.701,357177.39,684785.5,25.585615,0.5992
18113,Pieve del Cairo,Pavia,18,45.049957,8.804146,7921017.0,0.0577,0.0,0.166289,1.682,0.0,9.977,11.66,22.354,9235.52,17706.46,18.961299,0.8482
4225,Tarantasca,Cuneo,4,44.493679,7.543677,33779526.0,0.115,0.0,0.0,6.682,0.0,0.0,6.682,12.811,22571.83,43275.04,16.396584,1.2799
16093,Endine Gaiano,Bergamo,16,45.792486,9.969058,36720473.0,0.1083,0.003909,0.0,5.926,0.156,0.0,6.083,11.662,22335.36,42821.67,21.203762,1.8183
65046,Contursi Terme,Salerno,65,40.649513,15.239355,7733163.0,0.1796,0.304776,0.031389,16.298,12.191,1.883,30.372,58.23,23487.34,45030.26,25.585615,0.4394
75044,Melissano,Lecce,75,39.971065,18.125779,41172636.0,0.0574,0.006117,0.051811,1.665,0.245,3.109,5.018,9.621,20660.68,39610.94,14.108941,1.4665
5058,Incisa Scapaccino,Asti,5,44.808456,8.373444,14189596.0,0.0485,0.081918,0.00053,1.189,3.277,0.032,4.497,8.622,6381.1,12233.93,21.748752,2.5225
67027,Montefino,Teramo,67,42.54432,13.884238,8725741.0,0.1791,0.29019,0.008184,16.207,11.608,0.491,28.306,54.268,24698.97,47353.21,27.38232,0.5046
12137,Venegono Superiore,Varese,12,45.751383,8.90476,31708282.0,0.0385,0.0,0.001612,0.749,0.0,0.097,0.846,1.621,2681.4,5140.82,11.229804,6.9265
87009,Bronte,Catania,87,37.78716,14.833845,226547197.0,0.1516,0.002111,0.0,11.612,0.084,0.0,11.697,22.425,264985.03,508033.01,36.827421,1.6422
64110,Torre Le Nocelle,Avellino,64,41.023118,14.909343,10410944.0,0.2514,0.021504,0.012929,31.934,0.86,0.776,33.57,64.36,34949.04,67004.79,37.737871,0.5864
16108,Gandino,Bergamo,16,45.811533,9.903118,165852779.0,0.1013,0.103636,0.05656,5.185,4.145,3.394,12.724,24.394,211029.32,404588.36,21.203762,0.8692
4170,Pocapaglia,Cuneo,4,44.715241,7.882933,10659389.0,0.0526,0.020978,0.000474,1.398,0.839,0.028,2.266,4.343,2414.89,4629.85,16.396584,3.775
98055,Sordio,Lodi,98,45.341143,9.365693,46232162.0,0.0615,0.0,0.0,1.911,0.0,0.0,1.911,3.664,8835.11,16938.8,19.574231,5.3425
5066,Mombercelli,Asti,5,44.81771,8.294669,5273747.0,0.0447,0.038097,0.052995,1.01,1.524,3.18,5.713,10.953,3012.97,5776.5,21.748752,1.9856
58072,Nettuno,Roma,58,41.457538,12.661425,28507222.0,0.0846,0.001448,0.0,3.616,0.058,0.0,3.674,7.044,10474.04,20080.97,29.689549,4.2148
18141,Sant'Alessio con Vialone,Pavia,18,45.224687,9.229855,22021309.0,0.0702,0.0,0.019263,2.49,0.0,1.156,3.646,6.99,8028.39,15392.14,18.961299,2.7128
18035,Cassolnovo,Pavia,18,45.36556,8.810088,53778702.0,0.0404,0.0,0.164777,0.825,0.0,9.887,10.711,20.536,57603.93,110439.06,18.961299,0.9233
17025,Bovezzo,Brescia,17,45.593137,10.24348,688317193.0,0.1484,0.01488,0.00246,11.127,0.595,0.148,11.87,22.757,817031.7,1566424.62,20.48295,0.9001
23036,Garda,Verona,23,45.575651,10.70853,20420676.0,0.1645,0.052104,0.531798,13.673,2.084,31.908,47.665,91.383,97334.31,186610.7,20.167921,0.2207
21114,Villandro/Villanders,Bolzano/Bozen,21,46.632934,11.540101,24643625.0,0.051,0.0,0.0,1.314,0.0,0.0,1.314,2.52,3238.64,6209.16,10.80791,4.2896
21026,Corvara in Badia/Corvara,Bolzano/Bozen,21,46.549574,11.874034,121055091.0,0.0652,0.109944,0.0,2.148,4.398,0.0,6.546,12.549,79238.47,151917.11,10.80791,0.8612
15046,Canegrate,Milano,15,45.570538,8.926792,66000561.0,0.039,0.0,0.008532,0.769,0.0,0.512,1.28,2.455,8450.88,16202.14,15.050002,6.1307
1112,Gassino Torinese,Torino,1,45.13165,7.827624,9172300.0,0.0448,0.071856,0.069515,1.014,2.874,4.171,8.059,15.451,7392.16,14172.36,20.594868,1.3329
97052,Monte Marenzo,Lecco,97,45.770781,9.454647,14814442.0,0.0647,0.040158,0.030336,2.115,1.606,1.82,5.542,10.624,8209.51,15739.38,14.425007,1.3577
27043,Vigonovo,Venezia,27,45.387011,12.007514,44334749.0,0.0728,0.0,0.064702,2.678,0.0,3.882,6.56,12.577,29083.3,55758.91,17.526854,1.3936
68022,Manoppello,Pescara,68,42.25778,14.059958,8354938.0,0.1821,0.071725,0.019419,16.755,2.869,1.165,20.789,39.857,17368.97,33300.04,27.533978,0.6908
21096,Terento/Terenten,Bolzano/Bozen,21,46.8288,11.776016,11725276.0,0.0482,0.005529,0.0,1.174,0.221,0.0,1.395,2.675,1635.68,3135.96,10.80791,4.0411
28104,Villanova di Camposampiero,Padova,28,45.490456,11.97302,161118646.0,0.0962,0.0,0.043278,4.676,0.0,2.597,7.273,13.943,117175.27,224650.07,17.804557,1.2769
11016,Lerici,La Spezia,11,44.073607,9.909914,23755395.0,0.123,0.103304,0.067769,7.644,4.132,4.066,15.842,30.373,37634.31,72153.03,28.212129,0.9288
53019,Pitigliano,Grosseto,53,42.634827,11.673549,4085014.0,0.1391,0.080015,0.015042,9.776,3.201,0.903,13.879,26.61,5669.74,10870.1,19.796812,0.744
61065,Presenzano,Caserta,61,41.376619,14.07642,2382824.0,0.1549,0.17793,0.037676,12.123,7.117,2.261,21.501,41.222,5123.32,9822.5,28.435248,0.6898
31015,Romans d'Isonzo,Gorizia,31,45.890606,13.438219,32547623.0,0.1608,0.0,0.043503,13.064,0.0,2.61,15.675,30.052,51017.06,97810.62,23.340869,0.7767
58067,Moricone,Roma,58,42.117096,12.771639,2694433.0,0.1518,0.000708,0.0,11.643,0.028,0.0,11.671,22.376,3144.73,6029.12,29.689549,1.3268
1293,Verolengo,Torino,1,45.190053,7.968226,10455994.0,0.0401,0.0,0.145236,0.812,0.0,8.714,9.527,18.265,9961.04,19097.44,20.594868,1.1276
84012,Casteltermini,Agrigento,84,37.540835,13.643187,34074782.0,0.0678,0.030505,0.00348,2.323,1.22,0.209,3.752,7.193,12783.54,24508.79,20.102118,2.7948
80096,Villa San Giovanni,Reggio di Calabria,80,38.220112,15.637381,29863297.0,0.2576,0.0,0.003775,33.528,0.0,0.227,33.755,64.715,100802.46,193259.89,48.652369,0.7518
15015,Basiglio,Milano,15,45.349152,9.164589,188188858.0,0.0521,0.0,0.0,1.371,0.0,0.0,1.371,2.629,25809.94,49483.18,15.050002,5.7236
40019,Meldola,Forlì-Cesena,40,44.126721,12.061153,164166485.0,0.208,0.531345,0.039957,21.86,21.254,2.397,45.511,87.254,747136.86,1432421.27,31.154462,0.3571
87006,Adrano,Catania,87,37.661777,14.833099,27756376.0,0.1588,0.008285,0.0,12.741,0.331,0.0,13.073,25.063,36285.48,69567.02,36.827421,1.4694
7034,Hône,Valle d'Aosta/Vallée d'Aoste,7,45.613726,7.737831,38306964.0,0.0519,0.737199,0.121647,1.361,29.488,7.299,38.148,73.137,146132.49,280167.27,17.572597,0.2403
52004,Casole d'Elsa,Siena,52,43.341697,11.042949,72124521.0,0.1407,0.184344,0.009828,10.002,7.374,0.59,17.966,34.444,129578.03,248428.81,24.090373,0.6994
111034,Guspini,Sud Sardegna,111,39.54134,8.633131,36316660.0,0.0,0.019281,0.015314,0.0,0.771,0.919,1.69,3.24,6137.81,11767.49,15.448131,4.7676
61104,San Marco Evangelista,Caserta,61,41.037018,14.336294,96721123.0,0.1334,0.0,0.0,8.991,0.0,0.0,8.991,17.239,86966.23,166732.87,28.435248,1.6495
19100,Spinadesco,Cremona,19,45.148751,9.929672,5932570.0,0.0795,0.0,0.554781,3.193,0.0,33.287,36.48,69.94,21642.16,41492.66,21.210647,0.3033
60045,Morolo,Frosinone,60,41.638218,13.197097,38998979.0,0.1383,0.27567,0.004474,9.664,11.027,0.268,20.959,40.184,81739.34,156711.8,34.188464,0.8508
40041,San Mauro Pascoli,Forlì-Cesena,40,44.106463,12.414898,230543295.0,0.1852,0.0,0.429267,17.33,0.0,25.756,43.086,82.605,993320.25,1904407.52,31.154462,0.3771
23001,Affi,Verona,23,45.554091,10.776424,49675284.0,0.1652,0.0,0.013917,13.789,0.0,0.835,14.624,28.038,72646.01,139277.96,20.167921,0.7193
46024,Pietrasanta,Lucca,46,43.958903,10.233203,153174470.0,0.1327,0.135468,0.049196,8.897,5.419,2.952,17.268,33.106,264498.7,507100.61,29.45658,0.8898
17023,Botticino,Brescia,17,45.543262,10.323184,88546471.0,0.1549,0.070257,0.023314,12.123,2.81,1.399,16.332,31.313,144617.72,277263.12,20.48295,0.6541
18076,Gropello Cairoli,Pavia,18,45.178609,8.994031,12088395.0,0.0575,0.0,0.060686,1.671,0.0,3.641,5.312,10.184,6420.98,12310.39,18.961299,1.8619
56013,Capodimonte,Viterbo,56,42.546527,11.904755,2918076.0,0.1404,0.001122,0.006121,9.96,0.045,0.367,10.372,19.885,3026.62,5802.68,19.086634,0.9598
4247,Villar San Costanzo,Cuneo,4,44.484731,7.382226,6325333.0,0.1368,0.064568,0.03007,9.456,2.583,1.804,13.843,26.539,8755.86,16786.87,16.396584,0.6178
108011,Briosco,Monza e della Brianza,108,45.710077,9.240644,31508090.0,0.0494,0.0,0.015469,1.233,0.0,0.928,2.161,4.143,6809.41,13055.11,13.279771,3.205
1294,Verrua Savoia,Torino,1,45.156707,8.092761,5022413.0,0.0384,0.148727,0.306404,0.745,5.949,18.384,25.078,48.081,12595.39,24148.06,20.594868,0.4283
12089,Lonate Ceppino,Varese,12,45.704503,8.874286,31610925.0,0.0384,0.000123,0.037694,0.745,0.005,2.262,3.012,5.774,9519.95,18251.78,11.229804,1.9449
78058,Fuscaldo,Cosenza,78,39.414294,16.029787,23551054.0,0.1868,0.023224,0.016791,17.631,0.929,1.007,19.567,37.514,46082.8,88350.6,50.996071,1.3594
14011,Caiolo,Sondrio,14,46.149994,9.814548,25372301.0,0.0761,0.036793,0.047012,2.926,1.472,2.821,7.219,13.839,18315.06,35113.89,12.776609,0.9232
1092,Colleretto Giacosa,Torino,1,45.431887,7.799591,204631852.0,0.0446,0.044902,0.043603,1.005,1.796,2.616,5.417,10.386,110855.4,212533.53,20.594868,1.9829
16190,San Pellegrino Terme,Bergamo,16,45.838631,9.664731,66415207.0,0.0825,0.127137,0.009177,3.439,5.085,0.551,9.075,17.399,60272.11,115554.54,21.203762,1.2187
83016,Castroreale,Messina,83,38.099272,15.210686,3322176.0,0.1909,0.009577,0.0,18.413,0.383,0.0,18.796,36.037,6244.46,11971.96,44.663628,1.2394
29037,Polesella,Rovigo,29,44.964082,11.750177,14281333.0,0.0843,0.0,0.046882,3.591,0.0,2.813,6.404,12.277,9145.15,17533.21,24.853738,2.0244
50011,Castelnuovo di Val di Cecina,Pisa,50,43.207998,10.906051,7481457.0,0.1386,0.140401,0.066115,9.706,5.616,3.967,19.289,36.981,14431.0,27667.32,28.10564,0.76
61081,San Prisco,Caserta,61,41.087115,14.278228,42369581.0,0.1226,0.266378,0.0,7.594,10.655,0.0,18.25,34.988,77322.83,148244.41,28.435248,0.8127
111059,Samassi,Sud Sardegna,111,39.481341,8.907637,18084995.0,0.0,0.0,0.057496,0.0,0.0,3.45,3.45,6.614,6238.89,11961.29,15.448131,2.3357
58116,Ladispoli,Roma,58,41.953722,12.073465,16672172.0,0.0554,0.006246,0.007997,1.551,0.25,0.48,2.28,4.372,3801.91,7289.08,29.689549,6.7908
16167,Pognano,Bergamo,16,45.586378,9.639955,148907633.0,0.1137,0.0,0.0,6.532,0.0,0.0,6.532,12.523,97264.76,186477.36,21.203762,1.6932
12033,Carnago,Varese,12,45.722849,8.835848,33247190.0,0.0381,0.0,0.009091,0.733,0.0,0.545,1.279,2.452,4252.0,8151.99,11.229804,4.58
7063,Saint-Pierre,Valle d'Aosta/Vallée d'Aoste,7,45.709481,7.229142,10953705.0,0.1008,0.305225,0.028971,5.134,12.209,1.738,19.081,36.582,20900.83,40071.36,17.572597,0.4804
83009,Capo d'Orlando,Messina,83,38.159573,14.745073,356554325.0,0.1544,0.034805,0.0,12.045,1.392,0.0,13.437,25.762,479114.54,918565.11,44.663628,1.7337
65097,Polla,Salerno,65,40.517112,15.497962,115986375.0,0.2251,0.043455,0.037753,25.602,1.738,2.265,29.605,56.759,343378.47,658330.01,25.585615,0.4508
71043,Rodi Garganico,Foggia,71,41.928745,15.881052,7636077.0,0.1748,0.029939,0.032426,15.438,1.198,1.946,18.581,35.625,14188.94,27203.24,37.634206,1.0564
25055,Seren del Grappa,Belluno,25,45.989755,11.8449,26474492.0,0.1962,6.5e-05,0.0,19.45,0.003,0.0,19.452,37.294,51499.3,98735.18,17.91629,0.4804
16097,Fara Olivana con Sola,Bergamo,16,45.49172,9.737362,12058839.0,0.1224,0.0,0.014423,7.57,0.0,0.865,8.435,16.172,10171.76,19501.45,21.203762,1.3111
41015,Fossombrone,Pesaro e Urbino,41,43.690797,12.812612,48602854.0,0.1787,0.033878,0.0,16.135,1.355,0.0,17.49,33.532,85006.57,162975.79,24.621765,0.7343
16173,Pradalunga,Bergamo,16,45.746733,9.783129,4846796.0,0.1137,0.007502,0.053425,6.532,0.3,3.206,10.037,19.244,4864.95,9327.16,21.203762,1.1018
1038,Bruino,Torino,1,45.021152,7.468551,49800645.0,0.0893,0.0,0.051615,4.029,0.0,3.097,7.126,13.662,35488.52,68039.08,20.594868,1.5074
23045,Malcesine,Verona,23,45.764344,10.81006,3792520126.0,0.1548,0.083549,0.297443,12.108,3.342,17.847,33.296,63.836,12627643.76,24209895.65,20.167921,0.3159
94002,Agnone,Isernia,94,41.809561,14.377046,16133519.0,0.1833,0.105287,0.005595,16.976,4.211,0.336,21.523,41.265,34724.92,66575.1,43.903663,1.0639
15005,Albairate,Milano,15,45.421126,8.938136,62321056.0,0.0412,0.0,0.0,0.858,0.0,0.0,0.858,1.644,5344.99,10247.49,15.050002,9.1528
71005,Ascoli Satriano,Foggia,71,41.20612,15.56161,24584163.0,0.1903,0.014495,0.054262,18.298,0.58,3.256,22.133,42.434,54412.53,104320.47,37.634206,0.8869
90022,Cargeghe,Sassari,90,40.669461,8.614515,7920118.0,0.0,0.121918,0.0,0.0,4.877,0.0,4.877,9.35,3862.42,7405.09,12.837123,1.373
64116,Venticano,Avellino,64,41.049124,14.917637,21153864.0,0.2562,0.006096,0.025638,33.165,0.244,1.538,34.947,67.001,73926.0,141731.96,37.737871,0.5632
16076,Cividate al Piano,Bergamo,16,45.554879,9.83096,34209218.0,0.1337,0.0,0.074147,9.032,0.0,4.449,13.481,25.845,46116.58,88415.36,21.203762,0.8204
23032,Erbè,Verona,23,45.240929,10.968485,23641349.0,0.1081,0.0,0.000113,5.904,0.0,0.007,5.911,11.333,13974.61,26792.32,20.167921,1.7796
4242,Vicoforte,Cuneo,4,44.374442,7.872552,10580618.0,0.0701,0.000936,0.017783,2.483,0.037,1.067,3.587,6.878,3795.57,7276.93,16.396584,2.3841
65154,Vallo della Lucania,Salerno,65,40.229704,15.26576,59678523.0,0.0956,0.149513,0.011982,4.618,5.981,0.719,11.317,21.698,67539.51,129487.69,25.585615,1.1792
68018,Elice,Pescara,68,42.518275,13.968282,48490502.0,0.1757,0.16064,0.025888,15.598,6.426,1.553,23.577,45.201,114324.12,219183.81,27.533978,0.6091
56009,Bomarzo,Viterbo,56,42.481928,12.248764,3966920.0,0.139,0.029963,0.131098,9.762,1.199,7.866,18.827,36.095,7468.36,14318.44,19.086634,0.5288
12013,Besozzo,Varese,12,45.845797,8.666495,47715897.0,0.0389,7.6e-05,0.115143,0.765,0.003,6.909,7.676,14.717,36627.63,70223.0,11.229804,0.7631
42024,Mergo,Ancona,42,43.472357,13.036766,25132774.0,0.1747,0.325754,0.0,15.421,13.03,0.0,28.451,54.546,71504.85,137090.09,27.781362,0.5093
72002,Adelfia,Bari,72,41.004265,16.871653,31937934.0,0.071,0.0,0.076272,2.547,0.0,4.576,7.123,13.657,22750.51,43617.6,14.160402,1.0369
54049,Sigillo,Perugia,54,43.33135,12.742284,34382163.0,0.1979,0.059443,0.0,19.788,2.378,0.0,22.166,42.497,76211.69,146114.11,38.922787,0.9159
111096,Villacidro,Sud Sardegna,111,39.456992,8.736722,341334469.0,0.0,0.004283,0.19289,0.0,0.171,11.573,11.745,22.517,400887.78,768587.67,15.448131,0.6861
97065,Pasturo,Lecco,97,45.951783,9.442169,39431397.0,0.0494,0.041661,0.006331,1.233,1.666,0.38,3.279,6.287,12930.83,24791.17,14.425007,2.2944
52017,Monteroni d'Arbia,Siena,52,43.229334,11.420933,79327483.0,0.1414,0.036587,0.050091,10.102,1.463,3.005,14.571,27.936,115589.28,221609.38,24.090373,0.8623
111051,Ortacesus,Sud Sardegna,111,39.539148,9.083526,17448382.0,0.0,0.0,0.0,0.0,0.0,0.0,0.0,0.0,0.0,0.0,15.448131,
97046,Mandello del Lario,Lecco,97,45.919183,9.319341,175940463.0,0.0454,0.337056,0.17046,1.041,13.482,10.228,24.751,47.453,435474.96,834898.7,14.425007,0.304
61032,Curti,Caserta,61,41.072914,14.273928,44874656.0,0.1237,0.0,0.0,7.731,0.0,0.0,7.731,14.823,34694.3,66516.4,28.435248,1.9184
65125,San Pietro al Tanagro,Salerno,65,40.456811,15.480662,20850428.0,0.1817,0.020441,0.0,16.681,0.818,0.0,17.499,33.549,36485.85,69951.18,25.585615,0.7626
47011,Montecatini-Terme,Pistoia,47,43.883179,10.770953,26775946.0,0.1372,0.172192,0.000453,9.511,6.888,0.027,16.426,31.492,43981.77,84322.48,29.709501,0.9434
19076,Pizzighettone,Cremona,19,45.18907,9.789865,60458027.0,0.0779,0.0,0.068124,3.066,0.0,4.087,7.154,13.715,43249.16,82917.89,21.210647,1.5465
60036,Fontana Liri,Frosinone,60,41.61002,13.550305,50699160.0,0.2017,0.124749,0.0,20.556,4.99,0.0,25.546,48.976,129513.67,248305.42,34.188464,0.6981
108014,Camparada,Monza e della Brianza,108,45.655977,9.319646,17542143.0,0.0557,0.0,0.0,1.568,0.0,0.0,1.568,3.005,2749.86,5272.07,13.279771,4.4187
21048,Marlengo/Marling,Bolzano/Bozen,21,46.655561,11.140291,16473146.0,0.0441,0.0,0.0,0.983,0.0,0.0,0.983,1.884,1618.72,3103.43,10.80791,5.7369
99026,Sant'Agata Feltria,Rimini,99,43.864302,12.207999,152120000.0,0.1884,0.392433,0.011687,17.934,15.697,0.701,34.333,65.823,522268.02,1001299.57,28.763441,0.437
75076,Soleto,Lecce,75,40.187708,18.207372,37785705.0,0.0538,0.0,0.0,1.462,0.0,0.0,1.462,2.804,5525.99,10594.5,14.108941,5.032
7011,Brissogne,Valle d'Aosta/Vallée d'Aoste,7,45.72852,7.406663,25681942.0,0.083,0.688677,0.032304,3.481,27.547,1.938,32.966,63.203,84663.29,162317.65,17.572597,0.278
25035,Ospitale di Cadore,Belluno,25,46.330524,12.322888,29530053.0,0.1689,0.00679,0.0,14.414,0.272,0.0,14.685,28.155,43365.91,83141.73,17.91629,0.6363
97040,Introbio,Lecco,97,45.972641,9.45307,28370650.0,0.0494,0.021727,0.026424,1.233,0.869,1.585,3.688,7.07,10461.8,20057.51,14.425007,2.0404
19015,Capralba,Cremona,19,45.444075,9.643258,35455593.0,0.0991,0.0,0.0,4.962,0.0,0.0,4.962,9.513,17593.4,33730.31,21.210647,2.2296
6180,Vignole Borbera,Alessandria,6,44.709948,8.891262,2955657.0,0.0936,0.010601,0.13254,4.427,0.424,7.952,12.803,24.546,3784.14,7255.0,20.84217,0.8491
16243,Vilminore di Scalve,Bergamo,16,45.997675,10.09248,74186227.0,0.0656,0.379593,0.036905,2.174,15.184,2.214,19.572,37.524,145199.87,278379.24,21.203762,0.5651
12050,Cislago,Varese,12,45.658776,8.971932,14203103.0,0.0392,0.0,0.006212,0.776,0.0,0.373,1.149,2.203,1632.12,3129.12,11.229804,5.0972
85015,Riesi,Caltanissetta,85,37.281961,14.082414,43065580.0,0.0689,0.010807,0.0,2.399,0.432,0.0,2.831,5.427,12191.31,23373.35,20.302008,3.7407
22118,Moena,Trento,22,46.376943,11.659266,18946153.0,0.0692,0.225006,0.001539,2.42,9.0,0.092,11.512,22.071,21811.01,41816.37,14.82766,0.6718
10054,Santa Margherita Ligure,Genova,10,44.333976,9.211127,67295334.0,0.081,0.220344,0.019462,3.315,8.814,1.168,13.297,25.492,89479.32,171551.0,24.504626,0.9613
111011,Castiadas,Sud Sardegna,111,39.236335,9.501016,20067687.0,0.0,0.001831,0.014683,0.0,0.073,0.881,0.954,1.829,1914.9,3671.27,15.448131,8.4442
1097,Cumiana,Torino,1,44.979742,7.376717,82133175.0,0.1225,0.000506,0.057869,7.582,0.02,3.472,11.074,21.232,90958.26,174386.46,20.594868,0.97
74003,Ceglie Messapica,Brindisi,74,40.646044,17.517057,18684652.0,0.0549,0.002493,0.011583,1.523,0.1,0.695,2.318,4.443,4330.3,8302.1,13.243039,2.9805
91061,Orani,Nuoro,91,40.248344,9.182835,24075797.0,0.0,0.033428,0.022324,0.0,1.337,1.339,2.677,5.132,6444.03,12354.59,14.344669,2.7954
55001,Acquasparta,Terni,55,42.691172,12.546451,66353200.0,0.1635,0.065823,0.005926,13.507,2.633,0.356,16.495,31.625,109451.6,209842.14,34.830185,1.1013
16100,Fiorano al Serio,Bergamo,16,45.799841,9.842294,18255513.0,0.1056,0.035225,0.048053,5.634,1.409,2.883,9.927,19.031,18121.43,34742.66,21.203762,1.1142
4107,Lequio Tanaro,Cuneo,4,44.559937,7.882136,35541293.0,0.0577,0.22708,0.071427,1.682,9.083,4.286,15.051,28.856,53493.16,102557.83,16.396584,0.5682
19086,Romanengo,Cremona,19,45.377177,9.784985,41952042.0,0.1042,0.0,0.0,5.486,0.0,0.0,5.486,10.518,23014.75,44124.19,21.210647,2.0166
19085,Robecco d'Oglio,Cremona,19,45.259374,10.076571,648860822.0,0.0993,0.0,0.105768,4.982,0.0,6.346,11.328,21.719,735043.96,1409236.59,21.210647,0.9766
30104,Santa Maria la Longa,Udine,30,45.933052,13.288023,19249029.0,0.1569,0.0,0.0,12.438,0.0,0.0,12.438,23.847,23942.66,45903.2,22.91097,0.9607
82017,Campofelice di Roccella,Palermo,82,37.992334,13.886183,7927390.0,0.1816,0.011656,0.085277,16.663,0.466,5.117,22.246,42.65,17635.04,33810.15,29.57954,0.6935
30112,Sutrio,Udine,30,46.512002,12.990757,3789799.0,0.1853,0.002189,0.0,17.349,0.088,0.0,17.436,33.429,6608.02,12668.98,22.91097,0.6854
5096,Rocchetta Tanaro,Asti,5,44.858671,8.345706,9922034.0,0.0452,0.036145,0.002462,1.032,1.446,0.148,2.626,5.034,2605.32,4994.96,21.748752,4.3202
80028,Cittanova,Reggio di Calabria,80,38.353949,16.080602,8484679.0,0.257,0.018886,0.02623,33.372,0.755,1.574,35.701,68.447,30291.46,58075.22,48.652369,0.7108
50005,Capannoli,Pisa,50,43.586731,10.674457,39924832.0,0.1412,0.026564,0.162246,10.074,1.063,9.735,20.871,40.014,83327.01,159755.72,28.10564,0.7024
4068,Chiusa di Pesio,Cuneo,4,44.32643,7.675436,8738163.0,0.1026,0.004334,0.025838,5.319,0.173,1.55,7.042,13.502,6153.78,11798.12,16.396584,1.2144
16059,Casirate d'Adda,Bergamo,16,45.494124,9.567808,39957604.0,0.0954,0.0,0.0,4.598,0.0,0.0,4.598,8.816,18374.43,35227.71,21.203762,2.4051
4228,Torre San Giorgio,Cuneo,4,44.735739,7.528128,439211262.0,0.1021,0.0,0.02119,5.267,0.0,1.271,6.538,12.536,287176.98,550579.73,16.396584,1.308
64055,Montefredane,Avellino,64,40.962395,14.810959,26623666.0,0.214,0.013329,0.014375,23.139,0.533,0.863,24.535,47.038,65320.34,125233.08,37.737871,0.8023
27004,Camponogara,Venezia,27,45.385068,12.072122,80496140.0,0.072,0.0,0.065595,2.619,0.0,3.936,6.555,12.567,52765.09,101161.98,17.526854,1.3946
7054,Quart,Valle d'Aosta/Vallée d'Aoste,7,45.740958,7.414362,43354327.0,0.0872,0.615499,0.064831,3.842,24.62,3.89,32.352,62.025,140258.88,268906.29,17.572597,0.2833
1175,Oulx,Torino,1,45.033052,6.83251,4937550.0,0.1132,0.412666,0.038637,6.475,16.507,2.318,25.299,48.504,12491.72,23949.29,20.594868,0.4246
63022,Casola di Napoli,Napoli,63,40.696037,14.533447,24824633.0,0.1121,0.533989,0.054813,6.349,21.36,3.289,30.998,59.429,76950.61,147530.79,35.751904,0.6016
1236,San Benigno Canavese,Torino,1,45.227052,7.785021,36558127.0,0.0452,0.0,0.241316,1.032,0.0,14.479,15.511,29.738,56706.16,108717.85,20.594868,0.6925
4160,Paroldo,Cuneo,4,44.432036,8.072442,86917431.0,0.0574,0.095891,0.007808,1.665,3.836,0.468,5.969,11.444,51879.63,99464.36,16.396584,1.4328
82006,Bagheria,Palermo,82,38.079351,13.509349,93926129.0,0.1793,0.036622,0.012667,16.243,1.465,0.76,18.468,35.408,173466.04,332571.52,29.57954,0.8354
16143,Mozzo,Bergamo,16,45.69868,9.608652,44446622.0,0.1057,0.002391,0.058569,5.645,0.096,3.514,9.255,17.743,41134.58,78863.8,21.203762,1.195
63056,Pollena Trocchia,Napoli,63,40.854635,14.379468,77704475.0,0.1712,0.307484,0.186624,14.809,12.299,11.197,38.306,73.44,297653.05,570664.61,35.751904,0.4868
65017,Buccino,Salerno,65,40.632913,15.369658,47382311.0,0.2297,0.150823,0.032819,26.659,6.033,1.969,34.661,66.452,164230.88,314865.75,25.585615,0.385
76050,Moliterno,Potenza,76,40.241932,15.86902,3016392.0,0.2629,0.013393,0.0,34.922,0.536,0.0,35.458,67.98,10695.43,20505.43,40.913322,0.6018
16137,Monasterolo del Castello,Bergamo,16,45.763185,9.931658,5509139.0,0.1178,0.346513,0.058783,7.011,13.861,3.527,24.399,46.778,13441.72,25770.66,21.203762,0.4533
65090,Pellezzano,Salerno,65,40.725211,14.757443,97472528.0,0.1133,0.623024,0.006335,6.486,24.921,0.38,31.787,60.943,309836.58,594023.04,25.585615,0.4198
60086,Vicalvi,Frosinone,60,41.676723,13.706407,30705126.0,0.2534,0.167311,0.0,32.444,6.692,0.0,39.136,75.032,120168.12,230388.0,34.188464,0.4556
62068,San Salvatore Telesino,Benevento,62,41.236019,14.499131,5894677.0,0.2309,0.012587,0.0,26.938,0.503,0.0,27.441,52.611,16175.87,31012.61,40.937916,0.7781
97072,Rogeno,Lecco,97,45.782379,9.274043,75317815.0,0.0489,0.0,0.159987,1.208,0.0,9.599,10.807,20.72,81399.05,156059.41,14.425007,0.6962
20032,Mariana Mantovana,Mantova,20,45.192876,10.486881,16693039.0,0.0929,0.0,0.004304,4.361,0.0,0.258,4.619,8.855,7710.29,14782.29,21.044843,2.3765
44012,Castignano,Ascoli Piceno,44,42.93935,13.623987,41334806.0,0.1766,0.232653,0.0,15.758,9.306,0.0,25.064,48.053,103601.74,198626.72,32.834347,0.6833
29048,Villadose,Rovigo,29,45.068916,11.893738,134567323.0,0.0621,0.0,0.0,1.949,0.0,0.0,1.949,3.736,26220.47,50270.25,24.853738,6.653
96010,Camburzano,Biella,96,45.543668,8.003131,8990872.0,0.0424,0.001917,0.0,0.908,0.077,0.0,0.985,1.888,885.62,1697.92,19.06674,10.0962
64063,Morra De Sanctis,Avellino,64,40.929019,15.242851,166432113.0,0.2705,0.123247,0.0,36.97,4.93,0.0,41.9,80.331,697352.41,1336973.82,37.737871,0.4698
17146,Pompiano,Brescia,17,45.431977,9.989265,79490561.0,0.1333,0.0,0.0,8.978,0.0,0.0,8.978,17.213,71366.35,136824.57,20.48295,1.19
108003,Albiate,Monza e della Brianza,108,45.65899,9.255796,11202713.0,0.0513,0.0,0.004678,1.33,0.0,0.281,1.61,3.087,1804.06,3458.77,13.279771,4.3012
4101,Guarene,Cuneo,4,44.739486,8.034836,28017701.0,0.046,0.271301,0.009091,1.069,10.852,0.545,12.467,23.901,34928.65,66965.7,16.396584,0.686
27006,Cavarzere,Venezia,27,45.136099,12.081285,35210638.0,0.0581,0.0,0.335176,1.706,0.0,20.111,21.816,41.826,76815.99,147272.69,17.526854,0.419
56001,Acquapendente,Viterbo,56,42.743996,11.864988,17349115.0,0.1413,0.229549,0.016251,10.088,9.182,0.975,20.245,38.814,35123.19,67338.68,19.086634,0.4917
34033,San Secondo Parmense,Parma,34,44.92016,10.229558,26807684.0,0.1121,0.0,0.391102,6.349,0.0,23.466,29.815,57.163,79928.35,153239.76,33.475863,0.5856
18053,Copiano,Pavia,18,45.196266,9.322455,20967207.0,0.077,0.0,0.007336,2.996,0.0,0.44,3.436,6.587,7204.05,13811.71,18.961299,2.8785
59006,Cori,Latina,59,41.643104,12.915851,18799550.0,0.135,0.02778,0.00796,9.208,1.111,0.478,10.797,20.701,20298.29,38916.17,21.481102,1.0377
4072,Corneliano d'Alba,Cuneo,4,44.735937,7.959851,16154164.0,0.0483,0.070839,0.021378,1.179,2.834,1.283,5.295,10.152,8553.57,16399.03,16.396584,1.6152
1045,Buttigliera Alta,Torino,1,45.068804,7.434488,224145063.0,0.0929,0.0,0.002112,4.361,0.0,0.127,4.487,8.603,100581.69,192836.64,20.594868,2.3939
82049,Monreale,Palermo,82,38.082632,13.291993,15486497.0,0.183,0.030952,2.9e-05,16.921,1.238,0.002,18.161,34.818,28124.37,53920.44,29.57954,0.8496
74006,Erchie,Brindisi,74,40.436042,17.734629,44148150.0,0.0526,0.0,0.009709,1.398,0.0,0.583,1.98,3.797,8743.46,16763.09,13.243039,3.4878
93038,San Giorgio della Richinvelda,Pordenone,93,46.039508,12.882333,32330497.0,0.1924,0.0,0.0,18.704,0.0,0.0,18.704,35.859,60470.03,115933.98,22.312037,0.6222
15136,Masate,Milano,15,45.567547,9.463821,96997173.0,0.078,0.0,0.039666,3.074,0.0,2.38,5.454,10.456,52902.07,101424.6,15.050002,1.4393
29045,Stienta,Rovigo,29,44.937837,11.544413,12902235.0,0.1044,0.0,0.079957,5.507,0.0,4.797,10.304,19.756,13295.06,25489.48,24.853738,1.258
3143,Suno,Novara,3,45.633369,8.54283,7531379.0,0.0375,0.0,0.064747,0.711,0.0,3.885,4.595,8.81,3460.93,6635.34,12.08995,1.3723
5042,Cocconato,Asti,5,45.087459,8.039221,24208436.0,0.0396,0.091758,0.010276,0.792,3.67,0.617,5.079,9.738,12295.98,23574.03,21.748752,2.2334
1014,Azeglio,Torino,1,45.423459,7.993922,68797711.0,0.04,0.0,0.33536,0.808,0.0,20.122,20.93,40.127,143993.75,276066.84,20.594868,0.5132
16216,Torre de' Roveri,Bergamo,16,45.700822,9.773514,27470785.0,0.1233,0.050364,0.000241,7.681,2.015,0.014,9.71,18.617,26675.45,51142.55,21.203762,1.1389
75061,Poggiardo,Lecce,75,40.054223,18.379132,31442772.0,0.0621,0.0,0.023112,1.949,0.0,1.387,3.335,6.394,10486.86,20105.56,14.108941,2.2065
64059,Montemiletto,Avellino,64,41.011342,14.908704,49698999.0,0.2514,0.014898,0.008373,31.934,0.596,0.502,33.032,63.329,164165.35,314740.1,37.737871,0.5959
30137,Forgaria nel Friuli,Udine,30,46.222822,12.973486,31164898.0,0.2543,0.067405,0.0,32.675,2.696,0.0,35.371,67.813,110232.75,211339.78,22.91097,0.3379
78154,Villapiana,Cosenza,78,39.846505,16.455191,30905379.0,0.149,0.005237,0.113992,11.217,0.209,6.84,18.266,35.02,56452.84,108232.17,50.996071,1.4562
21044,Luson/Lüsen,Bolzano/Bozen,21,46.746466,11.761084,22218547.0,0.0513,0.01991,0.0,1.33,0.796,0.0,2.126,4.076,4723.88,9056.68,10.80791,2.6515
63071,Sant'Agnello,Napoli,63,40.630006,14.397136,12705957.0,0.0966,0.306058,0.033777,4.715,12.242,2.027,18.984,36.396,24120.78,46244.69,35.751904,0.9823
21101,Tirolo/Tirol,Bolzano/Bozen,21,46.708518,11.142386,59823161.0,0.043,0.000668,0.0,0.934,0.027,0.0,0.961,1.842,5748.72,11021.52,10.80791,5.8664
30032,Dignano,Udine,30,46.085028,12.939294,15461611.0,0.2148,0.0,0.0,23.312,0.0,0.0,23.312,44.695,36044.66,69105.33,22.91097,0.5126
12047,Castronno,Varese,12,45.74683,8.814162,45183774.0,0.0379,0.0,0.065762,0.726,0.0,3.946,4.671,8.956,21107.53,40467.66,11.229804,1.2539
28002,Agna,Padova,28,45.170164,11.960731,10151164.0,0.0597,0.0,0.0,1.801,0.0,0.0,1.801,3.453,1828.03,3504.72,17.804557,5.157
22104,Levico Terme,Trento,22,46.009126,11.301777,484736209.0,0.0844,0.217847,0.0,3.599,8.714,0.0,12.313,23.607,596858.18,1144304.88,14.82766,0.6281
21089,Selva di Val Gardena/Wolkenstein in Gröden,Bolzano/Bozen,21,46.552588,11.766541,18038704.0,0.061,0.001405,0.001769,1.88,0.056,0.106,2.042,3.916,3684.27,7063.53,10.80791,2.7601
21085,Santa Cristina Valgardena/St. Christina in Gröden,Bolzano/Bozen,21,46.558875,11.720036,16072594.0,0.059,0.057869,0.000227,1.759,2.315,0.014,4.087,7.836,6569.19,12594.55,10.80791,1.3793
28011,Battaglia Terme,Padova,28,45.288143,11.781834,6715341.0,0.0681,0.018571,0.038768,2.343,0.743,2.326,5.412,10.376,3634.43,6967.98,17.804557,1.7159
24095,Santorso,Vicenza,24,45.737299,11.390321,32623633.0,0.1604,0.0,0.0,12.999,0.0,0.0,12.999,24.923,42409.06,81307.25,21.315155,0.8552
3084,Lesa,Novara,3,45.829644,8.564857,237228366.0,0.0399,0.047266,0.53019,0.804,1.891,31.811,34.506,66.156,818590.26,1569412.72,12.08995,0.1827
12130,Uboldo,Varese,12,45.610905,9.003388,77515990.0,0.04,0.0,0.010516,0.808,0.0,0.631,1.439,2.76,11157.5,21391.32,11.229804,4.0694
15184,Robecco sul Naviglio,Milano,15,45.436507,8.887279,17800164.0,0.0401,0.0,0.105168,0.812,0.0,6.31,7.123,13.655,12678.25,24306.92,15.050002,1.1021
29049,Villamarzana,Rovigo,29,45.014404,11.693308,17550420.0,0.0751,0.0,0.0,2.85,0.0,0.0,2.85,5.463,5001.32,9588.61,24.853738,4.5491
26067,Revine Lago,Treviso,26,46.001033,12.225549,96277654.0,0.2559,0.0,0.0,33.087,0.0,0.0,33.087,63.435,318554.47,610737.1,21.139592,0.3332
20036,Monzambano,Mantova,20,45.386139,10.692404,26716536.0,0.1526,0.0,0.010273,11.766,0.0,0.616,12.382,23.74,33081.27,63423.88,21.044843,0.8865
51013,Cavriglia,Arezzo,51,43.521874,11.488972,40296743.0,0.1223,0.092557,0.002845,7.557,3.702,0.171,11.43,21.914,46060.58,88307.99,29.518286,1.347
71009,Candela,Foggia,71,41.137925,15.514654,16395864.0,0.2046,0.074341,0.00574,21.151,2.974,0.344,24.469,46.912,40118.94,76916.6,37.634206,0.8022
79143,Stalettì,Catanzaro,79,38.765485,16.537605,27819091.0,0.2201,0.111421,0.013039,24.477,4.457,0.782,29.716,56.972,82667.64,158491.55,52.451966,0.9207
76010,Baragiano,Potenza,76,40.679738,15.593966,12442465.0,0.2464,0.026425,0.0,30.676,1.057,0.0,31.733,60.839,39483.7,75698.71,40.913322,0.6725
64076,Quadrelle,Avellino,64,40.946996,14.63826,12215209.0,0.1915,0.803903,0.016483,18.529,32.156,0.989,51.674,99.071,63121.16,121016.77,37.737871,0.3809
29032,Melara,Rovigo,29,45.063185,11.198458,79801645.0,0.085,0.0,0.07508,3.651,0.0,4.505,8.155,15.636,65080.85,124773.91,24.853738,1.5896
16211,Tavernola Bergamasca,Bergamo,16,45.709385,10.046262,31774823.0,0.1313,0.198587,0.389612,8.711,7.943,23.377,40.031,76.748,127197.1,243864.06,21.203762,0.2763
38003,Bondeno,Ferrara,38,44.886177,11.410807,117357765.0,0.1328,0.0,0.535053,8.911,0.0,32.103,41.014,78.632,481330.2,922813.01,39.906082,0.5075
12101,Mercallo,Varese,12,45.749866,8.669572,12457720.0,0.0379,0.0,0.0,0.726,0.0,0.0,0.726,1.391,904.14,1733.43,11.229804,8.0706
30062,Mortegliano,Udine,30,45.945806,13.172796,44869335.0,0.1491,0.0,0.099657,11.232,0.0,5.979,17.212,32.999,77228.33,148063.24,22.91097,0.6943
95001,Abbasanta,Oristano,95,40.126752,8.818027,7393623.0,0.0,0.0,0.004864,0.0,0.0,0.292,0.292,0.56,215.78,413.69,13.76477,24.601
56027,Gallese,Viterbo,56,42.373287,12.402804,68541448.0,0.1341,0.002427,0.061722,9.086,0.097,3.703,12.886,24.706,88325.6,169339.09,19.086634,0.7725
1035,Bricherasio,Torino,1,44.823409,7.305296,8443771.0,0.1339,0.0,0.139479,9.059,0.0,8.369,17.428,33.413,14715.56,28212.88,20.594868,0.6164
111077,Serramanna,Sud Sardegna,111,39.42404,8.923138,74446382.0,0.0,0.0,0.040008,0.0,0.0,2.4,2.4,4.602,17870.71,34261.97,15.448131,3.3567
45012,Mulazzo,Massa-Carrara,45,44.315926,9.889626,112800701.0,0.1898,0.055583,0.058594,18.202,2.223,3.516,23.941,45.899,270051.42,517746.37,30.748861,0.6699
26011,Castelcucco,Treviso,26,45.833324,11.883969,156512905.0,0.2136,0.0,0.0,23.053,0.0,0.0,23.053,44.197,360803.12,691736.8,21.139592,0.4783
6043,Cassine,Alessandria,6,44.749948,8.527846,24467832.0,0.0609,0.004257,0.167033,1.874,0.17,10.022,12.066,23.133,29523.34,56602.56,20.84217,0.901
1225,Rondissone,Torino,1,45.246854,7.963125,24856650.0,0.0401,0.0,0.156301,0.812,0.0,9.378,10.191,19.537,25330.24,48563.49,20.594868,1.0541
80067,Roccella Ionica,Reggio di Calabria,80,38.321976,16.400907,65946883.0,0.1609,0.03087,0.013551,13.081,1.235,0.813,15.129,29.005,99767.89,191276.39,48.652369,1.6774
62005,Arpaia,Benevento,62,41.036126,14.546974,7872681.0,0.1765,0.599256,0.039274,15.74,23.97,2.356,42.067,80.651,33117.82,63493.95,40.937916,0.5076
3030,Caltignaga,Novara,3,45.516976,8.587782,2240172.0,0.0372,0.0,0.118527,0.699,0.0,7.112,7.811,14.975,1749.76,3354.66,12.08995,0.8073
93002,Arba,Pordenone,93,46.14498,12.7914,19975602.0,0.2506,5.4e-05,0.0,31.731,0.002,0.0,31.733,60.839,63388.31,121528.97,22.312037,0.3667
69036,Fresagrandinaria,Chieti,69,41.978949,14.663436,107794832.0,0.1109,0.100311,0.019232,6.214,4.012,1.154,11.38,21.819,122675.86,235195.88,28.116343,1.2886
36001,Bastiglia,Modena,36,44.726969,10.9986,60094450.0,0.1572,0.0,0.044233,12.486,0.0,2.654,15.14,29.027,90982.77,174433.44,36.541065,1.2589
111098,Villamassargia,Sud Sardegna,111,39.275899,8.640475,8796248.0,0.0,0.037125,0.044625,0.0,1.485,2.677,4.162,7.98,3661.44,7019.76,15.448131,1.9358
68033,Popoli,Pescara,68,42.171311,13.832817,113067397.0,0.2546,0.038133,0.0,32.752,1.525,0.0,34.277,65.716,387561.84,743038.99,27.533978,0.419
8020,Chiusavecchia,Imperia,8,43.968424,7.983548,125522848.0,0.1578,0.088271,0.042057,12.581,3.531,2.523,18.636,35.729,233921.08,448476.77,29.468433,0.8248
23065,Roverchiara,Verona,23,45.272316,11.2478,15961499.0,0.1022,0.0,0.0,5.277,0.0,0.0,5.277,10.118,8423.51,16149.67,20.167921,1.9933
20008,Canneto sull'Oglio,Mantova,20,45.149405,10.379736,112482319.0,0.0834,0.0,0.125553,3.514,0.0,7.533,11.048,21.181,124265.61,238243.77,21.044843,0.9936
38025,Goro,Ferrara,38,44.850883,12.294927,21835040.0,0.0642,0.0,0.11666,2.083,0.0,7.0,9.082,17.412,19830.83,38019.94,39.906082,2.2918
53009,Follonica,Grosseto,53,42.926326,10.761625,80586575.0,0.0559,0.000231,0.056603,1.579,0.009,3.396,4.984,9.556,40166.54,77007.85,19.796812,2.0717
30040,Forni Avoltri,Udine,30,46.586831,12.776908,69563101.0,0.1234,0.039093,0.0,7.694,1.564,0.0,9.258,17.749,64399.05,123466.76,22.91097,1.2908
22123,Mori,Trento,22,45.852444,10.978275,36325150.0,0.1385,0.197063,0.011284,9.692,7.883,0.677,18.252,34.992,66299.37,127110.08,14.82766,0.4237
64067,Ospedaletto d'Alpinolo,Avellino,64,40.938671,14.743934,40884304.0,0.2011,0.276379,0.0,20.433,11.055,0.0,31.489,60.37,128739.0,246820.22,37.737871,0.6251
13145,Menaggio,Como,13,46.022565,9.241433,14143207.0,0.0408,0.033859,0.512593,0.841,1.354,30.756,32.951,63.174,46603.31,89348.52,12.029442,0.1904
17099,Mairano,Brescia,17,45.449179,10.079567,169220664.0,0.1404,0.0,0.001333,9.96,0.0,0.08,10.04,19.248,169894.3,325723.74,20.48295,1.0641
6081,Gavi,Alessandria,6,44.687649,8.809353,13085848.0,0.09,0.000124,0.049709,4.093,0.005,2.983,7.08,13.574,9264.95,17762.9,20.84217,1.5354
63015,Carbonara di Nola,Napoli,63,40.874228,14.57863,27900588.0,0.179,0.468142,0.037492,16.189,18.726,2.25,37.164,71.252,103690.69,198797.24,35.751904,0.5018
4245,Villanova Mondovì,Cuneo,4,44.346932,7.766338,145696316.0,0.0835,0.031073,0.009119,3.523,1.243,0.547,5.313,10.186,77406.72,148405.25,16.396584,1.6097
84027,Palma di Montechiaro,Agrigento,84,37.191664,13.763714,6258844.0,0.0544,0.006615,0.0,1.495,0.265,0.0,1.76,3.374,1101.47,2111.75,20.102118,5.9579
87016,Fiumefreddo di Sicilia,Catania,87,37.792355,15.206946,14922532.0,0.222,0.0,0.0,24.901,0.0,0.0,24.901,47.741,37159.18,71242.1,36.827421,0.7714
78002,Acquappesa,Cosenza,78,39.493695,15.952084,9799325.0,0.1568,0.06537,0.020405,12.423,2.615,1.224,16.262,31.177,15935.29,30551.36,50.996071,1.6357
45001,Aulla,Massa-Carrara,45,44.214548,9.967787,5475778.0,0.1724,0.031042,0.051842,15.017,1.242,3.111,19.37,37.135,10606.31,20334.57,30.748861,0.828
22007,Avio,Trento,22,45.733793,10.937181,156978827.0,0.1608,0.300171,0.011921,13.064,12.007,0.715,25.787,49.438,404793.57,776075.91,14.82766,0.2999
14049,Piateda,Sondrio,14,46.159595,9.934951,5525557.0,0.0902,0.016214,0.016922,4.111,0.649,1.015,5.775,11.071,3190.86,6117.55,12.776609,1.154
4180,Revello,Cuneo,4,44.654948,7.389914,60047185.0,0.1319,0.001222,0.065171,8.79,0.049,3.91,12.75,24.444,76557.23,146776.59,16.396584,0.6708
97001,Abbadia Lariana,Lecco,97,45.900045,9.334056,24301353.0,0.0463,0.207067,0.224459,1.083,8.283,13.468,22.833,43.776,55488.12,106382.61,14.425007,0.3295
109040,Torre San Patrizio,Fermo,109,43.182855,13.612784,9792533.0,0.1773,0.077218,0.0,15.883,3.089,0.0,18.972,36.373,18578.21,35618.41,25.228384,0.6936
18108,Pancarana,Pavia,18,45.074928,9.05079,11912153.0,0.0786,0.0,0.310114,3.121,0.0,18.607,21.728,41.658,25883.13,49623.49,18.961299,0.4552
75081,Supersano,Lecce,75,40.017721,18.243229,68317574.0,0.0585,0.000368,0.013179,1.729,0.015,0.791,2.535,4.859,17315.75,33198.0,14.108941,2.9035
75085,Taviano,Lecce,75,39.983519,18.086826,32281085.0,0.0569,0.000198,0.024895,1.636,0.008,1.494,3.137,6.015,10128.08,19417.69,14.108941,2.3456
72025,Locorotondo,Bari,72,40.789167,17.299348,34324126.0,0.0632,0.0,0.0,2.018,0.0,0.0,2.018,3.869,6927.1,13280.73,14.160402,3.6598
82055,Petralia Soprana,Palermo,82,37.79634,14.108468,66669532.0,0.1415,0.011064,0.0,10.117,0.443,0.0,10.559,20.244,70396.79,134965.72,29.57954,1.4612
102027,Pizzo,Vibo Valentia,102,38.735436,16.162085,67481648.0,0.2676,0.095654,0.096934,36.182,3.826,5.816,45.824,87.854,309227.72,592855.73,39.815188,0.4532
24101,Solagna,Vicenza,24,45.816721,11.71817,41883120.0,0.1783,0.016581,0.002405,16.063,0.663,0.144,16.87,32.344,70658.1,135466.71,21.315155,0.659
14010,Buglio in Monte,Sondrio,14,46.182788,9.674828,160209043.0,0.0597,0.065086,0.035157,1.801,2.603,2.109,6.514,12.488,104354.78,200070.44,12.776609,1.0231
20038,Ostiglia,Mantova,20,45.07039,11.13641,90657844.0,0.0858,0.0,0.146301,3.72,0.0,8.778,12.498,23.961,113300.78,217221.84,21.044843,0.8783
82031,Cinisi,Palermo,82,38.154943,13.109841,286081315.0,0.1486,0.145515,0.0,11.157,5.821,0.0,16.978,32.55,485703.16,931196.91,29.57954,0.9087
111042,Muravera,Sud Sardegna,111,39.420945,9.573551,52854780.0,0.0,0.022423,0.112892,0.0,0.897,6.774,7.67,14.706,40541.94,77727.58,15.448131,1.0505
65039,Centola,Salerno,65,40.066502,15.311963,15505595.0,0.0902,0.237269,0.032529,4.111,9.491,1.952,15.553,29.819,24116.38,46236.26,25.585615,0.858
75047,Minervino di Lecce,Lecce,75,40.088424,18.420432,2464441.0,0.0615,0.0,0.0,1.911,0.0,0.0,1.911,3.664,470.96,902.94,14.108941,3.8508
1040,Bruzolo,Torino,1,45.142226,7.195648,36661551.0,0.1327,0.161863,0.023299,8.897,6.475,1.398,16.77,32.151,61480.63,117871.53,20.594868,0.6406
75048,Monteroni di Lecce,Lecce,75,40.324398,18.09759,4219296.0,0.049,0.0,0.006895,1.213,0.0,0.414,1.627,3.119,686.41,1316.0,14.108941,4.5236
63081,Striano,Napoli,63,40.815855,14.576468,50379362.0,0.1632,0.0,0.000444,13.457,0.0,0.027,13.484,25.852,67931.23,130238.71,35.751904,1.383
103024,Craveggia,Verbano-Cusio-Ossola,103,46.140377,8.489429,5099307.0,0.0568,0.0,0.01681,1.63,0.0,1.009,2.639,5.059,1345.55,2579.72,17.575018,3.474
5034,Celle Enomondo,Asti,5,44.857347,8.122392,17635733.0,0.0424,0.046293,0.145121,0.908,1.852,8.707,11.467,21.985,20223.46,38772.71,21.748752,0.9892
15022,Besate,Milano,15,45.312965,8.969645,14937655.0,0.0469,0.0,0.19342,1.111,0.0,11.605,12.717,24.38,18995.59,36418.61,15.050002,0.6173
43048,Sant'Angelo in Pontano,Macerata,43,43.098644,13.396756,38229997.0,0.1758,0.102228,0.0,15.615,4.089,0.0,19.705,37.778,75330.68,144425.04,27.736975,0.7342
17003,Agnosine,Brescia,17,45.650676,10.353335,41323642.0,0.1487,0.059848,0.0,11.172,2.394,0.0,13.566,26.009,56060.24,107479.48,20.48295,0.7875
30079,Pozzuolo del Friuli,Udine,30,45.986019,13.195029,1606053254.0,0.1664,0.0,0.21152,13.99,0.0,12.691,26.681,51.154,4285176.75,8215600.95,22.91097,0.4479
99011,Morciano di Romagna,Rimini,99,43.913748,12.646067,38478654.0,0.185,0.001509,0.088,17.293,0.06,5.28,22.633,43.392,87088.71,166967.69,28.763441,0.6629
5028,Castello di Annone,Asti,5,44.879039,8.31389,34442722.0,0.0436,0.0,0.046186,0.96,0.0,2.771,3.732,7.154,12852.8,24641.57,21.748752,3.0399
64104,Sturno,Avellino,64,41.019827,15.111318,12422187.0,0.27,0.031375,0.00927,36.834,1.255,0.556,38.645,74.091,48005.4,92036.62,37.737871,0.5093
35003,Baiso,Reggio nell'Emilia,35,44.496827,10.601678,25984598.0,0.1584,0.348787,0.022439,12.677,13.951,1.346,27.975,53.634,72692.32,139366.73,36.618436,0.6827
71049,San Nicandro Garganico,Foggia,71,41.838446,15.565338,21246029.0,0.2034,0.010959,0.001605,20.904,0.438,0.096,21.438,41.102,45547.63,87324.56,37.634206,0.9156
58013,Bracciano,Roma,58,42.101095,12.173857,34096846.0,0.0664,0.003583,0.0,2.228,0.143,0.0,2.371,4.546,8084.38,15499.49,29.689549,6.5313
82048,Misilmeri,Palermo,82,38.03522,13.451404,10991898.0,0.1802,0.007993,0.008344,16.407,0.32,0.501,17.227,33.028,18936.06,36304.47,29.57954,0.8956
33005,Bobbio,Piacenza,33,44.769273,9.386281,39953218.0,0.1019,0.272611,0.027854,5.246,10.904,1.671,17.822,34.169,71205.17,136515.54,28.260932,0.8271
88008,Pozzallo,Ragusa,88,36.72633,14.846343,13569784.0,0.118,0.004867,0.0,7.035,0.195,0.0,7.23,13.861,9810.91,18809.61,23.45042,1.6918
63028,Cimitile,Napoli,63,40.940513,14.525435,6883417.0,0.1806,0.0,0.182831,16.48,0.0,10.97,27.45,52.627,18894.78,36225.33,35.751904,0.6793
1302,Villarbasse,Torino,1,45.045145,7.468418,13882024.0,0.0878,0.0,0.000254,3.895,0.0,0.015,3.91,7.497,5428.19,10407.01,20.594868,2.7472
42029,Monte Roberto,Ancona,42,43.48135,13.138378,130972885.0,0.1775,0.099381,0.0,15.919,3.975,0.0,19.894,38.141,260559.91,499549.12,27.781362,0.7284
90035,La Maddalena,Sassari,90,41.212783,9.40666,4571166.0,0.0,0.000461,0.003814,0.0,0.018,0.229,0.247,0.474,113.04,216.71,12.837123,27.0775
78029,Cassano all'Ionio,Cosenza,78,39.785022,16.315928,3093153.0,0.2181,0.005,0.05539,24.034,0.2,3.323,27.558,52.834,8523.98,16342.28,50.996071,0.9652
33011,Carpaneto Piacentino,Piacenza,33,44.915212,9.788095,139948959.0,0.1109,0.007934,0.094865,6.214,0.317,5.692,12.223,23.435,171065.15,327968.5,28.260932,1.2059
70046,Montenero di Bisaccia,Campobasso,70,42.06545,14.789569,14142259.0,0.0972,0.09108,0.061404,4.774,3.643,3.684,12.101,23.2,17113.67,32810.57,35.851049,1.5453
37056,Sant'Agata Bolognese,Bologna,37,44.664169,11.134004,102533824.0,0.1588,0.0,0.016323,12.741,0.0,0.979,13.721,26.306,140684.85,269722.96,38.815968,1.4756
60030,Coreno Ausonio,Frosinone,60,41.346321,13.779672,6093266.0,0.1097,0.138194,0.0,6.08,5.528,0.0,11.608,22.255,7073.15,13560.74,34.188464,1.5362
3001,Agrate Conturbia,Novara,3,45.675837,8.559812,9287055.0,0.0377,0.0,0.026307,0.718,0.0,1.578,2.297,4.403,2132.81,4089.06,12.08995,2.7459
84010,Campobello di Licata,Agrigento,84,37.25844,13.918266,11320409.0,0.0602,0.001731,0.0,1.831,0.069,0.0,1.9,3.643,2151.26,4124.42,20.102118,5.5175
22224,Volano,Trento,22,45.917179,11.060803,13929331.0,0.1168,0.112606,0.198733,6.893,4.504,11.924,23.321,44.712,32484.79,62280.29,14.82766,0.3316
65002,Agropoli,Salerno,65,40.346905,14.996553,16734936.0,0.0834,0.038057,0.019219,3.514,1.522,1.153,6.19,11.867,10358.6,19859.66,25.585615,2.156
46019,Minucciano,Lucca,46,44.170449,10.207592,15671168.0,0.1967,0.338711,0.024915,19.549,13.548,1.495,34.592,66.321,54210.36,103932.87,29.45658,0.4442
71046,San Giovanni Rotondo,Foggia,71,41.705055,15.730646,3408578.0,0.2072,0.014303,0.012423,21.692,0.572,0.745,23.009,44.114,7842.93,15036.57,37.634206,0.8531
42014,Chiaravalle,Ancona,42,43.602662,13.324571,11330041.0,0.1831,0.008931,0.0,16.939,0.357,0.0,17.296,33.161,19597.0,37571.64,27.781362,0.8378
48004,Borgo San Lorenzo,Firenze,48,43.954248,11.386468,29586894.0,0.1936,0.231832,0.028085,18.938,9.273,1.685,29.896,57.317,88453.36,169584.02,35.050589,0.6115
24037,Crespadoro,Vicenza,24,45.620193,11.22589,4072727.0,0.1646,0.004761,0.0,13.689,0.19,0.0,13.88,26.61,5652.79,10837.61,21.315155,0.801
21047,Marebbe/Enneberg,Bolzano/Bozen,21,46.648879,12.026938,63006719.0,0.0626,0.000218,0.001262,1.98,0.009,0.076,2.064,3.958,13007.39,24937.95,10.80791,2.7307
7041,La Thuile,Valle d'Aosta/Vallée d'Aoste,7,45.716288,6.948612,24251514.0,0.1074,0.940974,0.026444,5.828,37.639,1.587,45.054,86.378,109262.02,209478.67,17.572597,0.2034
22048,Castello Tesino,Trento,22,46.064175,11.632171,12054604.0,0.113,0.105798,0.0,6.452,4.232,0.0,10.684,20.483,12878.69,24691.2,14.82766,0.7239
22064,Commezzadura,Trento,22,46.31299,10.832832,178685093.0,0.0503,0.118989,0.004804,1.278,4.76,0.288,6.326,12.129,113039.07,216720.09,14.82766,1.2225
21095,Stelvio/Stilfs,Bolzano/Bozen,21,46.542439,10.557829,29813419.0,0.0892,0.021783,0.0,4.02,0.871,0.0,4.892,9.378,14583.28,27959.28,10.80791,1.1525
25030,Livinallongo del Col di Lana,Belluno,25,46.506634,11.936812,56440106.0,0.0711,0.048151,0.0,2.554,1.926,0.0,4.48,8.59,25286.59,48479.8,17.91629,2.0858
22131,Ossana,Trento,22,46.306453,10.737701,16122311.0,0.0509,0.345386,0.000266,1.309,13.815,0.016,15.14,29.027,24409.89,46798.98,14.82766,0.5108
21055,Nalles/Nals,Bolzano/Bozen,21,46.543487,11.204627,23359599.0,0.0473,0.0,0.0,1.13,0.0,0.0,1.13,2.167,2640.62,5062.63,10.80791,4.9869
63046,Meta,Napoli,63,40.639206,14.418237,2665474.0,0.1001,0.555609,0.030886,5.063,22.224,1.853,29.14,55.868,7767.26,14891.5,35.751904,0.6399
30018,Carlino,Udine,30,45.80225,13.188223,49866597.0,0.1032,0.0,0.110606,5.381,0.0,6.636,12.018,23.04,59927.35,114893.56,22.91097,0.9944
93050,Vivaro,Pordenone,93,46.078002,12.775846,30384727.0,0.2263,0.0,0.0,25.875,0.0,0.0,25.875,49.609,78621.64,150734.5,22.312037,0.4498
3016,Bellinzago Novarese,Novara,3,45.568768,8.643233,2782687.0,0.0373,0.0,0.028179,0.703,0.0,1.691,2.394,4.589,666.09,1277.04,12.08995,2.6344
20043,Pomponesco,Mantova,20,44.928756,10.591879,649094932.0,0.085,0.0,0.134721,3.651,0.0,8.083,11.734,22.496,761634.12,1460215.62,21.044843,0.9355
1107,Forno Canavese,Torino,1,45.345353,7.591015,58085999.0,0.0548,0.167218,0.003908,1.517,6.689,0.234,8.441,16.182,49027.64,93996.47,20.594868,1.2727
96046,Pollone,Biella,96,45.579763,8.005919,106417657.0,0.0437,0.006741,0.001332,0.965,0.27,0.08,1.314,2.52,13988.13,26818.24,19.06674,7.5659
95082,Laconi,Oristano,95,39.852649,9.050435,18885680.0,0.0,0.000861,0.004261,0.0,0.034,0.256,0.29,0.556,547.87,1050.39,13.76477,24.7486
86019,Valguarnera Caropepe,Enna,86,37.49542,14.390791,666030014.0,0.0899,0.008218,0.0,4.084,0.329,0.0,4.412,8.459,293869.89,563411.46,34.389868,4.0654
60055,Pofi,Frosinone,60,41.565274,13.415532,62646050.0,0.1598,0.015714,0.013806,12.902,0.629,0.828,14.359,27.53,89955.59,172464.13,34.188464,1.2419
9009,Bardineto,Savona,9,44.193123,8.132452,21280251.0,0.0946,0.000531,0.013139,4.522,0.021,0.788,5.331,10.221,11345.06,21750.9,24.791781,2.4255
30015,Camino al Tagliamento,Udine,30,45.927016,12.945124,26193901.0,0.1392,0.0,0.0,9.79,0.0,0.0,9.79,18.77,25644.62,49166.23,22.91097,1.2206
33044,Vernasca,Piacenza,33,44.799438,9.830668,13186265.0,0.1391,0.189607,0.040669,9.776,7.584,2.44,19.801,37.962,26109.68,50057.84,28.260932,0.7445
64043,Lauro,Avellino,64,40.879968,14.629467,17015774.0,0.1797,0.559561,0.067063,16.316,22.382,4.024,42.722,81.908,72695.17,139372.2,37.737871,0.4607
12038,Casciago,Varese,12,45.832797,8.784327,18751885.0,0.0383,0.015809,0.0,0.741,0.632,0.0,1.374,2.633,2575.62,4938.01,11.229804,4.2645
8028,Diano San Pietro,Imperia,8,43.931424,8.071651,24302751.0,0.1491,0.053609,0.007303,11.232,2.144,0.438,13.815,26.486,33574.13,64368.79,29.468433,1.1126
55005,Arrone,Terni,55,42.583433,12.769865,14041458.0,0.1913,0.058409,0.017843,18.49,2.336,1.071,21.897,41.982,30747.13,58948.84,34.830185,0.8296
6020,Borgo San Martino,Alessandria,6,45.090963,8.525829,20522516.0,0.0422,0.0,0.156898,0.9,0.0,9.414,10.314,19.774,21166.25,40580.23,20.84217,1.054
1173,Osasco,Torino,1,44.849368,7.343243,16087694.0,0.1306,0.0,0.058392,8.618,0.0,3.504,12.121,23.239,19500.65,37386.92,20.594868,0.8862
60010,Arpino,Frosinone,60,41.647983,13.610141,50423255.0,0.2351,0.078681,0.001115,27.927,3.147,0.067,31.141,59.704,157023.31,301047.3,34.188464,0.5726
79008,Badolato,Catanzaro,79,38.568681,16.524607,7800685.0,0.1785,0.020187,0.033964,16.099,0.807,2.038,18.944,36.32,14777.73,28332.07,52.451966,1.4442
7019,Charvensod,Valle d'Aosta/Vallée d'Aoste,7,45.720879,7.326089,24279928.0,0.0933,0.687089,0.037974,4.398,27.484,2.278,34.16,65.493,82940.87,159015.39,17.572597,0.2683
5052,Dusino San Michele,Asti,5,44.925493,7.97219,25750817.0,0.0437,0.259074,0.06628,0.965,10.363,3.977,15.305,29.342,39410.74,75558.82,21.748752,0.7412
33012,Castell'Arquato,Piacenza,33,44.85118,9.867118,12562733.0,0.1355,0.011089,0.049827,9.277,0.444,2.99,12.71,24.368,15967.16,30612.45,28.260932,1.1598
24115,Velo d'Astico,Vicenza,24,45.788399,11.36769,600668255.0,0.1504,0.056045,0.0,11.429,2.242,0.0,13.671,26.21,821169.58,1574357.82,21.315155,0.8132
25036,Pedavena,Belluno,25,46.039624,11.880433,62105312.0,0.1907,0.020007,0.0,18.375,0.8,0.0,19.175,36.762,119086.49,228314.28,17.91629,0.4874
108031,Mezzago,Monza e della Brianza,108,45.628977,9.44485,31752196.0,0.0769,0.0,0.000873,2.988,0.0,0.052,3.04,5.829,9653.65,18508.11,13.279771,2.2783
79042,Davoli,Catanzaro,79,38.647383,16.486205,13514803.0,0.2085,0.007267,0.054714,21.965,0.291,3.283,25.538,48.963,34514.71,66172.08,52.451966,1.0713
24080,Posina,Vicenza,24,45.791088,11.262517,26951252.0,0.1487,0.03467,0.0,11.172,1.387,0.0,12.559,24.078,33848.14,64894.12,21.315155,0.8852
4157,Paesana,Cuneo,4,44.684564,7.273841,52083247.0,0.135,0.150819,0.014728,9.208,6.033,0.884,16.125,30.915,83983.51,161014.37,16.396584,0.5304
46022,Pescaglia,Lucca,46,43.966246,10.4111,30926926.0,0.154,0.226625,0.019162,11.983,9.065,1.15,22.198,42.557,68650.17,131617.07,29.45658,0.6922
65106,Roccadaspide,Salerno,65,40.425364,15.191785,31154420.0,0.1065,0.258842,0.010261,5.731,10.354,0.616,16.7,32.018,52028.38,99749.55,25.585615,0.7991
53015,Massa Marittima,Grosseto,53,43.050103,10.888059,20536894.0,0.0981,0.01203,0.015383,4.862,0.481,0.923,6.267,12.014,12869.72,24674.01,19.796812,1.6477
16020,Bariano,Bergamo,16,45.512646,9.704925,4521460.0,0.1177,0.0,0.075457,7.0,0.0,4.527,11.527,22.1,5211.88,9992.28,21.203762,0.9595
5025,Castell'Alfero,Asti,5,44.982097,8.209929,39184262.0,0.0398,0.0,0.079591,0.8,0.0,4.775,5.576,10.69,21848.43,41888.11,21.748752,2.0345
4189,Rocca de' Baldi,Cuneo,4,44.423633,7.761136,35713969.0,0.0761,0.0,0.070523,2.926,0.0,4.231,7.157,13.722,25562.15,49008.11,16.396584,1.1949
52020,Piancastagnaio,Siena,52,42.848967,11.692881,26511675.0,0.1401,0.152725,0.015778,9.917,6.109,0.947,16.973,32.541,44998.24,86271.26,24.090373,0.7403
56012,Canino,Viterbo,56,42.463963,11.749509,18114293.0,0.1344,0.026894,0.030722,9.127,1.076,1.843,12.046,23.094,21820.17,41833.94,19.086634,0.8265
63007,Barano d'Ischia,Napoli,63,40.709018,13.918602,3040403.0,0.1506,0.565168,0.062522,11.46,22.607,3.751,37.818,72.504,11498.07,22044.26,35.751904,0.4931
4243,Vignolo,Cuneo,4,44.362229,7.472731,9352524.0,0.14,0.044242,0.064082,9.903,1.77,3.845,15.518,29.751,14513.02,27824.57,16.396584,0.5511
17168,Sabbio Chiese,Brescia,17,45.658587,10.420571,109433944.0,0.1561,0.063595,0.017474,12.312,2.544,1.048,15.904,30.492,174044.77,333681.07,20.48295,0.6718
81013,Paceco,Trapani,81,37.981297,12.557309,34881752.0,0.0539,0.000369,0.0,1.468,0.015,0.0,1.483,2.843,5171.76,9915.38,16.86353,5.9325
36012,Finale Emilia,Modena,36,44.834574,11.293905,494019663.0,0.1507,0.0,0.181178,11.475,0.0,10.871,22.345,42.841,1103909.36,2116430.5,36.541065,0.8529
71055,Stornarella,Foggia,71,41.25638,15.729788,33572029.0,0.1773,0.0,0.0,15.883,0.0,0.0,15.883,30.451,53322.77,102231.16,37.634206,1.2359
65083,Oliveto Citra,Salerno,65,40.690808,15.231782,78600003.0,0.191,0.538766,0.01179,18.433,21.551,0.707,40.691,78.012,319827.7,613178.15,25.585615,0.328
6132,Pontecurone,Alessandria,6,44.960475,8.933609,5296854.0,0.0807,0.0,0.041149,3.291,0.0,2.469,5.759,11.042,3050.7,5848.85,20.84217,1.8875
9049,Pietra Ligure,Savona,9,44.152931,8.286552,18497062.0,0.0925,0.03588,0.041329,4.323,1.435,2.48,8.238,15.794,15238.06,29214.62,24.791781,1.5697
108022,Correzzana,Monza e della Brianza,108,45.665689,9.303626,34730389.0,0.0557,0.0,0.0,1.568,0.0,0.0,1.568,3.005,5444.25,10437.78,13.279771,4.4187
1195,Piscina,Torino,1,44.919442,7.426212,19943669.0,0.1135,0.0,0.016008,6.509,0.0,0.96,7.469,14.32,14896.74,28560.23,20.594868,1.4381
44006,Arquata del Tronto,Ascoli Piceno,44,42.772361,13.296583,8685673.0,0.247,0.029393,0.0,30.826,1.176,0.0,32.001,61.353,27795.3,53289.54,32.834347,0.5352
16023,Berbenno,Bergamo,16,45.814783,9.571049,11234481.0,0.0738,0.013219,0.0,2.752,0.529,0.0,3.281,6.29,3685.63,7066.15,21.203762,3.3712
41034,Montefelcino,Pesaro e Urbino,41,43.734761,12.833958,16924840.0,0.1846,0.004568,0.0,17.218,0.183,0.0,17.401,33.361,29450.33,56462.58,24.621765,0.738
16213,Terno d'Isola,Bergamo,16,45.685479,9.530951,41422523.0,0.0892,0.0,0.000603,4.02,0.0,0.036,4.056,7.777,16802.54,32214.06,21.203762,2.7265
61080,San Potito Sannitico,Caserta,61,41.337736,14.392902,433238000.0,0.2483,0.207638,0.0,31.151,8.306,0.0,39.456,75.646,1709403.52,3277292.39,28.435248,0.3759
82022,Castelbuono,Palermo,82,37.931953,14.088562,35319029.0,0.1823,0.016087,0.022384,16.792,0.643,1.343,18.778,36.002,66322.34,127154.13,29.57954,0.8216
14020,Chiuro,Sondrio,14,46.170821,9.989355,42762007.0,0.0896,0.037962,0.038677,4.056,1.518,2.321,7.895,15.137,33762.46,64729.86,12.776609,0.8441
110008,Spinazzola,Barletta-Andria-Trani,110,40.969168,16.088007,66560109.0,0.1698,0.001078,0.001964,14.568,0.043,0.118,14.729,28.238,98034.57,187953.25,22.254355,0.7881
54008,Castel Ritaldi,Perugia,54,42.82326,12.672287,3020733.0,0.2124,0.037209,0.081036,22.794,1.488,4.862,29.145,55.877,8803.88,16878.92,38.922787,0.6966
4114,Magliano Alpi,Cuneo,4,44.459634,7.805336,45376433.0,0.0685,0.004281,0.008315,2.371,0.171,0.499,3.041,5.83,13798.8,26455.25,16.396584,2.8124
19006,Bonemerse,Cremona,19,45.11367,10.077473,91272438.0,0.0805,0.0,0.048488,3.274,0.0,2.909,6.184,11.855,56438.42,108204.53,21.210647,1.7892
47022,Chiesina Uzzanese,Pistoia,47,43.8391,10.719342,24884564.0,0.1291,0.0,0.003141,8.421,0.0,0.188,8.61,16.506,21424.58,41075.5,29.709501,1.7999
37048,Pieve di Cento,Bologna,37,44.713209,11.306598,15770227.0,0.1576,0.0,0.843344,12.55,0.0,50.601,63.15,121.073,99589.37,190934.14,38.815968,0.3206
31013,Moraro,Gorizia,31,45.930571,13.49653,25148006.0,0.1872,0.0,0.0,17.706,0.0,0.0,17.706,33.947,44527.97,85369.64,23.340869,0.6876
58038,Formello,Roma,58,42.082521,12.400273,11122373.0,0.0767,0.003887,0.000158,2.972,0.155,0.009,3.137,6.015,3489.5,6690.11,29.689549,4.9359
43046,San Ginesio,Macerata,43,43.53009,12.961252,6663181.0,0.1753,0.136508,0.0,15.527,5.46,0.0,20.987,40.237,13984.09,26810.49,27.736975,0.6893
18004,Albuzzano,Pavia,18,45.186626,9.27504,116287535.0,0.0761,0.0,0.0036,2.926,0.0,0.216,3.142,6.024,36538.53,70052.19,18.961299,3.1476
94021,Fornelli,Isernia,94,41.606727,14.139489,40296065.0,0.2739,0.179251,0.033651,37.905,7.17,2.019,47.095,90.29,189772.52,363834.53,43.903663,0.4862
55008,Calvi dell'Umbria,Terni,55,42.403124,12.567432,5178109.0,0.1548,0.038124,0.0,12.108,1.525,0.0,13.633,26.137,7059.11,13533.82,34.830185,1.3326
61004,Arienzo,Caserta,61,41.024257,14.497052,6437392.0,0.1683,0.644279,0.058996,14.312,25.771,3.54,43.622,83.634,28081.48,53838.2,28.435248,0.34
61009,Caiazzo,Caserta,61,41.178322,14.364948,40273684.0,0.1455,0.088437,0.038969,10.697,3.537,2.338,16.572,31.772,66742.22,127959.13,28.435248,0.895
19084,Rivolta d'Adda,Cremona,19,45.470659,9.512551,355707073.0,0.0821,0.0,0.073735,3.406,0.0,4.424,7.83,15.011,278510.84,533964.89,21.210647,1.413
23035,Fumane,Verona,23,45.542953,10.883974,8544409.0,0.1654,0.003571,0.0,13.823,0.143,0.0,13.965,26.775,11932.61,22877.37,20.167921,0.7532
10028,Lavagna,Genova,10,44.312154,9.341706,48516676.0,0.1041,0.147119,0.102053,5.475,5.885,6.123,17.483,33.519,84823.55,162624.9,24.504626,0.7311
79047,Falerna,Catanzaro,79,38.995559,16.162568,26387034.0,0.2386,0.208006,0.029393,28.765,8.32,1.764,38.848,74.481,102509.49,196532.63,52.451966,0.7042
16217,Torre Pallavicina,Bergamo,16,45.446377,9.877063,20179377.0,0.1249,0.0,0.130101,7.882,0.0,7.806,15.688,30.078,31657.75,60694.68,21.203762,0.705
19072,Pianengo,Cremona,19,45.402174,9.694759,28913847.0,0.1005,0.0,0.250793,5.103,0.0,15.048,20.151,38.634,58263.9,111704.37,21.210647,0.549
30053,Majano,Udine,30,46.185205,13.068214,15680349.0,0.2482,0.0,0.14762,31.126,0.0,8.857,39.983,76.656,62694.81,120199.38,22.91097,0.2989
80097,San Ferdinando,Reggio di Calabria,80,38.48317,15.916271,3860577.0,0.2588,0.0,0.001689,33.841,0.0,0.101,33.943,65.075,13103.79,25122.77,48.652369,0.7476
55018,Montecchio,Terni,55,42.663533,12.286862,41135926.0,0.1504,0.011945,0.009596,11.429,0.478,0.576,12.483,23.932,51348.72,98446.48,34.830185,1.4554
109005,Falerone,Fermo,109,43.107052,13.471682,19427136.0,0.175,0.173041,0.0,15.474,6.922,0.0,22.395,42.937,43507.7,83413.57,25.228384,0.5876
54033,Montone,Perugia,54,43.362337,12.326328,83199225.0,0.2251,0.146163,0.013653,25.602,5.847,0.819,32.267,61.863,268462.18,514699.45,38.922787,0.6292
20018,Cavriana,Mantova,20,45.347559,10.598522,24885880.0,0.1474,0.0,0.00479,10.978,0.0,0.287,11.265,21.598,28034.27,53747.7,21.044843,0.9744
56060,Vitorchiano,Viterbo,56,42.465427,12.172462,21970537.0,0.1396,0.042359,0.0,9.847,1.694,0.0,11.541,22.127,25356.22,48613.29,19.086634,0.8626
65031,Castellabate,Salerno,65,40.276127,14.958119,12303146.0,0.0759,0.149572,6.7e-05,2.911,5.983,0.004,8.898,17.059,10946.88,20987.51,25.585615,1.4999
34045,Varano de' Melegari,Parma,34,44.68806,10.011479,31567973.0,0.1575,0.248549,0.086859,12.534,9.942,5.212,27.687,53.082,87402.83,167569.93,33.475863,0.6306
39004,Brisighella,Ravenna,39,44.22214,11.772226,13894450.0,0.2102,0.389572,0.032865,22.325,15.583,1.972,39.879,76.457,55410.16,106233.14,37.876303,0.4954
24018,Caldogno,Vicenza,24,45.611836,11.50758,44298164.0,0.1623,0.0,0.139366,13.309,0.0,8.362,21.671,41.548,95999.63,184051.84,21.315155,0.513
1104,Fiano,Torino,1,45.216871,7.522685,18322609.0,0.0661,0.043164,0.003992,2.208,1.727,0.24,4.174,8.002,7647.27,14661.46,20.594868,2.5738
80061,Polistena,Reggio di Calabria,80,38.406509,16.077455,63066834.0,0.2634,0.002318,0.042587,35.055,0.093,2.555,37.703,72.284,237780.1,455875.34,48.652369,0.6731
3044,Cavaglietto,Novara,3,45.602168,8.50213,8500103.0,0.0375,0.0,0.078317,0.711,0.0,4.699,5.41,10.371,4598.17,8815.68,12.08995,1.1657
30006,Artegna,Udine,30,46.239096,13.155651,10006103.0,0.2579,0.002483,0.101221,33.606,0.099,6.073,39.779,76.265,39803.13,76311.11,22.91097,0.3004
70029,Guglionesi,Campobasso,70,41.913888,14.913613,5557868.0,0.1477,0.069148,0.048869,11.022,2.766,2.932,16.721,32.057,9293.05,17816.76,35.851049,1.1184
50024,Palaia,Pisa,50,43.605041,10.772014,12115395.0,0.1407,0.228279,0.009085,10.002,9.131,0.545,19.679,37.728,23841.52,45709.29,28.10564,0.7449
69031,Fara San Martino,Chieti,69,42.089815,14.205333,655004080.0,0.1792,0.121324,0.0,16.225,4.853,0.0,21.078,40.412,1380636.85,2646976.33,28.116343,0.6957
78013,Belmonte Calabro,Cosenza,78,39.162203,16.082536,3081882.0,0.2058,0.117429,0.019393,21.4,4.697,1.164,27.26,52.264,8401.36,16107.2,50.996071,0.9757
54017,Deruta,Perugia,54,42.98229,12.419588,5929192.0,0.1754,0.031793,0.101623,15.545,1.272,6.097,22.914,43.93,13585.91,26047.11,38.922787,0.886
83095,Sinagra,Messina,83,38.083051,14.849338,13750704.0,0.1876,0.039898,0.0,17.782,1.596,0.0,19.378,37.152,26646.16,51086.38,44.663628,1.2022
83106,Terme Vigliatore,Messina,83,38.136764,15.162675,24846578.0,0.1909,0.001225,0.012738,18.413,0.049,0.764,19.226,36.861,47771.25,91587.7,44.663628,1.2117
29012,Castelmassa,Rovigo,29,45.016852,11.310498,5974530.0,0.0923,0.0,0.076937,4.304,0.0,4.616,8.921,17.103,5329.7,10218.18,24.853738,1.4532
80093,Taurianova,Reggio di Calabria,80,38.355054,16.014778,11748600.0,0.2675,0.000582,0.02974,36.155,0.023,1.784,37.962,72.782,44600.53,85508.75,48.652369,0.6685
103075,Villadossola,Verbano-Cusio-Ossola,103,46.066663,8.260717,36229806.0,0.0704,0.160797,0.103084,2.504,6.432,6.185,15.121,28.99,54783.4,105031.5,17.575018,0.6062
97090,Viganò,Lecco,97,45.724635,9.32456,95042170.0,0.0558,0.0,0.0,1.573,0.0,0.0,1.573,3.016,14952.11,28666.39,14.425007,4.7825
13188,Ponte Lambro,Como,13,45.82658,9.225441,2958152.0,0.0458,0.034922,0.007237,1.06,1.397,0.434,2.891,5.543,855.19,1639.58,12.029442,2.1704
16197,Selvino,Bergamo,16,45.781144,9.751675,57447019.0,0.1067,0.09804,0.004726,5.752,3.922,0.284,9.958,19.091,57203.02,109670.42,21.203762,1.1107
4081,Dogliani,Cuneo,4,44.530782,7.947233,120164837.0,0.0558,0.119082,0.002564,1.573,4.763,0.154,6.49,12.443,77990.92,149525.28,16.396584,1.3177
102040,Soriano Calabro,Vibo Valentia,102,38.596934,16.230355,2970158.0,0.2635,0.029423,0.090721,35.082,1.177,5.443,41.702,79.951,12386.08,23746.76,39.815188,0.498
41045,Petriano,Pesaro e Urbino,41,43.779162,12.733355,120445417.0,0.1804,0.070771,0.0,16.443,2.831,0.0,19.274,36.953,232148.97,445079.25,24.621765,0.6663
73025,San Marzano di San Giuseppe,Taranto,73,40.454425,17.505607,20281374.0,0.0569,0.000396,0.01052,1.636,0.016,0.631,2.283,4.377,4630.0,8876.71,15.194153,3.4715
39011,Fusignano,Ravenna,39,44.467503,11.960192,192209537.0,0.1704,0.0,0.153428,14.671,0.0,9.206,23.877,45.777,458930.68,879868.32,37.876303,0.8274
98061,Zelo Buon Persico,Lodi,98,45.41106,9.431757,34082297.0,0.0666,0.0,0.02918,2.241,0.0,1.751,3.992,7.653,13605.4,26084.46,19.574231,2.5576
17086,Isorella,Brescia,17,45.309153,10.322164,72504886.0,0.1285,0.0,0.0,8.343,0.0,0.0,8.343,15.995,60491.06,115974.3,20.48295,1.2806
94028,Montaquila,Isernia,94,41.566723,14.112618,89030321.0,0.2725,0.041005,0.02743,37.519,1.64,1.646,40.805,78.232,363287.76,696500.38,43.903663,0.5612
45007,Fivizzano,Massa-Carrara,45,44.23835,10.12599,45407109.0,0.2007,0.040912,0.008269,20.352,1.636,0.496,22.485,43.108,102097.28,195742.34,30.748861,0.7133
102033,San Costantino Calabro,Vibo Valentia,102,38.632279,16.073897,10093725.0,0.268,0.020134,0.000168,36.29,0.805,0.01,37.105,71.139,37453.23,71805.86,39.815188,0.5597
63069,San Paolo Bel Sito,Napoli,63,40.914813,14.546736,19404162.0,0.1814,0.080047,0.029108,16.626,3.202,1.746,21.575,41.363,41863.57,80261.42,35.751904,0.8643
6185,Villanova Monferrato,Alessandria,6,45.182857,8.479237,30722424.0,0.0384,0.0,0.017529,0.745,0.0,1.052,1.797,3.445,5520.15,10583.3,20.84217,6.0503
18150,Siziano,Pavia,18,45.314367,9.20315,41893966.0,0.0561,0.0,0.001254,1.59,0.0,0.075,1.665,3.193,6977.06,13376.52,18.961299,5.9385
84031,Ravanusa,Agrigento,84,37.267914,13.973255,14142001.0,0.0635,0.050246,0.0,2.037,2.01,0.0,4.047,7.759,5723.53,10973.24,20.102118,2.5907
54023,Gualdo Tadino,Perugia,54,43.231652,12.780962,28147299.0,0.2248,0.063379,0.005866,25.533,2.535,0.352,28.421,54.488,79996.35,153370.13,38.922787,0.7143
1270,Susa,Torino,1,45.137212,7.053979,8116511.0,0.1346,0.129788,0.036576,9.154,5.192,2.195,16.54,31.711,13424.72,25738.06,20.594868,0.6495
27009,Cinto Caomaggiore,Venezia,27,45.825893,12.785572,13659791.0,0.1203,0.0,0.07738,7.312,0.0,4.643,11.955,22.92,16330.3,31308.68,17.526854,0.7647
28102,Villa Estense,Padova,28,45.172108,11.666979,4475992.0,0.0647,0.0,0.008872,2.115,0.0,0.532,2.647,5.076,1184.97,2271.85,17.804557,3.5079
109038,Servigliano,Fermo,109,43.081621,13.493764,34298546.0,0.1751,0.129569,0.0,15.491,5.183,0.0,20.674,39.637,70909.27,135948.25,25.228384,0.6365
16105,Fornovo San Giovanni,Bergamo,16,45.497925,9.676906,140345949.0,0.1109,0.0,0.066222,6.214,0.0,3.973,10.187,19.532,142976.81,274117.15,21.203762,1.0856
49013,Porto Azzurro,Livorno,49,42.766298,10.395753,44410329.0,0.0338,0.018664,0.139376,0.577,0.747,8.363,9.686,18.571,43017.41,82473.58,23.707966,1.2766
30030,Corno di Rosazzo,Udine,30,45.997061,13.441595,6585778.0,0.2096,0.007302,0.010245,22.197,0.292,0.615,23.104,44.295,15215.84,29172.01,22.91097,0.5172
49002,Campiglia Marittima,Livorno,49,43.060628,10.615496,86299061.0,0.0591,0.183647,0.203906,1.765,7.346,12.234,21.345,40.923,184205.59,353161.54,23.707966,0.5793
87047,Santa Maria di Licodia,Catania,87,37.61642,14.887493,19054286.0,0.1943,0.00323,0.0,19.075,0.129,0.0,19.204,36.818,36592.12,70154.93,36.827421,1.0002
87022,Maletto,Catania,87,37.829022,14.865664,4891072.0,0.1608,0.000173,0.0,13.064,0.007,0.0,13.071,25.061,6393.28,12257.29,36.827421,1.4695
74013,San Donaci,Brindisi,74,40.44938,17.922606,44911413.0,0.048,0.0,0.030743,1.164,0.0,1.845,3.009,5.768,13512.53,25906.4,13.243039,2.2958
17082,Idro,Brescia,17,45.737745,10.478326,37691370.0,0.1498,0.040052,0.292657,11.338,1.602,17.559,30.5,58.474,114957.27,220397.68,20.48295,0.3503
22053,Cavedine,Trento,22,45.9952,10.973577,15230289.0,0.0902,0.056573,0.0,4.111,2.263,0.0,6.374,12.22,9707.42,18611.21,14.82766,1.2134
23019,Casaleone,Verona,23,45.170669,11.199365,202312144.0,0.0833,0.0,0.0,3.506,0.0,0.0,3.506,6.722,70929.94,135987.87,20.167921,3.0004
78003,Acri,Cosenza,78,39.493005,16.38495,2200440.0,0.2746,0.020265,0.011196,38.099,0.811,0.672,39.582,75.887,8709.74,16698.43,50.996071,0.672
3019,Boca,Novara,3,45.678969,8.408726,5943315.0,0.039,0.0,0.0,0.769,0.0,0.0,0.769,1.473,456.75,875.68,12.08995,8.2055
111072,Sardara,Sud Sardegna,111,39.616442,8.820634,7985762.0,0.0,0.002839,0.001919,0.0,0.114,0.115,0.229,0.438,182.63,350.15,15.448131,35.2322
19041,Dovera,Cremona,19,45.365153,9.541688,6354349.0,0.0726,0.0,0.0,2.663,0.0,0.0,2.663,5.106,1692.24,3244.39,21.210647,4.1542
3042,Castellazzo Novarese,Novara,3,45.513366,8.486931,21840746.0,0.0372,0.0,0.0,0.699,0.0,0.0,0.699,1.341,1527.11,2927.8,12.08995,9.0188
53001,Arcidosso,Grosseto,53,42.871631,11.538343,18441516.0,0.1393,0.215278,0.0145,9.804,8.611,0.87,19.285,36.974,35565.37,68186.43,19.796812,0.5354
16156,Palazzago,Bergamo,16,45.752115,9.535027,27099409.0,0.0795,0.001932,0.005066,3.193,0.077,0.304,3.575,6.853,9687.03,18572.12,21.203762,3.0939
76030,Episcopia,Potenza,76,40.074807,16.098181,21619789.0,0.2347,0.044453,0.013167,27.832,1.778,0.79,30.4,58.284,65724.38,126007.7,40.913322,0.702
39018,Solarolo,Ravenna,39,44.360368,11.844525,15720806.0,0.2004,0.0,0.168334,20.291,0.0,10.1,30.391,58.267,47777.87,91600.4,37.876303,0.65
19054,Izano,Cremona,19,45.355385,9.750043,3122460.0,0.0963,0.0,0.0,4.686,0.0,0.0,4.686,8.983,1463.08,2805.03,21.210647,2.3611
56050,Tarquinia,Viterbo,56,42.253239,11.759175,7954424.0,0.082,0.012529,0.087132,3.397,0.501,5.228,9.126,17.497,7259.58,13918.17,19.086634,1.0908
30020,Castions di Strada,Udine,30,45.908309,13.185337,1844174.0,0.1335,0.0,0.083167,9.005,0.0,4.99,13.995,26.831,2580.91,4948.16,22.91097,0.8539
29001,Adria,Rovigo,29,45.053123,12.0572,43768246.0,0.0598,0.0,0.018631,1.807,0.0,1.118,2.925,5.607,12800.9,24542.07,24.853738,4.4324
82067,Santa Flavia,Palermo,82,38.081331,13.52544,6512799.0,0.1788,0.037745,0.0,16.153,1.51,0.0,17.663,33.863,11503.41,22054.51,29.57954,0.8735
61056,Piana di Monte Verna,Caserta,61,41.167117,14.333728,71063547.0,0.1351,0.177854,0.042844,9.222,7.114,2.571,18.907,36.249,134358.91,257594.79,28.435248,0.7845
24079,Pojana Maggiore,Vicenza,24,45.291381,11.501347,113980000.0,0.0837,0.0,0.0,3.54,0.0,0.0,3.54,6.786,40345.69,77351.33,21.315155,3.1409
17116,Muscoline,Brescia,17,45.562485,10.461874,15431994.0,0.1591,0.0,0.006837,12.79,0.0,0.41,13.2,25.307,20370.0,39053.65,20.48295,0.8094
17019,Bione,Brescia,17,45.672786,10.338869,206083278.0,0.1475,0.071427,0.0,10.993,2.857,0.0,13.85,26.553,285419.4,547210.07,20.48295,0.7714
6051,Castelletto Monferrato,Alessandria,6,44.981148,8.564545,30145911.0,0.0488,0.0,0.041127,1.203,0.0,2.468,3.671,7.038,11066.18,21216.24,20.84217,2.9614
39015,Riolo Terme,Ravenna,39,44.277084,11.72452,53612543.0,0.2091,0.334672,0.089536,22.092,13.387,5.372,40.851,78.319,219010.27,419889.56,37.876303,0.4836
1096,Cuceglio,Torino,1,45.359435,7.815187,12008231.0,0.0439,0.0,0.0,0.974,0.0,0.0,0.974,1.867,1169.3,2241.8,20.594868,11.0317
70059,Ripalimosani,Campobasso,70,41.611029,14.662729,18159346.0,0.2266,0.469851,0.00566,25.944,18.794,0.34,45.078,86.424,81858.1,156939.5,35.851049,0.4148
12053,Cocquio-Trevisago,Varese,12,45.863436,8.695665,23856640.0,0.0389,1.7e-05,0.000617,0.765,0.001,0.037,0.802,1.538,1913.94,3669.44,11.229804,7.301
61094,Trentola-Ducenta,Caserta,61,40.97623,14.177166,56427704.0,0.1317,0.0,0.0,8.764,0.0,0.0,8.764,16.802,49451.74,94809.57,28.435248,1.6924
33026,Lugagnano Val d'Arda,Piacenza,33,44.821994,9.828482,139589331.0,0.1351,0.209554,0.053638,9.222,8.382,3.218,20.823,39.921,290660.0,557257.43,28.260932,0.7079
24010,Asigliano Veneto,Vicenza,24,45.304512,11.446266,9691332.0,0.0968,0.0,0.0,4.734,0.0,0.0,4.734,9.077,4588.3,8796.75,21.315155,2.3483
82028,Cerda,Palermo,82,37.903579,13.81547,708458.0,0.1679,0.037475,0.0,14.244,1.499,0.0,15.743,30.182,1115.3,2138.26,29.57954,0.98
70003,Bojano,Campobasso,70,41.485724,14.472927,31670172.0,0.2678,0.024561,0.039897,36.236,0.982,2.394,39.612,75.945,125452.32,240518.95,35.851049,0.4721
101009,Cotronei,Crotone,101,39.15835,16.773505,13218768.0,0.215,0.002032,0.012053,23.356,0.081,0.723,24.16,46.32,31936.87,61229.82,41.916345,0.9049
12015,Bisuschio,Varese,12,45.874873,8.871723,9069564.0,0.0384,0.036085,0.011585,0.745,1.443,0.695,2.884,5.528,2615.25,5013.99,11.229804,2.0313
17079,Gianico,Brescia,17,45.86453,10.183653,42606111.0,0.0962,0.648179,0.064793,4.676,25.927,3.888,34.491,66.126,146951.32,281737.13,20.48295,0.3098
54028,Massa Martana,Perugia,54,42.773137,12.524966,82224082.0,0.1658,0.036423,0.013752,13.89,1.457,0.825,16.172,31.004,132969.02,254930.07,38.922787,1.2554
97053,Montevecchia,Lecco,97,45.705744,9.375436,24586797.0,0.0592,0.003309,0.004267,1.771,0.132,0.256,2.159,4.14,5308.65,10177.81,14.425007,3.4847
17180,Soiano del Lago,Brescia,17,45.527784,10.512675,14714382.0,0.1591,0.0,0.0,12.79,0.0,0.0,12.79,24.52,18819.15,36080.34,20.48295,0.8353
4027,Bossolasco,Cuneo,4,44.529338,8.05094,36580582.0,0.0528,0.31743,0.04528,1.409,12.697,2.717,16.823,32.253,61538.02,117981.56,16.396584,0.5084
37026,Fontanelice,Bologna,37,44.260098,11.559736,4531282.0,0.2068,0.07659,0.037472,21.608,3.064,2.248,26.92,51.612,12198.27,23386.69,38.815968,0.7521
16044,Calcio,Bergamo,16,45.50921,9.850979,6088652.0,0.1333,0.0,0.082229,8.978,0.0,4.934,13.912,26.672,8470.35,16239.48,21.203762,0.795
67015,Cellino Attanasio,Teramo,67,42.587311,13.850525,83739050.0,0.1782,0.285459,0.008893,16.045,11.418,0.534,27.997,53.676,234441.65,449474.81,27.38232,0.5101
21010,Brennero/Brenner,Bolzano/Bozen,21,47.00378,11.504557,57958861.0,0.0389,0.00139,0.003405,0.765,0.056,0.204,1.024,1.964,5937.71,11383.86,10.80791,5.5027
7037,Issogne,Valle d'Aosta/Vallée d'Aoste,7,45.654378,7.684603,18127892.0,0.0553,0.878089,0.071213,1.545,35.124,4.273,40.941,78.494,74218.27,142292.31,17.572597,0.2239
74005,Cisternino,Brindisi,74,40.742985,17.425745,25528618.0,0.0578,0.002665,0.014949,1.688,0.107,0.897,2.692,5.16,6871.14,13173.44,13.243039,2.5663
43051,Serrapetrona,Macerata,43,43.17743,13.189752,18988273.0,0.1764,0.067464,0.0,15.722,2.699,0.0,18.421,35.317,34977.94,67060.2,27.736975,0.7854
82045,Lercara Friddi,Palermo,82,37.746946,13.604854,4476354.0,0.0907,0.001194,0.0,4.157,0.048,0.0,4.204,8.061,1881.99,3608.19,29.57954,3.6697
16205,Spinone al Lago,Bergamo,16,45.767485,9.924158,19342798.0,0.1178,0.011084,0.042595,7.011,0.443,2.556,10.011,19.192,19363.14,37123.28,21.203762,1.1048
98015,Castiraga Vidardo,Lodi,98,45.264809,9.392875,18088448.0,0.0699,0.0,0.040482,2.469,0.0,2.429,4.898,9.39,8859.07,16984.74,19.574231,2.0846
54014,Collazzone,Perugia,54,42.900468,12.435186,22934781.0,0.1656,0.060509,0.094042,13.856,2.42,5.643,21.919,42.023,50270.5,96379.31,38.922787,0.9262
76053,Muro Lucano,Potenza,76,40.752517,15.485759,10935954.0,0.2565,0.052421,0.0,33.242,2.097,0.0,35.339,67.753,38646.83,74094.24,40.913322,0.6039
9035,Magliolo,Savona,9,44.191486,8.250396,12201463.0,0.0837,0.04224,0.003337,3.54,1.69,0.2,5.43,10.41,6624.83,12701.22,24.791781,2.3816
60063,San Giorgio a Liri,Frosinone,60,41.404117,13.761312,93993129.0,0.1307,0.159175,0.099405,8.631,6.367,5.964,20.962,40.19,197032.65,377753.77,34.188464,0.8507
43007,Camerino,Macerata,43,43.135764,13.068309,100722315.0,0.1939,0.06633,0.0,18.996,2.653,0.0,21.65,41.507,218060.64,418068.92,27.736975,0.6682
26053,Orsago,Treviso,26,45.930861,12.423587,1280828.0,0.2231,0.0,0.0,25.149,0.0,0.0,25.149,48.216,3221.13,6175.59,21.139592,0.4384
10001,Arenzano,Genova,10,44.402518,8.683132,692333788.0,0.0555,0.522488,0.006814,1.556,20.9,0.409,22.865,43.837,1583000.22,3034950.21,24.504626,0.559
44020,Folignano,Ascoli Piceno,44,42.820247,13.634289,10994121.0,0.179,0.027194,0.0,16.189,1.088,0.0,17.277,33.124,18994.43,36416.39,32.834347,0.9913
10059,Sestri Levante,Genova,10,44.271453,9.395863,52369795.0,0.1081,0.161571,0.019457,5.904,6.463,1.167,13.535,25.949,70880.26,135892.62,24.504626,0.9444
13159,Mozzate,Como,13,45.675188,8.955762,106122197.0,0.0392,0.0,0.001761,0.776,0.0,0.106,0.882,1.691,9360.69,17946.46,12.029442,7.1133
35044,Viano,Reggio nell'Emilia,35,44.543729,10.62162,931637208.0,0.1599,0.259772,0.002387,12.919,10.391,0.143,23.453,44.964,2184938.32,4188994.39,36.618436,0.8144
54021,Giano dell'Umbria,Perugia,54,42.833467,12.577711,19503654.0,0.1837,0.018067,0.001332,17.05,0.723,0.08,17.853,34.228,34819.98,66757.35,38.922787,1.1372
13042,Canzo,Como,13,45.850641,9.274802,34423610.0,0.0456,0.129921,3.8e-05,1.051,5.197,0.002,6.25,11.982,21513.88,41246.7,12.029442,1.004
43031,Monte San Giusto,Macerata,43,43.236431,13.595124,49898583.0,0.1827,0.074784,0.0,16.865,2.991,0.0,19.857,38.07,99082.05,189961.49,27.736975,0.7286
12024,Brusimpiano,Varese,12,45.947756,8.889216,22656632.0,0.0386,0.265223,0.33728,0.753,10.609,20.237,31.599,60.581,71591.65,137256.52,11.229804,0.1854
65081,Ogliastro Cilento,Salerno,65,40.352405,15.043154,29625831.0,0.0851,0.119669,0.0,3.659,4.787,0.0,8.446,16.193,25021.62,47971.81,25.585615,1.5801
65008,Aquara,Salerno,65,40.443909,15.253857,8947917.0,0.1163,0.093371,0.021843,6.834,3.735,1.311,11.879,22.775,10629.64,20379.29,25.585615,1.1234
18006,Badia Pavese,Pavia,18,45.120328,9.468797,10630332.0,0.0887,0.0,0.0,3.975,0.0,0.0,3.975,7.621,4225.83,8101.81,18.961299,2.4879
50014,Fauglia,Pisa,50,43.570638,10.514409,262316338.0,0.1406,0.017947,0.017168,9.988,0.718,1.03,11.736,22.501,307859.28,590232.13,28.10564,1.2491
27030,Pramaggiore,Venezia,27,45.814565,12.738813,20878014.0,0.1201,0.0,0.002127,7.288,0.0,0.128,7.416,14.217,15482.18,29682.65,17.526854,1.2328
5022,Castagnole delle Lanze,Asti,5,44.75114,8.150245,12626292.0,0.0446,0.057772,0.000422,1.005,2.311,0.025,3.341,6.406,4218.76,8088.26,21.748752,3.3951
96085,Lessona,Biella,96,45.58727,8.194337,38657316.0,0.0402,0.004612,0.046555,0.817,0.184,2.793,3.794,7.274,14667.77,28121.25,19.06674,2.621
94025,Macchia d'Isernia,Isernia,94,41.561624,14.167119,28409604.0,0.2715,0.122924,0.056805,37.244,4.917,3.408,45.569,87.366,129460.7,248203.87,43.903663,0.5025
61075,San Felice a Cancello,Caserta,61,41.012394,14.482993,41027773.0,0.1728,0.431967,0.032968,15.087,17.279,1.978,34.344,65.844,140905.12,270145.26,28.435248,0.4319
99008,Montefiore Conca,Rimini,99,43.890236,12.610315,7584681.0,0.1852,0.284819,0.006589,17.33,11.393,0.395,29.118,55.826,22085.18,42342.02,28.763441,0.5152
41030,Montecalvo in Foglia,Pesaro e Urbino,41,43.811562,12.631052,9677343.0,0.1797,0.241483,0.0,16.316,9.659,0.0,25.975,49.8,25137.21,48193.41,24.621765,0.4944
54050,Spello,Perugia,54,42.990945,12.671775,99463390.0,0.2313,0.02267,0.063034,27.031,0.907,3.782,31.72,60.815,315500.48,604881.95,38.922787,0.64
18087,Marzano,Pavia,18,45.247967,9.295054,9558591.0,0.0679,0.0,0.016176,2.329,0.0,0.971,3.3,6.327,3154.36,6047.59,18.961299,2.997
5065,Mombaruzzo,Asti,5,44.771349,8.448909,28639971.0,0.0532,0.018821,0.02989,1.43,0.753,1.793,3.976,7.623,11387.99,21833.21,21.748752,2.8529
22127,Nogaredo,Trento,22,45.912089,11.023046,27339707.0,0.1174,0.055802,0.01428,6.964,2.232,0.857,10.053,19.273,27484.06,52692.83,14.82766,0.7693
67040,Silvi,Teramo,67,42.548792,14.118769,286558248.0,0.1507,0.23331,0.016427,11.475,9.332,0.986,21.793,41.781,624490.48,1197281.91,27.38232,0.6554
111014,Dolianova,Sud Sardegna,111,39.378241,9.178644,21004541.0,0.0,0.000128,0.007616,0.0,0.005,0.457,0.462,0.886,970.58,1860.81,15.448131,17.4377
6159,Serralunga di Crea,Alessandria,6,45.100254,8.282034,28018554.0,0.0381,0.024357,0.099046,0.733,0.974,5.943,7.65,14.668,21435.55,41096.54,20.84217,1.421
29031,Lusia,Rovigo,29,45.100535,11.66278,22319974.0,0.0667,0.0,0.0,2.248,0.0,0.0,2.248,4.31,5017.22,9619.08,24.853738,5.767
56053,Valentano,Viterbo,56,42.569098,11.81833,35636503.0,0.14,0.067605,0.006667,9.903,2.704,0.4,13.007,24.938,46353.75,88870.05,19.086634,0.7654
30028,Colloredo di Monte Albano,Udine,30,46.166405,13.139017,24294742.0,0.242,0.0,0.033474,29.59,0.0,2.008,31.599,60.581,76768.16,147180.99,22.91097,0.3782
76071,Ruoti,Potenza,76,40.718017,15.678963,5314232.0,0.2048,0.043155,0.0,21.192,1.726,0.0,22.918,43.94,12179.41,23350.53,40.913322,0.9311
19037,Cremosano,Cremona,19,45.394917,9.639553,7834286.0,0.0886,0.0,0.0,3.966,0.0,0.0,3.966,7.604,3107.31,5957.38,21.210647,2.7893
80054,Motta San Giovanni,Reggio di Calabria,80,38.003165,15.695096,17033036.0,0.2646,0.006756,0.015791,35.375,0.27,0.947,36.593,70.156,62328.6,119497.26,48.652369,0.6935
71047,San Marco in Lamis,Foggia,71,41.713138,15.63985,12090695.0,0.2073,0.024206,0.07542,21.713,0.968,4.525,27.206,52.16,32894.26,63065.34,37.634206,0.7215
23084,Sorgà,Verona,23,45.2134,10.979362,171169191.0,0.0968,0.0,0.001785,4.734,0.0,0.107,4.842,9.282,82872.2,158883.74,20.167921,2.1727
96018,Cerrione,Biella,96,45.468361,8.068123,50876904.0,0.0397,0.0,0.12283,0.796,0.0,7.37,8.166,15.656,41546.79,79654.09,19.06674,1.2178
27005,Caorle,Venezia,27,45.599004,12.888008,6956494.0,0.0709,0.0,0.142343,2.54,0.0,8.541,11.08,21.244,7708.1,14778.08,17.526854,0.825
66075,Pratola Peligna,L'Aquila,66,42.098314,13.87398,13218962.0,0.2564,0.016417,0.017768,33.216,0.657,1.066,34.939,66.986,46186.06,88548.55,47.395882,0.7075
94022,Frosolone,Isernia,94,41.600627,14.446525,8149957.0,0.2457,0.06025,0.000703,30.502,2.41,0.042,32.954,63.18,26857.49,51491.56,43.903663,0.6949
72044,Toritto,Bari,72,40.99823,16.679779,5640308.0,0.0868,0.0,0.004548,3.807,0.0,0.273,4.08,7.822,2301.05,4411.61,14.160402,1.8104
83025,Francavilla di Sicilia,Messina,83,37.901129,15.136208,26420697.0,0.2019,0.003754,0.0,20.596,0.15,0.0,20.747,39.776,54813.73,105089.64,44.663628,1.1229
69037,Frisa,Chieti,69,42.26124,14.369414,16595256.0,0.119,0.403469,0.002285,7.155,16.139,0.137,23.431,44.922,38884.16,74549.27,28.116343,0.6259
87010,Calatabiano,Catania,87,37.822445,15.227636,13809564.0,0.2123,0.009325,0.0,22.773,0.373,0.0,23.146,44.376,31963.43,61280.73,36.827421,0.8299
34019,Lesignano de' Bagni,Parma,34,44.643428,10.300484,52044810.0,0.157,0.25433,0.075051,12.454,10.173,4.503,27.13,52.015,141200.13,270710.86,33.475863,0.6436
4033,Brossasco,Cuneo,4,44.569837,7.361615,2472421.0,0.1354,0.066177,0.017702,9.263,2.647,1.062,12.972,24.871,3207.29,6149.06,16.396584,0.6593
4151,Niella Tanaro,Cuneo,4,44.413112,7.922952,30270501.0,0.0634,0.012862,0.002966,2.031,0.514,0.178,2.723,5.221,8243.79,15805.12,16.396584,3.1403
25008,Calalzo di Cadore,Belluno,25,46.446715,12.380385,61120431.0,0.125,0.019102,0.0,7.895,0.764,0.0,8.659,16.601,52923.06,101464.84,17.91629,1.0792
1137,Loranzè,Torino,1,45.441657,7.812718,12404703.0,0.0446,0.039367,0.061986,1.005,1.575,3.719,6.299,12.076,7813.59,14980.31,20.594868,1.7054
4194,Roddi,Cuneo,4,44.679641,7.975435,30761867.0,0.0501,0.071346,0.037961,1.268,2.854,2.278,6.4,12.27,19686.72,37743.66,16.396584,1.3364
30065,Nimis,Udine,30,46.200671,13.266254,2962104.0,0.255,0.058395,0.001596,32.855,2.336,0.096,35.286,67.651,10452.17,20039.04,22.91097,0.3387
90054,Palau,Sassari,90,41.181076,9.382042,72567162.0,0.0,0.0,0.046145,0.0,0.0,2.769,2.769,5.308,20091.67,38520.03,12.837123,2.4184
26065,Refrontolo,Treviso,26,45.924858,12.20783,10971558.0,0.2492,0.0,0.0,31.377,0.0,0.0,31.377,60.157,34425.64,66001.32,21.139592,0.3514
51007,Caprese Michelangelo,Arezzo,51,43.639852,11.98484,28535059.0,0.2049,0.132337,0.0,21.213,5.293,0.0,26.506,50.819,75636.32,145011.02,29.518286,0.5809
64092,Sant'Angelo dei Lombardi,Avellino,64,40.92703,15.177524,11259198.0,0.2679,0.188499,0.0,36.263,7.54,0.0,43.803,83.98,49318.56,94554.23,37.737871,0.4494
19011,Campagnola Cremasca,Cremona,19,45.398474,9.669459,8017531.0,0.0927,0.0,0.0,4.342,0.0,0.0,4.342,8.324,3481.11,6674.03,21.210647,2.548
102044,Tropea,Vibo Valentia,102,38.675379,15.894792,5946916.0,0.208,0.092489,0.176028,21.86,3.7,10.562,36.121,69.252,21480.82,41183.33,39.815188,0.5749
67013,Castiglione Messer Raimondo,Teramo,67,42.531915,13.881545,10033278.0,0.1791,0.255669,0.023693,16.207,10.227,1.422,27.856,53.405,27948.27,53582.81,27.38232,0.5127
18137,San Martino Siccomario,Pavia,18,45.160963,9.135952,58991003.0,0.0708,0.0,0.302983,2.533,0.0,18.179,20.712,39.709,122180.29,234245.77,18.961299,0.4775
68044,Turrivalignani,Pescara,68,42.261938,14.026706,2330850.0,0.1886,0.034495,0.009987,17.972,1.38,0.599,19.951,38.251,4650.33,8915.67,27.533978,0.7198
78138,Scalea,Cosenza,78,39.81666,15.790547,27462563.0,0.1489,0.023018,0.072861,11.202,0.921,4.372,16.495,31.624,45298.61,86847.12,50.996071,1.6126
61059,Pietravairano,Caserta,61,41.325219,14.165922,3015297.0,0.1586,0.172406,0.087384,12.709,6.896,5.243,24.849,47.64,7492.61,14364.93,28.435248,0.5969
25050,Santo Stefano di Cadore,Belluno,25,46.557938,12.549142,48434666.0,0.1098,0.000499,0.0,6.091,0.02,0.0,6.111,11.717,29600.52,56750.53,17.91629,1.5291
12014,Biandronno,Varese,12,45.821512,8.713238,23360165.0,0.0383,0.0,0.537748,0.741,0.0,32.265,33.006,63.28,77102.67,147822.31,11.229804,0.1775
73019,Mottola,Taranto,73,40.633225,17.037195,15143224.0,0.1346,0.0,0.021522,9.154,0.0,1.291,10.445,20.026,15817.48,30325.5,15.194153,0.7587
92080,Sinnai,Cagliari,92,39.30424,9.203538,26773232.0,0.0,0.004338,0.003909,0.0,0.174,0.235,0.408,0.782,1092.51,2094.57,12.810064,16.3741
75062,Presicce,Lecce,75,40.0053,18.2642,7470434.0,0.0595,0.0,0.007924,1.789,0.0,0.475,2.264,4.341,1691.45,3242.88,14.108941,3.2502
29010,Canda,Rovigo,29,45.034356,11.505648,9485954.0,0.0803,0.0,0.0,3.258,0.0,0.0,3.258,6.246,3090.51,5925.16,24.853738,3.979
1217,Rivarolo Canavese,Torino,1,45.331216,7.717134,7452801.0,0.0471,0.0,0.16544,1.121,0.0,9.926,11.047,21.18,8233.32,15785.03,20.594868,0.9724
15038,Buscate,Milano,15,45.544916,8.812943,11953164.0,0.038,0.0,0.0,0.73,0.0,0.0,0.73,1.399,872.1,1672.01,15.050002,10.7592
30058,Mereto di Tomba,Udine,30,46.049752,13.042751,10977346.0,0.1894,0.0,0.029035,18.125,0.0,1.742,19.867,38.089,21808.78,41812.1,22.91097,0.6015
78088,Orsomarso,Cosenza,78,39.800172,15.909528,5542309.0,0.1898,0.016499,0.035316,18.202,0.66,2.119,20.981,40.224,11628.06,22293.49,50.996071,1.2678
35041,Toano,Reggio nell'Emilia,35,44.376357,10.561197,7343572.0,0.1623,0.471648,0.027565,13.309,18.866,1.654,33.829,64.858,24842.65,47628.67,36.618436,0.5646
58042,Genazzano,Roma,58,41.829673,12.972246,15735042.0,0.1571,0.050543,0.001939,12.47,2.022,0.116,14.608,28.007,22986.0,44069.09,29.689549,1.0601
69086,San Vito Chietino,Chieti,69,42.296042,14.444515,94447000.0,0.0961,0.152158,0.029344,4.666,6.086,1.761,12.513,23.99,118183.15,226582.39,28.116343,1.172
57053,Poggio Mirteto,Rieti,57,42.264368,12.684788,3814270.0,0.1545,0.017364,0.060391,12.061,0.695,3.623,16.379,31.402,6247.31,11977.43,44.772003,1.4258
64053,Montefalcione,Avellino,64,40.961038,14.882215,417300698.0,0.2225,0.004031,0.0,25.014,0.161,0.0,25.175,48.266,1050551.34,2014131.77,37.737871,0.7819
34004,Berceto,Parma,34,44.510608,9.989655,22214837.0,0.1913,0.349321,0.017723,18.49,13.973,1.063,33.527,64.278,74478.96,142792.11,33.475863,0.5208
33007,Cadeo,Piacenza,33,44.975365,9.83107,56031098.0,0.1048,0.0,0.04461,5.549,0.0,2.677,8.226,15.771,46090.76,88365.86,28.260932,1.792
18168,Valle Lomellina,Pavia,18,45.153058,8.668542,150670000.0,0.0438,0.0,0.0,0.969,0.0,0.0,0.969,1.858,14604.7,28000.34,18.961299,10.2031
44017,Cupra Marittima,Ascoli Piceno,44,43.025023,13.858764,5504703.0,0.1809,0.016085,0.0,16.535,0.643,0.0,17.178,32.934,9456.0,18129.18,32.834347,0.997
22184,Strembo,Trento,22,46.119912,10.751452,29472000.0,0.0592,0.371854,2.9e-05,1.771,14.874,0.002,16.647,31.915,49061.05,94060.54,14.82766,0.4646
22037,Campodenno,Trento,22,46.257827,11.0332,5958572.0,0.054,0.083937,0.007892,1.473,3.357,0.474,5.304,10.17,3160.63,6059.61,14.82766,1.458
14018,Chiavenna,Sondrio,14,46.319979,9.398122,6492510.0,0.0507,0.57077,0.041656,1.299,22.831,2.499,26.629,51.053,17288.86,33146.45,12.776609,0.2503
87052,Valverde,Catania,87,37.576954,15.124188,5897921.0,0.2247,0.015768,0.0,25.511,0.631,0.0,26.142,50.119,15418.05,29559.7,36.827421,0.7348
80033,Ferruzzano,Reggio di Calabria,80,38.038715,16.087049,3563485.0,0.1971,0.238202,0.002917,19.629,9.528,0.175,29.332,56.235,10452.33,20039.36,48.652369,0.8652
4238,Verduno,Cuneo,4,44.66614,7.930735,41538087.0,0.0518,0.150537,0.015789,1.356,6.021,0.947,8.325,15.96,34578.64,66294.65,16.396584,1.0274
17181,Sonico,Brescia,17,46.165499,10.35286,39364744.0,0.0587,0.256065,0.02612,1.741,10.243,1.567,13.551,25.98,53342.3,102268.6,20.48295,0.7884
28105,Vo',Padova,28,45.328899,11.641735,18593987.0,0.0807,0.004393,0.157242,3.291,0.176,9.435,12.901,24.734,23987.66,45989.48,17.804557,0.7199
65048,Corleto Monforte,Salerno,65,40.437209,15.37956,34221282.0,0.1371,0.076194,0.0,9.497,3.048,0.0,12.545,24.051,42930.23,82306.45,25.585615,1.0638
23078,Sant'Anna d'Alfaedo,Verona,23,45.627457,10.95155,12113386.0,0.1655,0.000155,0.0,13.839,0.006,0.0,13.845,26.545,16771.57,32154.69,20.167921,0.7598
94042,Rocchetta a Volturno,Isernia,94,41.624626,14.086261,2953349.0,0.2733,0.310659,0.0,37.74,12.426,0.0,50.166,96.179,14815.75,28404.96,43.903663,0.4565
64080,Rotondi,Avellino,64,41.03118,14.596753,18411539.0,0.191,0.286866,0.010313,18.433,11.475,0.619,30.526,58.525,56202.93,107753.04,37.737871,0.6448
21082,San Martino in Badia/St. Martin in Thurn,Bolzano/Bozen,21,46.650928,11.841677,26718830.0,0.0579,7e-06,0.0,1.694,0.0,0.0,1.694,3.248,4526.52,8678.3,10.80791,3.3275
82030,Ciminna,Palermo,82,37.896816,13.562345,6270316.0,0.1356,0.052648,0.0,9.29,2.106,0.0,11.396,21.849,7145.89,13700.2,29.57954,1.3538
65068,Minori,Salerno,65,40.652708,14.624941,15973294.0,0.1001,0.807675,0.003014,5.063,32.307,0.181,37.551,71.993,59980.65,114995.74,25.585615,0.3554
22034,Caldonazzo,Trento,22,45.991523,11.262133,10217350.0,0.0883,0.35017,0.0,3.939,14.007,0.0,17.946,34.407,18336.34,35154.7,14.82766,0.431
75031,Gallipoli,Lecce,75,40.05672,17.996423,97979202.0,0.056,0.008124,1.3e-05,1.585,0.325,0.001,1.91,3.662,18716.43,35883.4,14.108941,3.8524
12104,Monvalle,Varese,12,45.856932,8.63373,38178715.0,0.0395,0.017685,0.453833,0.788,0.707,27.23,28.726,55.073,109671.1,210262.96,11.229804,0.2039
97036,Galbiate,Lecco,97,45.817534,9.375015,18605439.0,0.0544,0.09147,0.002924,1.495,3.659,0.175,5.329,10.218,9915.76,19010.64,14.425007,1.4118
6172,Terzo,Alessandria,6,44.670445,8.421645,9035460.0,0.0527,0.083247,0.040674,1.403,3.33,2.44,7.174,13.753,6481.66,12426.73,20.84217,1.5154
67029,Morro d'Oro,Teramo,67,42.663744,13.919497,157824389.0,0.175,0.131173,0.0221,15.474,5.247,1.326,22.047,42.268,347949.18,667093.05,27.38232,0.6478
61027,Castel Volturno,Caserta,61,41.034313,13.940835,8640702.0,0.0927,0.0,0.812084,4.342,0.0,48.725,53.067,101.741,45853.54,87911.05,28.435248,0.2795
75007,Arnesano,Lecce,75,40.3352,18.091628,6172114.0,0.049,0.002086,0.014595,1.213,0.083,0.876,2.172,4.165,1340.75,2570.51,14.108941,3.3877
12064,Daverio,Varese,12,45.778403,8.771828,131423537.0,0.0379,0.001439,0.001683,0.726,0.058,0.101,0.884,1.695,11621.85,22281.57,11.229804,6.6237
68026,Nocciano,Pescara,68,42.333041,13.984102,8911247.0,0.1838,0.05639,0.0,17.069,2.256,0.0,19.325,37.049,17220.65,33015.67,27.533978,0.7432
59015,Monte San Biagio,Latina,59,41.352513,13.352204,4274885.0,0.0801,0.104516,0.004832,3.242,4.181,0.29,7.712,14.786,3296.93,6320.93,21.481102,1.4528
98057,Terranova dei Passerini,Lodi,98,45.19832,9.677121,6506234.0,0.0771,0.0,0.027497,3.003,0.0,1.65,4.653,8.921,3027.55,5804.47,19.574231,2.1941
76006,Atella,Potenza,76,40.880321,15.650161,160336797.0,0.173,0.017577,0.0,15.122,0.703,0.0,15.825,30.34,253734.6,486463.54,40.913322,1.3485
64030,Conza della Campania,Avellino,64,40.858592,15.336066,86025786.0,0.2672,0.100107,0.0,36.074,4.004,0.0,40.078,76.838,344773.87,661005.29,37.737871,0.4911
15183,Robecchetto con Induno,Milano,15,45.532481,8.764558,19162090.0,0.0378,0.0,0.134853,0.722,0.0,8.091,8.813,16.897,16887.78,32377.49,15.050002,0.8907
74004,Cellino San Marco,Brindisi,74,40.472228,17.966318,7453589.0,0.0472,0.00015,0.040313,1.126,0.006,2.419,3.55,6.807,2646.34,5073.6,13.243039,1.9455
61053,Orta di Atella,Caserta,61,40.966512,14.268029,11636652.0,0.1493,0.0,0.0,11.263,0.0,0.0,11.263,21.593,13105.85,25126.73,28.435248,1.3169
17124,Ono San Pietro,Brescia,17,46.016895,10.328362,15847454.0,0.0668,0.0635,0.012705,2.255,2.54,0.762,5.557,10.654,8806.28,16883.52,20.48295,1.9226
4131,Monesiglio,Cuneo,4,44.465037,8.118542,6549753.0,0.0539,0.119029,0.0312,1.468,4.761,1.872,8.101,15.531,5305.99,10172.72,16.396584,1.0557
12048,Cavaria con Premezzo,Varese,12,45.692682,8.796529,33811805.0,0.0377,0.0,0.062494,0.718,0.0,3.75,4.468,8.566,15106.32,28962.05,11.229804,1.311
97004,Ballabio,Lecco,97,45.898184,9.423444,19904173.0,0.0521,0.325791,0.00669,1.371,13.032,0.401,14.805,28.383,29467.2,56494.92,14.425007,0.5082
41002,Apecchio,Pesaro e Urbino,41,43.558554,12.420951,4160450.0,0.2089,0.009434,0.0,22.049,0.377,0.0,22.427,42.997,9330.49,17888.55,24.621765,0.5726
12084,Ispra,Varese,12,45.815457,8.610138,12044808.0,0.0391,0.002512,0.439599,0.772,0.1,26.376,27.249,52.242,32820.74,62924.39,11.229804,0.215
85016,San Cataldo,Caltanissetta,85,37.491446,13.993516,10881982.0,0.0704,0.019764,0.0,2.504,0.791,0.0,3.295,6.317,3585.31,6873.81,20.302008,3.214
81015,Partanna,Trapani,81,37.727841,12.88854,31604798.0,0.137,0.001183,0.015721,9.483,0.047,0.943,10.474,20.081,33102.44,63464.45,16.86353,0.8398
98005,Borgo San Giovanni,Lodi,98,45.278042,9.435836,145131435.0,0.0688,0.0,0.06842,2.392,0.0,4.105,6.497,12.456,94289.47,180773.09,19.574231,1.5715
30087,Ragogna,Udine,30,46.173522,12.98242,9980873.0,0.2448,0.020483,0.0,30.279,0.819,0.0,31.098,59.622,31038.76,59507.95,22.91097,0.3843
57027,Fara in Sabina,Rieti,57,42.209558,12.72937,14458543.0,0.1549,0.012085,0.0,12.123,0.483,0.0,12.607,24.17,18227.44,34945.9,44.772003,1.8524
36047,Zocca,Modena,36,44.347264,10.990407,5455482.0,0.1586,0.381291,0.010096,12.709,15.252,0.606,28.567,54.769,15584.55,29878.92,36.541065,0.6672
20056,San Giacomo delle Segnate,Mantova,20,44.972575,11.033097,17120735.0,0.1112,0.0,0.013471,6.248,0.0,0.808,7.056,13.528,12080.5,23160.9,21.044843,1.5557
69029,Dogliola,Chieti,69,41.941896,14.636275,2342793.0,0.1191,0.0969,0.01671,7.167,3.876,1.003,12.046,23.094,2822.05,5410.47,28.116343,1.2175
111067,Sanluri,Sud Sardegna,111,39.562642,8.898636,9567828.0,0.0,0.0,0.129672,0.0,0.0,7.78,7.78,14.917,7444.08,14271.89,15.448131,1.0356
61036,Francolise,Caserta,61,41.185015,14.056722,9179867.0,0.1047,0.018838,0.00766,5.539,0.754,0.46,6.752,12.945,6198.12,11883.12,28.435248,2.1967
18049,Cigognola,Pavia,18,45.032761,9.244856,7055559.0,0.0927,0.212835,0.033509,4.342,8.513,2.011,14.866,28.501,10488.66,20109.01,18.961299,0.6653
30052,Magnano in Riviera,Udine,30,46.23133,13.176769,41988324.0,0.2586,0.020644,0.185936,33.789,0.826,11.156,45.771,87.753,192184.2,368458.25,22.91097,0.2611
77017,Montescaglioso,Matera,77,40.552221,16.666887,28535696.0,0.1566,0.006035,0.047756,12.391,0.241,2.865,15.498,29.712,44223.51,84785.94,22.969725,0.7731
6086,Guazzora,Alessandria,6,45.0138,8.843573,7014405.0,0.0649,0.0,0.172481,2.128,0.0,10.349,12.477,23.921,8751.9,16779.26,20.84217,0.8713
80010,Bivongi,Reggio di Calabria,80,38.48317,16.453054,14712059.0,0.1814,0.044847,0.049961,16.626,1.794,2.998,21.418,41.062,31509.86,60411.15,48.652369,1.1848
69013,Casacanditella,Chieti,69,42.247439,14.19931,11301304.0,0.1661,0.301407,0.027934,13.94,12.056,1.676,27.672,53.053,31273.12,59957.26,28.116343,0.53
9058,Stella,Savona,9,44.404721,8.501565,8074366.0,0.0521,0.092268,0.001017,1.371,3.691,0.061,5.123,9.822,4136.68,7930.91,24.791781,2.524
86005,Calascibetta,Enna,86,37.590191,14.271972,4446946.0,0.0879,0.01147,0.0,3.904,0.459,0.0,4.363,8.364,1940.06,3719.5,34.389868,4.1116
62070,Sant'Agata de' Goti,Benevento,62,41.088538,14.503793,18982071.0,0.166,0.105241,0.006579,13.923,4.21,0.395,18.527,35.521,35168.86,67426.24,40.937916,1.1525
17198,Vezza d'Oglio,Brescia,17,46.240213,10.399732,29221064.0,0.0591,0.042035,0.024561,1.765,1.681,1.474,4.92,9.432,14376.32,27562.48,20.48295,2.1716
1136,Lombriasco,Torino,1,44.840941,7.635925,7305525.0,0.0689,0.0,0.106302,2.399,0.0,6.378,8.777,16.827,6411.85,12292.88,20.594868,1.2239
76032,Filiano,Potenza,76,40.831879,15.716292,4907402.0,0.1619,0.052034,0.0,13.244,2.081,0.0,15.325,29.382,7520.65,14418.7,40.913322,1.3925
20059,San Martino dall'Argine,Mantova,20,45.099056,10.518348,35435929.0,0.0749,0.0,0.036261,2.835,0.0,2.176,5.01,9.606,17754.08,34038.37,21.044843,2.1909
1221,Rocca Canavese,Torino,1,45.308854,7.575863,17297822.0,0.0554,0.002141,0.050602,1.551,0.086,3.036,4.672,8.958,8082.4,15495.68,20.594868,2.299
52023,Radda in Chianti,Siena,52,43.487052,11.3747,15152081.0,0.12,0.04916,0.009292,7.276,1.966,0.558,9.8,18.788,14848.6,28467.94,24.090373,1.2822
43020,Gagliole,Macerata,43,43.238301,13.067304,3721336.0,0.1781,0.102655,0.0,16.027,4.106,0.0,20.133,38.599,7492.15,14364.05,27.736975,0.7186
46015,Gallicano,Lucca,46,44.060651,10.435668,14210820.0,0.1944,0.276759,0.061233,19.095,11.07,3.674,33.839,64.876,48087.88,92194.76,29.45658,0.454
73024,San Giorgio Ionico,Taranto,73,40.456624,17.378704,5674459.0,0.06,0.0,0.043648,1.819,0.0,2.619,4.438,8.508,2518.23,4827.98,15.194153,1.7858
61102,Cellole,Caserta,61,41.204814,13.854317,65224364.0,0.0912,0.000763,0.044669,4.202,0.031,2.68,6.913,13.254,45090.62,86448.37,28.435248,2.1454
81002,Buseto Palizzolo,Trapani,81,38.012506,12.711586,22196712.0,0.0653,0.0,0.0,2.154,0.0,0.0,2.154,4.131,4782.25,9168.6,16.86353,4.0826
68003,Bolognano,Pescara,68,42.2181,13.960887,30832369.0,0.2066,0.265979,0.0,21.566,10.639,0.0,32.206,61.745,99297.46,190374.49,27.533978,0.4459
60076,Supino,Frosinone,60,41.610209,13.224731,10991998.0,0.1396,0.301113,0.010796,9.847,12.045,0.648,22.539,43.212,24774.79,47498.57,34.188464,0.7912
62007,Baselice,Benevento,62,41.393726,14.972839,7004434.0,0.1628,0.374491,0.011373,13.391,14.98,0.682,29.053,55.702,20350.29,39015.85,40.937916,0.7349
90030,Giave,Sassari,90,40.451958,8.752221,22354019.0,0.0,0.082809,0.0,0.0,3.312,0.0,3.312,6.351,7404.46,14195.93,12.837123,2.0214
18029,Canneto Pavese,Pavia,18,45.050462,9.278757,11006483.0,0.0922,0.226967,0.012372,4.295,9.079,0.742,14.116,27.064,15536.93,29787.62,18.961299,0.7006
23049,Montecchia di Crosara,Verona,23,45.484518,11.253425,27116835.0,0.1586,0.00176,0.0,12.709,0.07,0.0,12.78,24.502,34654.69,66440.46,20.167921,0.8231
2021,Buronzo,Vercelli,2,45.480862,8.267128,16811165.0,0.038,0.0,0.05891,0.73,0.0,3.535,4.264,8.175,7168.62,13743.77,17.175786,2.1009
62028,Durazzano,Benevento,62,41.062481,14.447478,8544431.0,0.1488,0.323151,0.0,11.187,12.926,0.0,24.113,46.23,20603.44,39501.2,40.937916,0.8855
30039,Flaibano,Udine,30,46.058333,12.983642,117823501.0,0.193,0.0,0.0,18.821,0.0,0.0,18.821,36.083,221750.28,425142.74,22.91097,0.635
36011,Fanano,Modena,36,44.207737,10.793837,26245801.0,0.1781,0.241218,0.007597,16.027,9.649,0.456,26.131,50.099,68583.66,131489.56,36.541065,0.7294
111078,Serrenti,Sud Sardegna,111,39.492771,8.975228,47975677.0,0.0,0.031379,0.019072,0.0,1.255,1.144,2.399,4.6,11511.67,22070.33,15.448131,3.3581
59004,Castelforte,Latina,59,41.299016,13.824015,18208769.0,0.1008,0.204099,0.032623,5.134,8.164,1.957,15.255,29.247,27777.73,53255.85,21.481102,0.7345
12054,Comabbio,Varese,12,45.77196,8.674392,8178042.0,0.0381,0.0,0.003462,0.733,0.0,0.208,0.941,1.804,769.69,1475.66,11.229804,6.2235
92050,Pula,Cagliari,92,39.007433,9.001646,46428849.0,0.0,0.089497,0.06563,0.0,3.58,3.938,7.518,14.413,34903.72,66917.91,12.810064,0.8888
78143,Spezzano della Sila,Cosenza,78,39.299411,16.33945,4056137.0,0.2764,0.003238,0.0,38.601,0.13,0.0,38.73,74.254,15709.45,30118.39,50.996071,0.6868
81019,Santa Ninfa,Trapani,81,37.771342,12.877639,6813006.0,0.1206,0.009199,0.0,7.349,0.368,0.0,7.717,14.795,5257.39,10079.53,16.86353,1.1398
58011,Artena,Roma,58,41.741915,12.912174,20618612.0,0.1673,0.062234,0.0,14.142,2.489,0.0,16.631,31.886,34291.47,65744.08,29.689549,0.9311
70084,Vinchiaturo,Campobasso,70,41.492925,14.590729,40100355.0,0.2492,0.008254,0.00202,31.377,0.33,0.121,31.829,61.022,127633.52,244700.77,35.851049,0.5875
18163,Trivolzio,Pavia,18,45.258464,9.042748,691689000.0,0.0533,0.0,0.0,1.435,0.0,0.0,1.435,2.752,99284.84,190350.28,18.961299,6.8901
20020,Commessaggio,Mantova,20,45.034443,10.545345,13040042.0,0.0747,0.0,0.000118,2.819,0.0,0.007,2.826,5.419,3685.76,7066.39,21.044843,3.8835
66054,Massa d'Albe,L'Aquila,66,42.107229,13.394294,41223901.0,0.2501,0.485861,0.0,31.604,19.434,0.0,51.039,97.852,210401.25,403384.22,47.395882,0.4844
64057,Montella,Avellino,64,40.843856,15.017955,4588941.0,0.1823,0.235374,0.005787,16.792,9.415,0.347,26.554,50.909,12185.35,23361.93,37.737871,0.7413
70036,Mafalda,Campobasso,70,41.941736,14.713226,3826207.0,0.1193,0.083914,0.035526,7.191,3.357,2.132,12.679,24.309,4851.35,9301.08,35.851049,1.4748
62058,San Giorgio del Sannio,Benevento,62,41.069327,14.852458,15270212.0,0.2533,0.007802,0.0,32.418,0.312,0.0,32.73,62.751,49979.73,95821.84,40.937916,0.6524
78110,Rovito,Cosenza,78,39.307994,16.321094,1908058.0,0.2764,0.126417,0.0,38.601,5.057,0.0,43.657,83.7,8330.06,15970.5,50.996071,0.6093
62022,Ceppaloni,Benevento,62,41.044533,14.760051,2200488.0,0.224,0.071929,0.012013,25.352,2.877,0.721,28.95,55.503,6370.42,12213.45,40.937916,0.7376
12010,Bedero Valcuvia,Varese,12,45.914271,8.794198,21128518.0,0.0388,0.000774,0.00187,0.761,0.031,0.112,0.904,1.733,1909.6,3661.12,11.229804,6.4808
103025,Crevoladossola,Verbano-Cusio-Ossola,103,46.148584,8.297416,10507268.0,0.0815,0.188888,0.044093,3.356,7.556,2.646,13.557,25.992,14244.9,27310.52,17.575018,0.6762
6147,Rocca Grimalda,Alessandria,6,44.671447,8.64845,30770021.0,0.0744,0.028313,0.01575,2.797,1.133,0.945,4.874,9.345,14998.33,28755.02,20.84217,2.2303
87026,Milo,Catania,87,37.722445,15.115739,27716728.0,0.224,0.000184,0.0,25.352,0.007,0.0,25.359,48.619,70288.08,134757.3,36.827421,0.7575
93009,Caneva,Pordenone,93,45.968662,12.448097,71856693.0,0.2369,0.007856,0.0,28.356,0.314,0.0,28.67,54.967,206016.17,394977.09,22.312037,0.4059
78101,Praia a Mare,Cosenza,78,39.900902,15.779276,7479326.0,0.1643,0.021217,0.014647,13.639,0.849,0.879,15.367,29.461,11493.35,22035.21,50.996071,1.7309
15055,Casarile,Milano,15,45.317888,9.104903,77968734.0,0.0526,0.0,0.0,1.398,0.0,0.0,1.398,2.68,10899.58,20896.82,15.050002,5.6154
9018,Carcare,Savona,9,44.357473,8.290162,33565270.0,0.0564,0.013466,0.026127,1.607,0.539,1.568,3.713,7.12,12464.4,23896.93,24.791781,3.4822
31001,Capriva del Friuli,Gorizia,31,45.941416,13.513629,17205227.0,0.1872,0.001034,0.005133,17.706,0.041,0.308,18.056,34.617,31065.24,59558.72,23.340869,0.6743
64108,Teora,Avellino,64,40.852817,15.253352,9013313.0,0.263,0.098955,0.0,34.949,3.958,0.0,38.907,74.593,35067.87,67232.61,37.737871,0.5059
17118,Niardo,Brescia,17,45.975994,10.333263,10357022.0,0.0734,0.271381,0.011554,2.722,10.855,0.693,14.271,27.36,14780.11,28336.63,20.48295,0.7487
103051,Ornavasso,Verbano-Cusio-Ossola,103,45.962083,8.393624,5586431.0,0.0526,0.059341,0.097293,1.398,2.374,5.838,9.609,18.423,5368.09,10291.78,17.575018,0.954
65026,Casalbuono,Salerno,65,40.21575,15.681587,18718068.0,0.222,0.034952,0.000707,24.901,1.398,0.042,26.342,50.503,49306.93,94531.93,25.585615,0.5066
98042,Orio Litta,Lodi,98,45.160313,9.554207,18120728.0,0.0814,0.0,0.132694,3.348,0.0,7.962,11.309,21.683,20493.63,39290.67,19.574231,0.9028
4217,Scarnafigi,Cuneo,4,44.67881,7.56595,20559018.0,0.0973,0.0,0.012616,4.783,0.0,0.757,5.54,10.622,11390.59,21838.19,16.396584,1.5436
52001,Abbadia San Salvatore,Siena,52,42.880972,11.67242,28705497.0,0.1401,0.428986,0.008252,9.917,17.159,0.495,27.572,52.861,79146.42,151740.63,24.090373,0.4557
61003,Alvignano,Caserta,61,41.219342,14.352737,35362941.0,0.1663,0.071332,0.055191,13.973,2.853,3.311,20.138,38.609,71214.39,136533.23,28.435248,0.7365
94008,Carpinone,Isernia,94,41.590426,14.323322,17461429.0,0.2628,0.146347,0.019877,34.895,5.854,1.193,41.942,80.412,73236.58,140410.19,43.903663,0.546
61099,Villa Literno,Caserta,61,41.009912,14.080525,12938056.0,0.1104,0.0,0.001213,6.158,0.0,0.073,6.231,11.946,8061.71,15456.03,28.435248,2.3803
65003,Albanella,Salerno,65,40.478422,15.116608,12737083.0,0.1025,0.065422,0.020816,5.308,2.617,1.249,9.174,17.589,11685.33,22403.28,25.585615,1.4546
23093,Vestenanova,Verona,23,45.573467,11.227722,29354954.0,0.1639,0.004226,0.0,13.573,0.169,0.0,13.742,26.346,40339.67,77339.77,20.167921,0.7655
17004,Alfianello,Brescia,17,45.266975,10.148172,141628518.0,0.1029,0.0,0.083074,5.35,0.0,4.984,10.334,19.813,146364.2,280611.5,20.48295,1.0338
77015,Miglionico,Matera,77,40.56842,16.502484,24390044.0,0.1601,0.057489,0.014692,12.951,2.3,0.882,16.132,30.928,39346.0,75434.69,22.969725,0.7427
2011,Bianzè,Vercelli,2,45.308457,8.122527,18816782.0,0.0377,0.0,0.011958,0.718,0.0,0.717,1.436,2.752,2701.35,5179.06,17.175786,6.2404
16210,Taleggio,Bergamo,16,45.894385,9.562672,12607911.0,0.0615,0.287058,0.045746,1.911,11.482,2.745,16.138,30.94,20346.79,39009.15,21.203762,0.6853
5090,Revigliasco d'Asti,Asti,5,44.85854,8.158222,11107224.0,0.0422,0.045371,0.0,0.9,1.815,0.0,2.715,5.205,3015.2,5780.79,21.748752,4.1788
19083,Rivarolo del Re ed Uniti,Cremona,19,45.027972,10.469783,574408000.0,0.074,0.0,0.0,2.767,0.0,0.0,2.767,5.305,158928.41,304699.78,21.210647,3.9985
4218,Serralunga d'Alba,Cuneo,4,44.610686,8.000556,163018000.0,0.0516,0.216277,0.044247,1.345,8.651,2.655,12.651,24.255,206237.23,395400.9,16.396584,0.676
84040,Santo Stefano Quisquina,Agrigento,84,37.625027,13.49076,6460591.0,0.0765,0.071127,0.000971,2.957,2.845,0.058,5.86,11.235,3786.08,7258.72,20.102118,1.7892
78116,San Fili,Cosenza,78,39.338893,16.14349,3223232.0,0.2545,0.045451,0.000824,32.726,1.818,0.049,34.594,66.323,11150.29,21377.49,50.996071,0.7689
37022,Castiglione dei Pepoli,Bologna,37,44.142505,11.166508,14555457.0,0.1917,0.367216,0.012848,18.568,14.689,0.771,34.027,65.238,49528.41,94956.56,38.815968,0.595
12060,Cunardo,Varese,12,45.937476,8.801245,12103364.0,0.0389,0.014758,0.024288,0.765,0.59,1.457,2.812,5.392,3403.67,6525.57,11.229804,2.0829
1183,Pecetto Torinese,Torino,1,45.016883,7.749949,22729303.0,0.0507,0.021549,0.014292,1.299,0.862,0.858,3.018,5.787,6860.28,13152.63,20.594868,3.559
30059,Moggio Udinese,Udine,30,46.409703,13.195142,80963866.0,0.2409,0.030781,0.0,29.322,1.231,0.0,30.553,58.577,247369.55,474260.38,22.91097,0.3911
60042,Guarcino,Frosinone,60,41.799022,13.313397,100212000.0,0.1661,0.256113,0.0,13.94,10.245,0.0,24.184,46.367,242356.02,464648.36,34.188464,0.7374
4227,Torre Mondovì,Cuneo,4,44.352832,7.89964,32333953.0,0.07,0.029925,0.015664,2.476,1.197,0.94,4.613,8.843,14914.45,28594.2,16.396584,1.8541
60015,Broccostella,Frosinone,60,41.699723,13.635305,24607874.0,0.243,0.028571,0.002408,29.835,1.143,0.144,31.123,59.669,76586.11,146831.97,34.188464,0.573
3103,Nebbiuno,Novara,3,45.803573,8.527126,11970866.0,0.0404,0.0,3.5e-05,0.825,0.0,0.002,0.827,1.585,989.72,1897.5,12.08995,7.6273
65066,Maiori,Salerno,65,40.648908,14.640141,103136038.0,0.0957,0.88711,0.001992,4.627,35.484,0.12,40.231,77.132,414930.39,795510.35,25.585615,0.3317
48020,Gambassi Terme,Firenze,48,43.539113,10.954075,57944294.0,0.1414,0.03377,0.021804,10.102,1.351,1.308,12.761,24.466,73944.17,141766.8,35.050589,1.4326
35043,Vezzano sul Crostolo,Reggio nell'Emilia,35,44.602584,10.546853,12664385.0,0.1594,0.23264,0.022398,12.838,9.306,1.344,23.487,45.03,29745.33,57028.17,36.618436,0.8132
4241,Vezza d'Alba,Cuneo,4,44.76364,7.996134,10702606.0,0.0469,0.128546,0.0775,1.111,5.142,4.65,10.903,20.904,11669.29,22372.52,16.396584,0.7844
13216,Sorico,Como,13,46.172005,9.379666,8646826.0,0.044,0.093143,0.167855,0.978,3.726,10.071,14.775,28.327,12775.87,24494.07,12.029442,0.4247
14065,Teglio,Sondrio,14,46.172675,10.064126,29048124.0,0.084,0.083597,0.052873,3.565,3.344,3.172,10.081,19.328,29284.57,56144.78,12.776609,0.661
22213,Vermiglio,Trento,22,46.296905,10.691365,30161265.0,0.0518,0.266106,0.0,1.356,10.644,0.0,12.0,23.007,36193.46,69390.62,14.82766,0.6445
30071,Paluzza,Udine,30,46.530815,13.018206,7286321.0,0.176,0.084986,0.001367,15.651,3.399,0.082,19.132,36.681,13940.55,26727.01,22.91097,0.6246
14023,Colorina,Sondrio,14,46.153693,9.729346,50941103.0,0.0639,0.107799,0.068798,2.063,4.312,4.128,10.503,20.136,53503.11,102576.92,12.776609,0.6345
5076,Montegrosso d'Asti,Asti,5,44.823943,8.239782,4437945.0,0.043,0.057897,0.02793,0.934,2.316,1.676,4.926,9.444,2186.09,4191.21,21.748752,2.3029
5074,Montaldo Scarampi,Asti,5,44.830345,8.259052,47131997.0,0.0435,0.032275,0.025749,0.956,1.291,1.545,3.792,7.27,17872.57,34265.54,21.748752,2.9915
59014,Minturno,Latina,59,41.262974,13.746522,15738734.0,0.0922,0.008754,0.049968,4.295,0.35,2.998,7.643,14.654,12029.75,23063.6,21.481102,1.4659
65126,San Rufo,Salerno,65,40.43451,15.463662,8669422.0,0.1624,0.065224,0.002575,13.326,2.609,0.154,16.089,30.846,13948.36,26742.0,25.585615,0.8295
101024,Scandale,Crotone,101,39.122213,16.964123,3391764.0,0.1916,0.005,0.026502,18.548,0.2,1.59,20.339,38.993,6898.38,13225.67,41.916345,1.075
80018,Campo Calabro,Reggio di Calabria,80,38.216069,15.659192,144419289.0,0.2605,0.008258,0.000947,34.287,0.33,0.057,34.674,66.478,500765.57,960074.77,48.652369,0.7319
65082,Olevano sul Tusciano,Salerno,65,40.668904,15.032615,7950683.0,0.1255,0.573079,0.005277,7.958,22.923,0.317,31.198,59.813,24804.38,47555.31,25.585615,0.4278
16246,Zogno,Bergamo,16,45.793706,9.666203,123460578.0,0.0929,0.106056,0.012035,4.361,4.242,0.722,9.325,17.878,115126.6,220722.32,21.203762,1.186
5040,Cisterna d'Asti,Asti,5,44.825007,8.004618,14988348.0,0.0447,0.163057,0.009876,1.01,6.522,0.593,8.124,15.576,12177.14,23346.17,21.748752,1.3963
30010,Bertiolo,Udine,30,45.942667,13.04918,12831273.0,0.143,0.0,0.087487,10.332,0.0,5.249,15.581,29.873,19992.85,38330.57,22.91097,0.767
2006,Arborio,Vercelli,2,45.494964,8.385329,3527378.0,0.0376,0.0,0.115937,0.714,0.0,6.956,7.671,14.706,2705.69,5187.39,17.175786,1.1679
40044,Sarsina,Forlì-Cesena,40,43.918758,12.143258,53182419.0,0.2001,0.461236,0.016546,20.231,18.449,0.993,39.673,76.062,210990.3,404513.56,31.154462,0.4096
1094,Corio,Torino,1,45.313499,7.532087,54943983.0,0.06,0.027603,3.1e-05,1.819,1.104,0.002,2.925,5.608,16070.72,30811.0,20.594868,3.6726
45011,Montignoso,Massa-Carrara,45,44.02405,10.172591,101276678.0,0.1383,0.151135,0.055951,9.664,6.045,3.357,19.067,36.555,193099.92,370213.87,30.748861,0.8412
97069,Premana,Lecco,97,46.05173,9.423463,26198026.0,0.0452,0.027213,0.002722,1.032,1.089,0.163,2.284,4.379,5983.92,11472.46,14.425007,3.294
98002,Bertonico,Lodi,98,45.23307,9.668062,11790022.0,0.0758,0.0,0.082713,2.903,0.0,4.963,7.866,15.08,9273.84,17779.94,19.574231,1.298
17001,Acquafredda,Brescia,17,45.307378,10.414677,2000689.0,0.1306,0.0,0.013563,8.618,0.0,0.814,9.432,18.083,1887.0,3617.78,20.48295,1.1327
78157,Corigliano-Rossano,Cosenza,78,39.616315,16.577896,22477055.0,0.2184,0.003611,0.069539,24.1,0.144,4.172,28.417,54.482,63873.28,122458.75,50.996071,0.936
16099,Fino del Monte,Bergamo,16,45.892689,9.994057,3055824.0,0.0868,0.123441,0.002945,3.807,4.938,0.177,8.921,17.104,2726.14,5226.59,21.203762,1.2397
103048,Nonio,Verbano-Cusio-Ossola,103,45.845773,8.377522,6471661.0,0.0462,0.07582,0.000118,1.078,3.033,0.007,4.118,7.896,2665.25,5109.85,17.575018,2.2259
87037,Ramacca,Catania,87,37.388048,14.692681,14932329.0,0.1747,0.000131,0.13037,15.421,0.005,7.822,23.248,44.572,34714.85,66555.8,36.827421,0.8263
80007,Bagnara Calabra,Reggio di Calabria,80,38.288471,15.807795,15270764.0,0.2594,0.090682,0.013746,33.998,3.627,0.825,38.45,73.718,58716.65,112572.39,48.652369,0.66
43034,Muccia,Macerata,43,43.081701,13.042968,22653841.0,0.2209,0.006094,0.0,24.655,0.244,0.0,24.899,47.737,56405.78,108141.95,27.736975,0.581
23056,Palù,Verona,23,45.325834,11.155173,10334658.0,0.1284,0.0,0.0,8.33,0.0,0.0,8.33,15.97,8608.82,16504.96,20.167921,1.2628
41031,Monte Cerignone,Pesaro e Urbino,41,43.84046,12.414747,45595036.0,0.1742,0.513865,0.012109,15.333,20.555,0.727,36.614,70.196,166940.18,320060.05,24.621765,0.3508
16116,Gorno,Bergamo,16,45.862895,9.843416,21327688.0,0.0886,0.011134,0.001379,3.966,0.445,0.083,4.494,8.617,9585.51,18377.47,21.203762,2.4608
3112,Orta San Giulio,Novara,3,45.798081,8.406951,19699096.0,0.0432,0.002417,0.00017,0.943,0.097,0.01,1.05,2.013,2068.06,3964.9,12.08995,6.0067
78121,San Lorenzo del Vallo,Cosenza,78,39.668201,16.29739,8620356.0,0.2628,0.004308,0.058904,34.895,0.172,3.534,38.602,74.008,33276.28,63797.74,50.996071,0.6891
64103,Sperone,Avellino,64,40.952359,14.60328,21832502.0,0.1871,0.579001,0.005716,17.687,23.16,0.343,41.19,78.971,89929.06,172413.25,37.737871,0.4779
62042,Montefalcone di Val Fortore,Benevento,62,41.325991,15.009059,4741414.0,0.1849,0.426668,0.003097,17.274,17.067,0.186,34.526,66.195,16370.43,31385.63,40.937916,0.6184
4108,Lesegno,Cuneo,4,44.402234,7.97084,6216137.0,0.0633,0.006162,0.073199,2.025,0.246,4.392,6.663,12.774,4141.78,7940.69,16.396584,1.2836
1061,Cascinette d'Ivrea,Torino,1,45.480159,7.905619,64451927.0,0.0426,0.0,0.0,0.917,0.0,0.0,0.917,1.758,5909.8,11330.35,20.594868,11.7153
68027,Penne,Pescara,68,42.458215,13.927326,9005898.0,0.1796,0.290182,0.00339,16.298,11.607,0.203,28.109,53.89,25314.25,48532.84,27.533978,0.5109
18138,Sannazzaro de' Burgondi,Pavia,18,45.102259,8.906348,38779958.0,0.0608,0.0,0.157276,1.868,0.0,9.437,11.304,21.673,43838.17,84047.15,18.961299,0.8749
41051,San Costanzo,Pesaro e Urbino,41,43.766164,13.072763,8052149.0,0.1833,0.123428,0.0,16.976,4.937,0.0,21.913,42.013,17645.0,33829.24,24.621765,0.5861
35045,Villa Minozzo,Reggio nell'Emilia,35,44.365056,10.465995,20681794.0,0.1688,0.319415,0.016568,14.397,12.777,0.994,28.167,54.003,58255.17,111687.62,36.618436,0.6781
65133,Sanza,Salerno,65,40.244607,15.552666,12507668.0,0.1554,0.415816,0.004468,12.202,16.633,0.268,29.102,55.796,36400.32,69787.2,25.585615,0.4586
30114,Talmassons,Udine,30,45.929558,13.117064,20385392.0,0.1365,0.0,0.060964,9.414,0.0,3.658,13.072,25.062,26647.84,51089.62,22.91097,0.9142
5007,Baldichieri d'Asti,Asti,5,44.905948,8.091638,46085392.0,0.0416,0.002507,0.071521,0.874,0.1,4.291,5.266,10.096,24268.24,46527.4,21.748752,2.1542
76034,Francavilla in Sinni,Potenza,76,40.080192,16.203224,20553369.0,0.179,0.04125,0.021593,16.189,1.65,1.296,19.135,36.685,39328.29,75400.75,40.913322,1.1152
103008,Baveno,Verbano-Cusio-Ossola,103,45.908916,8.505017,19457678.0,0.0446,0.128399,0.417399,1.005,5.136,25.044,31.185,59.788,60678.67,116334.0,17.575018,0.294
17137,Pavone del Mella,Brescia,17,45.301256,10.208401,60247513.0,0.1197,0.0,0.012216,7.239,0.0,0.733,7.972,15.285,48031.82,92087.29,20.48295,1.3401
42015,Corinaldo,Ancona,42,43.648816,13.047659,46685943.0,0.1858,0.118113,0.0,17.443,4.725,0.0,22.167,42.499,103488.88,198410.34,27.781362,0.6537
64038,Grottaminarda,Avellino,64,41.06972,15.058945,150514217.0,0.2711,0.03191,0.015701,37.134,1.276,0.942,39.353,75.448,592316.82,1135598.11,37.737871,0.5002
19114,Volongo,Cremona,19,45.212247,10.301874,20905195.0,0.0923,0.0,0.172889,4.304,0.0,10.373,14.678,28.141,30684.28,58828.32,21.210647,0.7537
65047,Corbara,Salerno,65,40.724782,14.592763,2863142.0,0.1158,0.819566,0.01168,6.775,32.783,0.701,40.259,77.185,11526.68,22099.11,25.585615,0.3315
4237,Venasca,Cuneo,4,44.562163,7.396865,8979530.0,0.1333,0.075471,0.051772,8.978,3.019,3.106,15.103,28.956,13561.9,26001.06,16.396584,0.5663
85012,Mussomeli,Caltanissetta,85,37.577845,13.751259,11441084.0,0.0712,0.016302,0.0,2.561,0.652,0.0,3.213,6.161,3676.57,7048.77,20.302008,3.2953
19034,Credera Rubbiano,Cremona,19,45.296063,9.650529,7491725.0,0.0761,0.0,0.125951,2.926,0.0,7.557,10.483,20.098,7853.68,15057.19,21.210647,1.0553
55031,Stroncone,Terni,55,42.502332,12.659973,5743890.0,0.1627,0.051783,0.006217,13.375,2.071,0.373,15.819,30.329,9086.44,17420.64,34.830185,1.1484
14072,Valdisotto,Sondrio,14,46.425215,10.357418,17316285.0,0.0958,0.162988,0.047052,4.637,6.52,2.823,13.98,26.802,24207.76,46411.45,12.776609,0.4767
16049,Canonica d'Adda,Bergamo,16,45.575677,9.541653,7612693.0,0.0964,0.0,0.094888,4.695,0.0,5.693,10.389,19.917,7908.58,15162.43,21.203762,1.0646
7071,Valtournenche,Valle d'Aosta/Vallée d'Aoste,7,45.911551,7.619255,15981274.0,0.112,0.741751,0.03479,6.338,29.67,2.087,38.095,73.037,60881.4,116722.67,17.572597,0.2406
29008,Calto,Rovigo,29,44.991498,11.356471,2643242.0,0.0963,0.0,0.20254,4.686,0.0,12.152,16.838,32.282,4450.71,8532.95,24.853738,0.7699
78094,Paterno Calabro,Cosenza,78,39.228492,16.264894,8928904.0,0.2729,0.017521,0.01334,37.629,0.701,0.8,39.13,75.021,34939.17,66985.87,50.996071,0.6798
96071,Valdengo,Biella,96,45.567322,8.136866,39263054.0,0.0406,0.0,0.02091,0.833,0.0,1.255,2.087,4.002,8195.99,15713.46,19.06674,4.7642
17153,Preseglie,Brescia,17,45.668287,10.39677,15894142.0,0.1521,8.2e-05,0.0,11.689,0.003,0.0,11.692,22.417,18583.82,35629.16,20.48295,0.9137
85009,Mazzarino,Caltanissetta,85,37.305024,14.214078,13835856.0,0.0799,0.000728,0.000808,3.226,0.029,0.048,3.303,6.333,4570.27,8762.18,20.302008,3.2058
23016,Buttapietra,Verona,23,45.34209,10.99859,54915866.0,0.1406,0.0,0.0,9.988,0.0,0.0,9.988,19.15,54851.2,105161.48,20.167921,1.0532
6025,Cabella Ligure,Alessandria,6,44.673751,9.09576,10348981.0,0.0972,0.051492,0.02358,4.774,2.06,1.415,8.248,15.813,8535.97,16365.28,20.84217,1.318
4080,Diano d'Alba,Cuneo,4,44.65031,8.027508,44671525.0,0.0495,0.257311,0.094207,1.238,10.292,5.652,17.183,32.943,76758.55,147162.57,16.396584,0.4977
87021,Linguaglossa,Catania,87,37.842643,15.142131,6603101.0,0.2161,0.0,0.0,23.595,0.0,0.0,23.595,45.237,15580.27,29870.72,36.827421,0.8141
99015,Saludecio,Rimini,99,43.872685,12.668507,6042058.0,0.1853,0.161194,0.0,17.349,6.448,0.0,23.797,45.623,14378.0,27565.7,28.763441,0.6305
12035,Caronno Varesino,Varese,12,45.738636,8.831226,9396838.0,0.0381,0.000502,0.002105,0.733,0.02,0.126,0.88,1.687,826.76,1585.07,11.229804,6.6574
25059,Taibon Agordino,Belluno,25,46.298782,12.012654,17573001.0,0.1256,0.027483,0.0,7.971,1.099,0.0,9.07,17.389,15938.76,30558.02,17.91629,1.0303
65129,Sant'Arsenio,Salerno,65,40.472911,15.484562,8303736.0,0.1915,0.001323,0.016132,18.529,0.053,0.968,19.55,37.481,16233.78,31123.64,25.585615,0.6826
40031,Portico e San Benedetto,Forlì-Cesena,40,44.003714,11.720184,9784464.0,0.2088,0.246408,0.010872,22.028,9.856,0.652,32.537,62.38,31835.53,61035.53,31.154462,0.4994
30011,Bicinicco,Udine,30,45.935713,13.251166,181517327.0,0.1479,0.0,0.0,11.052,0.0,0.0,11.052,21.19,200619.0,384629.57,22.91097,1.0812
16122,Isso,Bergamo,16,45.476787,9.758419,8114175.0,0.1196,0.0,0.0,7.227,0.0,0.0,7.227,13.856,5864.41,11243.33,21.203762,1.5302
19040,Derovere,Cremona,19,45.109972,10.247977,6417809.0,0.0766,0.0,0.199332,2.965,0.0,11.96,14.925,28.614,9578.31,18363.67,21.210647,0.7413
48013,Dicomano,Firenze,48,43.891962,11.52365,12340116.0,0.1959,0.053872,0.017685,19.39,2.155,1.061,22.606,43.341,27896.52,53483.6,35.050589,0.8087
15204,Sedriano,Milano,15,45.488333,8.968731,20249639.0,0.0411,0.0,0.0,0.853,0.0,0.0,0.853,1.636,1728.3,3313.52,15.050002,9.1974
28021,Candiana,Padova,28,45.22109,11.989114,46835111.0,0.06,0.0,0.051468,1.819,0.0,3.088,4.907,9.408,22982.12,44061.64,17.804557,1.8925
4118,Margarita,Cuneo,4,44.403432,7.684934,26834547.0,0.0934,0.0,0.081478,4.408,0.0,4.889,9.296,17.823,24946.4,47827.58,16.396584,0.92
16017,Azzone,Bergamo,16,45.978518,10.112647,15466058.0,0.0678,0.318124,0.087958,2.323,12.725,5.277,20.325,38.967,31434.85,60267.33,21.203762,0.5441
21022,Chiusa/Klausen,Bolzano/Bozen,21,46.639687,11.566643,51616213.0,0.0517,0.036897,0.00252,1.351,1.476,0.151,2.978,5.709,15369.21,29466.06,10.80791,1.8932
22060,Cis,Trento,22,46.399187,11.00296,12603783.0,0.0488,0.051013,0.000743,1.203,2.041,0.045,3.288,6.304,4144.57,7946.03,14.82766,2.3519
4190,Roccaforte Mondovì,Cuneo,4,44.31794,7.744742,8566142.0,0.0906,3.1e-05,0.024402,4.147,0.001,1.464,5.613,10.761,4807.95,9217.88,16.396584,1.5237
23061,Pressana,Verona,23,45.284749,11.40209,186023474.0,0.0973,0.0,0.0,4.783,0.0,0.0,4.783,9.171,88983.82,170601.03,20.167921,2.1991
63027,Cicciano,Napoli,63,40.964714,14.538935,1955340.0,0.1836,0.000489,0.186619,17.032,0.02,11.197,28.249,54.159,5523.56,10589.85,35.751904,0.6601
4061,Centallo,Cuneo,4,44.501533,7.58783,15584204.0,0.1076,0.0,0.036515,5.85,0.0,2.191,8.041,15.416,12530.82,24024.25,16.396584,1.0636
79123,Satriano,Catanzaro,79,38.666883,16.481205,4698225.0,0.2119,0.042563,0.112035,22.687,1.703,6.722,31.112,59.648,14617.0,28023.92,52.451966,0.8794
24075,Orgiano,Vicenza,24,45.351043,11.466029,14766230.0,0.1039,0.0,0.0,5.454,0.0,0.0,5.454,10.457,8054.12,15441.48,21.315155,2.0383
80039,Gioiosa Ionica,Reggio di Calabria,80,38.322175,16.302605,27170339.0,0.1888,0.01628,0.032901,18.01,0.651,1.974,20.636,39.563,56067.59,107493.57,48.652369,1.2297
17183,Tavernole sul Mella,Brescia,17,45.746987,10.240565,19302921.0,0.132,0.156904,0.004241,8.804,6.276,0.254,15.334,29.399,29599.73,56749.01,20.48295,0.6967
2122,Rovasenda,Vercelli,2,45.538765,8.317527,24028812.0,0.0383,0.0,0.20786,0.741,0.0,12.472,13.213,25.332,31748.71,60869.06,17.175786,0.678
76039,Lagonegro,Potenza,76,40.128306,15.761472,31595945.0,0.2322,0.004751,0.00046,27.242,0.19,0.028,27.46,52.646,86761.94,166341.2,40.913322,0.7771
87012,Camporotondo Etneo,Catania,87,37.56759,15.005131,17881089.0,0.2093,0.000654,0.0,22.134,0.026,0.0,22.16,42.485,39624.43,75968.52,36.827421,0.8668
92015,Decimomannu,Cagliari,92,39.311738,8.968841,6688062.0,0.0,1e-06,0.170258,0.0,0.0,10.215,10.216,19.585,6832.2,13098.8,12.810064,0.6541
62024,Circello,Benevento,62,41.357518,14.809056,18564136.0,0.2285,0.115427,0.006412,26.381,4.617,0.385,31.383,60.167,58259.32,111695.59,40.937916,0.6804
19018,Casaletto Ceredano,Cremona,19,45.318071,9.617559,3682295.0,0.0755,0.0,0.055888,2.88,0.0,3.353,6.233,11.951,2295.32,4400.63,21.210647,1.7748
30132,Verzegnis,Udine,30,46.385147,12.987202,15928461.0,0.2415,0.051068,0.00022,29.468,2.043,0.013,31.524,60.438,50212.89,96268.85,22.91097,0.3791
22128,Nomi,Trento,22,45.928599,11.071881,6316042.0,0.1087,0.326063,0.19108,5.97,13.043,11.465,30.477,58.432,19249.62,36905.65,14.82766,0.2538
39003,Bagnara di Romagna,Ravenna,39,44.389169,11.826451,14293131.0,0.1955,0.0,0.036482,19.311,0.0,2.189,21.5,41.22,30730.52,58916.99,37.876303,0.9189
9031,Giustenice,Savona,9,44.172551,8.247188,15852915.0,0.0899,0.13813,0.001699,4.084,5.525,0.102,9.711,18.617,15394.26,29514.09,24.791781,1.3316
21109,Valle di Casies/Gsies,Bolzano/Bozen,21,46.824096,12.232504,13010830.0,0.0567,4e-06,0.0,1.624,0.0,0.0,1.625,3.115,2113.64,4052.3,10.80791,3.4701
4129,Monchiero,Cuneo,4,44.570538,7.920236,26793677.0,0.0556,0.131749,0.000812,1.562,5.27,0.049,6.881,13.192,18435.74,35345.26,16.396584,1.243
98029,Guardamiglio,Lodi,98,45.109902,9.679791,4063776.0,0.085,0.0,0.250387,3.651,0.0,15.023,18.674,35.802,7588.59,14548.96,19.574231,0.5467
40004,Borghi,Forlì-Cesena,40,44.031591,12.354389,14288910.0,0.186,0.259171,0.030735,17.48,10.367,1.844,29.691,56.924,42425.24,81338.26,31.154462,0.5473
56017,Castel Sant'Elia,Viterbo,56,42.251776,12.371796,22635147.0,0.0913,0.009123,0.0,4.212,0.365,0.0,4.577,8.774,10359.29,19860.97,19.086634,2.1753
19022,Casalmorano,Cremona,19,45.286373,9.899666,25271198.0,0.0938,0.0,0.0,4.446,0.0,0.0,4.446,8.523,11234.38,21538.71,21.210647,2.4886
9055,Sassello,Savona,9,44.47897,8.490171,15604370.0,0.0523,0.03878,0.008573,1.382,1.551,0.514,3.448,6.61,5379.8,10314.22,24.791781,3.7507
72048,Valenzano,Bari,72,41.045333,16.885086,16417847.0,0.0701,0.0,0.050184,2.483,0.0,3.011,5.494,10.533,9019.81,17292.91,14.160402,1.3444
87024,Mascalucia,Catania,87,37.573605,15.051727,7015287.0,0.2225,0.0,0.0,25.014,0.0,0.0,25.014,47.957,17547.82,33642.92,36.827421,0.7679
22047,Castello-Molina di Fiemme,Trento,22,46.256056,11.404439,3159884.0,0.0641,0.129948,0.004725,2.076,5.198,0.284,7.557,14.489,2388.07,4578.43,14.82766,1.0234
55029,San Gemini,Terni,55,42.612701,12.546505,14165138.0,0.1597,0.102602,0.002079,12.886,4.104,0.125,17.115,32.813,24243.77,46480.5,34.830185,1.0615
16130,Luzzana,Bergamo,16,45.716393,9.880496,11302337.0,0.1253,0.02458,0.007221,7.933,0.983,0.433,9.349,17.924,10566.71,20258.64,21.203762,1.183
4028,Boves,Cuneo,4,44.329626,7.551894,30895224.0,0.1344,0.0,0.056297,9.127,0.0,3.378,12.505,23.974,38633.15,74068.02,16.396584,0.6839
21032,Fortezza/Franzensfeste,Bolzano/Bozen,21,46.789626,11.609977,28406000.0,0.0465,0.004196,0.004858,1.093,0.168,0.291,1.552,2.975,4408.11,8451.3,10.80791,3.6327
13157,Montorfano,Como,13,45.785458,9.146079,3963309.0,0.0428,0.001707,0.000497,0.926,0.068,0.03,1.024,1.963,405.71,777.83,12.029442,6.1294
30090,Reana del Rojale,Udine,30,46.145736,13.23512,61813569.0,0.242,0.0,0.001571,29.59,0.0,0.094,29.684,56.912,183490.44,351790.44,22.91097,0.4026
5118,Villanova d'Asti,Asti,5,44.941889,7.937502,29363790.0,0.0442,2e-06,0.06513,0.987,0.0,3.908,4.895,9.385,14373.52,27557.12,21.748752,2.3175
15201,San Vittore Olona,Milano,15,45.586091,8.942696,14924451.0,0.0392,0.0,0.221331,0.776,0.0,13.28,14.056,26.949,20978.21,40219.71,15.050002,0.5585
71062,Volturino,Foggia,71,41.477229,15.124241,13336843.0,0.1534,0.209903,0.0,11.89,8.396,0.0,20.286,38.892,27054.79,51869.82,37.634206,0.9677
5069,Moncalvo,Asti,5,45.050222,8.26522,1021447.0,0.0387,0.065413,0.000788,0.757,2.617,0.047,3.421,6.558,349.39,669.85,21.748752,3.3164
76046,Marsicovetere,Potenza,76,40.376601,15.824493,7970687.0,0.2568,0.058437,0.007542,33.32,2.337,0.453,36.11,69.231,28782.31,55181.86,40.913322,0.591
30008,Bagnaria Arsa,Udine,30,45.88359,13.284961,7087405.0,0.1357,0.0,0.0,9.304,0.0,0.0,9.304,17.838,6594.24,12642.56,22.91097,1.2844
21006,Badia/Abtei,Bolzano/Bozen,21,46.610124,11.893487,5473765.0,0.0618,0.080178,0.0,1.93,3.207,0.0,5.137,9.848,2811.79,5390.8,10.80791,1.0974
15229,Vanzago,Milano,15,45.526826,8.994955,14121518.0,0.041,0.0,0.001093,0.849,0.0,0.066,0.915,1.754,1292.02,2477.07,15.050002,8.5798
66021,Capitignano,L'Aquila,66,42.520203,13.300948,34537962.0,0.2604,0.122599,0.0,34.261,4.904,0.0,39.165,75.088,135267.67,259337.07,47.395882,0.6312
56015,Caprarola,Viterbo,56,42.326625,12.235766,29879511.0,0.0977,0.000691,0.0,4.823,0.028,0.0,4.851,9.299,14493.13,27786.43,19.086634,2.0524
70007,Campochiaro,Campobasso,70,41.447524,14.508928,3431238.0,0.2681,0.012614,0.020709,36.317,0.505,1.243,38.064,72.977,13060.74,25040.23,35.851049,0.4913
61018,Casagiove,Caserta,61,41.074715,14.307729,7248606.0,0.1272,0.064502,0.0,8.175,2.58,0.0,10.755,20.62,7795.99,14946.58,28.435248,1.379
54030,Montefalco,Perugia,54,42.891874,12.650067,24473100.0,0.218,0.059576,0.12105,24.012,2.383,7.263,33.658,64.53,82371.97,157924.69,38.922787,0.6032
40036,Rocca San Casciano,Forlì-Cesena,40,44.059096,11.842061,6662769.0,0.2107,0.394304,0.019395,22.431,15.772,1.164,39.367,75.475,26229.16,50286.92,31.154462,0.4128
8052,San Bartolomeo al Mare,Imperia,8,43.922924,8.101152,140015371.0,0.1428,0.03233,0.027442,10.303,1.293,1.647,13.243,25.39,185421.87,355493.41,29.468433,1.1606
15115,Lacchiarella,Milano,15,45.321848,9.137047,17193497.0,0.0538,0.0,0.0,1.462,0.0,0.0,1.462,2.804,2514.47,4820.78,15.050002,5.3676
111076,Serdiana,Sud Sardegna,111,39.374241,9.158944,53339414.0,0.0,0.0,0.008266,0.0,0.0,0.496,0.496,0.951,2645.42,5071.84,15.448131,16.2465
5087,Portacomaro,Asti,5,44.957405,8.258145,8057383.0,0.0404,0.002858,0.000248,0.825,0.114,0.015,0.954,1.829,768.57,1473.51,21.748752,11.8925
43014,Colmurano,Macerata,43,43.16385,13.356982,14489201.0,0.1749,0.275655,0.0,15.456,11.026,0.0,26.482,50.772,38370.6,73564.65,27.736975,0.5463
31010,Mariano del Friuli,Gorizia,31,45.916061,13.458748,58455734.0,0.1745,0.0,0.0,15.385,0.0,0.0,15.385,29.497,89936.42,172427.37,23.340869,0.7913
60012,Ausonia,Frosinone,60,41.354461,13.748748,11010442.0,0.1071,0.262752,0.0,5.796,10.51,0.0,16.306,31.261,17953.25,34420.22,34.188464,1.0936
4140,Monteu Roero,Cuneo,4,44.780686,7.931189,8566921.0,0.0483,0.003861,0.001746,1.179,0.154,0.105,1.438,2.757,1231.86,2361.73,16.396584,5.9477
6154,San Salvatore Monferrato,Alessandria,6,44.994154,8.565942,8356804.0,0.0488,0.015997,0.053355,1.203,0.64,3.201,5.044,9.671,4215.53,8082.08,20.84217,2.1551
58049,Labico,Roma,58,41.789519,12.880888,21550527.0,0.1701,0.127241,0.0,14.619,5.09,0.0,19.709,37.786,42473.78,81431.33,29.689549,0.7857
68015,Collecorvino,Pescara,68,42.458598,14.01428,57188057.0,0.1743,0.029245,0.0562,15.35,1.17,3.372,19.892,38.137,113758.15,218098.73,27.533978,0.722
24053,Lugo di Vicenza,Vicenza,24,45.751391,11.522901,180217540.0,0.1626,0.0,0.0,13.359,0.0,0.0,13.359,25.611,240744.17,461558.09,21.315155,0.8323
60035,Fiuggi,Frosinone,60,41.798561,13.220489,20019489.0,0.16,0.153727,0.0,12.935,6.149,0.0,19.084,36.588,38204.83,73246.83,34.188464,0.9344
98039,Merlino,Lodi,98,45.433372,9.429853,197292792.0,0.0684,0.0,0.026721,2.364,0.0,1.603,3.967,7.606,78269.29,150058.97,19.574231,2.5736
21073,Rifiano/Riffian,Bolzano/Bozen,21,46.70364,11.181443,12395604.0,0.0433,0.0,0.0,0.947,0.0,0.0,0.947,1.816,1174.25,2251.29,10.80791,5.9508
21025,Cortina sulla strada del vino/Kurtinig an der Weinstraße,Bolzano/Bozen,21,46.268702,11.222685,19192330.0,0.0564,0.0,0.020198,1.607,0.0,1.212,2.819,5.405,5410.51,10373.11,10.80791,1.9997
21033,Funes/Villnöß,Bolzano/Bozen,21,46.6451,11.696841,11083679.0,0.0546,1.6e-05,0.0005,1.506,0.001,0.03,1.537,2.947,1703.46,3265.9,10.80791,3.6679
18118,Portalbera,Pavia,18,45.097563,9.318857,16792737.0,0.0904,0.0,0.363637,4.129,0.0,21.818,25.947,49.747,43572.64,83538.07,18.961299,0.3812
42049,Staffolo,Ancona,42,43.433074,13.1862,6269379.0,0.1771,0.275604,0.0,15.847,11.024,0.0,26.871,51.518,16846.72,32298.78,27.781362,0.5393
25003,Alleghe,Belluno,25,46.406637,12.021464,18626065.0,0.0959,0.037287,0.0,4.647,1.491,0.0,6.138,11.768,11433.22,21919.92,17.91629,1.5224
30103,San Pietro al Natisone,Udine,30,46.126725,13.485233,9492169.0,0.2526,0.035201,0.007094,32.239,1.408,0.426,34.073,65.325,32342.56,62007.61,22.91097,0.3507
62032,Forchia,Benevento,62,41.030225,14.537343,9336688.0,0.1795,0.615507,0.068131,16.28,24.62,4.088,44.988,86.251,42003.75,80530.17,40.937916,0.4746
19094,Sergnano,Cremona,19,45.428875,9.701659,11265835.0,0.1046,0.0,0.085492,5.528,0.0,5.13,10.658,20.433,12006.77,23019.55,21.210647,1.0381
28066,Polverara,Padova,28,45.309392,11.956012,89720768.0,0.0648,0.0,0.780599,2.122,0.0,46.836,48.958,93.862,439250.99,842138.16,17.804557,0.1897
6040,Casalnoceto,Alessandria,6,44.913177,8.981156,135072578.0,0.0909,0.018196,0.0164,4.175,0.728,0.984,5.887,11.286,79513.63,152444.64,20.84217,1.8467
3131,Romentino,Novara,3,45.462553,8.720777,12478647.0,0.0378,0.0,0.0,0.722,0.0,0.0,0.722,1.384,900.88,1727.19,12.08995,8.7348
64044,Lioni,Avellino,64,40.876517,15.187751,3999197.0,0.2564,0.082109,0.0,33.216,3.284,0.0,36.501,69.98,14597.41,27986.35,37.737871,0.5393
58107,Trevignano Romano,Roma,58,42.155917,12.246177,9323530.0,0.0709,0.004108,0.0,2.54,0.164,0.0,2.704,5.184,2521.25,4833.78,29.689549,5.7266
18190,Zinasco,Pavia,18,45.112799,9.003176,10283338.0,0.0682,0.0,0.136302,2.35,0.0,8.178,10.528,20.185,10826.52,20756.76,18.961299,0.9394
21110,Vandoies/Vintl,Bolzano/Bozen,21,46.876036,11.720904,71528863.0,0.0445,0.0,0.00275,1.001,0.0,0.165,1.166,2.235,8337.03,15983.87,10.80791,4.8366
16119,Grone,Bergamo,16,45.727504,9.911202,14145669.0,0.1259,0.039246,0.012,8.009,1.57,0.72,10.299,19.745,14568.16,27930.28,21.203762,1.0739
2070,Lignana,Vercelli,2,45.28553,8.346124,25018968.0,0.0364,0.0,0.0,0.669,0.0,0.0,0.669,1.283,1674.9,3211.15,17.175786,13.3821
70072,Santa Croce di Magliano,Campobasso,70,41.71241,14.993378,18156880.0,0.2085,0.099682,0.028784,21.965,3.987,1.727,27.679,53.067,50256.88,96353.19,35.851049,0.6756
30049,Lignano Sabbiadoro,Udine,30,45.689368,13.138566,78398982.0,0.0787,0.0,0.02221,3.129,0.0,1.333,4.462,8.555,34981.97,67067.92,22.91097,2.6782
98053,Senna Lodigiana,Lodi,98,45.151667,9.593862,21098708.0,0.0824,0.0,0.377904,3.431,0.0,22.674,26.105,50.049,55077.87,105596.07,19.574231,0.3911
17071,Fiesse,Brescia,17,45.231475,10.324177,11271941.0,0.0992,0.0,0.0,4.972,0.0,0.0,4.972,9.533,5604.54,10745.1,20.48295,2.1487
82058,Polizzi Generosa,Palermo,82,37.812819,13.999683,18439623.0,0.1418,0.019854,0.0,10.159,0.794,0.0,10.954,21.0,20198.04,38723.96,29.57954,1.4085
17126,Orzivecchi,Brescia,17,45.42066,9.961729,49242501.0,0.1289,0.0,0.0,8.395,0.0,0.0,8.395,16.095,41339.34,79256.37,20.48295,1.2726
30136,Zuglio,Udine,30,46.461796,13.02604,36726546.0,0.2217,0.018146,0.0,24.834,0.726,0.0,25.56,49.004,93872.96,179974.55,22.91097,0.4675
61101,Falciano del Massico,Caserta,61,41.165122,13.949453,7690867.0,0.0943,0.106675,0.02287,4.493,4.267,1.372,10.132,19.426,7792.58,14940.04,28.435248,1.4638
90058,Porto Torres,Sassari,90,40.83444,8.403146,1763269.0,0.0,0.0418,0.018316,0.0,1.672,1.099,2.771,5.313,488.59,936.74,12.837123,2.4164
19043,Fiesco,Cremona,19,45.336361,9.77761,16554620.0,0.0955,0.0,0.0,4.608,0.0,0.0,4.608,8.835,7628.58,14625.62,21.210647,2.4008
23008,Bevilacqua,Verona,23,45.231785,11.3925,296999882.0,0.0823,0.0,0.0,3.422,0.0,0.0,3.422,6.561,101642.09,194869.64,20.167921,3.0738
56036,Montefiascone,Viterbo,56,42.537925,12.030997,4023401.0,0.1415,0.013219,0.0,10.117,0.529,0.0,10.645,20.409,4283.02,8211.46,19.086634,0.9352
2068,Lenta,Vercelli,2,45.557466,8.384128,5176896.0,0.0379,0.0,0.074019,0.726,0.0,4.441,5.167,9.906,2674.85,5128.27,17.175786,1.7339
42040,Rosora,Ancona,42,43.483258,13.068867,182605252.0,0.1753,0.281489,0.0,15.527,11.26,0.0,26.786,51.355,489132.68,937772.03,27.781362,0.541
1190,Pinasca,Torino,1,44.94264,7.229115,13186403.0,0.1344,0.030046,0.015164,9.127,1.202,0.91,11.238,21.546,14819.45,28412.05,20.594868,0.9558
21061,Ortisei/St. Ulrich,Bolzano/Bozen,21,46.590462,11.684557,74853849.0,0.0574,0.0002,0.000518,1.665,0.008,0.031,1.704,3.267,12753.61,24451.39,10.80791,3.3087
59010,Itri,Latina,59,41.297359,13.551421,13228891.0,0.0832,0.025881,0.000974,3.498,1.035,0.058,4.591,8.802,6073.69,11644.57,21.481102,2.4404
6122,Oviglio,Alessandria,6,44.86125,8.487743,12801290.0,0.052,0.0,0.0,1.366,0.0,0.0,1.366,2.619,1748.95,3353.12,20.84217,7.957
60054,Pignataro Interamna,Frosinone,60,41.439218,13.786212,28118225.0,0.1474,0.016051,0.141769,10.978,0.642,8.506,20.126,38.586,56590.49,108496.08,34.188464,0.886
4248,Vinadio,Cuneo,4,44.309025,7.176025,336084011.0,0.144,0.030271,0.012539,10.477,1.211,0.752,12.44,23.851,418099.16,801585.57,16.396584,0.6875
9017,Calizzano,Savona,9,44.236881,8.11447,13600590.0,0.0771,0.007054,0.012835,3.003,0.282,0.77,4.056,7.776,5516.06,10575.47,24.791781,3.1883
49011,Marciana Marina,Livorno,49,42.803608,10.196768,12830723.0,0.0307,0.0,0.134599,0.476,0.0,8.076,8.552,16.396,10973.02,21037.63,23.707966,1.4459
16104,Foresto Sparso,Bergamo,16,45.690883,9.920059,6719698.0,0.1291,0.028927,0.0,8.421,1.157,0.0,9.578,18.363,6436.26,12339.7,21.203762,1.1547
1161,Montanaro,Torino,1,45.233553,7.853323,6134961.0,0.0432,0.0,0.195173,0.943,0.0,11.71,12.653,24.259,7762.76,14882.88,20.594868,0.849
1115,Giaveno,Torino,1,45.042005,7.351994,6230529.0,0.1192,0.043066,0.013596,7.179,1.723,0.816,9.718,18.631,6054.52,11607.81,20.594868,1.1054
1259,Sauze d'Oulx,Torino,1,45.027027,6.858346,29423499.0,0.1166,0.892614,0.0,6.869,35.705,0.0,42.574,81.623,125267.3,240164.22,20.594868,0.2523
19023,Casteldidone,Cremona,19,45.069472,10.406281,15466640.0,0.0736,0.0,0.0,2.737,0.0,0.0,2.737,5.247,4233.2,8115.96,21.210647,4.0421
69045,Lama dei Peligni,Chieti,69,42.041534,14.186213,8111764.0,0.1936,0.289607,0.0,18.938,11.584,0.0,30.522,58.517,24758.75,47467.82,28.116343,0.4805
1135,Lombardore,Torino,1,45.235452,7.74032,16719124.0,0.0477,0.0,0.124657,1.15,0.0,7.479,8.629,16.544,14427.0,27659.65,20.594868,1.2449
12087,Laveno-Mombello,Varese,12,45.9095,8.611986,93470297.0,0.0411,0.011471,0.450208,0.853,0.459,27.012,28.325,54.305,264752.89,507587.96,11.229804,0.2068
111063,San Giovanni Suergiu,Sud Sardegna,111,39.110404,8.521999,8334192.0,0.0,0.0,0.024359,0.0,0.0,1.462,1.462,2.802,1218.08,2335.31,15.448131,5.5131
3146,Tornaco,Novara,3,45.357564,8.715939,6190349.0,0.039,0.0,0.0,0.769,0.0,0.0,0.769,1.473,475.73,912.08,12.08995,8.2055
29039,Porto Tolle,Rovigo,29,44.917713,12.402186,3020465.0,0.0573,0.0,0.410121,1.659,0.0,24.607,26.266,50.358,7933.61,15210.43,24.853738,0.4935
61033,Dragoni,Caserta,61,41.27024,14.309773,9824383.0,0.1702,0.151859,0.04652,14.636,6.074,2.791,23.502,45.058,23089.31,44267.14,28.435248,0.6311
9038,Millesimo,Savona,9,44.367536,8.201746,66945914.0,0.0572,0.040011,0.049591,1.653,1.6,2.975,6.229,11.942,41700.88,79949.51,24.791781,2.0759
61069,Rocca d'Evandro,Caserta,61,41.389018,13.908116,26446634.0,0.1395,0.190776,0.068734,9.833,7.631,4.124,21.588,41.388,57092.01,109457.6,28.435248,0.687
