PRO_COM,COMUNE,Provincia,COD_REG,lat,long,ag_RP475,ag_RP475_16perc,ag_RP475_84perc,ag_RP30,ag_RP30_84perc,ag_RP30_16perc,ag_RP72,ag_RP72_84perc,ag_RP72_16perc,Sa01_RP475,Sa01_RP1000,Sa01_RP2500,dist_grid_km_475,dist_grid_km_81,dist_grid_km_63,sismico_non_classificato
15146,Milano,Milano,3,45.4668,9.1905,0.0488,0.0268,0.0564,0.0195,0.0229,0.0,0.0249,0.0286,0.0,0.1159,0.1401,0.1767,1.6037035990780772,3.1087193781465228,3.1087193781465228,0
15182,Rho,Milano,3,45.528532,9.04018,0.0419,0.0186,0.0498,0.0169,0.0201,0.0,0.0212,0.0253,0.0,0.096,0.1164,0.1445,1.0486428139620583,4.189814807769019,4.189814807769019,0
58091,Roma,Roma,12,41.89332,12.482932,0.1149,0.0604,0.1337,0.0422,0.0477,0.0183,0.0542,0.0589,0.0254,0.2791,0.3465,0.4416,0.9800777679670442,1.438258811436087,1.438258811436087,0
28032,Cittadella,Padova,5,45.648794,11.78358,0.1612,0.1427,0.1774,0.0449,0.0481,0.0387,0.0599,0.0621,0.0516,0.3592,0.4715,0.6537,1.1095607669521534,2.8236844883415224,2.8236844883415224,0
16198,Seriate,Bergamo,3,45.684371,9.717998,0.1179,0.0944,0.127,0.0313,0.0333,0.0166,0.0406,0.0429,0.0274,0.2566,0.3402,0.4532,1.4430844232688533,1.996366601652778,1.996366601652778,0
90064,Sassari,Sassari,20,40.7778,8.921997,0.0,0.0,0.0,0.0,0.0,0.0,0.0,0.0,0.0,0.0,0.0,0.0,204.9777261056736,205.40588337932138,205.40588337932138,1
63049,Napoli,Napoli,15,40.835934,14.248783,0.1684,0.1168,0.1868,0.0438,0.0473,0.0224,0.0587,0.0654,0.0357,0.3417,0.4326,0.6118,1.1371339089769001,3.545277661941955,3.545277661941955,0
16224,Valbrembo,Bergamo,3,45.717833,9.607536,0.1023,0.0814,0.11,0.0278,0.0303,0.0126,0.0361,0.0382,0.0204,0.2175,0.2892,0.3993,1.71586188528224,2.3286334314534147,2.3286334314534147,0
1272,Torino,Torino,1,45.067755,7.682489,0.0554,0.0341,0.0654,0.0232,0.0261,0.0,0.0286,0.0322,0.0112,0.1276,0.1522,0.1865,1.426775659465374,2.6654614454998917,2.6654614454998917,0
28078,San Pietro in Gu,Padova,5,45.614086,11.669394,0.1574,0.1387,0.1713,0.0424,0.0457,0.0371,0.0564,0.0592,0.0486,0.3348,0.4377,0.6028,0.6147710067570669,4.017181184391838,4.017181184391838,0
22097,Imer,Trento,4,46.15106,11.796303,0.1317,0.1177,0.1579,0.0339,0.0381,0.0318,0.0449,0.0484,0.0394,0.2462,0.3301,0.4695,0.9928009715076648,4.6512933111134975,4.6512933111134975,0
64045,Luogosano,Avellino,15,40.985631,14.991956,0.2525,0.2126,0.265,0.0603,0.0623,0.0442,0.0808,0.0831,0.0616,0.4933,0.6818,0.9694,0.760595861233283,2.654504931101018,2.654504931101018,0
32003,Muggia,Trieste,6,45.595848,13.782856,0.0978,0.0832,0.106,0.0312,0.0355,0.0273,0.0412,0.0463,0.0372,0.235,0.3028,0.4072,0.8053587712768576,4.397255320371608,4.397255320371608,0
24116,Vicenza,Vicenza,5,45.634859,11.406354,0.1639,0.1428,0.1798,0.0433,0.0465,0.0379,0.0577,0.0611,0.05,0.3448,0.4494,0.62,0.11900295440969097,2.4707904630860327,2.4707904630860327,0
54039,Perugia,Perugia,10,43.107032,12.402996,0.1951,0.1782,0.213,0.064,0.0684,0.0513,0.0798,0.0855,0.0686,0.4332,0.5492,0.7209,0.842105008016451,2.7148532079643317,2.7148532079643317,0
3076,Gozzano,Novara,1,45.746457,8.436067,0.0401,0.0182,0.0482,0.0155,0.0186,0.0,0.0193,0.0233,0.0,0.0885,0.1076,0.1328,0.2942711721838396,3.489861117228716,3.489861117228716,0
22161,Rovereto,Trento,4,45.886548,11.045237,0.1241,0.111,0.1366,0.0331,0.0365,0.0282,0.042,0.0471,0.0384,0.2546,0.3362,0.4711,0.744251195819369,2.7264649139457093,2.7264649139457093,0
51039,Terranuova Bracciolini,Arezzo,9,43.551208,11.585827,0.1258,0.1106,0.1329,0.0453,0.0504,0.0272,0.0541,0.0601,0.0364,0.2694,0.3496,0.4666,0.6566482974099631,3.670773907682529,3.670773907682529,0
48001,Bagno a Ripoli,Firenze,9,43.752172,11.319995,0.1325,0.1161,0.1407,0.0476,0.0523,0.0299,0.0571,0.0632,0.0386,0.2852,0.3621,0.4794,1.7039423680292705,3.0502082394766985,3.0502082394766985,0
23088,Trevenzuolo,Verona,5,45.268649,10.932184,0.116,0.103,0.1277,0.0352,0.0376,0.0285,0.0432,0.0478,0.0393,0.2515,0.3302,0.4624,0.7002962123101113,1.2767858403883823,1.2767858403883823,0
23091,Verona,Verona,5,45.438496,10.992412,0.1596,0.139,0.1766,0.0422,0.0459,0.0376,0.0566,0.0606,0.0493,0.3439,0.4487,0.6181,1.1791229639122798,2.3794325412100847,2.3794325412100847,0
24030,Chiuppano,Vicenza,5,45.762173,11.465076,0.1599,0.1401,0.1743,0.0432,0.0464,0.0376,0.0572,0.0601,0.0494,0.3371,0.4394,0.6036,0.962611692587265,2.437752210561377,2.437752210561377,0
87015,Catania,Catania,19,37.502236,15.08738,0.2069,0.1803,0.2375,0.0669,0.0737,0.04,0.0817,0.0907,0.0541,0.4402,0.5986,0.8209,0.5977178724433261,3.7357686653998936,3.7357686653998936,0
22205,Trento,Trento,4,46.066423,11.12576,0.0717,0.0655,0.083,0.0279,0.0316,0.0187,0.0342,0.038,0.0262,0.17,0.2197,0.2876,0.7572863963819343,1.1571623187367142,1.1571623187367142,0
35029,Poviglio,Reggio nell'Emilia,8,44.84167,10.541615,0.1019,0.0977,0.1118,0.0389,0.0425,0.0251,0.0479,0.0525,0.0344,0.2225,0.2914,0.3968,1.8931114842527041,1.4833118485319599,1.4833118485319599,0
2147,Tricerro,Vercelli,1,45.235757,8.325333,0.0366,0.0118,0.0446,0.0149,0.0186,0.0,0.0184,0.0228,0.0,0.0795,0.0918,0.1122,1.5540006376725548,2.082534317086014,2.082534317086014,0
36040,Sassuolo,Modena,8,44.540977,10.782902,0.1625,0.1286,0.173,0.0522,0.0578,0.0387,0.065,0.0734,0.0516,0.3525,0.4359,0.5589,1.5781883669899281,3.4000060922206905,3.4000060922206905,0
23044,Legnago,Verona,5,45.192498,11.311127,0.0816,0.0744,0.0936,0.0321,0.0352,0.0228,0.0382,0.0422,0.0314,0.198,0.256,0.341,0.4588698034631268,3.2706515683044306,3.2706515683044306,0
16024,Bergamo,Bergamo,3,45.756656,9.754219,0.1117,0.0893,0.1197,0.0301,0.0323,0.0152,0.0384,0.0406,0.0239,0.2281,0.303,0.414,0.901177149189704,2.7736501051522677,2.7736501051522677,0
30074,Pavia di Udine,Udine,6,45.996317,13.304137,0.1854,0.1638,0.2259,0.05,0.0525,0.0429,0.0644,0.0698,0.0566,0.3764,0.4994,0.6991,0.6098330488367478,3.581084391965363,3.581084391965363,0
28019,Camposampiero,Padova,5,45.57176,11.931929,0.1339,0.1197,0.1518,0.0359,0.0396,0.0337,0.0495,0.0519,0.0424,0.2831,0.3788,0.5359,1.3392024606578763,1.3029188835171246,1.3029188835171246,0
26031,Gaiarine,Treviso,5,45.880504,12.481591,0.1946,0.1724,0.2369,0.0522,0.0543,0.0446,0.0677,0.0731,0.0596,0.4075,0.5403,0.7547,1.5679385327978865,0.49129461105136807,0.49129461105136807,0
3026,Briga Novarese,Novara,1,45.731871,8.456726,0.0391,0.017,0.0472,0.015,0.0183,0.0,0.0187,0.0227,0.0,0.086,0.1039,0.1289,1.3868726015486597,2.769138012426076,2.769138012426076,0
28033,Codevigo,Padova,5,45.267352,12.101301,0.0598,0.0451,0.0682,0.0265,0.0296,0.0129,0.0319,0.0351,0.0177,0.1321,0.159,0.2029,0.6822263705841383,3.5767992638586903,3.5767992638586903,0
72012,Bitritto,Bari,16,41.044532,16.825185,0.0729,0.0616,0.0845,0.0272,0.0298,0.0142,0.0339,0.037,0.02,0.1657,0.2059,0.2697,0.9827144548297418,2.434995799216572,2.434995799216572,0
61012,Cancello ed Arnone,Caserta,15,41.074112,14.027423,0.0984,0.0674,0.1061,0.0377,0.0409,0.0149,0.0466,0.0506,0.0225,0.1955,0.2341,0.2899,1.063969242107959,1.3001436053583568,1.3001436053583568,0
37011,Casalecchio di Reno,Bologna,8,44.476018,11.275686,0.1659,0.1431,0.1728,0.0542,0.059,0.0411,0.0673,0.0745,0.0544,0.3522,0.4371,0.5682,1.0579156090017585,3.2415996365540183,3.2415996365540183,0
17078,Ghedi,Brescia,3,45.401081,10.279276,0.147,0.1287,0.1563,0.0384,0.041,0.0295,0.0503,0.0537,0.0428,0.3277,0.4309,0.5929,1.2392488045181322,1.4930578406847925,1.4930578406847925,0
108021,Concorezzo,Monza e della Brianza,3,45.589675,9.335948,0.0601,0.0409,0.0681,0.021,0.0244,0.0,0.0274,0.0307,0.0105,0.137,0.1726,0.2302,1.2502585496297758,3.088113368790764,3.088113368790764,0
23025,Cerea,Verona,5,45.192043,11.212924,0.0843,0.0768,0.0978,0.0326,0.0357,0.0238,0.0388,0.043,0.0327,0.2101,0.2653,0.3568,1.1693307622945843,2.5457217431024985,2.5457217431024985,0
36005,Carpi,Modena,8,44.78357,10.885452,0.1541,0.1451,0.1774,0.0415,0.0453,0.0307,0.0525,0.0566,0.0442,0.3525,0.4699,0.6544,1.5248776133808124,2.544669049345012,2.544669049345012,0
33032,Piacenza,Piacenza,8,44.847635,9.666531,0.1096,0.0853,0.121,0.0392,0.043,0.0228,0.0494,0.0539,0.0316,0.2469,0.3078,0.4112,1.1441702570306564,3.3476520613204985,3.3476520613204985,0
40012,Forlì,Forlì-Cesena,8,44.222728,12.041273,0.2059,0.1676,0.2275,0.0662,0.0705,0.052,0.0846,0.0902,0.068,0.4346,0.5358,0.6861,0.8288199232981021,1.7997704266196743,1.7997704266196743,0
28030,Cervarese Santa Croce,Padova,5,45.424392,11.687904,0.0961,0.089,0.1088,0.0324,0.0358,0.0254,0.0392,0.0444,0.0357,0.2164,0.277,0.384,1.5649488971657057,2.609313444771307,2.609313444771307,0
21098,Termeno sulla strada del vino/Tramin an der Weinstraße,Bolzano/Bozen,4,46.341512,11.242272,0.0546,0.0367,0.0632,0.0211,0.0247,0.0,0.0265,0.0301,0.0115,0.1141,0.1361,0.1702,1.025310550021539,2.6464670167924313,2.6464670167924313,0
65120,San Gregorio Magno,Salerno,15,40.656523,15.403609,0.2449,0.2023,0.2562,0.056,0.058,0.0416,0.0758,0.0782,0.0594,0.476,0.6605,0.9558,0.8308560436762493,1.3866942992955695,1.3866942992955695,0
28017,Campodarsego,Padova,5,45.502855,11.907496,0.1062,0.0964,0.1153,0.0338,0.0375,0.0295,0.042,0.0478,0.0386,0.2413,0.3205,0.4552,1.0756636860735789,2.9189837029434287,2.9189837029434287,0
47010,Montale,Pistoia,9,43.93524,11.015879,0.1617,0.1429,0.1797,0.0543,0.058,0.0387,0.0682,0.0733,0.0559,0.3716,0.4749,0.631,0.3369934412711352,3.8586252202193876,3.8586252202193876,0
93025,Maniago,Pordenone,6,46.170974,12.707399,0.2556,0.2308,0.3107,0.0666,0.074,0.059,0.0903,0.1011,0.0788,0.5304,0.6951,0.9627,1.374102250083246,1.7116422058456586,1.7116422058456586,0
17107,Mazzano,Brescia,3,45.518804,10.354162,0.1575,0.1385,0.1681,0.0405,0.0448,0.0341,0.054,0.0588,0.0497,0.352,0.4604,0.6293,0.9972896556506069,2.742382287242477,2.742382287242477,0
74014,San Michele Salentino,Brindisi,16,40.630386,17.633576,0.0518,0.0314,0.058,0.0175,0.02,0.0,0.0232,0.0262,0.0091,0.1041,0.125,0.1541,0.09552605238070133,2.5269531425989245,2.5269531425989245,0
24100,Schio,Vicenza,5,45.711351,11.355359,0.161,0.1405,0.1769,0.0432,0.0464,0.0378,0.0575,0.0608,0.0497,0.3415,0.4451,0.6128,1.040148739618598,1.2798696312568154,1.2798696312568154,0
72027,Modugno,Bari,16,41.082564,16.780552,0.0756,0.0677,0.0899,0.0267,0.0294,0.0132,0.0333,0.0366,0.0189,0.1628,0.203,0.2705,0.1427849875739896,3.009652263325352,3.009652263325352,0
103035,Gravellona Toce,Verbano-Cusio-Ossola,1,45.930175,8.431222,0.0488,0.0271,0.0559,0.0168,0.0194,0.0,0.0216,0.0249,0.0,0.1047,0.1264,0.1578,0.9387709323236166,3.717390533113181,3.717390533113181,0
15074,Cesano Boscone,Milano,3,45.447112,9.094054,0.0456,0.0232,0.0534,0.0177,0.021,0.0,0.0222,0.0262,0.0,0.1011,0.1222,0.1526,0.45539894976801,2.242243076265359,2.242243076265359,0
37006,Bologna,Bologna,8,44.493758,11.343031,0.167,0.1469,0.1744,0.0528,0.0566,0.0406,0.0655,0.0712,0.0548,0.358,0.4605,0.6107,1.333604888577489,3.6971893038853496,3.6971893038853496,0
1024,Beinasco,Torino,1,45.022097,7.579397,0.0655,0.0461,0.0758,0.0275,0.0301,0.0121,0.0342,0.0372,0.0178,0.1647,0.2011,0.2565,1.0642507440804876,3.892998422256624,3.892998422256624,0
20002,Asola,Mantova,3,45.22112,10.413065,0.1059,0.0958,0.1146,0.0345,0.0371,0.0238,0.0428,0.0466,0.0351,0.2491,0.3236,0.4485,1.4968116549175103,4.0483437317626025,4.0483437317626025,0
1156,Moncalieri,Torino,1,45.000461,7.684754,0.0566,0.0357,0.067,0.0235,0.0264,0.0,0.0291,0.0326,0.0118,0.1302,0.1557,0.1911,1.348872469494957,1.2106398644101455,1.2106398644101455,0
15113,Inveruno,Milano,3,45.51383,8.851954,0.0386,0.0148,0.046,0.0155,0.0188,0.0,0.0192,0.0233,0.0,0.085,0.1018,0.1254,1.292316445085016,2.0889227394629586,2.0889227394629586,0
75029,Galatina,Lecce,16,40.174278,18.167839,0.0535,0.0395,0.063,0.0145,0.0172,0.0,0.0194,0.0239,0.0,0.0988,0.1277,0.1712,1.468921308430793,3.800701526965107,3.800701526965107,0
78033,Castrovillari,Cosenza,18,39.815494,16.202772,0.2534,0.2101,0.2744,0.0597,0.0615,0.043,0.0807,0.0826,0.0623,0.4912,0.6748,0.9867,1.093275867960192,2.6293605378398692,2.6293605378398692,0
24087,Rosà,Vicenza,5,45.724416,11.762686,0.1775,0.157,0.1957,0.0479,0.0503,0.0404,0.0636,0.0668,0.0552,0.3793,0.497,0.6886,1.6747295873184562,1.229872166420187,1.229872166420187,0
6163,Solero,Alessandria,1,44.918498,8.511902,0.0498,0.0292,0.0565,0.0169,0.0204,0.0,0.0216,0.0259,0.0,0.1073,0.132,0.1716,0.8617980570687088,3.995801911488268,3.995801911488268,0
28045,Limena,Padova,5,45.474376,11.844933,0.1039,0.0945,0.1133,0.0326,0.0361,0.0266,0.0396,0.0453,0.0368,0.2211,0.2824,0.3994,0.7175061062444102,0.8004029150544578,0.8004029150544578,0
34027,Parma,Parma,8,44.801368,10.328083,0.1402,0.1058,0.1548,0.0457,0.0509,0.0312,0.0573,0.0644,0.0419,0.3225,0.4076,0.5277,0.603503421002839,1.2028048111803626,1.2028048111803626,0
24082,Pozzoleone,Vicenza,5,45.648956,11.67909,0.165,0.1457,0.1803,0.0445,0.0478,0.0385,0.0596,0.0618,0.0511,0.3532,0.4617,0.6373,1.859583976894131,3.730368971053952,3.730368971053952,0
27016,Fossalta di Portogruaro,Venezia,5,45.791747,12.909023,0.1013,0.0938,0.1093,0.0331,0.0367,0.0284,0.0399,0.0453,0.037,0.2132,0.2661,0.3491,1.2958754362630496,1.2692732467716807,1.2692732467716807,0
20050,Rivarolo Mantovano,Mantova,3,45.070309,10.432104,0.0745,0.064,0.0858,0.0329,0.0363,0.019,0.0389,0.0435,0.0264,0.1685,0.2037,0.2496,0.14918113607215508,3.3070511547325823,3.3070511547325823,0
81011,Marsala,Trapani,19,37.797922,12.434209,0.048,0.0251,0.0518,0.0131,0.0143,0.0,0.0178,0.0192,0.0,0.0987,0.1243,0.1622,1.0999168905303625,2.680707561507127,2.680707561507127,0
35017,Cavriago,Reggio nell'Emilia,8,44.694194,10.526898,0.1553,0.1247,0.1653,0.0482,0.0532,0.0346,0.0598,0.0673,0.0464,0.3337,0.4157,0.5496,0.9710220970212385,1.2552594442651166,1.2552594442651166,0
26048,Moriago della Battaglia,Treviso,5,45.867358,12.103767,0.2387,0.2159,0.2921,0.0597,0.0658,0.0534,0.0822,0.0913,0.0722,0.4998,0.6592,0.9205,1.569718788564428,2.8704091417147297,2.8704091417147297,0
1051,Candiolo,Torino,1,44.959244,7.601722,0.0679,0.0487,0.078,0.026,0.0288,0.0105,0.0323,0.0354,0.0155,0.1503,0.1805,0.2264,0.9750464086682513,3.569836482531729,3.569836482531729,0
28086,Selvazzano Dentro,Padova,5,45.38979,11.785892,0.0832,0.0771,0.0984,0.0306,0.0338,0.021,0.0368,0.0405,0.0297,0.1856,0.2331,0.3085,0.9719566138342454,1.905610356157497,1.905610356157497,0
15011,Assago,Milano,3,45.405397,9.131355,0.048,0.0261,0.0557,0.019,0.0224,0.0,0.0241,0.0279,0.0,0.1113,0.1339,0.1697,0.9981142277225394,2.0703288512249203,2.0703288512249203,0
63083,Torre Annunziata,Napoli,15,40.752524,14.455004,0.1353,0.0895,0.1454,0.0399,0.0423,0.017,0.052,0.0552,0.0276,0.2574,0.3212,0.4175,1.0243726160834083,3.6771484724954755,3.6771484724954755,0
39010,Faenza,Ravenna,8,44.285556,11.883205,0.2058,0.1641,0.2301,0.0679,0.0723,0.0522,0.0866,0.0924,0.0678,0.4417,0.5437,0.6935,1.41532407791464,1.2957531371690352,1.2957531371690352,0
28060,Padova,Padova,5,45.407717,11.873446,0.0789,0.0718,0.0925,0.0311,0.0346,0.023,0.0377,0.042,0.0326,0.198,0.2492,0.335,0.9031668489328515,2.8522821427739116,2.8522821427739116,0
39007,Cervia,Ravenna,8,44.260984,12.349546,0.1717,0.1594,0.2079,0.0481,0.0513,0.0376,0.0604,0.0647,0.0561,0.3903,0.5151,0.7183,0.2800128861558278,3.3420970353280444,3.3420970353280444,0
26089,Vedelago,Treviso,5,45.686695,12.018037,0.1771,0.1578,0.21,0.0452,0.0476,0.0388,0.0596,0.0628,0.0518,0.3697,0.4923,0.6932,1.1945180345510855,3.418768950897766,3.418768950897766,0
13212,Senna Comasco,Como,3,45.762977,9.11104,0.0416,0.0182,0.0491,0.0165,0.0198,0.0,0.0206,0.0249,0.0,0.0945,0.1153,0.144,1.6093034967393194,1.647703456634468,1.647703456634468,0
42001,Agugliano,Ancona,11,43.543375,13.386587,0.1833,0.1652,0.2187,0.0478,0.0528,0.0385,0.0619,0.0692,0.0583,0.3991,0.5289,0.7381,0.5029125904194741,3.9453167971490064,3.9453167971490064,0
34018,Langhirano,Parma,8,44.613064,10.266114,0.1575,0.1177,0.1749,0.0541,0.0596,0.0379,0.0675,0.0756,0.0501,0.3515,0.4422,0.5647,1.5354393547472711,2.4896266718123123,2.4896266718123123,0
17029,Brescia,Brescia,3,45.77958,10.425873,0.1346,0.1234,0.1471,0.036,0.0384,0.0281,0.0467,0.0506,0.0397,0.2865,0.378,0.5192,0.7089024106054639,2.4497850450412204,2.4497850450412204,0
108023,Desio,Monza e della Brianza,3,45.61831,9.208124,0.0483,0.0263,0.0556,0.0184,0.0217,0.0,0.0234,0.0273,0.0,0.1109,0.134,0.1708,1.3106041489145441,1.039198738778754,1.039198738778754,0
93033,Pordenone,Pordenone,6,45.95625,12.65972,0.1894,0.1677,0.2304,0.0519,0.0541,0.0444,0.0672,0.0725,0.059,0.3979,0.5274,0.7363,0.8615254667353321,4.3987276438612595,4.3987276438612595,0
12119,Saronno,Varese,3,45.625676,9.037328,0.0405,0.0171,0.0483,0.0166,0.0198,0.0,0.0207,0.0249,0.0,0.094,0.1142,0.1417,1.6352789025845271,3.8259836378041046,3.8259836378041046,0
72043,Terlizzi,Bari,16,41.130234,16.542471,0.1294,0.1074,0.1565,0.0328,0.0359,0.02,0.0407,0.047,0.031,0.2847,0.4031,0.5764,0.22109275821426785,1.5506496284665519,1.5506496284665519,0
19051,Grumello Cremonese ed Uniti,Cremona,3,45.20073,9.866095,0.0791,0.0605,0.089,0.0311,0.0341,0.0156,0.0376,0.041,0.022,0.1769,0.2187,0.2843,1.47957608064045,2.4834764118197974,2.4834764118197974,0
11015,La Spezia,La Spezia,7,44.238366,9.691233,0.1333,0.1203,0.1451,0.0433,0.0464,0.0277,0.0544,0.0581,0.0378,0.2879,0.3686,0.4902,0.7963329323277739,3.8409037007121105,3.8409037007121105,0
24077,Pianezze,Vicenza,5,45.739997,11.626747,0.17,0.15,0.1863,0.0452,0.0485,0.039,0.0608,0.0631,0.0523,0.3571,0.465,0.6391,0.7201244079521102,2.203657547560511,2.203657547560511,0
28075,San Giorgio delle Pertiche,Padova,5,45.54167,11.911237,0.1193,0.1078,0.1316,0.0338,0.0375,0.0295,0.042,0.0478,0.0386,0.2413,0.3205,0.4552,1.5878192070243453,2.237014299340412,2.237014299340412,0
59005,Cisterna di Latina,Latina,12,41.590639,12.829048,0.1231,0.067,0.1447,0.043,0.0484,0.0188,0.055,0.0596,0.0263,0.2807,0.348,0.4432,0.1272570685343102,1.172755143331405,1.172755143331405,0
72006,Bari,Bari,16,41.125784,16.862029,0.07,0.057,0.0807,0.0249,0.0276,0.0108,0.0311,0.0346,0.0161,0.1509,0.1872,0.2434,0.7184453174317832,1.8615090602385043,1.8615090602385043,0
48033,Pontassieve,Firenze,9,43.775426,11.439991,0.1443,0.1303,0.1571,0.0494,0.0539,0.032,0.0592,0.0656,0.0414,0.2937,0.3746,0.4952,1.0518388582632203,3.1329865616943415,3.1329865616943415,0
32001,Duino-Aurisina,Trieste,6,45.770377,13.675305,0.1447,0.1249,0.1615,0.0399,0.0425,0.036,0.0537,0.0567,0.0467,0.3047,0.3995,0.5475,0.24689345561784884,5.010764787765735,5.010764787765735,0
36036,San Cesario sul Panaro,Modena,8,44.561136,11.033218,0.1612,0.1495,0.1682,0.0509,0.0551,0.0387,0.0629,0.0694,0.0528,0.3493,0.4551,0.6042,1.3940056500755345,0.29476098221715347,0.29476098221715347,0
23059,Peschiera del Garda,Verona,5,45.438945,10.692017,0.1603,0.14,0.1769,0.0421,0.0464,0.038,0.0564,0.0611,0.0498,0.3444,0.4505,0.6217,0.6678672507904401,2.861092737951666,2.861092737951666,0
19087,Salvirola,Cremona,3,45.355543,9.780243,0.0996,0.0804,0.1083,0.0323,0.0346,0.0179,0.0404,0.0436,0.027,0.2275,0.3016,0.4077,0.8119334501031048,2.857068296077082,2.857068296077082,0
18182,Voghera,Pavia,3,44.99284,9.008593,0.0849,0.066,0.0951,0.0241,0.0273,0.0,0.0316,0.0344,0.0143,0.1833,0.2461,0.3459,1.059429866664887,3.4036024900948445,3.4036024900948445,0
99018,Santarcangelo di Romagna,Rimini,8,44.063382,12.446702,0.1847,0.1686,0.2055,0.0521,0.0565,0.04,0.0663,0.0721,0.0572,0.4091,0.5367,0.7434,0.9658543527783383,1.8838433600319244,1.8838433600319244,0
21008,Bolzano/Bozen,Bolzano/Bozen,4,46.655942,11.229637,0.0444,0.0219,0.0521,0.0164,0.0196,0.0,0.0205,0.0247,0.0,0.0937,0.1141,0.1414,0.649806917371616,1.2547849619698141,1.2547849619698141,0
21059,Nova Ponente/Deutschnofen,Bolzano/Bozen,4,46.413993,11.425181,0.057,0.0393,0.0654,0.0212,0.0247,0.0,0.0268,0.0301,0.0119,0.1173,0.1412,0.1769,1.376954199666337,3.7743991329880293,3.7743991329880293,0
109018,Montegranaro,Fermo,11,43.232523,13.63158,0.1832,0.1682,0.2021,0.0511,0.0549,0.0396,0.0649,0.0705,0.0567,0.4018,0.5304,0.7385,1.1973040647893913,0.5449967197026513,0.5449967197026513,0
36003,Campogalliano,Modena,8,44.690512,10.840734,0.1613,0.1493,0.1698,0.0465,0.0501,0.0344,0.0581,0.0625,0.049,0.3688,0.4845,0.6592,0.9693773468313357,2.9574732411752835,2.9574732411752835,0
15164,Ossona,Milano,3,45.506211,8.901266,0.0392,0.0155,0.0469,0.016,0.0193,0.0,0.0198,0.024,0.0,0.0879,0.1062,0.1306,1.3566701212411945,3.217188978210247,3.217188978210247,0
24040,Fara Vicentino,Vicenza,5,45.739593,11.548287,0.1654,0.1458,0.1804,0.0445,0.0477,0.0385,0.0597,0.0622,0.0512,0.35,0.4556,0.6254,0.367322568745521,2.5453658627673437,2.5453658627673437,0
26080,Sernaglia della Battaglia,Treviso,5,45.874731,12.133162,0.2387,0.2151,0.2913,0.0597,0.0658,0.0534,0.0822,0.0913,0.0722,0.4998,0.6592,0.9205,1.8982903343798183,0.6774240923450364,0.6774240923450364,0
96058,Salussola,Biella,1,45.449324,8.109157,0.039,0.0142,0.0467,0.0162,0.0197,0.0,0.0197,0.0244,0.0,0.085,0.1011,0.1242,1.2028867767041618,3.992419789759319,3.992419789759319,0
16034,Bottanuco,Bergamo,3,45.639878,9.506451,0.0876,0.0694,0.094,0.0251,0.028,0.0096,0.0327,0.0353,0.0163,0.1856,0.2432,0.3415,0.883112757881838,2.8612243424884105,2.8612243424884105,0
14024,Cosio Valtellino,Sondrio,3,46.133741,9.529154,0.0489,0.0282,0.0575,0.0194,0.0228,0.0,0.0243,0.0284,0.0,0.1128,0.1344,0.1678,0.8031643265583039,1.4633631010587123,1.4633631010587123,0
1102,Feletto,Torino,1,45.303853,7.744719,0.0472,0.023,0.0562,0.0199,0.0234,0.0,0.0247,0.0287,0.0,0.1076,0.1273,0.1557,1.7064959150110648,1.2125633900936243,1.2125633900936243,0
34010,Colorno,Parma,8,44.926532,10.377117,0.0912,0.0737,0.1028,0.036,0.0391,0.0208,0.0433,0.048,0.0283,0.195,0.236,0.2984,0.49349441700350205,2.156320160017847,2.156320160017847,0
28055,Monselice,Padova,5,45.241768,11.750853,0.0647,0.0555,0.0739,0.0285,0.032,0.0161,0.0341,0.0376,0.022,0.1423,0.1712,0.2156,1.3951528821990948,4.356077530885369,4.356077530885369,0
17155,Prevalle,Brescia,3,45.551482,10.421857,0.1592,0.1444,0.1722,0.0411,0.0457,0.0359,0.0565,0.0601,0.0517,0.3545,0.4633,0.6348,1.4261181391003637,0.6512569459308263,0.6512569459308263,0
65078,Nocera Inferiore,Salerno,15,40.747213,14.64332,0.12,0.0818,0.1253,0.0397,0.042,0.017,0.051,0.0534,0.027,0.2384,0.2926,0.372,0.6366060666034166,4.0346010447743295,4.0346010447743295,0
24026,Cassola,Vicenza,5,45.732407,11.794256,0.1869,0.1655,0.208,0.0479,0.0503,0.0404,0.0636,0.0668,0.0552,0.3793,0.497,0.6886,1.5307823031620358,2.5406730801377813,2.5406730801377813,0
26033,Godega di Sant'Urbano,Treviso,5,45.929848,12.39811,0.2279,0.2039,0.2773,0.0582,0.0626,0.0513,0.078,0.0868,0.0694,0.4748,0.6261,0.8671,0.862312657331935,1.7023139571378276,1.7023139571378276,0
24086,Romano d'Ezzelino,Vicenza,5,45.796237,11.758391,0.1834,0.1624,0.2032,0.0494,0.0517,0.0419,0.0656,0.07,0.0574,0.3917,0.5132,0.7105,1.4309225827374403,3.0377897148201076,3.0377897148201076,0
12090,Lonate Pozzolo,Varese,3,45.596772,8.754731,0.0377,0.0135,0.0442,0.0146,0.0182,0.0,0.0182,0.0224,0.0,0.081,0.096,0.1194,1.3986902612721446,2.741744809446319,2.741744809446319,0
28077,San Martino di Lupari,Padova,5,45.648659,11.85698,0.1616,0.1436,0.1814,0.0406,0.0432,0.0366,0.0556,0.0579,0.0477,0.3309,0.4382,0.6128,1.2910551755347321,2.956584764291487,2.956584764291487,0
15151,Motta Visconti,Milano,3,45.288179,8.992487,0.0493,0.0281,0.0562,0.0185,0.0218,0.0,0.0235,0.0273,0.0,0.1102,0.1337,0.1718,0.21229193908794708,2.9673352164557283,2.9673352164557283,0
66098,Sulmona,L'Aquila,13,42.047423,13.927011,0.256,0.2324,0.2806,0.0784,0.0863,0.0676,0.103,0.1107,0.0915,0.5301,0.6881,0.9386,1.0550249857447407,3.944165235511854,3.944165235511854,0
28034,Conselve,Padova,5,45.233744,11.874013,0.0624,0.0513,0.0716,0.0275,0.0309,0.0142,0.0329,0.0364,0.0193,0.1349,0.1621,0.2003,0.642162086541408,2.0046049416480076,2.0046049416480076,0
1125,Ivrea,Torino,1,45.467379,7.874797,0.0435,0.019,0.0526,0.0183,0.0217,0.0,0.0224,0.0268,0.0,0.0954,0.1138,0.1384,1.7410905302818172,1.979411875370442,1.979411875370442,0
30064,Muzzana del Turgnano,Udine,6,45.818109,13.129263,0.1017,0.0942,0.11,0.0347,0.0385,0.0316,0.0445,0.0483,0.0394,0.2288,0.2868,0.392,0.7003333100946092,1.8305315725990907,1.8305315725990907,0
24119,Zanè,Vicenza,5,45.720119,11.460827,0.1638,0.1428,0.1784,0.0439,0.0471,0.0381,0.0584,0.0615,0.0504,0.3452,0.4496,0.6183,0.5484257502000359,3.0094543919674224,3.0094543919674224,0
108035,Nova Milanese,Monza e della Brianza,3,45.58929,9.20034,0.0486,0.0266,0.0559,0.0184,0.0217,0.0,0.0234,0.0273,0.0,0.1109,0.134,0.1708,0.7663935332662282,2.3127348212915804,2.3127348212915804,0
20015,Castel Goffredo,Mantova,3,45.295278,10.472982,0.1272,0.115,0.1385,0.0363,0.0385,0.0279,0.0459,0.0498,0.0405,0.2825,0.3726,0.5191,0.5059761332388886,3.875813922683495,3.875813922683495,0
17163,Rodengo Saiano,Brescia,3,45.597646,10.109468,0.1429,0.1222,0.1544,0.0399,0.0428,0.031,0.0539,0.0561,0.0435,0.3086,0.3956,0.5272,1.085462705620574,3.1487789128263035,3.1487789128263035,0
22089,Fornace,Trento,4,46.118196,11.206501,0.0671,0.0608,0.0765,0.0268,0.0303,0.0168,0.0328,0.0364,0.0234,0.1473,0.1806,0.2417,1.1955354274237284,2.3192250133458057,2.3192250133458057,0
31024,Turriaco,Gorizia,6,45.819981,13.446686,0.1266,0.1128,0.1457,0.0389,0.0421,0.0353,0.0507,0.0543,0.0446,0.2793,0.372,0.524,0.8743670979251461,3.599378879125883,3.599378879125883,0
72011,Bitonto,Bari,16,41.108497,16.691548,0.0819,0.0697,0.1016,0.0296,0.0324,0.0163,0.0365,0.0402,0.0242,0.1917,0.2686,0.3711,1.324101274635786,2.7530638144226116,2.7530638144226116,0
42010,Castelfidardo,Ancona,11,43.464574,13.5467,0.182,0.164,0.2189,0.0461,0.0512,0.0372,0.0598,0.0672,0.057,0.3929,0.5224,0.7319,1.2031497117280525,2.6389797193309117,2.6389797193309117,0
16018,Bagnatica,Bergamo,3,45.660881,9.781057,0.128,0.1028,0.1386,0.0333,0.035,0.0192,0.0439,0.0461,0.0309,0.272,0.3558,0.4718,1.548311178829376,2.0684358685674096,2.0684358685674096,0
23011,Bosco Chiesanuova,Verona,5,45.622102,11.029517,0.1654,0.1431,0.1836,0.0444,0.0477,0.0389,0.059,0.0633,0.0522,0.355,0.4617,0.6352,0.6928907080705858,3.95526757730427,3.95526757730427,0
3114,Paruzzaro,Novara,1,45.750241,8.517599,0.0389,0.0166,0.0467,0.0146,0.0181,0.0,0.0183,0.0223,0.0,0.0838,0.1009,0.1256,0.7772119890171266,4.312856153589356,4.312856153589356,0
24122,Zugliano,Vicenza,5,45.733953,11.524736,0.1642,0.1442,0.179,0.0445,0.0477,0.0385,0.0597,0.0622,0.0512,0.35,0.4556,0.6254,0.8010392975494892,4.16023632668233,4.16023632668233,0
16004,Albino,Bergamo,3,45.760814,9.79683,0.1137,0.091,0.1221,0.0301,0.0323,0.0152,0.0384,0.0406,0.0239,0.2281,0.303,0.414,0.83641181141057,3.7826678442154016,3.7826678442154016,0
16029,Boltiere,Bergamo,3,45.600878,9.578453,0.1023,0.0814,0.11,0.0274,0.03,0.0122,0.0357,0.0379,0.0199,0.2155,0.2866,0.3966,1.218588942813402,2.848747081103451,2.848747081103451,0
23018,Caprino Veronese,Verona,5,45.605938,10.795132,0.1652,0.1433,0.1831,0.044,0.0478,0.0391,0.0584,0.0633,0.0516,0.3531,0.4599,0.6325,1.1972281914325669,1.936027527135066,1.936027527135066,0
16123,Lallio,Bergamo,3,45.66638,9.630053,0.1085,0.0866,0.1165,0.029,0.0313,0.0139,0.0377,0.0395,0.023,0.233,0.3121,0.4239,0.8335958621082667,0.7871340221440982,0.7871340221440982,0
24047,Grumolo delle Abbadesse,Vicenza,5,45.516264,11.658742,0.1306,0.1159,0.1413,0.0361,0.0396,0.0333,0.0493,0.0525,0.0426,0.2859,0.3774,0.5242,1.0935968244330923,2.4701821713052747,2.4701821713052747,0
93022,Fontanafredda,Pordenone,6,45.973397,12.569123,0.2144,0.1913,0.2609,0.0582,0.0621,0.0511,0.0775,0.086,0.0689,0.4666,0.6151,0.8522,1.0684756529083734,1.6957801238547774,1.6957801238547774,0
34009,Collecchio,Parma,8,44.75202,10.216691,0.1553,0.1147,0.1714,0.0504,0.0562,0.0352,0.0632,0.0721,0.0468,0.3477,0.436,0.559,1.1477393294262543,3.958572196726055,3.958572196726055,0
3070,Gargallo,Novara,1,45.72877,8.425325,0.0399,0.018,0.0482,0.0155,0.0186,0.0,0.0193,0.0233,0.0,0.0885,0.1076,0.1328,1.5724221894286685,1.6726900564076024,1.6726900564076024,0
26012,Castelfranco Veneto,Treviso,5,45.672811,11.925245,0.1785,0.1587,0.2057,0.0454,0.0481,0.039,0.0603,0.0637,0.0522,0.3706,0.4913,0.6888,1.0676925497403635,0.8442530083465198,0.8442530083465198,0
11026,Santo Stefano di Magra,La Spezia,7,44.165099,9.91733,0.1468,0.1312,0.1591,0.0492,0.0527,0.0337,0.0616,0.066,0.0476,0.3288,0.4168,0.5564,0.6453670887504508,2.67620202912364,2.67620202912364,0
23098,Zimella,Verona,5,45.343627,11.352305,0.1175,0.1055,0.1297,0.0349,0.0379,0.0294,0.044,0.0488,0.0397,0.2644,0.3508,0.4903,1.17237536247748,2.556822308637142,2.556822308637142,0
26046,Montebelluna,Treviso,5,45.775996,12.045065,0.2174,0.1955,0.2621,0.0535,0.0565,0.0463,0.0722,0.0787,0.0637,0.4473,0.5925,0.8292,1.4736213514328258,1.4851333037809442,1.4851333037809442,0
26083,Susegana,Treviso,5,45.850913,12.250013,0.2206,0.197,0.2687,0.0541,0.0573,0.0469,0.0723,0.0784,0.0638,0.4439,0.5883,0.8201,1.544498058122593,3.471351264176175,3.471351264176175,0
58036,Fiano Romano,Roma,12,42.171913,12.592726,0.1344,0.1208,0.1516,0.0471,0.0516,0.0309,0.0577,0.0632,0.041,0.3192,0.4069,0.543,1.4877302458049735,2.4965123777578886,2.4965123777578886,0
22103,Lavis,Trento,4,46.139742,11.110227,0.0627,0.0545,0.0715,0.0253,0.0285,0.0137,0.031,0.0342,0.0189,0.1334,0.1608,0.1995,1.5631773558226205,2.4552334339313533,2.4552334339313533,0
24034,Cornedo Vicentino,Vicenza,5,45.611106,11.343405,0.1637,0.1426,0.1803,0.0437,0.0468,0.0382,0.0581,0.0618,0.0505,0.3478,0.4529,0.6243,0.7444791726263238,0.778774392219201,0.778774392219201,0
59024,Sabaudia,Latina,12,41.301567,13.025873,0.0621,0.041,0.0734,0.028,0.0314,0.0084,0.0333,0.037,0.0137,0.1319,0.1553,0.187,1.0877280960062738,1.9606862671999452,1.9606862671999452,0
17041,Castelcovati,Brescia,3,45.498413,9.943282,0.136,0.1125,0.148,0.0373,0.0389,0.0255,0.0497,0.0518,0.0374,0.2954,0.3738,0.4973,0.777910125824394,2.4335328401329703,2.4335328401329703,0
24035,Costabissara,Vicenza,5,45.585542,11.487744,0.1601,0.1399,0.1745,0.0415,0.0448,0.0366,0.0555,0.0582,0.0478,0.3304,0.4315,0.5964,1.2655850314552135,1.989520121478848,1.989520121478848,0
29029,Lendinara,Rovigo,5,45.083259,11.604164,0.0702,0.0671,0.077,0.0297,0.0333,0.0178,0.0353,0.0389,0.0253,0.1543,0.194,0.2615,1.3309290756807814,3.055398352779983,3.055398352779983,0
40014,Galeata,Forlì-Cesena,8,43.996663,11.912006,0.2102,0.1585,0.2386,0.0717,0.0765,0.0542,0.0907,0.0967,0.0695,0.4474,0.5498,0.7002,0.48183952541564207,3.3286273531855226,3.3286273531855226,0
40007,Cesena,Forlì-Cesena,8,44.136352,12.242244,0.1964,0.1811,0.2058,0.0598,0.0642,0.0487,0.0767,0.0818,0.0669,0.417,0.5326,0.7038,0.15798971139849272,1.1037524797715155,1.1037524797715155,0
26039,Maser,Treviso,5,45.807541,11.972487,0.2202,0.1975,0.2623,0.0559,0.0603,0.0489,0.076,0.0843,0.0673,0.4676,0.6169,0.8634,0.6443961831515921,2.477878303934486,2.477878303934486,0
24038,Dueville,Vicenza,5,45.635517,11.548598,0.163,0.1429,0.1774,0.0427,0.046,0.0373,0.0568,0.0598,0.0491,0.338,0.4411,0.6076,0.16367042335464638,2.3609549438699378,2.3609549438699378,0
28057,Montegrotto Terme,Padova,5,45.331491,11.791208,0.073,0.0672,0.0833,0.0297,0.0328,0.0186,0.0356,0.0389,0.0259,0.1567,0.2021,0.2742,0.8184764297188836,1.1698558632597011,1.1698558632597011,0
28020,Campo San Martino,Padova,5,45.544396,11.810404,0.1253,0.1122,0.137,0.0349,0.0385,0.0314,0.0456,0.0499,0.0402,0.2603,0.3462,0.486,0.5379973867564273,4.196991996064812,4.196991996064812,0
26064,Quinto di Treviso,Treviso,5,45.64201,12.149845,0.141,0.1254,0.1706,0.0366,0.0404,0.0343,0.0503,0.0527,0.0435,0.2919,0.3935,0.5616,0.39766528410731333,2.456169598474539,2.456169598474539,0
30091,Remanzacco,Udine,6,46.085584,13.324322,0.2322,0.2076,0.2824,0.0599,0.065,0.0535,0.08,0.0903,0.0714,0.4825,0.6352,0.878,1.016791907515767,2.3810167635260258,2.3810167635260258,0
28046,Loreggia,Padova,5,45.594524,11.944612,0.1409,0.1263,0.1625,0.0359,0.0396,0.0337,0.0495,0.0519,0.0424,0.2831,0.3788,0.5359,1.2110670561627421,3.4662679956110196,3.4662679956110196,0
17013,Bassano Bresciano,Brescia,3,45.327176,10.12837,0.1199,0.1111,0.1301,0.0361,0.0382,0.0244,0.0463,0.0494,0.0356,0.2763,0.3681,0.5082,0.5752204613610332,2.7526279786785874,2.7526279786785874,0
36026,Montese,Modena,8,44.268506,10.941189,0.161,0.1266,0.1809,0.0579,0.0634,0.041,0.0724,0.0789,0.0557,0.3643,0.4596,0.5856,1.2826854282048288,3.921390365530234,3.921390365530234,0
3130,Romagnano Sesia,Novara,1,45.631067,8.388627,0.0385,0.0151,0.0462,0.0148,0.0182,0.0,0.0184,0.0226,0.0,0.0826,0.0986,0.1227,0.7527192853825128,3.3683254420653155,3.3683254420653155,0
1243,San Gillio,Torino,1,45.142748,7.535817,0.065,0.0455,0.0753,0.0266,0.0292,0.011,0.033,0.036,0.0163,0.1551,0.1877,0.2374,1.4016429927802538,0.636251921383396,0.636251921383396,0
66006,Avezzano,L'Aquila,13,42.034796,13.426505,0.2426,0.2187,0.2686,0.0733,0.0795,0.0627,0.0965,0.1018,0.0858,0.511,0.66,0.8946,0.6995825755574977,0.4014755607084773,0.4014755607084773,0
27029,Portogruaro,Venezia,5,45.775598,12.837457,0.1001,0.0922,0.108,0.0336,0.0373,0.0296,0.0408,0.0463,0.0381,0.2195,0.2747,0.3666,0.6143538201145194,1.231987311770514,1.231987311770514,0
30026,Cividale del Friuli,Udine,6,46.093623,13.430328,0.2437,0.2192,0.2958,0.061,0.0665,0.0547,0.0825,0.0927,0.073,0.4954,0.6521,0.9057,1.5002901356045983,1.7176957832802646,1.7176957832802646,0
48041,Scandicci,Firenze,9,43.75671,11.184762,0.1272,0.111,0.1331,0.0453,0.0503,0.0266,0.0544,0.0602,0.0351,0.2723,0.3516,0.4681,0.8952117693066272,2.4212853483927645,2.4212853483927645,0
15010,Arluno,Milano,3,45.50507,8.941541,0.04,0.0167,0.048,0.016,0.0193,0.0,0.0198,0.024,0.0,0.0879,0.1062,0.1306,0.5638177335624289,1.5409405649373362,1.5409405649373362,0
36023,Modena,Modena,8,44.538473,10.935961,0.1647,0.137,0.171,0.0512,0.0558,0.0389,0.0635,0.0706,0.0526,0.3512,0.437,0.5773,0.1148296961619257,3.9140068466127134,3.9140068466127134,0
80043,Locri,Reggio di Calabria,18,38.238537,16.265509,0.1891,0.1511,0.1962,0.0488,0.0502,0.0325,0.063,0.0655,0.0451,0.3477,0.4582,0.6253,0.7535241672709638,2.526805229152732,2.526805229152732,0
58104,Tivoli,Roma,12,41.960922,12.798884,0.1559,0.1224,0.1725,0.0543,0.0578,0.0332,0.0669,0.0722,0.0438,0.333,0.4214,0.5435,1.0711618557836242,3.2135080880267375,3.2135080880267375,0
28100,Vigonza,Padova,5,45.442954,11.983149,0.0839,0.0753,0.0962,0.0299,0.0334,0.0207,0.0362,0.0398,0.0294,0.1817,0.2305,0.3055,0.313719372722602,2.384143111636702,2.384143111636702,0
1120,Grugliasco,Torino,1,45.068046,7.57762,0.0639,0.0445,0.0744,0.027,0.0296,0.0115,0.0336,0.0366,0.0171,0.1598,0.1943,0.2468,0.8766315072055858,4.402621018814421,4.402621018814421,0
23058,Pescantina,Verona,5,45.483372,10.869101,0.1634,0.1418,0.181,0.0436,0.0473,0.0387,0.0581,0.0627,0.0513,0.3522,0.4585,0.6309,0.16840567453203617,3.0562414574305574,3.0562414574305574,0
15072,Cerro Maggiore,Milano,3,45.593012,8.951392,0.0392,0.0155,0.0468,0.0154,0.0188,0.0,0.0191,0.0233,0.0,0.0853,0.1022,0.1262,1.4279479784656073,3.376349745281319,3.376349745281319,0
108026,Lesmo,Monza e della Brianza,3,45.648974,9.305652,0.0563,0.0363,0.0635,0.0191,0.0225,0.0,0.0247,0.0284,0.0,0.1196,0.1469,0.1888,1.1005409584991077,3.7583461679036403,3.7583461679036403,0
1130,Leini,Torino,1,45.184582,7.713271,0.0497,0.0263,0.0589,0.0203,0.0237,0.0,0.0252,0.0291,0.0,0.1101,0.1296,0.1586,0.7995703040508056,3.86744996293366,3.86744996293366,0
15116,Lainate,Milano,3,45.57173,9.028461,0.0412,0.0179,0.0491,0.0162,0.0195,0.0,0.0201,0.0244,0.0,0.0899,0.1092,0.1342,0.25891943185239735,4.216684079061038,4.216684079061038,0
35004,Bibbiano,Reggio nell'Emilia,8,44.66343,10.472719,0.157,0.1207,0.1697,0.0511,0.0567,0.0366,0.0636,0.0722,0.0485,0.3505,0.4337,0.5566,0.9682962796530904,1.903419859841719,1.903419859841719,0
26085,Trevignano,Treviso,5,45.733501,12.094016,0.1901,0.1697,0.2305,0.0496,0.0511,0.0421,0.0658,0.0703,0.0574,0.4081,0.5426,0.7621,1.0504542205648175,3.9118887960171564,3.9118887960171564,0
10025,Genova,Genova,7,44.40726,8.933862,0.0682,0.0473,0.0756,0.0235,0.0268,0.0,0.03,0.0332,0.0127,0.1503,0.1903,0.2561,1.5525857668196235,1.4048312489484769,1.4048312489484769,0
89017,Siracusa,Siracusa,19,37.064614,15.29072,0.2129,0.1682,0.2514,0.0358,0.0389,0.0306,0.0507,0.0578,0.0457,0.3953,0.5665,0.8226,1.3928129387825212,1.2469221285413565,1.2469221285413565,0
15209,Sesto San Giovanni,Milano,3,45.535722,9.237655,0.0512,0.0295,0.0585,0.0191,0.0225,0.0,0.0244,0.0281,0.0,0.1142,0.138,0.1747,0.7472541795527774,3.9784380509365898,3.9784380509365898,0
87002,Aci Castello,Catania,19,37.554211,15.14856,0.212,0.1863,0.2378,0.0819,0.0944,0.0514,0.1009,0.1168,0.0669,0.4576,0.5987,0.8597,0.7361284550374562,3.2833152674523167,3.2833152674523167,0
69043,Guardiagrele,Chieti,13,42.195476,14.219712,0.1717,0.1266,0.1876,0.0525,0.057,0.035,0.0657,0.0718,0.0474,0.3377,0.4353,0.5929,1.4642025858459797,2.0123279174241673,2.0123279174241673,0
15070,Cernusco sul Naviglio,Milano,3,45.524558,9.330925,0.0577,0.0373,0.0655,0.0219,0.0252,0.0,0.0282,0.0315,0.0114,0.1388,0.1736,0.2289,1.524348415870946,3.0201257334624705,3.0201257334624705,0
67021,Corropoli,Teramo,13,42.826814,13.835185,0.1755,0.1607,0.1907,0.0532,0.0562,0.0387,0.0674,0.0718,0.0529,0.3678,0.4827,0.6549,1.1855053230415142,0.9795895674683253,0.9795895674683253,0
41044,Pesaro,Pesaro e Urbino,11,43.909811,12.913123,0.1824,0.1645,0.2217,0.0455,0.0506,0.037,0.0592,0.0669,0.0567,0.389,0.5182,0.7278,0.95803423911673,3.5752328309696266,3.5752328309696266,0
24096,San Vito di Leguzzano,Vicenza,5,45.681552,11.37629,0.1637,0.1426,0.1798,0.0438,0.0469,0.0382,0.0582,0.0619,0.0507,0.3475,0.4525,0.6231,0.896432278175082,3.7362434999463807,3.7362434999463807,0
38004,Cento,Ferrara,8,44.72744,11.290303,0.157,0.1477,0.1857,0.0444,0.0481,0.0359,0.0565,0.0593,0.0517,0.3695,0.486,0.6663,0.702003099753849,2.6181323536786887,2.6181323536786887,0
51006,Capolona,Arezzo,9,43.563998,11.858786,0.1675,0.1508,0.1801,0.055,0.0591,0.0393,0.0676,0.0734,0.0535,0.3444,0.432,0.5675,0.9852379728733529,2.949789699673266,2.949789699673266,0
60024,Ceccano,Frosinone,12,41.567717,13.333301,0.1504,0.1342,0.1665,0.0497,0.0532,0.0347,0.0615,0.0665,0.0487,0.3376,0.4291,0.5622,0.880417275653485,3.2227070593151907,3.2227070593151907,0
59011,Latina,Latina,12,41.459526,13.012591,0.0727,0.0491,0.0868,0.0357,0.0391,0.0149,0.0423,0.0474,0.0208,0.1726,0.2017,0.2423,1.2812122317264085,2.964992593844133,2.964992593844133,0
24074,Noventa Vicentina,Vicenza,5,45.290628,11.539884,0.0819,0.0764,0.0975,0.0306,0.0337,0.0197,0.0365,0.0398,0.0277,0.1773,0.2236,0.2991,0.8982595595646574,4.442312214294521,4.442312214294521,0
17072,Flero,Brescia,3,45.482887,10.175008,0.1469,0.1363,0.1582,0.0397,0.0425,0.0304,0.0532,0.0557,0.043,0.3109,0.4055,0.5535,0.6627274528328517,3.7381737228821366,3.7381737228821366,0
69022,Chieti,Chieti,13,42.102718,14.415935,0.1185,0.0937,0.1308,0.0441,0.0486,0.0293,0.0538,0.0588,0.0382,0.2381,0.2942,0.3895,1.1562882348735102,3.0850918582121634,3.0850918582121634,0
48017,Firenze,Firenze,9,43.769871,11.255576,0.1288,0.1124,0.1354,0.0462,0.0511,0.0281,0.0555,0.0614,0.0367,0.2773,0.3553,0.4717,1.3132024446992625,2.2482385658057304,2.2482385658057304,0
43044,Recanati,Macerata,11,43.403508,13.548602,0.183,0.1651,0.214,0.0492,0.0536,0.039,0.063,0.0692,0.0574,0.404,0.534,0.7352,0.97881409188145,2.362127690205156,2.362127690205156,0
99014,Rimini,Rimini,8,43.947098,12.630769,0.1847,0.1683,0.2094,0.0507,0.0553,0.0398,0.0656,0.0708,0.0573,0.4099,0.5376,0.7435,1.0054788509431614,3.3788346313028206,3.3788346313028206,0
82053,Palermo,Palermo,19,38.111227,13.352443,0.1776,0.1581,0.1911,0.0422,0.0432,0.029,0.0587,0.0597,0.044,0.3617,0.4698,0.6301,0.5477575003244517,2.9325482481696934,2.9325482481696934,0
61092,Teverola,Caserta,15,40.995572,14.207373,0.1327,0.0898,0.14,0.0426,0.0455,0.0192,0.0548,0.0575,0.0301,0.2692,0.3367,0.4367,1.7553914976225802,1.9160778981010815,1.9160778981010815,0
19068,Persico Dosimo,Cremona,3,45.181365,10.076639,0.0822,0.071,0.0931,0.0325,0.0354,0.0178,0.039,0.043,0.0255,0.1876,0.2325,0.3095,0.7192490730103168,1.387139871250978,1.387139871250978,0
108051,Busnago,Monza e della Brianza,3,45.616184,9.46567,0.0769,0.0596,0.0839,0.0251,0.028,0.0096,0.0327,0.0353,0.0163,0.1856,0.2432,0.3415,1.5724719606270128,2.9023187552627596,2.9023187552627596,0
33038,Rivergaro,Piacenza,8,44.910251,9.596521,0.1011,0.0787,0.1123,0.0345,0.0371,0.0174,0.0423,0.0464,0.0254,0.2188,0.278,0.3833,1.1227704627244788,1.8760879585838368,1.8760879585838368,0
17085,Iseo,Brescia,3,45.659555,10.051049,0.1361,0.1121,0.1479,0.0389,0.0408,0.0287,0.0524,0.0544,0.0405,0.303,0.382,0.5108,0.638078491055936,2.866181153581481,2.866181153581481,0
19036,Cremona,Cremona,3,45.220864,10.037038,0.0871,0.0743,0.0971,0.0325,0.0353,0.0179,0.0393,0.0432,0.0261,0.1992,0.2527,0.3415,1.4664538986463873,2.9667394864323446,2.9667394864323446,0
15118,Legnano,Milano,3,45.594698,8.91836,0.0388,0.015,0.0463,0.0154,0.0188,0.0,0.0191,0.0233,0.0,0.0853,0.1022,0.1262,1.2822498660233215,0.573201846041328,0.573201846041328,0
21013,Brunico/Bruneck,Bolzano/Bozen,4,46.796319,11.935512,0.0531,0.0322,0.0587,0.0189,0.0217,0.0,0.0242,0.0275,0.0086,0.1121,0.1354,0.1713,1.8713951695333209,3.653412341800646,3.653412341800646,0
21016,Campo di Trens/Freienfeld,Bolzano/Bozen,4,46.857187,11.508955,0.0423,0.0196,0.049,0.0143,0.0175,0.0,0.0185,0.0219,0.0,0.0883,0.1087,0.1358,0.536060925418538,1.878032056540202,1.878032056540202,0
21023,Cornedo all'Isarco/Karneid,Bolzano/Bozen,4,46.489912,11.408388,0.053,0.0327,0.0603,0.02,0.0237,0.0,0.0256,0.0291,0.0099,0.1125,0.1348,0.1698,1.0302212711346468,3.307049264275327,3.307049264275327,0
108018,Ceriano Laghetto,Monza e della Brianza,3,45.628349,9.080797,0.0423,0.0191,0.0501,0.0166,0.0198,0.0,0.0207,0.0249,0.0,0.094,0.1142,0.1417,0.3855853881820709,3.292914487467492,3.292914487467492,0
19033,Corte de' Frati,Cremona,3,45.220029,10.096684,0.0902,0.082,0.0998,0.033,0.0358,0.0188,0.0399,0.044,0.0276,0.2065,0.262,0.3703,1.4269856183296317,2.266225036047757,2.266225036047757,0
28091,Tombolo,Padova,5,45.647028,11.830422,0.1616,0.1434,0.1792,0.0406,0.0432,0.0366,0.0556,0.0579,0.0477,0.3309,0.4382,0.6128,1.0237765054654364,3.244889339950929,3.244889339950929,0
15158,Noviglio,Milano,3,45.360159,9.050375,0.0466,0.0248,0.0542,0.0186,0.022,0.0,0.0236,0.0275,0.0,0.1099,0.1328,0.1694,1.2791995535945317,3.635145192927852,3.635145192927852,0
35038,San Polo d'Enza,Reggio nell'Emilia,8,44.625862,10.422287,0.1577,0.1187,0.1728,0.0517,0.0575,0.0369,0.0645,0.0732,0.0485,0.3504,0.4363,0.559,0.3471651763237577,3.2983332899775646,3.2983332899775646,0
37009,Calderara di Reno,Bologna,8,44.563052,11.271693,0.1655,0.1519,0.1705,0.0506,0.0542,0.039,0.0623,0.0677,0.0546,0.3689,0.4776,0.6433,0.4216655982229712,2.905568335601338,2.905568335601338,0
12032,Cardano al Campo,Varese,3,45.645717,8.772498,0.0376,0.0135,0.0441,0.0144,0.0181,0.0,0.018,0.0222,0.0,0.0807,0.0956,0.1194,1.1586871650152486,0.40299828027734097,0.40299828027734097,0
21081,San Lorenzo di Sebato/St. Lorenzen,Bolzano/Bozen,4,46.783424,11.90264,0.0525,0.0314,0.0581,0.0183,0.0211,0.0,0.0235,0.0268,0.0,0.1085,0.1313,0.1659,1.26366870956695,1.9086344815979954,1.9086344815979954,0
37028,Galliera,Bologna,8,44.749163,11.426533,0.1555,0.1465,0.1842,0.041,0.0448,0.0341,0.054,0.0563,0.0492,0.3612,0.4784,0.6589,1.1889541863201747,3.238591452375308,3.238591452375308,0
13118,Inverigo,Como,3,45.740484,9.223612,0.0471,0.0249,0.0543,0.0174,0.0207,0.0,0.0219,0.026,0.0,0.1025,0.1245,0.157,0.857279649341265,3.722532810517319,3.722532810517319,0
88012,Vittoria,Ragusa,19,36.951496,14.530487,0.1615,0.1293,0.1922,0.0299,0.0331,0.0231,0.0404,0.0463,0.037,0.3254,0.4737,0.6884,0.9215520153923781,3.2187137738886227,3.2187137738886227,0
54053,Torgiano,Perugia,10,43.028542,12.44136,0.1856,0.1692,0.2007,0.0638,0.0682,0.0506,0.0793,0.085,0.0676,0.4239,0.5371,0.7046,1.4792319722045137,2.539852500283962,2.539852500283962,0
15205,Segrate,Milano,3,45.490735,9.29482,0.0555,0.0344,0.063,0.0203,0.0238,0.0,0.0261,0.0297,0.0091,0.1248,0.1536,0.1971,0.9484478698927837,2.586679257902203,2.586679257902203,0
24088,Rossano Veneto,Vicenza,5,45.705273,11.799787,0.1787,0.1582,0.1976,0.0479,0.0503,0.0404,0.0636,0.0668,0.0552,0.3793,0.497,0.6886,0.9234227037659382,3.5016454017821816,3.5016454017821816,0
17199,Villa Carcina,Brescia,3,45.632214,10.194442,0.1452,0.1311,0.1565,0.0397,0.0425,0.0313,0.0534,0.0559,0.0438,0.3079,0.3952,0.5362,0.9278317321194687,1.4540367667908367,1.4540367667908367,0
75086,Tiggiano,Lecce,16,39.905819,18.364433,0.0678,0.0669,0.09,0.0165,0.0193,0.0,0.0225,0.0284,0.0123,0.1472,0.1934,0.2697,1.3928336424248202,2.938600154965984,2.938600154965984,0
51010,Castel San Niccolò,Arezzo,9,43.722917,11.656598,0.1641,0.1451,0.1817,0.0533,0.0575,0.0364,0.0651,0.071,0.0495,0.3246,0.4107,0.5463,1.2146735909160005,3.8096535576930637,3.8096535576930637,0
13075,Como,Como,3,45.939476,9.14941,0.0401,0.0166,0.0479,0.0161,0.0194,0.0,0.0198,0.0242,0.0,0.0895,0.1092,0.1349,0.6788026339113887,4.126081883326598,4.126081883326598,0
21041,Lana/Lana,Bolzano/Bozen,4,46.616019,11.144859,0.0449,0.0225,0.0529,0.017,0.0203,0.0,0.0213,0.0255,0.0,0.0961,0.1164,0.144,0.8007030389186613,2.4339680582036505,2.4339680582036505,0
12127,Tradate,Varese,3,45.714293,8.904146,0.0385,0.0145,0.0454,0.0149,0.0186,0.0,0.0186,0.0229,0.0,0.0838,0.1003,0.1244,0.9761194033284151,2.0663563865730996,2.0663563865730996,0
21111,Varna/Vahrn,Bolzano/Bozen,4,46.740386,11.634569,0.0488,0.0266,0.0551,0.0171,0.0201,0.0,0.0218,0.0255,0.0,0.1004,0.1222,0.1533,0.6068538814325848,4.580664688288232,4.580664688288232,0
51026,Montevarchi,Arezzo,9,43.5235,11.567591,0.1245,0.1094,0.1321,0.0446,0.0499,0.0263,0.0534,0.0595,0.036,0.2686,0.3487,0.4664,0.7284163699750644,1.0264167681997534,1.0264167681997534,0
4067,Cherasco,Cuneo,1,44.652219,7.858015,0.0559,0.0325,0.0656,0.0223,0.0254,0.0,0.028,0.0314,0.0106,0.1264,0.1503,0.183,0.7793639211122407,1.0783224620617138,1.0783224620617138,0
44066,San Benedetto del Tronto,Ascoli Piceno,11,42.952533,13.880714,0.1786,0.165,0.1983,0.0489,0.0526,0.0361,0.0618,0.0674,0.0514,0.3909,0.5195,0.7285,0.8306820803356815,2.938337074795883,2.938337074795883,0
66049,L'Aquila,L'Aquila,13,42.136885,13.610341,0.2607,0.2376,0.2846,0.0789,0.0871,0.0681,0.1039,0.1115,0.0921,0.5332,0.6909,0.941,0.2919197149811918,1.6467328937160186,1.6467328937160186,0
108004,Arcore,Monza e della Brianza,3,45.626556,9.321465,0.0568,0.0368,0.0641,0.021,0.0244,0.0,0.0274,0.0307,0.0105,0.137,0.1726,0.2302,1.361897092031816,3.3743829182034233,3.3743829182034233,0
73013,Martina Franca,Taranto,16,40.704238,17.339991,0.0636,0.0515,0.0697,0.0227,0.0251,0.0101,0.0299,0.032,0.0155,0.1345,0.1686,0.2143,0.7056838563232474,3.146128362837793,3.146128362837793,0
15077,Cinisello Balsamo,Milano,3,45.556059,9.214317,0.0492,0.0273,0.0565,0.0188,0.0221,0.0,0.0239,0.0277,0.0,0.1127,0.1362,0.1732,1.4833287451576744,0.5853460288181307,0.5853460288181307,0
100005,Prato,Prato,9,43.935718,11.094147,0.1649,0.1454,0.1834,0.0513,0.0554,0.0343,0.0626,0.0685,0.047,0.3207,0.4058,0.5399,0.921240986769743,4.640280875594813,4.640280875594813,0
12133,Varese,Varese,3,45.839713,8.754158,0.0383,0.0154,0.0452,0.0145,0.0181,0.0,0.0181,0.0224,0.0,0.0828,0.0993,0.1241,0.7272522309064328,0.6640005464962216,0.6640005464962216,0
21011,Bressanone/Brixen,Bolzano/Bozen,4,46.716549,11.657851,0.0503,0.0285,0.0565,0.0176,0.0206,0.0,0.0226,0.0261,0.0,0.1035,0.1257,0.1581,0.8143512778575559,1.5953674711599055,1.5953674711599055,0
29022,Fiesso Umbertiano,Rovigo,5,44.961184,11.604642,0.0941,0.0852,0.1011,0.032,0.0352,0.021,0.038,0.0419,0.0309,0.2094,0.2673,0.3599,0.9815547180811308,2.5372815244576024,2.5372815244576024,0
67044,Tortoreto,Teramo,13,42.803984,13.912405,0.1748,0.1641,0.1846,0.052,0.0551,0.0375,0.0658,0.0704,0.0514,0.3655,0.483,0.6592,0.7885910764284334,2.657366913179699,2.657366913179699,0
12075,Gerenzano,Varese,3,45.639516,8.998218,0.0397,0.0162,0.0473,0.0157,0.0191,0.0,0.0194,0.0238,0.0,0.0873,0.1056,0.1303,1.1703951019309986,1.6723501749632388,1.6723501749632388,0
1254,San Secondo di Pinerolo,Torino,1,44.867222,7.298167,0.1335,0.1008,0.1476,0.0395,0.0416,0.026,0.0526,0.0554,0.0367,0.2889,0.3594,0.4636,0.7518095985145309,1.9720298662497822,1.9720298662497822,0
20026,Goito,Mantova,3,45.254507,10.672941,0.1184,0.1057,0.1294,0.0352,0.0376,0.0271,0.0437,0.0477,0.0387,0.2562,0.3353,0.4704,0.6328336881991441,2.345659879834123,2.345659879834123,0
21116,Velturno/Feldthurns,Bolzano/Bozen,4,46.668674,11.598439,0.0516,0.0302,0.0579,0.018,0.0211,0.0,0.0231,0.0266,0.0,0.105,0.1272,0.1601,0.8835217901908677,0.2825510591401804,0.2825510591401804,0
34017,Fornovo di Taro,Parma,8,44.691962,10.100985,0.1568,0.1163,0.174,0.0524,0.0581,0.0366,0.0657,0.0741,0.0486,0.3501,0.4401,0.5628,1.3288105200542735,1.756914821998889,1.756914821998889,0
21021,Chienes/Kiens,Bolzano/Bozen,4,46.809381,11.840872,0.0503,0.0286,0.0562,0.0167,0.0195,0.0,0.0215,0.0249,0.0,0.1002,0.1221,0.1533,0.9540932237290993,3.3890220742473383,3.3890220742473383,0
108028,Lissone,Monza e della Brianza,3,45.61077,9.240841,0.0522,0.0309,0.0591,0.0184,0.0217,0.0,0.0234,0.0273,0.0,0.1109,0.134,0.1708,1.6562918985080166,3.816238886392367,3.816238886392367,0
15189,Rozzano,Milano,3,45.383237,9.154131,0.0499,0.0283,0.0574,0.019,0.0224,0.0,0.0241,0.0279,0.0,0.1113,0.1339,0.1697,1.0974499575210206,2.6649838973477533,2.6649838973477533,0
35020,Correggio,Reggio nell'Emilia,8,44.770561,10.779783,0.1522,0.1427,0.1673,0.0443,0.048,0.0317,0.0557,0.0596,0.0448,0.3583,0.4757,0.6543,0.9428324930683416,4.233088181917725,4.233088181917725,0
108050,Vimercate,Monza e della Brianza,3,45.613963,9.37006,0.0631,0.0447,0.0707,0.021,0.0244,0.0,0.0274,0.0307,0.0105,0.137,0.1726,0.2302,0.8895308711884731,2.333317041191966,2.333317041191966,0
51002,Arezzo,Arezzo,9,43.517202,11.763879,0.1438,0.1274,0.155,0.0509,0.0555,0.0349,0.0612,0.0678,0.0462,0.318,0.402,0.528,1.3307748224361535,0.6182144448598322,0.6182144448598322,0
49009,Livorno,Livorno,9,42.790219,10.340281,0.0332,0.0,0.0414,0.0145,0.0189,0.0,0.0174,0.0228,0.0,0.0754,0.0867,0.1054,1.2908969880100147,1.67686176156483,1.67686176156483,0
37039,Molinella,Bologna,8,44.620853,11.670237,0.163,0.1509,0.1845,0.0477,0.0511,0.0382,0.0589,0.0634,0.0541,0.3783,0.4935,0.6811,0.9538843019577179,0.6164010452962886,0.6164010452962886,0
1292,Venaria Reale,Torino,1,45.134811,7.626866,0.0564,0.0353,0.0666,0.0244,0.0272,0.0083,0.0301,0.0336,0.013,0.1357,0.1632,0.2017,1.2666478437797128,2.1189687494127307,2.1189687494127307,0
69058,Ortona,Chieti,13,42.349643,14.403913,0.0989,0.0767,0.1078,0.0375,0.0408,0.0207,0.0455,0.0501,0.0289,0.1953,0.2378,0.3028,0.596579843477089,4.2265276771927445,4.2265276771927445,0
9068,Villanova d'Albenga,Savona,7,44.046836,8.142846,0.1393,0.1067,0.1588,0.0259,0.0296,0.0139,0.0361,0.0402,0.0256,0.2768,0.3685,0.5121,1.3091507078674653,2.2513952252844946,2.2513952252844946,0
93036,Roveredo in Piano,Pordenone,6,46.011058,12.620291,0.2263,0.2023,0.275,0.06,0.0652,0.0534,0.0802,0.0899,0.0715,0.4822,0.6345,0.8769,1.5591996170539202,2.4302281539989026,2.4302281539989026,0
24012,Bassano del Grappa,Vicenza,5,45.766911,11.734347,0.1817,0.1607,0.2009,0.0477,0.0502,0.0402,0.0631,0.0659,0.0548,0.3729,0.4868,0.6711,1.6449259230451856,3.7833328760249163,3.7833328760249163,0
17064,Corzano,Brescia,3,45.443778,10.007366,0.135,0.1141,0.1461,0.0374,0.0391,0.0259,0.0495,0.0519,0.0374,0.2912,0.3717,0.4979,0.5230196974112551,1.1662556031145956,1.1662556031145956,0
9004,Albisola Superiore,Savona,7,44.339838,8.509353,0.0532,0.0297,0.0592,0.0188,0.0222,0.0,0.0243,0.028,0.0,0.1173,0.1433,0.1826,1.1131312744766968,2.236962736240631,2.236962736240631,0
29033,Occhiobello,Rovigo,5,44.92125,11.5814,0.1091,0.1006,0.1231,0.0337,0.0368,0.024,0.0402,0.0447,0.0344,0.2428,0.3209,0.4413,1.2953482394000808,0.44656528254230604,0.44656528254230604,0
41038,Monte Porzio,Pesaro e Urbino,11,43.689697,13.04569,0.1853,0.1686,0.2112,0.0502,0.0548,0.0399,0.0647,0.0704,0.0582,0.4108,0.5417,0.7428,1.5747555134434887,3.3415607139869787,3.3415607139869787,0
20021,Curtatone,Mantova,3,45.109553,10.715842,0.0835,0.0749,0.0946,0.0328,0.0359,0.022,0.0385,0.0433,0.0301,0.1841,0.2394,0.3207,0.8938640614581714,1.721932120747213,1.721932120747213,0
78102,Rende,Cosenza,18,39.331993,16.184383,0.2603,0.2223,0.2849,0.0689,0.0709,0.0492,0.0915,0.0958,0.0678,0.5344,0.7284,1.0254,1.155681424646779,3.0332306791131725,3.0332306791131725,0
6039,Casale Monferrato,Alessandria,1,45.136266,8.449813,0.0389,0.0157,0.0473,0.0155,0.019,0.0,0.0193,0.0236,0.0,0.0867,0.1042,0.1282,1.5440093029195492,1.463238307426327,1.463238307426327,0
67031,Nereto,Teramo,13,42.818945,13.816055,0.1757,0.1588,0.1924,0.0532,0.0562,0.0387,0.0674,0.0718,0.0529,0.3678,0.4827,0.6549,1.4634242956760672,2.3935924046677886,2.3935924046677886,0
17002,Adro,Brescia,3,45.622402,9.961376,0.1368,0.1125,0.1494,0.0382,0.0398,0.0273,0.0514,0.0534,0.0391,0.3016,0.3808,0.5032,1.1647805836146616,3.533132972723824,3.533132972723824,0
17188,Travagliato,Brescia,3,45.523906,10.079783,0.1455,0.1247,0.155,0.0395,0.042,0.0297,0.0534,0.0554,0.0422,0.3074,0.3923,0.5214,1.3715515118370136,1.9271299820169034,1.9271299820169034,0
21036,Glorenza/Glurns,Bolzano/Bozen,4,46.671492,10.553913,0.1105,0.0913,0.1255,0.0265,0.0295,0.0126,0.0358,0.0387,0.0216,0.2258,0.2993,0.409,1.098387354848685,4.050183623202952,4.050183623202952,0
4166,Piasco,Cuneo,1,44.568001,7.457775,0.1282,0.0958,0.1421,0.038,0.0397,0.024,0.0503,0.0533,0.0345,0.2783,0.3484,0.451,0.9545456387416399,1.6589026743485247,1.6589026743485247,0
26018,Cison di Valmarino,Treviso,5,45.969987,12.143137,0.2527,0.2282,0.3082,0.0628,0.0697,0.0559,0.0866,0.096,0.0754,0.519,0.6826,0.9515,0.5096406376407245,2.1521450946428535,2.1521450946428535,0
25006,Belluno,Belluno,5,46.280541,12.078914,0.1429,0.1261,0.1734,0.0392,0.0423,0.0355,0.0531,0.0547,0.0455,0.3013,0.4045,0.5727,0.7036980634469552,3.681826290751116,3.681826290751116,0
18157,Torre d'Arese,Pavia,3,45.242767,9.317354,0.0709,0.0501,0.0775,0.023,0.0265,0.0,0.0293,0.0327,0.0118,0.1484,0.19,0.2596,1.0589452430303818,2.7052125238922655,2.7052125238922655,0
24048,Isola Vicentina,Vicenza,5,45.628668,11.443148,0.1638,0.1428,0.1794,0.0433,0.0465,0.0379,0.0577,0.0611,0.05,0.3448,0.4494,0.62,1.0843855303955128,2.8956986010806163,2.8956986010806163,0
69046,Lanciano,Chieti,13,42.230532,14.390779,0.1145,0.0892,0.1241,0.043,0.0474,0.0266,0.0533,0.0578,0.0358,0.2513,0.3172,0.4238,0.7433564604196268,2.539089544041719,2.539089544041719,0
58079,Pomezia,Roma,12,41.667529,12.504786,0.1475,0.0818,0.1782,0.0417,0.0482,0.0176,0.057,0.0623,0.0261,0.3311,0.4147,0.5292,0.13647654940136847,2.5258339645720693,2.5258339645720693,0
88009,Ragusa,Ragusa,19,36.921983,14.721345,0.2126,0.1678,0.2508,0.0359,0.0382,0.0317,0.0518,0.0593,0.0463,0.4174,0.5981,0.8678,0.7436718748516626,1.7966734659746468,1.7966734659746468,0
26082,Spresiano,Treviso,5,45.780391,12.259346,0.1926,0.1714,0.236,0.0498,0.0514,0.0422,0.0648,0.0692,0.0568,0.3982,0.5305,0.7448,0.8655743634217251,1.5413048858173524,1.5413048858173524,0
16079,Cologno al Serio,Bergamo,3,45.579772,9.707725,0.1254,0.1006,0.1357,0.0327,0.0345,0.0184,0.0429,0.0453,0.03,0.2686,0.3525,0.4678,1.2302719004266942,0.45276471590308504,0.45276471590308504,0
2017,Borgo Vercelli,Vercelli,1,45.357862,8.463033,0.0366,0.0118,0.0438,0.0144,0.0181,0.0,0.018,0.0222,0.0,0.0782,0.0907,0.1117,1.2857239912216614,3.4952163705031163,3.4952163705031163,0
12138,Vergiate,Varese,3,45.724847,8.694023,0.0376,0.0139,0.0441,0.0143,0.0179,0.0,0.0179,0.0221,0.0,0.0811,0.0964,0.1208,1.011763088267407,1.7192614059338853,1.7192614059338853,0
54018,Foligno,Perugia,10,42.956183,12.703334,0.2319,0.2105,0.2536,0.0712,0.0748,0.0585,0.0927,0.0961,0.0789,0.4978,0.6312,0.8286,0.20381123367282078,4.521559474928055,4.521559474928055,0
63035,Gragnano,Napoli,15,40.69,14.521065,0.1075,0.0667,0.112,0.0375,0.0393,0.014,0.0475,0.0498,0.0229,0.2137,0.2597,0.3267,1.6425084929532194,2.873085363732092,2.873085363732092,0
80088,Siderno,Reggio di Calabria,18,38.276163,16.29816,0.1889,0.1509,0.1961,0.0509,0.0521,0.0343,0.0662,0.0686,0.048,0.3693,0.4815,0.6631,1.4036969502047107,2.806318622814024,2.806318622814024,0
6114,Novi Ligure,Alessandria,1,44.76085,8.789551,0.0881,0.0699,0.098,0.0224,0.0259,0.0,0.0304,0.0332,0.0131,0.1892,0.2605,0.3607,1.5811778571972481,2.648371586818299,2.648371586818299,0
45010,Massa,Massa-Carrara,9,44.035932,10.139552,0.14,0.1266,0.1532,0.0465,0.05,0.0307,0.0578,0.0622,0.0416,0.3047,0.3881,0.5157,0.8435274597630619,1.398096452048025,1.398096452048025,0
41019,Gabicce Mare,Pesaro e Urbino,11,43.966874,12.75631,0.1836,0.1656,0.2202,0.048,0.0532,0.0383,0.0625,0.0701,0.0584,0.4003,0.53,0.7392,1.1356122860189126,3.8108476182000612,3.8108476182000612,0
26049,Motta di Livenza,Treviso,5,45.77663,12.610548,0.1217,0.108,0.1374,0.0363,0.0403,0.0341,0.0489,0.0514,0.0424,0.2551,0.3389,0.4777,0.8293542017189872,2.329532665077879,2.329532665077879,0
6003,Alessandria,Alessandria,1,44.834953,8.74503,0.0793,0.0609,0.0892,0.0214,0.025,0.0,0.0291,0.0321,0.0118,0.1755,0.2377,0.3375,0.34659172279798395,2.5978365357540274,2.5978365357540274,0
38007,Copparo,Ferrara,8,44.894183,11.827889,0.092,0.0826,0.0975,0.0334,0.0364,0.0229,0.0398,0.0441,0.0328,0.234,0.3045,0.4125,0.2910333610184587,4.084577022466395,4.084577022466395,0
99013,Riccione,Rimini,8,43.998274,12.647437,0.1839,0.1656,0.217,0.0494,0.0543,0.0389,0.0641,0.0697,0.0579,0.4056,0.5353,0.738,1.3298535491789067,2.0682118952978694,2.0682118952978694,0
26059,Ponzano Veneto,Treviso,5,45.723851,12.194218,0.1728,0.1534,0.2121,0.0463,0.0482,0.0396,0.0606,0.0644,0.0527,0.3738,0.4996,0.7052,1.5659987243134212,1.04113737279507,1.04113737279507,0
58111,Velletri,Roma,12,41.686702,12.777043,0.1642,0.0918,0.1975,0.0536,0.0584,0.0265,0.072,0.076,0.0353,0.3733,0.4562,0.5722,0.43483611160022023,2.6183998699061513,2.6183998699061513,0
98050,Sant'Angelo Lodigiano,Lodi,3,45.238067,9.408656,0.0726,0.0517,0.0794,0.025,0.0283,0.0083,0.0316,0.0347,0.014,0.1665,0.2165,0.3085,1.5531849946702387,4.420104145937608,4.420104145937608,0
65108,Roccapiemonte,Salerno,15,40.762465,14.692375,0.1255,0.0888,0.1308,0.0429,0.0453,0.0206,0.0552,0.0575,0.0317,0.2689,0.3346,0.4307,0.3547572964618027,2.385854976383352,2.385854976383352,0
52022,Poggibonsi,Siena,9,43.465028,11.148337,0.14,0.1048,0.1564,0.046,0.0505,0.0213,0.0575,0.0627,0.032,0.3008,0.3741,0.4793,0.8388562382593706,0.40472977540312705,0.40472977540312705,0
24015,Brendola,Vicenza,5,45.472122,11.44697,0.1425,0.126,0.1549,0.0371,0.0402,0.034,0.0507,0.0536,0.0441,0.3037,0.3999,0.5539,0.7062759139387194,2.4954631588145912,2.4954631588145912,0
21060,Ora/Auer,Bolzano/Bozen,4,46.346595,11.298634,0.0553,0.0373,0.064,0.0217,0.0252,0.008,0.0272,0.0306,0.0127,0.118,0.1416,0.1769,1.158167742875867,3.274471661593822,3.274471661593822,0
87032,Palagonia,Catania,19,37.327355,14.745332,0.2183,0.1725,0.2631,0.0426,0.0471,0.0353,0.0569,0.0659,0.0522,0.4298,0.5996,0.8622,1.2045423230321552,0.1748131298655003,0.1748131298655003,0
19067,Pandino,Cremona,3,45.407073,9.553456,0.0792,0.0621,0.0877,0.0277,0.0304,0.0125,0.035,0.0376,0.019,0.1864,0.2396,0.3295,0.1985327519745841,2.9829058955699974,2.9829058955699974,0
26050,Nervesa della Battaglia,Treviso,5,45.825368,12.209202,0.2209,0.1976,0.2693,0.0557,0.0591,0.0486,0.075,0.0824,0.0665,0.4632,0.6131,0.8535,0.36133292249378296,1.022706891103427,1.022706891103427,0
13227,Turate,Como,3,45.654802,9.002287,0.0397,0.0162,0.0473,0.0157,0.0191,0.0,0.0194,0.0238,0.0,0.0873,0.1056,0.1303,1.227730777936699,1.540387952811363,1.540387952811363,0
15058,Casorezzo,Milano,3,45.52437,8.90154,0.0389,0.0152,0.0466,0.0156,0.019,0.0,0.0194,0.0236,0.0,0.0864,0.1038,0.1279,1.541219269146345,3.80141826955805,3.80141826955805,0
46028,Seravezza,Lucca,9,43.994721,10.225772,0.1415,0.1278,0.1545,0.0455,0.049,0.0295,0.0565,0.0607,0.0397,0.2955,0.3792,0.5037,0.9282514503951322,0.5996855515013144,0.5996855515013144,0
18177,Vigevano,Pavia,3,45.317094,8.858603,0.0425,0.0198,0.0502,0.0171,0.0202,0.0,0.0215,0.0255,0.0,0.0986,0.1201,0.1509,1.4509333029815035,2.84498650148527,2.84498650148527,0
60019,Cassino,Frosinone,12,41.492558,13.83053,0.2134,0.1925,0.2282,0.0594,0.0667,0.0464,0.0763,0.0854,0.0647,0.4265,0.5407,0.752,0.809450763303507,1.1545781973428364,1.1545781973428364,0
27012,Dolo,Venezia,5,45.424996,12.076313,0.0761,0.0692,0.0847,0.0293,0.0327,0.0196,0.0355,0.039,0.0278,0.1727,0.2209,0.295,0.5947883436834148,1.0721403963231024,1.0721403963231024,0
37054,San Lazzaro di Savena,Bologna,8,44.471567,11.404859,0.1736,0.1485,0.1823,0.0556,0.0599,0.0431,0.0696,0.076,0.0568,0.3613,0.4537,0.5811,1.5831800700944874,1.828577201199109,1.828577201199109,0
37008,Budrio,Bologna,8,44.537863,11.535498,0.175,0.1615,0.1829,0.0542,0.0574,0.0428,0.0682,0.0726,0.0585,0.3839,0.4953,0.6627,1.1128045934946171,2.307303978306589,2.307303978306589,0
31007,Gorizia,Gorizia,6,45.944128,13.625229,0.205,0.1845,0.2547,0.0534,0.0568,0.0459,0.0707,0.0787,0.0628,0.4252,0.5554,0.7691,1.371731750782162,1.3501818504440612,1.3501818504440612,0
108033,Monza,Monza e della Brianza,3,45.583442,9.273526,0.055,0.0343,0.0621,0.0199,0.0234,0.0,0.0257,0.0293,0.0086,0.124,0.153,0.1972,1.4233229105897018,2.574151798906591,2.574151798906591,0
17165,Roncadelle,Brescia,3,45.527608,10.149701,0.1464,0.133,0.1575,0.0401,0.043,0.0311,0.054,0.0563,0.0439,0.3117,0.3995,0.5425,0.27014465029501405,1.6918393860064616,1.6918393860064616,0
23057,Pastrengo,Verona,5,45.492457,10.799713,0.1643,0.1425,0.1819,0.0434,0.0474,0.0387,0.0579,0.0627,0.051,0.3515,0.4577,0.6299,1.484067280081749,2.347701107135892,2.347701107135892,0
16046,Calusco d'Adda,Bergamo,3,45.691379,9.472649,0.0776,0.0603,0.0846,0.0244,0.0274,0.0088,0.0318,0.0345,0.0154,0.178,0.2331,0.3251,0.9421831896535227,3.0519649271067677,3.0519649271067677,0
23015,Bussolengo,Verona,5,45.474131,10.846248,0.1635,0.1419,0.181,0.0423,0.0463,0.0379,0.0567,0.0611,0.0497,0.3455,0.4508,0.6209,1.1759706176065727,2.271467251362435,2.271467251362435,0
64054,Monteforte Irpino,Avellino,15,40.891922,14.713905,0.1881,0.1461,0.1982,0.0504,0.0524,0.0305,0.066,0.0691,0.0435,0.352,0.4565,0.6086,1.5892219933942782,3.941233795871741,3.941233795871741,0
23082,Sommacampagna,Verona,5,45.407784,10.840853,0.1556,0.136,0.1716,0.0405,0.0446,0.0368,0.0546,0.0583,0.0478,0.3337,0.4363,0.603,0.7217165441717247,1.9290662842601194,1.9290662842601194,0
18050,Cilavegna,Pavia,3,45.309752,8.743348,0.0398,0.0168,0.0476,0.016,0.0192,0.0,0.0199,0.0239,0.0,0.0891,0.1087,0.1337,1.4528561148837205,2.4552423044321454,2.4552423044321454,0
12070,Gallarate,Varese,3,45.659895,8.793201,0.0377,0.0137,0.0443,0.0144,0.0181,0.0,0.018,0.0222,0.0,0.0807,0.0956,0.1194,0.30420776323169396,2.7412066313156798,2.7412066313156798,0
48021,Greve in Chianti,Firenze,9,43.58246,11.316873,0.1209,0.1052,0.1279,0.0425,0.0478,0.0215,0.0513,0.0573,0.0312,0.2615,0.3422,0.461,0.7997621834856596,4.262194261914091,4.262194261914091,0
23096,Villafranca di Verona,Verona,5,45.350928,10.845996,0.1432,0.126,0.1563,0.0383,0.0412,0.0344,0.0517,0.0545,0.0452,0.3138,0.4124,0.5714,1.0738405198325152,1.6970309562091788,1.6970309562091788,0
63062,Qualiano,Napoli,15,40.918836,14.153611,0.1479,0.1006,0.1609,0.0415,0.0445,0.0188,0.0546,0.0582,0.0303,0.2892,0.3679,0.4968,1.654039209899502,1.596752664105312,1.596752664105312,0
42002,Ancona,Ancona,11,43.48012,13.218791,0.1795,0.1734,0.1959,0.0531,0.0564,0.0407,0.0673,0.0722,0.0567,0.3907,0.5128,0.6955,0.6498731649095831,0.6983170324247583,0.6983170324247583,0
23004,Arcole,Verona,5,45.358211,11.286092,0.1265,0.1128,0.1382,0.0356,0.0385,0.0307,0.0466,0.0501,0.041,0.2787,0.3697,0.5147,1.6641151737576405,0.723781931992518,0.723781931992518,0
60006,Anagni,Frosinone,12,41.74472,13.152694,0.151,0.1338,0.1674,0.0518,0.0556,0.0346,0.0634,0.0688,0.0458,0.3289,0.4168,0.5451,0.8142023944267327,1.1848843278252101,1.1848843278252101,0
1314,Volpiano,Torino,1,45.201451,7.778222,0.0467,0.0225,0.0559,0.0203,0.0237,0.0,0.0252,0.0291,0.0,0.1101,0.1296,0.1586,1.077410175743623,3.676280404087854,3.676280404087854,0
109037,Sant'Elpidio a Mare,Fermo,11,43.23474,13.687852,0.1831,0.166,0.2099,0.0494,0.0536,0.0385,0.0629,0.069,0.0558,0.4046,0.5349,0.7357,0.932281599245224,0.8959282572684186,0.8959282572684186,0
83097,Taormina,Messina,19,37.851792,15.285652,0.2171,0.1752,0.2451,0.0682,0.0734,0.0417,0.0856,0.092,0.0576,0.4419,0.5616,0.7735,1.1078950286272844,3.613100067949685,3.613100067949685,0
1287,Valperga,Torino,1,45.370616,7.656916,0.0497,0.026,0.0589,0.0213,0.0247,0.0,0.0263,0.0303,0.009,0.1154,0.1361,0.1672,1.3340916513731842,2.5982100209907104,2.5982100209907104,0
9015,Cairo Montenotte,Savona,7,44.399268,8.274561,0.0549,0.0302,0.0611,0.0189,0.0222,0.0,0.0245,0.028,0.0,0.1174,0.144,0.1831,1.0220348855025507,4.434394641392405,4.434394641392405,0
64075,Pratola Serra,Avellino,15,40.987017,14.852642,0.2246,0.191,0.2386,0.059,0.0597,0.0406,0.0787,0.0797,0.0575,0.4412,0.5968,0.8478,1.0213393302858607,3.346050799190729,3.346050799190729,0
71024,Foggia,Foggia,16,41.502811,15.4529,0.1437,0.109,0.1821,0.0491,0.0521,0.0351,0.0623,0.0675,0.0461,0.3275,0.4162,0.5586,1.2619236427507246,3.3862009216651776,3.3862009216651776,0
40018,Longiano,Forlì-Cesena,8,44.074378,12.327473,0.1902,0.1781,0.2015,0.0576,0.0617,0.0454,0.0733,0.0786,0.0621,0.403,0.5202,0.6988,0.4287108371491937,2.3146996845360124,2.3146996845360124,0
72030,Monopoli,Bari,16,40.952237,17.299948,0.0577,0.0366,0.063,0.0193,0.0217,0.0,0.0254,0.0282,0.0108,0.1081,0.1288,0.1585,1.1653660781480386,4.025276821844651,4.025276821844651,0
81021,Trapani,Trapani,19,38.017432,12.515992,0.0501,0.0272,0.0532,0.0152,0.0163,0.0,0.0202,0.0218,0.0,0.1094,0.135,0.1746,1.1723655005181732,3.180976914131275,3.180976914131275,0
35001,Albinea,Reggio nell'Emilia,8,44.620182,10.601926,0.1605,0.1256,0.172,0.0516,0.0572,0.0376,0.0643,0.0728,0.0502,0.3516,0.435,0.5581,1.2225764295728183,2.5213215738528976,2.5213215738528976,0
64005,Ariano Irpino,Avellino,15,41.152667,15.088563,0.2538,0.2297,0.2761,0.0583,0.0598,0.0453,0.0771,0.0814,0.0627,0.51,0.7002,1.0113,1.5064810937207285,2.4108259080766508,2.4108259080766508,0
26070,Salgareda,Treviso,5,45.704123,12.492587,0.1158,0.1037,0.1309,0.0337,0.0375,0.0303,0.0419,0.0469,0.0385,0.2299,0.2959,0.4194,0.5677003274848176,2.620443711932559,2.620443711932559,0
26058,Ponte di Piave,Treviso,5,45.716153,12.465227,0.1201,0.1066,0.1368,0.0361,0.0401,0.034,0.0489,0.0512,0.0424,0.2613,0.3506,0.4965,0.9554430168461271,3.061132282717878,3.061132282717878,0
97042,Lecco,Lecco,3,45.900548,9.412025,0.0505,0.0293,0.0577,0.0188,0.0223,0.0,0.0238,0.0278,0.0,0.1133,0.1372,0.1741,0.7760938602633959,2.215926113908763,2.215926113908763,0
28085,Saonara,Padova,5,45.370221,11.984066,0.071,0.0638,0.0786,0.0288,0.032,0.0179,0.0348,0.0381,0.0252,0.1571,0.1953,0.2688,1.0953525808060756,1.5593623468700075,1.5593623468700075,0
15166,Paderno Dugnano,Milano,3,45.571903,9.168131,0.0472,0.0251,0.0547,0.0178,0.0211,0.0,0.0224,0.0264,0.0,0.1035,0.1252,0.1574,0.4381339399055567,3.663082614756037,3.663082614756037,0
4013,Barolo,Cuneo,1,44.610841,7.942845,0.053,0.0282,0.0613,0.0211,0.0243,0.0,0.0266,0.0301,0.0089,0.1202,0.1435,0.1755,0.8944553756633641,0.5644341818773438,0.5644341818773438,0
15171,Peschiera Borromeo,Milano,3,45.431795,9.31182,0.0576,0.0365,0.0657,0.0211,0.0246,0.0,0.0269,0.0305,0.0099,0.1267,0.1553,0.1979,1.5772925457517433,3.12617683847593,3.12617683847593,0
16075,Ciserano,Bergamo,3,45.585281,9.60085,0.1085,0.0865,0.1165,0.0279,0.0304,0.0127,0.0361,0.0383,0.0205,0.2171,0.2889,0.399,0.44908840449532267,4.163571974021145,4.163571974021145,0
41013,Fano,Pesaro e Urbino,11,43.842417,13.014663,0.1814,0.1635,0.2205,0.0471,0.0523,0.0383,0.0613,0.069,0.0584,0.3965,0.5259,0.7349,1.4857899124300489,1.4422512742767954,1.4422512742767954,0
79160,Lamezia Terme,Catanzaro,18,38.964507,16.302145,0.2737,0.237,0.299,0.0715,0.0728,0.0513,0.0947,0.0983,0.0702,0.5478,0.7473,1.0443,1.4373566410819347,2.282180206143064,2.282180206143064,0
48019,Fucecchio,Firenze,9,43.729202,10.808205,0.1196,0.1014,0.1285,0.0431,0.0477,0.0215,0.0528,0.058,0.0312,0.2598,0.337,0.4432,0.5681185307988599,3.2956240953064637,3.2956240953064637,0
15175,Pioltello,Milano,3,45.501022,9.326335,0.0577,0.0371,0.0655,0.0219,0.0252,0.0,0.0282,0.0315,0.0114,0.1388,0.1736,0.2289,0.7603580487330936,3.6134820241989143,3.6134820241989143,0
54002,Bastia Umbra,Perugia,10,43.067755,12.549582,0.2208,0.2009,0.248,0.069,0.0727,0.0571,0.0902,0.0935,0.0769,0.4904,0.622,0.8171,1.4800108040808113,2.4705942305682904,2.4705942305682904,0
21035,Gargazzone/Gargazon,Bolzano/Bozen,4,46.584781,11.20273,0.0462,0.0237,0.0542,0.0176,0.0211,0.0,0.0221,0.0263,0.0,0.0983,0.1186,0.1467,1.2093813253513677,4.516499290694444,4.516499290694444,0
98019,Codogno,Lodi,3,45.160066,9.70437,0.0781,0.0577,0.0875,0.0298,0.0328,0.0139,0.0362,0.0394,0.0196,0.1736,0.2163,0.2841,1.5046892443796405,3.7556980119991628,3.7556980119991628,0
51005,Bucine,Arezzo,9,43.479199,11.616975,0.1279,0.1123,0.1379,0.0459,0.051,0.0288,0.0549,0.0611,0.038,0.2824,0.3629,0.4821,0.7766469070498674,1.7687007917659476,1.7687007917659476,0
28096,Veggiano,Padova,5,45.448322,11.710822,0.1098,0.0985,0.119,0.0339,0.0373,0.0288,0.0416,0.0476,0.0385,0.2423,0.3167,0.4447,1.681688835107405,2.605434476305163,2.605434476305163,0
108048,Verano Brianza,Monza e della Brianza,3,45.688186,9.230477,0.0482,0.0263,0.0554,0.0177,0.021,0.0,0.0224,0.0264,0.0,0.1057,0.1282,0.1624,1.5811622765971496,4.1729826923986035,4.1729826923986035,0
15140,Melegnano,Milano,3,45.358789,9.323976,0.0591,0.0381,0.0675,0.0217,0.0251,0.0,0.0275,0.031,0.0104,0.1299,0.1606,0.2068,0.6150558142591975,3.1888097283304857,3.1888097283304857,0
12034,Caronno Pertusella,Varese,3,45.594935,9.050761,0.0419,0.0186,0.0497,0.0166,0.0198,0.0,0.0207,0.0249,0.0,0.094,0.1142,0.1417,0.6672103847698416,1.786140920490133,1.786140920490133,0
15105,Garbagnate Milanese,Milano,3,45.577145,9.080025,0.0432,0.02,0.051,0.0169,0.0201,0.0,0.0212,0.0253,0.0,0.096,0.1164,0.1445,0.8292977641753669,2.903985810093941,2.903985810093941,0
26019,Codognè,Treviso,5,45.866795,12.433908,0.197,0.1746,0.2399,0.0544,0.0575,0.0469,0.0718,0.078,0.0636,0.4358,0.5767,0.8032,0.2520823887128974,2.6378299655616435,2.6378299655616435,0
6001,Acqui Terme,Alessandria,1,44.675145,8.467546,0.0565,0.0357,0.0624,0.0184,0.0221,0.0,0.0241,0.0282,0.0,0.1295,0.1694,0.236,0.8549328239525932,3.5170544829818784,3.5170544829818784,0
99006,Mondaino,Rimini,8,43.855706,12.671392,0.1857,0.1727,0.199,0.0531,0.0567,0.0401,0.0673,0.0723,0.0564,0.3895,0.5083,0.6883,0.8026295516388874,3.009279403636041,3.009279403636041,0
48014,Empoli,Firenze,9,43.719488,10.945856,0.1202,0.1027,0.1309,0.0437,0.0484,0.0223,0.0533,0.0586,0.0318,0.2615,0.3387,0.4506,0.604040825179179,2.1591410941048736,2.1591410941048736,0
10049,Ronco Scrivia,Genova,7,44.613299,8.952368,0.093,0.0741,0.104,0.0257,0.0286,0.0093,0.0333,0.0359,0.0162,0.195,0.2617,0.3618,0.9587413592288515,3.3174111308104157,3.3174111308104157,0
65137,Scafati,Salerno,15,40.749989,14.526949,0.1272,0.0842,0.1348,0.0397,0.0421,0.017,0.0514,0.0542,0.0272,0.2465,0.3045,0.391,1.2763978675602754,3.0428713103846863,3.0428713103846863,0
6174,Tortona,Alessandria,1,44.89666,8.864128,0.0817,0.0631,0.0919,0.0221,0.0256,0.0,0.0297,0.0327,0.0125,0.1757,0.2355,0.335,1.5323633043544094,3.3752209020259345,3.3752209020259345,0
26086,Treviso,Treviso,5,45.806691,12.206316,0.2128,0.1899,0.2592,0.0557,0.0591,0.0486,0.075,0.0824,0.0665,0.4632,0.6131,0.8535,0.10127899473146379,2.4618400684110915,2.4618400684110915,0
26028,Fontanelle,Treviso,5,45.831333,12.467546,0.1716,0.1508,0.2086,0.047,0.0488,0.04,0.0605,0.065,0.0526,0.3583,0.4775,0.6707,0.42514046587172954,2.144513290108049,2.144513290108049,0
100003,Montemurlo,Prato,9,43.926966,11.03744,0.1542,0.1365,0.167,0.0513,0.0554,0.0343,0.0626,0.0685,0.047,0.3207,0.4058,0.5399,1.4426142413691014,3.290170191252694,3.290170191252694,0
14038,Lovero,Sondrio,3,46.2314,10.228556,0.0748,0.0586,0.0855,0.0263,0.0304,0.0122,0.0332,0.0377,0.0186,0.1701,0.2116,0.2756,0.38488293954459235,1.9994470764965624,1.9994470764965624,0
27026,Noale,Venezia,5,45.550123,12.072088,0.1078,0.098,0.1217,0.0326,0.0363,0.0273,0.0396,0.0452,0.0369,0.224,0.2897,0.4152,0.8834535938848519,2.7620461073370777,2.7620461073370777,0
26056,Pederobba,Treviso,5,45.86952,11.969551,0.2296,0.2065,0.2755,0.0576,0.063,0.051,0.0785,0.0877,0.0695,0.4811,0.634,0.8851,0.8832019710219527,1.7758921188817536,1.7758921188817536,0
48005,Calenzano,Firenze,9,43.865249,11.167368,0.1353,0.1236,0.1504,0.0501,0.0544,0.0328,0.0603,0.0666,0.043,0.2978,0.3816,0.5037,0.9690674545384627,3.8664957260172765,3.8664957260172765,0
37060,Zola Predosa,Bologna,8,44.489665,11.218309,0.1651,0.1403,0.1721,0.0525,0.0566,0.04,0.0649,0.0711,0.0541,0.3499,0.4525,0.6015,0.6532265377979384,4.200715189979479,4.200715189979479,0
108042,Sulbiate,Monza e della Brianza,3,45.633999,9.420684,0.0711,0.0538,0.0778,0.0229,0.0261,0.0,0.0298,0.0328,0.0132,0.159,0.2047,0.2788,1.1668346438047164,1.9482452099378824,1.9482452099378824,0
15097,Cusago,Milano,3,45.446245,9.033528,0.0437,0.0207,0.0516,0.017,0.0201,0.0,0.0212,0.0253,0.0,0.0952,0.1155,0.1428,0.48340328998288334,3.329720968612533,3.329720968612533,0
2152,Valduggia,Vercelli,1,45.728369,8.329923,0.0417,0.0197,0.05,0.0161,0.019,0.0,0.02,0.024,0.0,0.092,0.1117,0.1377,0.7986485805358648,1.0457795045964213,1.0457795045964213,0
65087,Padula,Salerno,15,40.341642,15.658254,0.2387,0.1939,0.2499,0.0539,0.0569,0.0393,0.0731,0.0762,0.0561,0.4567,0.6321,0.9228,0.6225394214164556,2.5371483336426697,2.5371483336426697,0
16212,Telgate,Bergamo,3,45.628881,9.851659,0.1337,0.1083,0.1456,0.036,0.0374,0.0233,0.0482,0.0506,0.0357,0.2913,0.3744,0.4926,1.0496185765587454,0.4187828513342437,0.4187828513342437,0
46017,Lucca,Lucca,9,44.017764,10.45443,0.1847,0.1617,0.2123,0.0525,0.0562,0.0377,0.0666,0.0715,0.0557,0.3782,0.485,0.6442,0.7892124493243761,3.5027063911831298,3.5027063911831298,0
63006,Bacoli,Napoli,15,40.796613,14.077783,0.1665,0.1141,0.1855,0.0399,0.0433,0.02,0.0554,0.0613,0.0333,0.3396,0.4314,0.6119,1.370017089753816,1.6500217431972684,1.6500217431972684,0
55012,Ferentillo,Terni,10,42.620768,12.788726,0.2115,0.1903,0.2262,0.069,0.0731,0.0563,0.0868,0.0928,0.0759,0.47,0.6044,0.8151,0.7483693471114449,2.774733344314679,2.774733344314679,0
80063,Reggio di Calabria,Reggio di Calabria,18,38.103539,15.639756,0.2698,0.2336,0.2946,0.0667,0.0683,0.0477,0.0896,0.0929,0.0661,0.5412,0.7428,1.0409,1.101627450190049,1.3123134064779687,1.3123134064779687,0
65079,Nocera Superiore,Salerno,15,40.74156,14.671504,0.1191,0.0821,0.1245,0.0398,0.042,0.0173,0.0509,0.0533,0.027,0.2335,0.2858,0.3616,0.345996027022387,1.574219160363431,1.574219160363431,0
44007,Ascoli Piceno,Ascoli Piceno,11,42.88342,13.539593,0.1807,0.1385,0.1994,0.0576,0.0613,0.0406,0.0725,0.0771,0.055,0.3597,0.4637,0.6118,1.319571939838171,2.10006780311112,2.10006780311112,0
40013,Forlimpopoli,Forlì-Cesena,8,44.187305,12.125906,0.2028,0.1751,0.2177,0.0657,0.0699,0.0521,0.0839,0.0895,0.0682,0.4324,0.5334,0.6866,1.0849837993167053,3.5007994254521053,3.5007994254521053,0
16245,Zanica,Bergamo,3,45.63946,9.684126,0.1208,0.0968,0.1305,0.0322,0.0341,0.0178,0.0423,0.0446,0.0293,0.2667,0.3507,0.4658,0.8089975723624545,2.8297742728712207,2.8297742728712207,0
71036,Orta Nova,Foggia,16,41.32993,15.710656,0.1467,0.1196,0.1782,0.0441,0.0491,0.0344,0.0555,0.0635,0.046,0.3365,0.4401,0.6028,1.3920165892099206,3.18104031217574,3.18104031217574,0
15087,Cornaredo,Milano,3,45.501685,9.025746,0.0422,0.019,0.0502,0.0166,0.0198,0.0,0.0206,0.0248,0.0,0.0922,0.1119,0.1377,1.118437203232902,2.8327235819951824,2.8327235819951824,0
17081,Gussago,Brescia,3,45.592664,10.15345,0.146,0.1278,0.1564,0.0399,0.0428,0.031,0.0539,0.0561,0.0435,0.3086,0.3956,0.5272,1.1583069119290987,1.97806648998585,1.97806648998585,0
16052,Caprino Bergamasco,Bergamo,3,45.74528,9.481748,0.071,0.0537,0.0778,0.0227,0.0258,0.0,0.0295,0.0325,0.0127,0.1548,0.1982,0.2686,0.7567132391953191,2.6072605663827355,2.6072605663827355,0
28093,Trebaseleghe,Padova,5,45.591812,12.050999,0.125,0.113,0.1464,0.0347,0.0385,0.0317,0.0456,0.0495,0.04,0.2593,0.35,0.5005,1.6439320031625597,2.179490226877534,2.179490226877534,0
71020,Cerignola,Foggia,16,41.264812,15.899665,0.1704,0.1375,0.2096,0.0431,0.0487,0.0349,0.0564,0.0669,0.0477,0.3801,0.505,0.7015,0.9392807249685095,1.7427748418868667,1.7427748418868667,0
35036,Rubiera,Reggio nell'Emilia,8,44.653201,10.781081,0.1622,0.1514,0.1656,0.0491,0.0533,0.0364,0.0609,0.0675,0.0499,0.3449,0.4522,0.6024,1.1390193749557347,3.4042947586001056,3.4042947586001056,0
60038,Frosinone,Frosinone,12,41.628259,13.576332,0.2203,0.195,0.2346,0.0624,0.0681,0.0514,0.0793,0.0864,0.0708,0.4321,0.5557,0.7472,0.7629449613094972,2.2544328543938783,2.2544328543938783,0
62019,Castelvenere,Benevento,15,41.23482,14.546532,0.2372,0.1951,0.2463,0.0585,0.0611,0.0408,0.0772,0.08,0.0583,0.4624,0.6369,0.9245,1.1301859914596992,0.9740711442094284,0.9740711442094284,0
19061,Motta Baluffi,Cremona,3,45.055097,10.259247,0.0808,0.0641,0.0921,0.034,0.0371,0.0187,0.0405,0.0451,0.0259,0.184,0.2233,0.2844,1.097382701733653,2.884771012909645,2.884771012909645,0
26038,Mareno di Piave,Treviso,5,45.840856,12.351255,0.2049,0.1822,0.25,0.0522,0.0546,0.0447,0.0684,0.0739,0.0604,0.4183,0.5556,0.7763,0.7514138013620189,1.5245466481996897,1.5245466481996897,0
26092,Vittorio Veneto,Treviso,5,45.989665,12.296436,0.2538,0.2289,0.3091,0.064,0.0711,0.0569,0.0877,0.0977,0.0765,0.5239,0.6882,0.9556,0.8483805291163882,3.2952967402703175,3.2952967402703175,0
5005,Asti,Asti,1,44.826013,8.202686,0.0427,0.0187,0.0505,0.0172,0.0208,0.0,0.0212,0.0258,0.0,0.0961,0.1164,0.1437,0.6049252635573402,0.9177668351122238,0.9177668351122238,0
82064,San Giuseppe Jato,Palermo,19,37.970486,13.182489,0.1789,0.1573,0.1933,0.0422,0.044,0.0289,0.0592,0.0619,0.0451,0.3665,0.4848,0.6617,1.3249919618526522,1.7957276116009886,1.7957276116009886,0
17195,Verolanuova,Brescia,3,45.328581,10.076086,0.1173,0.1076,0.1255,0.0355,0.0376,0.023,0.0453,0.0484,0.0337,0.2603,0.3436,0.4785,0.7517847416096723,0.9617053090460783,0.9617053090460783,0
110009,Trani,Barletta-Andria-Trani,16,41.275088,16.416258,0.1464,0.1186,0.179,0.035,0.038,0.0246,0.0443,0.0505,0.0347,0.3071,0.4222,0.6009,0.27034739835603167,2.498603891986836,2.498603891986836,0
63044,Massa Lubrense,Napoli,15,40.611036,14.345089,0.0937,0.0525,0.0977,0.0353,0.037,0.0112,0.0445,0.0469,0.0192,0.2053,0.2506,0.3169,0.9016550093917283,2.3175605356155544,2.3175605356155544,0
15170,Pero,Milano,3,45.510236,9.089457,0.0442,0.0213,0.052,0.0173,0.0205,0.0,0.0217,0.0257,0.0,0.0983,0.119,0.1479,0.12973174723223913,2.1229916117915466,2.1229916117915466,0
54044,San Giustino,Perugia,10,43.54898,12.17583,0.2286,0.2073,0.2523,0.0687,0.0731,0.0579,0.0907,0.0965,0.0788,0.5036,0.6388,0.8386,0.7993310876251645,2.4336988594386697,2.4336988594386697,0
35026,Luzzara,Reggio nell'Emilia,8,44.961655,10.687068,0.095,0.0849,0.0987,0.0349,0.0381,0.0213,0.0416,0.0464,0.03,0.2024,0.2725,0.3688,0.85941670831984,2.5834814271219675,2.5834814271219675,0
4163,Peveragno,Cuneo,1,44.330015,7.617468,0.1174,0.0868,0.13,0.0345,0.0365,0.0204,0.0452,0.0484,0.0304,0.2515,0.3166,0.4135,1.6138246226619923,1.0713683924304598,1.0713683924304598,0
24057,Marostica,Vicenza,5,45.745392,11.656894,0.1721,0.1519,0.1889,0.0452,0.0485,0.039,0.0608,0.0631,0.0523,0.3571,0.465,0.6391,0.9290125880766091,4.014886478880148,4.014886478880148,0
28061,Pernumia,Padova,5,45.258989,11.787209,0.0653,0.0564,0.0744,0.0287,0.032,0.0166,0.0343,0.0377,0.0228,0.1463,0.1746,0.2285,0.38589045485481505,1.5384842934466243,1.5384842934466243,0
63041,Marano di Napoli,Napoli,15,40.89761,14.190528,0.1574,0.1095,0.1736,0.0443,0.0474,0.0223,0.0585,0.0646,0.0353,0.3339,0.4238,0.6046,0.9783633804477435,3.440492745522085,3.440492745522085,0
23055,Oppeano,Verona,5,45.306214,11.18234,0.1195,0.1069,0.1316,0.0349,0.0377,0.0289,0.0431,0.0482,0.0395,0.2596,0.3432,0.4806,0.8271442763552135,3.973110759049712,3.973110759049712,0
83072,Roccalumera,Messina,19,37.976263,15.395189,0.2435,0.2005,0.2701,0.0622,0.0679,0.0433,0.0823,0.0889,0.0602,0.4976,0.6638,0.9547,1.3506896037604943,1.1710995742035568,1.1710995742035568,0
36007,Castelnuovo Rangone,Modena,8,44.551334,10.935016,0.1638,0.1415,0.1697,0.0512,0.0558,0.0389,0.0635,0.0706,0.0526,0.3512,0.437,0.5773,0.8618685420248485,3.441047616358262,3.441047616358262,0
28041,Gazzo,Padova,5,45.581,11.706548,0.1462,0.1293,0.1593,0.0381,0.0411,0.0351,0.0526,0.0549,0.0449,0.3048,0.4019,0.5576,1.2930741831947967,1.0354142669650372,1.0354142669650372,0
20051,Rodigo,Mantova,3,45.199577,10.624984,0.0989,0.0882,0.1092,0.0339,0.0366,0.0245,0.041,0.0453,0.0351,0.2286,0.2925,0.4057,0.46961981688398513,3.280871388980889,3.280871388980889,0
27034,San Michele al Tagliamento,Venezia,5,45.763918,12.995425,0.0951,0.0847,0.1029,0.0327,0.0363,0.0276,0.0395,0.0446,0.0361,0.2051,0.2607,0.3409,1.5296111290048189,2.350568520722155,2.350568520722155,0
28076,San Giorgio in Bosco,Padova,5,45.591851,11.805959,0.1475,0.131,0.1627,0.0372,0.0406,0.0347,0.0516,0.0542,0.0441,0.2975,0.3939,0.5496,0.9701375585123613,3.7662474326805455,3.7662474326805455,0
1300,Villafranca Piemonte,Torino,1,44.778939,7.500424,0.1078,0.0806,0.1186,0.0333,0.0355,0.0182,0.0421,0.0457,0.0272,0.233,0.2944,0.3854,0.15613783835788278,0.7207133719080394,0.7207133719080394,0
24004,Altavilla Vicentina,Vicenza,5,45.508429,11.470686,0.1489,0.1312,0.1617,0.0386,0.0414,0.0353,0.053,0.055,0.0454,0.3124,0.4102,0.5671,0.7086026223598947,2.884241343933881,2.884241343933881,0
1194,Piossasco,Torino,1,44.990555,7.463704,0.0908,0.0687,0.1004,0.0309,0.0333,0.0156,0.0384,0.0417,0.0232,0.2045,0.2564,0.3353,1.7586208066840252,2.230071203902455,2.230071203902455,0
19055,Madignano,Cremona,3,45.3443,9.726703,0.0927,0.0744,0.1006,0.03,0.0327,0.015,0.0371,0.0398,0.0221,0.1922,0.2434,0.3306,0.9360046750855722,2.050563378401628,2.050563378401628,0
26025,Crocetta del Montello,Treviso,5,45.833996,12.032327,0.2325,0.21,0.2819,0.0568,0.0613,0.0499,0.0772,0.0858,0.0684,0.4767,0.6296,0.8818,1.114889362804134,2.895102013688759,2.895102013688759,0
17074,Gardone Riviera,Brescia,3,45.618785,10.559101,0.1586,0.1442,0.1754,0.0431,0.0469,0.038,0.0573,0.0605,0.0516,0.3527,0.461,0.6328,1.4801049011409575,2.214992272848995,2.214992272848995,0
12026,Busto Arsizio,Varese,3,45.611906,8.852052,0.0382,0.0141,0.0452,0.0149,0.0185,0.0,0.0186,0.0228,0.0,0.0828,0.0986,0.1221,0.97373850863943,1.7813646784689634,1.7813646784689634,0
63053,Piano di Sorrento,Napoli,15,40.632645,14.411091,0.0966,0.0555,0.1004,0.0353,0.0371,0.0113,0.0443,0.0466,0.0191,0.1987,0.2408,0.302,1.498465226210984,0.2089291649258397,0.2089291649258397,0
70006,Campobasso,Campobasso,14,41.717265,14.826227,0.2089,0.1483,0.2456,0.0578,0.0591,0.0417,0.0767,0.0807,0.0561,0.4401,0.5677,0.7694,1.0053703206652627,1.1870301370519123,1.1870301370519123,0
1237,San Carlo Canavese,Torino,1,45.247826,7.610843,0.0542,0.0322,0.0645,0.0236,0.0265,0.0077,0.0292,0.0327,0.0121,0.1308,0.1564,0.1921,1.431309968081545,1.5233470892782883,1.5233470892782883,0
61015,Capua,Caserta,15,41.107998,14.209718,0.1151,0.0853,0.1222,0.0424,0.046,0.0206,0.0525,0.0565,0.0298,0.2281,0.2785,0.3538,1.327361717812066,2.995922811961245,2.995922811961245,0
17076,Gargnano,Brescia,3,45.688138,10.663501,0.1587,0.1424,0.176,0.0411,0.0446,0.0366,0.0557,0.0585,0.0497,0.3441,0.4511,0.6214,1.1931211179643773,3.9572493009973395,3.9572493009973395,0
13065,Cernobbio,Como,3,45.841394,9.075905,0.0399,0.0163,0.0474,0.0161,0.0194,0.0,0.0198,0.0242,0.0,0.0895,0.1094,0.1355,1.51532757267176,4.841612108957962,4.841612108957962,0
80027,Cinquefrondi,Reggio di Calabria,18,38.415957,16.097429,0.2649,0.2237,0.2892,0.0657,0.0668,0.0473,0.0885,0.091,0.0653,0.5171,0.6935,0.9757,1.5264634597356255,1.410493764624365,1.410493764624365,0
97017,Cassago Brianza,Lecco,3,45.738206,9.291088,0.0527,0.0318,0.0595,0.0184,0.0217,0.0,0.0234,0.0273,0.0,0.1117,0.1353,0.1729,1.3134976019655118,3.7144629668227687,3.7144629668227687,0
63089,Volla,Napoli,15,40.878411,14.342932,0.1708,0.1203,0.1879,0.0469,0.0501,0.0252,0.0617,0.0684,0.0382,0.3443,0.4343,0.6116,1.2412841163289814,0.8625565029030249,0.8625565029030249,0
79023,Catanzaro,Catanzaro,18,38.82996,16.431557,0.2594,0.2194,0.282,0.0675,0.0686,0.0486,0.0901,0.0928,0.0665,0.5176,0.6953,0.9761,1.2338698405173838,1.9080645766761428,1.9080645766761428,0
17179,Sirmione,Brescia,3,45.468849,10.607824,0.1618,0.1423,0.1781,0.0418,0.0463,0.0375,0.056,0.0602,0.0499,0.3433,0.4504,0.6213,0.9164062062525922,4.326314530365983,4.326314530365983,0
5080,Nizza Monferrato,Asti,1,44.77331,8.353709,0.0479,0.0259,0.0545,0.0173,0.0209,0.0,0.0218,0.0263,0.0,0.1063,0.1306,0.17,0.6298034735893889,0.448888579527409,0.448888579527409,0
61010,Calvi Risorta,Caserta,15,41.216538,14.128731,0.113,0.0908,0.1248,0.0433,0.0484,0.0254,0.053,0.059,0.0344,0.2381,0.297,0.419,1.7095302072730307,3.4663696779798037,3.4663696779798037,0
24003,Alonte,Vicenza,5,45.365037,11.427363,0.1171,0.1052,0.1293,0.0341,0.0372,0.0279,0.0419,0.0473,0.0386,0.249,0.3283,0.4603,1.5474062136588027,0.27202512901257997,0.27202512901257997,0
36020,Marano sul Panaro,Modena,8,44.455898,10.966384,0.1616,0.1264,0.1736,0.0537,0.0592,0.0397,0.0666,0.0749,0.0524,0.355,0.4381,0.5607,0.4365768304965828,0.41570322262018494,0.41570322262018494,0
48024,Lastra a Signa,Firenze,9,43.770985,11.107215,0.1271,0.1107,0.1329,0.0446,0.0496,0.0253,0.0536,0.0595,0.0339,0.2692,0.3491,0.4658,0.8289525105128178,3.4442297363430416,3.4442297363430416,0
64101,Solofra,Avellino,15,40.829131,14.845652,0.1495,0.1209,0.1562,0.0478,0.0493,0.0285,0.0603,0.0628,0.039,0.3038,0.3814,0.5198,1.5340609505830538,3.56849081277689,3.56849081277689,0
36046,Vignola,Modena,8,44.478414,11.009093,0.163,0.13,0.173,0.0537,0.059,0.0399,0.0665,0.0746,0.0528,0.3538,0.4368,0.5594,1.488994136561825,3.970990283608392,3.970990283608392,0
4136,Montanera,Cuneo,1,44.462233,7.665633,0.0883,0.0646,0.0988,0.0306,0.0329,0.0161,0.0385,0.0415,0.0235,0.1976,0.2444,0.3141,0.6888430689081899,2.4894895027817907,2.4894895027817907,0
54015,Corciano,Perugia,10,43.129027,12.287718,0.1735,0.1572,0.1879,0.058,0.0626,0.0431,0.0716,0.0776,0.0573,0.3646,0.4579,0.5936,0.5042397026113709,3.4204853030003344,3.4204853030003344,0
92051,Quartu Sant'Elena,Cagliari,20,39.239973,9.188097,0.0,0.0,0.0,0.0,0.0,0.0,0.0,0.0,0.0,0.0,0.0,0.0,325.305551138606,324.04754925691435,324.04754925691435,1
76097,Viggianello,Potenza,17,39.973195,16.085353,0.254,0.2073,0.2681,0.0569,0.0598,0.0413,0.0774,0.0809,0.0587,0.4885,0.6748,0.9852,1.2188336972997735,2.490937258717592,2.490937258717592,0
1028,Borgaro Torinese,Torino,1,45.152145,7.657973,0.0539,0.032,0.0636,0.0224,0.0255,0.0,0.0276,0.0314,0.0102,0.1227,0.1457,0.178,0.582765824450105,2.543017027098214,2.543017027098214,0
16089,Curno,Bergamo,3,45.691514,9.610966,0.1057,0.0842,0.1136,0.029,0.0313,0.0139,0.0377,0.0395,0.023,0.233,0.3121,0.4239,1.2879899686200895,2.998377598390121,2.998377598390121,0
13136,Lurago d'Erba,Como,3,45.74864,9.213197,0.0464,0.0242,0.0537,0.0174,0.0207,0.0,0.0219,0.026,0.0,0.1025,0.1245,0.157,0.9979079529945951,2.2579379167465574,2.2579379167465574,0
3082,Invorio,Novara,1,45.756972,8.488326,0.0392,0.0171,0.0472,0.015,0.0183,0.0,0.0187,0.0227,0.0,0.086,0.1039,0.1289,1.1302410109491106,2.9219696772397676,2.9219696772397676,0
4055,Castiglione Falletto,Cuneo,1,44.623699,7.977453,0.0519,0.0269,0.0598,0.0199,0.0232,0.0,0.0252,0.0287,0.0,0.1133,0.1351,0.1669,1.2069039536476218,4.220413266001984,4.220413266001984,0
3008,Arona,Novara,1,45.759837,8.560408,0.0386,0.0162,0.0463,0.0146,0.0181,0.0,0.0183,0.0223,0.0,0.0838,0.1009,0.1256,1.1529239566259717,2.93859927571653,2.93859927571653,0
24091,Sandrigo,Vicenza,5,45.660608,11.602928,0.1645,0.1449,0.1792,0.0442,0.0475,0.0383,0.0594,0.0616,0.0507,0.3493,0.4555,0.6265,0.565900429033756,3.453709858596827,3.453709858596827,0
16062,Castelli Calepio,Bergamo,3,45.631966,9.896063,0.1345,0.1092,0.1466,0.0373,0.0387,0.0256,0.0501,0.0523,0.0376,0.297,0.3787,0.4971,1.4676625913772352,2.598005432722209,2.598005432722209,0
27024,Mirano,Venezia,5,45.49277,12.109877,0.0894,0.0794,0.0989,0.0301,0.0337,0.0219,0.0366,0.0403,0.0307,0.1914,0.2405,0.3202,1.6358640808705036,3.4566048988291205,3.4566048988291205,0
93035,Pravisdomini,Pordenone,6,45.818909,12.694425,0.1243,0.1101,0.1404,0.0384,0.0426,0.0356,0.0517,0.0542,0.0448,0.2726,0.3638,0.5114,1.001854680564021,1.6964689770134833,1.6964689770134833,0
26090,Vidor,Treviso,5,45.861641,12.038749,0.2357,0.2131,0.2865,0.0592,0.0652,0.0528,0.0814,0.0905,0.0716,0.4956,0.6534,0.9142,0.7683199788829213,2.5188468719615553,2.5188468719615553,0
30007,Attimis,Udine,6,46.189326,13.307128,0.2564,0.2295,0.311,0.0657,0.0733,0.0586,0.0887,0.1004,0.0778,0.5244,0.6867,0.9421,1.0855901058461788,3.7897517965649747,3.7897517965649747,0
92009,Cagliari,Cagliari,20,39.216953,9.112851,0.0,0.0,0.0,0.0,0.0,0.0,0.0,0.0,0.0,0.0,0.0,0.0,332.9003802621175,331.1990576884531,331.1990576884531,1
22006,Arco,Trento,4,45.918133,10.886095,0.1107,0.1,0.1227,0.033,0.0362,0.0271,0.0414,0.0466,0.0383,0.2565,0.3398,0.4763,1.2909785439491548,2.6556302700060135,2.6556302700060135,0
31023,Staranzano,Gorizia,6,45.805821,13.50026,0.134,0.1185,0.1555,0.0363,0.0398,0.0332,0.047,0.0513,0.042,0.2554,0.3368,0.4704,0.7823684989897725,2.6039117238078338,2.6039117238078338,0
30046,Latisana,Udine,6,45.778488,12.996219,0.0951,0.0847,0.1029,0.0327,0.0363,0.0276,0.0395,0.0446,0.0361,0.2051,0.2607,0.3409,1.5821446983146572,1.040344244863231,1.040344244863231,0
17156,Provaglio d'Iseo,Brescia,3,45.635971,10.044167,0.1378,0.1138,0.1499,0.0389,0.0408,0.0287,0.0524,0.0544,0.0405,0.303,0.382,0.5108,1.5970332442752477,1.9966374874632729,1.9966374874632729,0
50033,Santa Croce sull'Arno,Pisa,9,43.710108,10.781941,0.1163,0.0997,0.1311,0.0431,0.0477,0.0215,0.0528,0.058,0.0312,0.2598,0.337,0.4432,0.5790474883613059,1.4172760568038016,1.4172760568038016,0
28069,Ponte San Nicolò,Padova,5,45.365239,11.93727,0.0717,0.0655,0.0796,0.0294,0.0327,0.0189,0.0354,0.0388,0.0268,0.1604,0.2081,0.2799,0.9418923345777561,1.6465858241705251,1.6465858241705251,0
108047,Veduggio con Colzano,Monza e della Brianza,3,45.73363,9.262513,0.0506,0.0293,0.0576,0.0187,0.0221,0.0,0.0241,0.0279,0.0,0.116,0.1415,0.1808,1.4260264453711249,2.626689389292394,2.626689389292394,0
95038,Oristano,Oristano,20,40.026568,8.679642,0.0,0.0,0.0,0.0,0.0,0.0,0.0,0.0,0.0,0.0,0.0,0.0,288.0441346404193,290.47726131701177,290.47726131701177,1
23071,San Giovanni Lupatoto,Verona,5,45.381968,11.044886,0.1493,0.131,0.1639,0.037,0.04,0.0336,0.0501,0.0532,0.044,0.3047,0.4014,0.5565,0.4394196785109238,3.9576519527957843,3.9576519527957843,0
3062,Dormelletto,Novara,1,45.736272,8.566628,0.0383,0.0157,0.0459,0.0146,0.0181,0.0,0.0183,0.0223,0.0,0.0838,0.1009,0.1256,1.3748735133530074,1.5298396511585557,1.5298396511585557,0
56054,Vallerano,Viterbo,12,42.38397,12.26279,0.1109,0.0849,0.1252,0.0428,0.0475,0.0233,0.0522,0.0576,0.0315,0.2388,0.2907,0.3804,1.5675223721577698,1.1791778228883962,1.1791778228883962,0
15202,San Zenone al Lambro,Milano,3,45.327269,9.355253,0.0628,0.0416,0.0711,0.0235,0.0268,0.0,0.0296,0.033,0.0125,0.1432,0.1781,0.2356,1.044623997349295,2.170442469773921,2.170442469773921,0
16232,Verdellino,Bergamo,3,45.603136,9.61561,0.1133,0.0905,0.1216,0.0299,0.0321,0.0149,0.0387,0.0407,0.0247,0.2433,0.325,0.4372,1.5739836933391922,3.0694470853215687,3.0694470853215687,0
36013,Fiorano Modenese,Modena,8,44.539143,10.811848,0.1631,0.13,0.1728,0.0519,0.0572,0.0389,0.0646,0.0727,0.0521,0.3501,0.4335,0.5641,1.4170373704854555,2.293352903091688,2.293352903091688,0
12002,Albizzate,Varese,3,45.723943,8.803131,0.0379,0.0139,0.0445,0.0143,0.018,0.0,0.0179,0.0222,0.0,0.0811,0.0964,0.1205,1.2978403936921556,4.537436806171249,4.537436806171249,0
24110,Trissino,Vicenza,5,45.564041,11.374852,0.1611,0.1407,0.1772,0.0428,0.046,0.0376,0.0572,0.0606,0.0495,0.343,0.4473,0.6177,1.1502409889839253,2.7409520120311237,2.7409520120311237,0
15062,Castano Primo,Milano,3,45.551594,8.776992,0.0378,0.0135,0.0444,0.0148,0.0183,0.0,0.0184,0.0226,0.0,0.0817,0.0969,0.1199,1.184430675667531,1.1400738764823108,1.1400738764823108,0
15036,Buccinasco,Milano,3,45.41715,9.109788,0.0469,0.0249,0.0546,0.0182,0.0215,0.0,0.0229,0.0268,0.0,0.1048,0.1266,0.1594,1.5896677010901523,3.734414600759737,3.734414600759737,0
68042,Tocco da Casauria,Pescara,13,42.213694,13.913472,0.2362,0.2128,0.2457,0.0704,0.0775,0.0544,0.0895,0.0989,0.0742,0.4748,0.5979,0.8154,0.5434197284189648,3.051070655384737,3.051070655384737,0
12124,Sumirago,Varese,3,45.739225,8.781004,0.0378,0.0139,0.0443,0.0143,0.018,0.0,0.0179,0.0222,0.0,0.0811,0.0964,0.1205,0.45503118591398084,1.6038266152868985,1.6038266152868985,0
46018,Massarosa,Lucca,9,43.86765,10.339716,0.1255,0.1121,0.1315,0.0429,0.047,0.0263,0.0533,0.0578,0.0363,0.2818,0.3619,0.4816,1.5346517060910079,4.26620586559314,4.26620586559314,0
27042,Venezia,Venezia,5,45.437191,12.33459,0.0716,0.0638,0.079,0.027,0.0301,0.015,0.0328,0.036,0.021,0.1458,0.1831,0.2451,1.106703225451407,2.0578476245241237,2.0578476245241237,0
19090,San Giovanni in Croce,Cremona,3,45.078872,10.37518,0.0751,0.0647,0.0867,0.0326,0.0359,0.0187,0.0387,0.043,0.0263,0.1703,0.2074,0.2771,1.1231078275652833,1.7441708542831078,1.7441708542831078,0
64015,Calitri,Avellino,15,40.902119,15.430556,0.2392,0.2209,0.2671,0.0575,0.0597,0.0448,0.0769,0.0823,0.0627,0.5222,0.7147,1.0245,1.7150727316812988,3.043005242310373,3.043005242310373,0
37005,Bentivoglio,Bologna,8,44.635792,11.417193,0.1611,0.1496,0.1809,0.0487,0.0522,0.0383,0.0599,0.065,0.0536,0.382,0.4961,0.6761,0.9211856991369236,4.290691764742426,4.290691764742426,0
1197,Poirino,Torino,1,44.920845,7.846928,0.0479,0.0242,0.0571,0.0207,0.024,0.0,0.0257,0.0295,0.0,0.1133,0.1335,0.1638,1.040937891512247,2.1401784874137793,2.1401784874137793,0
65088,Pagani,Salerno,15,40.749888,14.613323,0.1213,0.0818,0.1268,0.0397,0.042,0.017,0.051,0.0534,0.027,0.2384,0.2926,0.372,0.91605384921943,2.2767720734407835,2.2767720734407835,0
86006,Catenanuova,Enna,19,37.567971,14.691819,0.119,0.1103,0.1405,0.0428,0.0478,0.0245,0.0516,0.0573,0.0337,0.262,0.3279,0.4457,0.4326010643544442,1.3574368377136854,1.3574368377136854,0
17206,Piancogno,Brescia,3,45.919692,10.225262,0.0849,0.0716,0.0942,0.0297,0.0324,0.0166,0.0362,0.0393,0.0242,0.1774,0.223,0.2946,1.712956581792951,4.558340064852633,4.558340064852633,0
18093,Miradolo Terme,Pavia,3,45.171966,9.445558,0.0804,0.06,0.0888,0.0269,0.03,0.0102,0.0336,0.0366,0.0161,0.1795,0.2353,0.3348,1.6118540949790405,0.8201233838978206,0.8201233838978206,0
39012,Lugo,Ravenna,8,44.418878,11.908231,0.1823,0.1724,0.1909,0.0566,0.0595,0.045,0.0717,0.0757,0.0609,0.4005,0.5142,0.6851,1.1557731384898076,3.1282842191725644,3.1282842191725644,0
36037,San Felice sul Panaro,Modena,8,44.839415,11.143165,0.1495,0.1407,0.1754,0.0381,0.0415,0.0307,0.0492,0.0524,0.0444,0.3427,0.4578,0.6338,1.0351649732937065,3.4294807711567605,3.4294807711567605,0
6121,Ovada,Alessandria,1,44.638346,8.64525,0.0715,0.0519,0.0787,0.0199,0.0239,0.0,0.027,0.0305,0.0095,0.1566,0.2084,0.3038,1.073807145571382,0.34685811505428676,0.34685811505428676,0
35030,Quattro Castella,Reggio nell'Emilia,8,44.635605,10.472425,0.1583,0.1205,0.1722,0.0511,0.0567,0.0366,0.0636,0.0722,0.0485,0.3505,0.4337,0.5566,1.253814362444472,1.2609939757781863,1.2609939757781863,0
17143,Pisogne,Brescia,3,45.805731,10.10819,0.1116,0.0915,0.1199,0.0348,0.0367,0.023,0.0449,0.0476,0.0332,0.2526,0.3261,0.4361,0.3887803945700866,2.6960593098193906,2.6960593098193906,0
26074,San Polo di Piave,Treviso,5,45.790108,12.394775,0.1636,0.1438,0.1992,0.0448,0.0463,0.0384,0.0578,0.0614,0.0501,0.3388,0.453,0.6387,1.5183210995802339,2.6324077660655587,2.6324077660655587,0
48028,Montelupo Fiorentino,Firenze,9,43.733153,11.020877,0.124,0.1056,0.1285,0.0435,0.0484,0.0225,0.0529,0.0584,0.0317,0.264,0.3372,0.4511,0.6905621868826635,3.590392447630855,3.590392447630855,0
38012,Masi Torello,Ferrara,8,44.794578,11.801817,0.1301,0.122,0.1495,0.0377,0.0404,0.0292,0.0475,0.0513,0.0412,0.3235,0.4334,0.6031,0.22877744218509266,2.4158491201937453,2.4158491201937453,0
20042,Poggio Rusco,Mantova,3,44.975558,11.114649,0.102,0.094,0.115,0.0347,0.0379,0.025,0.0415,0.0465,0.0363,0.2593,0.3439,0.48,1.0780131607223824,3.2460247069974044,3.2460247069974044,0
89021,Priolo Gargallo,Siracusa,19,37.15793,15.186028,0.2504,0.1988,0.2986,0.0443,0.048,0.0391,0.0617,0.0721,0.0557,0.4844,0.6792,0.9761,0.2564539317015749,1.746992410666127,1.746992410666127,0
12029,Cairate,Varese,3,45.690919,8.872461,0.0384,0.0143,0.0451,0.0146,0.0182,0.0,0.0182,0.0225,0.0,0.0819,0.0975,0.1217,0.7711646860913369,3.3792279874114595,3.3792279874114595,0
34024,Neviano degli Arduini,Parma,8,44.582365,10.315689,0.1576,0.1178,0.1748,0.0536,0.0592,0.0378,0.0668,0.0751,0.0496,0.3509,0.4404,0.5628,0.26515540715740354,2.158287094099244,2.158287094099244,0
17042,Castel Mella,Brescia,3,45.499592,10.145008,0.1461,0.1344,0.1573,0.0397,0.0425,0.0304,0.0532,0.0557,0.043,0.3109,0.4055,0.5535,0.8658673116557065,1.2823181140163784,1.2823181140163784,0
15173,Pieve Emanuele,Milano,3,45.355913,9.202072,0.0545,0.0331,0.0617,0.0204,0.024,0.0,0.0261,0.0298,0.0086,0.123,0.151,0.1938,1.487952245406444,2.5266804196820485,2.5266804196820485,0
72017,Castellana Grotte,Bari,16,40.886431,17.165495,0.0651,0.0484,0.0697,0.0229,0.0252,0.0101,0.0296,0.0319,0.0153,0.129,0.1538,0.1875,0.6277163543716164,3.3827984645130815,3.3827984645130815,0
51021,Lucignano,Arezzo,9,43.274463,11.746,0.1467,0.1332,0.1694,0.0498,0.0547,0.032,0.0604,0.0675,0.0437,0.3381,0.4291,0.5658,1.4896686216771293,3.0605533950131445,3.0605533950131445,0
26043,Mogliano Veneto,Treviso,5,45.561289,12.237697,0.0999,0.0921,0.1096,0.0331,0.037,0.0289,0.0405,0.0462,0.0379,0.2308,0.3033,0.4353,0.5021202096742564,4.01374341349737,4.01374341349737,0
19005,Bagnolo Cremasco,Cremona,3,45.361172,9.612958,0.0814,0.0643,0.09,0.0274,0.0303,0.0122,0.0343,0.0372,0.0183,0.1742,0.2195,0.2925,0.8331567493582126,3.908595559958179,3.908595559958179,0
108007,Bernareggio,Monza e della Brianza,3,45.647508,9.406138,0.0665,0.0487,0.0737,0.0223,0.0255,0.0,0.0291,0.0322,0.0124,0.1537,0.1968,0.2671,1.25997279276294,2.4203546246877665,2.4203546246877665,0
63052,Palma Campania,Napoli,15,40.864917,14.548733,0.1743,0.1255,0.1885,0.0495,0.0521,0.0281,0.0648,0.0707,0.0413,0.35,0.4394,0.6136,1.241314230662546,1.6912126931806255,1.6912126931806255,0
75022,Copertino,Lecce,16,40.271681,18.050252,0.051,0.0336,0.0586,0.0141,0.0168,0.0,0.0189,0.0232,0.0,0.0897,0.1154,0.1521,0.9105599368614951,3.809638549121089,3.809638549121089,0
63082,Terzigno,Napoli,15,40.812442,14.496484,0.1599,0.1122,0.1739,0.0464,0.0494,0.0245,0.0606,0.0668,0.0375,0.3358,0.4247,0.6024,1.7366991065173836,2.6434888766932416,2.6434888766932416,0
17040,Castegnato,Brescia,3,45.560714,10.115309,0.146,0.1258,0.1559,0.0401,0.043,0.0311,0.054,0.0563,0.0439,0.3117,0.3995,0.5425,0.5597467707376268,3.6229111991792937,3.6229111991792937,0
26044,Monastier di Treviso,Treviso,5,45.650076,12.43377,0.1032,0.0949,0.1137,0.0325,0.0362,0.028,0.0395,0.0448,0.037,0.2184,0.2765,0.3913,0.7137016473575716,2.7632760606067595,2.7632760606067595,0
17125,Orzinuovi,Brescia,3,45.403976,9.921564,0.1234,0.1017,0.1333,0.0351,0.0371,0.0219,0.0451,0.048,0.0324,0.2658,0.3394,0.4578,0.9300082945322701,2.794745461083674,2.794745461083674,0
16005,Almè,Bergamo,3,45.73701,9.614785,0.0985,0.0783,0.1059,0.0278,0.0303,0.0126,0.0361,0.0382,0.0204,0.2175,0.2892,0.3993,0.904226294052404,2.0886353258470653,2.0886353258470653,0
58007,Anzio,Roma,12,41.447101,12.628562,0.0832,0.0397,0.0943,0.0319,0.0347,0.0,0.0381,0.0419,0.0118,0.1758,0.214,0.2688,1.3212246468309017,1.8187359430329342,1.8187359430329342,0
36030,Pavullo nel Frignano,Modena,8,44.339694,10.834113,0.1589,0.1206,0.1768,0.0557,0.0612,0.0396,0.0691,0.0768,0.0519,0.3529,0.4434,0.5657,0.46948812426911113,1.7153498335368609,1.7153498335368609,0
84028,Porto Empedocle,Agrigento,19,37.288313,13.52755,0.0552,0.0338,0.0624,0.0182,0.0209,0.0,0.0239,0.0276,0.0,0.1106,0.1337,0.169,0.24517377711175076,2.9122011337375717,2.9122011337375717,0
4078,Cuneo,Cuneo,1,44.45807,7.558137,0.1176,0.0877,0.1309,0.0366,0.0383,0.0226,0.0484,0.0513,0.0329,0.2673,0.3356,0.4363,0.12810359098757546,3.402662683034439,3.402662683034439,0
23097,Zevio,Verona,5,45.375131,11.135882,0.1416,0.125,0.1547,0.0366,0.0395,0.0328,0.0489,0.0525,0.0432,0.2989,0.3942,0.5473,1.0836193513347228,1.742360658187283,1.742360658187283,0
73027,Taranto,Taranto,16,40.548816,17.08058,0.1418,0.0978,0.1575,0.0305,0.0338,0.0171,0.0397,0.0457,0.0273,0.3001,0.3973,0.5347,0.9613863312983677,3.89720597393087,3.89720597393087,0
50032,San Miniato,Pisa,9,43.67975,10.850095,0.1299,0.1061,0.1465,0.044,0.0488,0.0221,0.0553,0.0603,0.0329,0.2903,0.3619,0.4752,1.5363794421386352,3.1325723430735306,3.1325723430735306,0
4240,Verzuolo,Cuneo,1,44.602899,7.474941,0.123,0.0919,0.1362,0.038,0.0397,0.024,0.0503,0.0533,0.0345,0.2783,0.3484,0.451,1.7537605978036799,3.4294053077366997,3.4294053077366997,0
87007,Belpasso,Catania,19,37.589187,14.978239,0.2051,0.1778,0.2334,0.0786,0.0893,0.0473,0.0964,0.1094,0.0608,0.4353,0.5705,0.8518,1.4482021365659405,2.9041181783358456,2.9041181783358456,0
35009,Campagnola Emilia,Reggio nell'Emilia,8,44.83927,10.757093,0.1395,0.1308,0.1537,0.0388,0.0424,0.0261,0.0489,0.0533,0.0373,0.3107,0.4111,0.5819,0.43006345084071157,2.344241012960486,2.344241012960486,0
12134,Vedano Olona,Varese,3,45.776916,8.885596,0.0384,0.0146,0.0452,0.0147,0.0184,0.0,0.0184,0.0227,0.0,0.0833,0.0998,0.1244,1.5459180866080913,3.3059908584335216,3.3059908584335216,0
46005,Camaiore,Lucca,9,43.938061,10.303955,0.1346,0.1205,0.1448,0.0443,0.048,0.0281,0.0551,0.0593,0.0385,0.2913,0.3727,0.4953,1.348221452103752,0.934197983865411,0.934197983865411,0
17196,Verolavecchia,Brescia,3,45.327012,10.057256,0.1157,0.1031,0.1234,0.0355,0.0376,0.023,0.0453,0.0484,0.0337,0.2603,0.3436,0.4785,1.3663063263278699,2.676007955689921,2.676007955689921,0
37052,San Giorgio di Piano,Bologna,8,44.646793,11.375449,0.1595,0.1489,0.1825,0.0466,0.0501,0.0371,0.058,0.0619,0.0528,0.3706,0.4845,0.6704,0.9866723720132288,2.29105065707036,2.29105065707036,0
28037,Este,Padova,5,45.224007,11.659796,0.0665,0.0589,0.076,0.0291,0.0325,0.0171,0.0347,0.0382,0.0235,0.1486,0.178,0.2368,1.5144514865671763,1.5468204014121612,1.5468204014121612,0
23027,Cologna Veneta,Verona,5,45.310287,11.384399,0.1019,0.0923,0.1146,0.0337,0.0366,0.0264,0.0409,0.0458,0.037,0.2362,0.3078,0.4338,0.560358497821479,2.8763415781967443,2.8763415781967443,0
15195,San Giuliano Milanese,Milano,3,45.39427,9.291851,0.0565,0.0353,0.0644,0.0211,0.0246,0.0,0.0269,0.0305,0.0099,0.1267,0.1553,0.1979,0.8158996695449916,1.9626416899377594,1.9626416899377594,0
26051,Oderzo,Treviso,5,45.783371,12.493778,0.146,0.129,0.1772,0.041,0.0442,0.0369,0.0551,0.0566,0.0473,0.3079,0.4125,0.5822,0.5672573273508219,0.7346455844983182,0.7346455844983182,0
23024,Cazzano di Tramigna,Verona,5,45.473089,11.202892,0.1573,0.1376,0.1737,0.0409,0.0444,0.0366,0.0551,0.0583,0.0477,0.334,0.4364,0.6041,1.0794308700784192,1.4501795517289344,1.4501795517289344,0
108006,Bellusco,Monza e della Brianza,3,45.618748,9.418633,0.072,0.0548,0.0787,0.0229,0.0261,0.0,0.0298,0.0328,0.0132,0.159,0.2047,0.2788,0.9761221201225658,0.3183011012997875,0.3183011012997875,0
99017,San Giovanni in Marignano,Rimini,8,43.938668,12.712494,0.1844,0.1662,0.2168,0.0494,0.0543,0.0391,0.064,0.0698,0.0583,0.4067,0.5368,0.7393,0.8900579444325829,1.7081576467159907,1.7081576467159907,0
54027,Marsciano,Perugia,10,42.910028,12.337042,0.1586,0.1428,0.1776,0.0556,0.06,0.0394,0.068,0.0746,0.0532,0.3536,0.443,0.5751,1.3507265680330869,2.291353261549341,2.291353261549341,0
16141,Mornico al Serio,Bergamo,3,45.59138,9.809259,0.1327,0.1071,0.1443,0.0348,0.0363,0.0213,0.0464,0.0488,0.0337,0.2846,0.368,0.4857,1.0274388599642654,3.591645015453537,3.591645015453537,0
93007,Brugnera,Pordenone,6,45.90351,12.525989,0.1981,0.1757,0.2412,0.0495,0.0516,0.0422,0.0638,0.0683,0.0558,0.3775,0.5016,0.7026,0.813740984207563,4.30978312293654,4.30978312293654,0
47008,Massa e Cozzile,Pistoia,9,43.91741,10.753727,0.1445,0.13,0.1575,0.0488,0.0529,0.0316,0.0594,0.0652,0.0431,0.3077,0.3908,0.518,1.6818040102484073,3.7096180809591632,3.7096180809591632,0
69005,Atessa,Chieti,13,42.071806,14.448902,0.114,0.0916,0.1271,0.0441,0.0486,0.0293,0.0538,0.0588,0.0382,0.2381,0.2942,0.3895,0.19501154397380563,2.017808932707885,2.017808932707885,0
28054,Mestrino,Padova,5,45.442758,11.758254,0.0979,0.0903,0.1091,0.0318,0.0352,0.0242,0.0384,0.0433,0.0341,0.2061,0.2614,0.3575,0.5255516116120378,3.478695461677632,3.478695461677632,0
34020,Medesano,Parma,8,44.756699,10.140737,0.1557,0.1149,0.1722,0.0508,0.0567,0.0355,0.0639,0.0727,0.0473,0.3488,0.4378,0.5607,0.7321638348291193,3.7534980705723493,3.7534980705723493,0
13129,Lipomo,Como,3,45.794503,9.121646,0.0419,0.0185,0.0494,0.0163,0.0197,0.0,0.0202,0.0246,0.0,0.0919,0.1122,0.1396,0.4846873950527336,1.318394135643018,1.318394135643018,0
26029,Fonte,Treviso,5,45.787158,11.867507,0.2017,0.179,0.2308,0.051,0.0535,0.0436,0.0683,0.0743,0.0598,0.4127,0.5425,0.7541,0.9025451390636061,3.0346485640641876,3.0346485640641876,0
42003,Arcevia,Ancona,11,43.49945,12.940096,0.174,0.1466,0.1932,0.0563,0.0591,0.0403,0.0707,0.0747,0.0546,0.3565,0.4517,0.5982,0.8257341822670046,1.7703104345660563,1.7703104345660563,0
2059,Formigliana,Vercelli,1,45.429262,8.291928,0.037,0.0123,0.0441,0.0146,0.0183,0.0,0.0182,0.0225,0.0,0.0789,0.0922,0.1146,1.1345590443276068,0.7202242954122771,0.7202242954122771,0
36033,Prignano sulla Secchia,Modena,8,44.43836,10.691899,0.1582,0.1193,0.175,0.0544,0.06,0.0391,0.0675,0.0759,0.0509,0.3525,0.4406,0.5629,0.7433992690952287,1.519788328602291,1.519788328602291,0
3154,Varallo Pombia,Novara,1,45.665904,8.632693,0.0374,0.0136,0.044,0.0142,0.0179,0.0,0.0179,0.022,0.0,0.0806,0.0956,0.1195,1.8238730255551352,2.43803320636917,2.43803320636917,0
24052,Lonigo,Vicenza,5,45.388116,11.38799,0.1271,0.1133,0.1387,0.0349,0.0379,0.0294,0.044,0.0488,0.0397,0.2644,0.3508,0.4903,0.4878706921425254,4.19302345152356,4.19302345152356,0
15093,Corsico,Milano,3,45.430722,9.110233,0.0473,0.0253,0.055,0.0182,0.0215,0.0,0.0229,0.0268,0.0,0.1048,0.1266,0.1594,1.5402004971206062,4.571113646494898,4.571113646494898,0
16220,Treviolo,Bergamo,3,45.671543,9.611742,0.1085,0.0866,0.1165,0.029,0.0313,0.0139,0.0377,0.0395,0.023,0.233,0.3121,0.4239,1.3473087377084392,2.142663962892942,2.142663962892942,0
15150,Morimondo,Milano,3,45.352442,8.954811,0.0449,0.0228,0.0524,0.0172,0.0204,0.0,0.0216,0.0256,0.0,0.0984,0.1197,0.15,0.8857860829082917,1.6142907931702986,1.6142907931702986,0
83077,San Filippo del Mela,Messina,19,38.169727,15.272527,0.1695,0.1388,0.186,0.0548,0.0577,0.0357,0.0691,0.0732,0.0482,0.3335,0.4241,0.5639,1.674953059161616,0.6212539514729444,0.6212539514729444,0
28070,Pozzonovo,Padova,5,45.196597,11.79265,0.0627,0.052,0.072,0.0277,0.0312,0.0143,0.0331,0.0367,0.0193,0.1343,0.1608,0.1991,0.12237653214483876,2.6721894932080397,2.6721894932080397,0
22098,Isera,Trento,4,45.88527,11.009311,0.1247,0.1115,0.137,0.033,0.0364,0.0277,0.0418,0.0469,0.0383,0.256,0.3391,0.4752,1.5211307581226146,4.2608800229111585,4.2608800229111585,0
37059,Vergato,Bologna,8,44.28266,11.10731,0.1599,0.123,0.1793,0.058,0.0635,0.0414,0.0721,0.0789,0.0551,0.359,0.4528,0.5764,1.012153493579596,2.6405275297084603,2.6405275297084603,0
17065,Darfo Boario Terme,Brescia,3,45.883486,10.180707,0.0902,0.0761,0.0988,0.0313,0.0337,0.0182,0.0384,0.0417,0.0266,0.2007,0.2536,0.3371,0.8384801305236976,1.3433037721315126,1.3433037721315126,0
37001,Anzola dell'Emilia,Bologna,8,44.546684,11.193326,0.1643,0.1525,0.168,0.0506,0.0542,0.0387,0.0623,0.0677,0.0538,0.3625,0.4711,0.631,0.42627467459661134,2.638133060793053,2.638133060793053,0
78091,Paola,Cosenza,18,39.359893,16.039588,0.1955,0.1711,0.2174,0.0512,0.0543,0.0343,0.0656,0.0707,0.047,0.3575,0.478,0.6819,1.1893915215944282,3.3621400641083223,3.3621400641083223,0
28014,Bovolenta,Padova,5,45.270375,11.935086,0.0635,0.0536,0.073,0.0276,0.0308,0.0147,0.0332,0.0364,0.0199,0.1381,0.1671,0.2082,1.0987065248943453,0.8771070929878614,0.8771070929878614,0
15014,Basiano,Milano,3,45.573588,9.467854,0.078,0.0605,0.0853,0.0255,0.0284,0.0101,0.0331,0.0357,0.0168,0.1874,0.2453,0.3448,1.4438519846659987,3.0666238744929,3.0666238744929,0
75084,Taurisano,Lecce,16,39.956619,18.214129,0.059,0.0491,0.073,0.0161,0.0188,0.0,0.0215,0.0265,0.0,0.1225,0.1576,0.2144,1.067827501254273,4.048698149487078,4.048698149487078,0
26066,Resana,Treviso,5,45.634024,11.955293,0.16,0.1427,0.1858,0.0389,0.0423,0.0359,0.0542,0.056,0.0464,0.3221,0.4311,0.6104,0.9738192222048131,4.040698299135866,4.040698299135866,0
27032,Salzano,Venezia,5,45.521344,12.10637,0.0997,0.0917,0.1093,0.0319,0.0356,0.026,0.0388,0.0438,0.0357,0.2143,0.2728,0.3888,0.9543808149501922,3.3316549843348713,3.3316549843348713,0
39002,Bagnacavallo,Ravenna,8,44.416148,11.97655,0.1794,0.1629,0.185,0.0547,0.0576,0.0433,0.0687,0.0728,0.0597,0.396,0.5137,0.6899,0.7180338819946046,3.048623763203452,3.048623763203452,0
27018,Gruaro,Venezia,5,45.833496,12.843709,0.1137,0.1037,0.1269,0.0358,0.0397,0.0336,0.0473,0.0504,0.0412,0.2419,0.3089,0.4319,0.5543411530702779,0.13661540356861288,0.13661540356861288,0
23083,Sona,Verona,5,45.433438,10.832737,0.1605,0.1397,0.1775,0.0423,0.0463,0.0379,0.0567,0.0611,0.0497,0.3455,0.4508,0.6209,1.3086621868174573,3.5993875826545887,3.5993875826545887,0
26071,San Biagio di Callalta,Treviso,5,45.684872,12.377347,0.1247,0.1104,0.1451,0.0359,0.0399,0.0338,0.0488,0.0512,0.0423,0.2684,0.3623,0.5155,0.5045092281555226,3.4855708679091295,3.4855708679091295,0
28064,Piombino Dese,Padova,5,45.60752,11.999415,0.1366,0.1227,0.1604,0.0389,0.0423,0.0359,0.0542,0.056,0.0464,0.3221,0.4311,0.6104,1.3141872922968345,2.2391392629097457,2.2391392629097457,0
29052,Porto Viro,Rovigo,5,45.025311,12.225237,0.0577,0.0416,0.0667,0.0255,0.0289,0.0096,0.0308,0.0343,0.0142,0.1237,0.1468,0.1793,0.4270205309492107,0.8946201170151433,0.8946201170151433,0
26072,San Fior,Treviso,5,45.920753,12.358151,0.2363,0.2121,0.2876,0.0598,0.0657,0.0535,0.0812,0.0908,0.072,0.4938,0.6504,0.8992,1.375615296813865,2.074096274097781,2.074096274097781,0
17161,Rezzato,Brescia,3,45.514182,10.316671,0.1557,0.1362,0.1665,0.0403,0.0441,0.0329,0.0537,0.0573,0.0474,0.3422,0.4459,0.6048,0.7923150853053196,4.358839422348113,4.358839422348113,0
26008,Carbonera,Treviso,5,45.684838,12.285944,0.138,0.1214,0.1666,0.0381,0.0414,0.0351,0.0514,0.0535,0.0446,0.2955,0.398,0.5664,1.03991101987809,1.381668126015908,1.381668126015908,0
24008,Arzignano,Vicenza,5,45.519292,11.338594,0.1574,0.1378,0.1734,0.0413,0.0446,0.0367,0.0554,0.0584,0.0479,0.3331,0.4352,0.6023,1.737646722142294,1.5501792645627068,1.5501792645627068,0
27007,Ceggia,Venezia,5,45.686437,12.637529,0.097,0.0878,0.1045,0.0319,0.0354,0.0262,0.0386,0.0433,0.035,0.2064,0.2592,0.3427,0.388674381794072,0.7706593633361216,0.7706593633361216,0
28071,Rovolon,Padova,5,45.378027,11.644403,0.0892,0.084,0.1044,0.0319,0.0351,0.0236,0.0384,0.0429,0.0331,0.206,0.2621,0.3572,0.19357322096922766,0.8693738362952582,0.8693738362952582,0
26069,Roncade,Treviso,5,45.627908,12.37478,0.1032,0.0949,0.1144,0.0335,0.0373,0.0299,0.0415,0.0467,0.0384,0.2317,0.3033,0.4332,0.8716381875108369,3.041976328876911,3.041976328876911,0
26047,Morgano,Treviso,5,45.643398,12.112628,0.1447,0.1291,0.1749,0.0366,0.0404,0.0343,0.0503,0.0527,0.0435,0.2919,0.3935,0.5616,1.2461198191687985,2.925453992632508,2.925453992632508,0
59032,Terracina,Latina,12,41.28712,13.249201,0.0691,0.0503,0.0787,0.0301,0.0333,0.0121,0.0356,0.0391,0.0177,0.1424,0.1682,0.2051,1.3277690421744355,2.797213556489585,2.797213556489585,0
19044,Formigara,Cremona,3,45.223221,9.771767,0.0783,0.0593,0.0878,0.0304,0.0333,0.0149,0.0369,0.0399,0.0213,0.1775,0.2208,0.2894,1.1740589031769881,3.3687943228204764,3.3687943228204764,0
22108,Lona-Lases,Trento,4,46.149818,11.219168,0.0641,0.0549,0.0724,0.0255,0.0288,0.0145,0.0313,0.0347,0.0198,0.136,0.1646,0.2043,0.6598501615436175,4.153577216246332,4.153577216246332,0
3149,Trecate,Novara,1,45.431965,8.735293,0.0379,0.0139,0.0451,0.0149,0.0184,0.0,0.0186,0.0227,0.0,0.082,0.097,0.1197,1.5242325055673136,1.9702214612194555,1.9702214612194555,0
59017,Pontinia,Latina,12,41.408456,13.044337,0.0704,0.048,0.0827,0.0317,0.0348,0.0115,0.0373,0.0409,0.0168,0.1491,0.1748,0.2123,0.24517468690776625,3.547890659528317,3.547890659528317,0
22116,Mezzocorona,Trento,4,46.215436,11.120786,0.0575,0.0443,0.0664,0.0238,0.0272,0.0115,0.0293,0.0327,0.0163,0.1254,0.1501,0.1873,0.6280568643135872,1.239176579427623,1.239176579427623,0
93043,Sesto al Reghena,Pordenone,6,45.847642,12.815531,0.1248,0.1106,0.1402,0.0358,0.0397,0.0336,0.0473,0.0504,0.0412,0.2419,0.3089,0.4319,0.6860232172869536,3.6432597711112904,3.6432597711112904,0
15168,Parabiago,Milano,3,45.558611,8.947888,0.0393,0.0157,0.047,0.0156,0.019,0.0,0.0194,0.0236,0.0,0.0864,0.1038,0.1279,1.0848810237926858,2.7312353833054184,2.7312353833054184,0
78045,Cosenza,Cosenza,18,39.596685,16.333056,0.2673,0.2283,0.2941,0.0685,0.0719,0.0493,0.0915,0.0973,0.0681,0.5345,0.7304,1.0269,1.43874009796399,1.1324596293515805,1.1324596293515805,0
69099,Vasto,Chieti,13,42.12434,14.705923,0.0849,0.0691,0.0972,0.0359,0.039,0.0219,0.0429,0.0477,0.0293,0.173,0.2057,0.2747,1.3950911312026413,0.5298496275375576,0.5298496275375576,0
25021,Feltre,Belluno,5,46.016376,11.906254,0.2045,0.1831,0.2477,0.0524,0.0553,0.045,0.07,0.0758,0.0615,0.4282,0.5669,0.7909,1.0694966789615163,0.9520163719702852,0.9520163719702852,0
16012,Ardesio,Bergamo,3,45.937512,9.931158,0.072,0.053,0.0803,0.027,0.0299,0.0124,0.0335,0.0366,0.0179,0.1671,0.2068,0.2683,0.9361787504182546,3.3909027818202615,3.3909027818202615,0
12042,Castellanza,Varese,3,45.612374,8.897038,0.0387,0.0149,0.0461,0.0154,0.0188,0.0,0.0191,0.0233,0.0,0.0853,0.1022,0.1262,1.6483350537432233,3.129399281252776,3.129399281252776,0
27036,San Stino di Livenza,Venezia,5,45.731078,12.680008,0.1027,0.0948,0.1105,0.033,0.0367,0.0286,0.0399,0.0453,0.0375,0.2168,0.2721,0.3675,1.3497188400254743,2.5636968157899167,2.5636968157899167,0
108045,Varedo,Monza e della Brianza,3,45.597444,9.156293,0.0469,0.0247,0.0544,0.0174,0.0207,0.0,0.0219,0.026,0.0,0.1016,0.1232,0.1548,1.488461984529032,2.5495400293356543,2.5495400293356543,0
78010,Amantea,Cosenza,18,39.133189,16.074591,0.1846,0.1627,0.2034,0.054,0.0563,0.0365,0.0698,0.0739,0.0503,0.3859,0.5162,0.7375,1.3294973372380077,2.5871021917563763,2.5871021917563763,0
108044,Usmate Velate,Monza e della Brianza,3,45.652458,9.354342,0.0614,0.0427,0.0691,0.0205,0.0239,0.0,0.0267,0.0302,0.0099,0.1331,0.1676,0.2216,1.6513447887870991,1.6185435244548614,1.6185435244548614,0
37032,Imola,Bologna,8,44.353514,11.714123,0.206,0.1625,0.2306,0.0643,0.0686,0.0503,0.0823,0.0879,0.0659,0.429,0.53,0.6848,1.1851190409431727,3.732864738124073,3.732864738124073,0
28099,Vigodarzere,Padova,5,45.458193,11.882864,0.0971,0.0882,0.1063,0.0326,0.0361,0.0266,0.0396,0.0453,0.0368,0.2211,0.2824,0.3994,1.3799682000620734,3.8401401064470884,3.8401401064470884,0
46026,Porcari,Lucca,9,43.840902,10.617621,0.1301,0.1146,0.1364,0.0447,0.0491,0.0265,0.0545,0.0596,0.0358,0.2797,0.3584,0.4763,1.735079405145639,3.5253369854376477,3.5253369854376477,0
15024,Binasco,Milano,3,45.33197,9.099987,0.0511,0.0299,0.0581,0.0186,0.022,0.0,0.0236,0.0275,0.0,0.1099,0.1328,0.1694,0.3435781208570582,3.1572991009782223,3.1572991009782223,0
24117,Villaga,Vicenza,5,45.402477,11.53372,0.1089,0.0984,0.1209,0.0347,0.0379,0.0295,0.0438,0.0488,0.0395,0.2601,0.3441,0.4814,1.0054823264795847,4.363707549647399,4.363707549647399,0
9065,Varazze,Savona,7,44.3593,8.575327,0.0524,0.0297,0.0592,0.019,0.0225,0.0,0.0245,0.0282,0.0,0.1175,0.1425,0.1789,0.9261284042124561,3.378409832953463,3.378409832953463,0
40016,Gatteo,Forlì-Cesena,8,44.109466,12.386042,0.1857,0.1694,0.2063,0.0535,0.0575,0.0413,0.0673,0.0734,0.0583,0.419,0.5472,0.7541,1.148467027128332,2.5146409881371414,2.5146409881371414,0
26010,Casier,Treviso,5,45.628336,12.26516,0.1172,0.1048,0.1354,0.0345,0.0384,0.0317,0.0449,0.0487,0.0397,0.2475,0.3342,0.4777,0.4313200531056318,1.2300577717448324,1.2300577717448324,0
50036,Terricciola,Pisa,9,43.524738,10.680114,0.1408,0.0995,0.1586,0.0452,0.0486,0.0201,0.0578,0.0618,0.0313,0.3025,0.3751,0.4798,0.7423236290291837,3.2277410894460044,3.2277410894460044,0
110004,Canosa di Puglia,Barletta-Andria-Trani,16,41.219631,16.067466,0.1821,0.1469,0.2265,0.0415,0.0476,0.0339,0.057,0.0671,0.0482,0.4088,0.5438,0.7543,0.14977058330849044,2.2726078659448676,2.2726078659448676,0
26076,San Vendemiano,Treviso,5,45.890746,12.333844,0.227,0.203,0.2763,0.0563,0.0596,0.0491,0.0754,0.0829,0.0668,0.4605,0.6089,0.8457,1.5963103707665662,1.5866128864746323,1.5866128864746323,0
109032,Ponzano di Fermo,Fermo,11,43.101077,13.656781,0.1773,0.1719,0.1919,0.0537,0.0569,0.04,0.0681,0.0724,0.0552,0.373,0.4862,0.6564,1.1281307976603479,3.7727517186780224,3.7727517186780224,0
67020,Controguerra,Teramo,13,42.855716,13.819336,0.176,0.1621,0.1887,0.0532,0.0562,0.0387,0.0674,0.0718,0.0529,0.3678,0.4827,0.6549,1.2695378696905122,2.689811760379898,2.689811760379898,0
17150,Pontoglio,Brescia,3,45.56938,9.85346,0.1353,0.11,0.1475,0.0365,0.0379,0.0242,0.049,0.0514,0.0365,0.2947,0.3772,0.4958,1.099952013080915,1.2195816019037693,1.2195816019037693,0
1257,Santena,Torino,1,44.949111,7.771811,0.0518,0.0294,0.0613,0.022,0.0251,0.0,0.0272,0.0309,0.0095,0.121,0.1433,0.1752,0.7087932611698115,0.29051410550852824,0.29051410550852824,0
50004,Calcinaia,Pisa,9,43.683201,10.615308,0.1175,0.0986,0.1319,0.041,0.0453,0.0196,0.0508,0.0558,0.0293,0.2541,0.3305,0.4431,0.6248976235682164,3.7404577939179036,3.7404577939179036,0
27038,Spinea,Venezia,5,45.49116,12.165018,0.0857,0.0761,0.0958,0.0301,0.0337,0.0219,0.0366,0.0403,0.0307,0.1914,0.2405,0.3202,1.2929937753503205,3.499691048989689,3.499691048989689,0
30044,Gonars,Udine,6,45.895917,13.237131,0.1324,0.1174,0.1548,0.0386,0.0424,0.0353,0.0503,0.0535,0.0441,0.2623,0.3471,0.4877,0.6624283650689005,4.024017141681598,4.024017141681598,0
93051,Zoppola,Pordenone,6,45.966254,12.771564,0.1791,0.1583,0.2178,0.0523,0.0549,0.0448,0.0677,0.0732,0.0595,0.3962,0.5244,0.7311,1.103839891942016,1.8419144987080807,1.8419144987080807,0
59019,Priverno,Latina,12,41.472616,13.179839,0.0887,0.0706,0.0995,0.0376,0.0406,0.0191,0.0452,0.0498,0.0272,0.1921,0.2311,0.2909,0.2259926783511169,2.900551016945848,2.900551016945848,0
36044,Soliera,Modena,8,44.738103,10.924393,0.1564,0.1469,0.1779,0.0438,0.0474,0.0333,0.0548,0.0588,0.0478,0.3632,0.4786,0.6643,0.48441289082986516,4.233241062162869,4.233241062162869,0
24002,Albettone,Vicenza,5,45.35815,11.581474,0.0903,0.0841,0.105,0.0326,0.0358,0.025,0.0393,0.0443,0.0351,0.2188,0.2817,0.3913,0.7622419132389378,1.757821321498507,1.757821321498507,0
1009,Andezeno,Torino,1,45.037748,7.870527,0.0449,0.0202,0.0537,0.0186,0.0221,0.0,0.0229,0.0271,0.0,0.0983,0.1167,0.1416,0.17592198660327663,3.8678297527436722,3.8678297527436722,0
28013,Borgoricco,Padova,5,45.533561,11.965879,0.1158,0.1047,0.1293,0.0332,0.0369,0.0284,0.0406,0.0465,0.0378,0.233,0.3059,0.4375,1.5628509808298647,3.167860061602841,3.167860061602841,0
72021,Gioia del Colle,Bari,16,40.796728,16.92359,0.0828,0.0748,0.0876,0.0296,0.0321,0.0171,0.0372,0.0398,0.0239,0.1809,0.2269,0.2899,0.3188746583855678,1.5508489536613204,1.5508489536613204,0
19104,Ticengo,Cremona,3,45.369274,9.827663,0.1078,0.0876,0.1163,0.0323,0.0346,0.0179,0.0404,0.0436,0.027,0.2275,0.3016,0.4077,1.5600918950510807,4.060075952330405,4.060075952330405,0
24046,Grisignano di Zocco,Vicenza,5,45.47534,11.69895,0.1155,0.1034,0.125,0.0339,0.0373,0.0288,0.0416,0.0476,0.0385,0.2423,0.3167,0.4447,0.2724976265489401,1.2634309977372642,1.2634309977372642,0
58009,Ariccia,Roma,12,41.720709,12.671348,0.1658,0.0912,0.1995,0.0563,0.0604,0.0273,0.074,0.0785,0.036,0.3779,0.4597,0.575,1.0926883653574213,2.092452357614807,2.092452357614807,0
17007,Artogne,Brescia,3,45.848982,10.164556,0.1018,0.0859,0.1104,0.0332,0.0354,0.021,0.0416,0.0449,0.0307,0.227,0.2934,0.3955,0.5510897696222234,3.380984423082448,3.380984423082448,0
89006,Carlentini,Siracusa,19,37.275881,15.014978,0.2704,0.216,0.3241,0.0497,0.0535,0.0435,0.069,0.0792,0.0605,0.5218,0.725,1.0364,0.5822647376505842,2.429196373221827,2.429196373221827,0
74001,Brindisi,Brindisi,16,40.636227,17.688501,0.0506,0.0298,0.0567,0.0161,0.0189,0.0,0.0214,0.0247,0.0,0.0959,0.1162,0.1436,0.8408096947321101,3.1386344420793364,3.1386344420793364,0
68041,Spoltore,Pescara,13,42.453456,14.140982,0.1588,0.1227,0.1732,0.0476,0.0515,0.0304,0.0591,0.0639,0.0408,0.3067,0.3942,0.5371,1.4370987753303688,3.737047152105596,3.737047152105596,0
15009,Arese,Milano,3,45.54904,9.077895,0.0435,0.0204,0.0513,0.0169,0.0201,0.0,0.0212,0.0253,0.0,0.096,0.1164,0.1445,0.9962836819408445,1.257042006775339,1.257042006775339,0
36045,Spilamberto,Modena,8,44.533413,11.024083,0.1629,0.1443,0.1694,0.0524,0.0573,0.0396,0.065,0.0725,0.053,0.3475,0.438,0.5655,0.8644258411760845,3.0415440648588628,3.0415440648588628,0
1078,Chieri,Torino,1,45.013884,7.822354,0.0476,0.0238,0.0566,0.02,0.0235,0.0,0.0248,0.0288,0.0,0.1084,0.128,0.1566,0.5813715322851245,1.9625749844277096,1.9625749844277096,0
78040,Cetraro,Cosenza,18,39.516595,15.941584,0.1589,0.1382,0.1745,0.0479,0.0522,0.0313,0.0606,0.067,0.0426,0.3246,0.4295,0.6084,0.7585466100909729,1.4098988092887927,1.4098988092887927,0
44027,Maltignano,Ascoli Piceno,11,42.832248,13.68799,0.177,0.1455,0.1949,0.056,0.0591,0.0397,0.0709,0.075,0.0543,0.3577,0.458,0.6037,0.8550100998738309,0.7887617386335481,0.7887617386335481,0
97003,Annone di Brianza,Lecco,3,45.807621,9.332414,0.0516,0.0306,0.0586,0.019,0.0224,0.0,0.0242,0.0282,0.0,0.1168,0.1425,0.182,0.9023461937249049,0.7456565351604921,0.7456565351604921,0
97082,Valgreghentino,Lecco,3,45.769871,9.412168,0.0612,0.0425,0.0689,0.0209,0.0243,0.0,0.0272,0.0306,0.0102,0.136,0.1714,0.2281,0.7655471220068447,0.4650494092917173,0.4650494092917173,0
1127,La Loggia,Torino,1,44.957744,7.667324,0.0576,0.0368,0.0681,0.0239,0.0267,0.0077,0.0296,0.0329,0.0124,0.1329,0.1593,0.196,1.7938903241062139,3.7905290591756664,3.7905290591756664,0
73010,Leporano,Taranto,16,40.383922,17.334904,0.0618,0.0503,0.0704,0.023,0.0256,0.0096,0.0299,0.0322,0.0149,0.1283,0.1534,0.1878,0.9938706706199321,3.448868408932647,3.448868408932647,0
1048,Cambiano,Torino,1,44.971416,7.778698,0.0497,0.0267,0.0589,0.022,0.0251,0.0,0.0272,0.0309,0.0095,0.121,0.1433,0.1752,1.579303474303412,2.767502651538433,2.767502651538433,0
97083,Valmadrera,Lecco,3,45.846282,9.358244,0.0511,0.03,0.0582,0.0184,0.0219,0.0,0.0233,0.0273,0.0,0.1111,0.134,0.1707,0.6977860470258687,3.558971710939865,3.558971710939865,0
58034,Colleferro,Roma,12,41.727033,13.004158,0.1516,0.1134,0.1702,0.0527,0.0562,0.0311,0.065,0.0706,0.0402,0.3212,0.3961,0.5151,1.474765465172329,2.059832904660292,2.059832904660292,0
22196,Tesero,Trento,4,46.290416,11.511977,0.0657,0.0564,0.0754,0.0264,0.0299,0.0171,0.0325,0.0361,0.0238,0.1534,0.1915,0.2593,1.7352577346760483,3.9954731255066407,3.9954731255066407,0
78055,Fiumefreddo Bruzio,Cosenza,18,39.234427,16.069517,0.1965,0.1718,0.2179,0.0555,0.0578,0.0378,0.0723,0.0766,0.0525,0.4123,0.5507,0.7919,0.5614791217339141,2.280322252216198,2.280322252216198,0
24083,Quinto Vicentino,Vicenza,5,45.573798,11.627719,0.1498,0.1321,0.1623,0.0391,0.0417,0.0356,0.0535,0.0558,0.0459,0.3132,0.4114,0.5684,1.1985228652084874,0.9261995594442874,0.9261995594442874,0
33021,Fiorenzuola d'Arda,Piacenza,8,44.928084,9.910722,0.1204,0.0999,0.1347,0.0386,0.0421,0.0219,0.0493,0.054,0.0322,0.2591,0.3369,0.4543,1.55166639564309,2.2588315875293024,2.2588315875293024,0
16117,Grassobbio,Bergamo,3,45.65723,9.723107,0.1228,0.0983,0.1327,0.0313,0.0333,0.0166,0.0406,0.0429,0.0274,0.2566,0.3402,0.4532,1.4134788737156747,3.0971619748219514,3.0971619748219514,0
68028,Pescara,Pescara,13,42.310262,13.95759,0.1887,0.1537,0.2082,0.0599,0.0661,0.0425,0.0758,0.0828,0.0572,0.3815,0.4915,0.6433,0.8060178699294296,2.72589187395679,2.72589187395679,0
20070,Volta Mantovana,Mantova,3,45.321302,10.659224,0.1381,0.1222,0.1506,0.0366,0.0389,0.03,0.0475,0.051,0.0423,0.2864,0.3785,0.5273,1.4957687759794636,2.470956426495458,2.470956426495458,0
19097,Soncino,Cremona,3,45.398975,9.874424,0.1181,0.0966,0.1276,0.0338,0.0359,0.0198,0.0429,0.046,0.0298,0.2489,0.3247,0.4321,0.5164504333661387,2.414089639442326,2.414089639442326,0
23051,Mozzecane,Verona,5,45.309983,10.818531,0.132,0.1164,0.1438,0.0366,0.039,0.0312,0.0476,0.0516,0.0423,0.2872,0.3796,0.5281,1.0558151840704637,3.0681772147638124,3.0681772147638124,0
52026,Rapolano Terme,Siena,9,43.287251,11.602927,0.1346,0.1139,0.1443,0.0474,0.0525,0.0275,0.0575,0.064,0.0374,0.3071,0.393,0.5177,0.7697512775326943,4.157179381007517,4.157179381007517,0
49007,Cecina,Livorno,9,43.311345,10.517344,0.0968,0.0574,0.1085,0.0343,0.0374,0.0,0.0423,0.0469,0.012,0.222,0.277,0.3595,1.0040382789823978,2.5750483135458526,2.5750483135458526,0
26087,Valdobbiadene,Treviso,5,45.901413,11.995512,0.2361,0.2132,0.2865,0.0582,0.0638,0.0517,0.0793,0.0886,0.0702,0.4851,0.6392,0.8906,0.8294999398525842,3.0215408457238153,3.0215408457238153,0
28080,Santa Giustina in Colle,Padova,5,45.563698,11.906406,0.1273,0.1143,0.1416,0.0359,0.0396,0.0337,0.0495,0.0519,0.0424,0.2831,0.3788,0.5359,1.1565973358067887,1.9991585612006004,1.9991585612006004,0
12098,Marnate,Varese,3,45.629323,8.901095,0.0387,0.0147,0.0459,0.0151,0.0187,0.0,0.0188,0.0231,0.0,0.0844,0.101,0.125,0.9427098822954495,2.8250238433856643,2.8250238433856643,0
72020,Corato,Bari,16,41.152761,16.411464,0.1707,0.1374,0.2103,0.0363,0.0396,0.0259,0.0472,0.0551,0.0383,0.3757,0.5228,0.7353,0.06901992614407126,0.5876622444038361,0.5876622444038361,0
58047,Guidonia Montecelio,Roma,12,41.984273,12.695319,0.145,0.1105,0.1623,0.0508,0.0551,0.0285,0.0624,0.0685,0.0378,0.3161,0.3902,0.5044,0.9233917840431111,1.383553507703228,1.383553507703228,0
15220,Trezzano sul Naviglio,Milano,3,45.417988,9.069116,0.0459,0.0238,0.0537,0.0182,0.0215,0.0,0.0229,0.0268,0.0,0.1048,0.1266,0.1594,0.8938517713236752,1.8665320208631668,1.8665320208631668,0
12107,Oggiona con Santo Stefano,Varese,3,45.699435,8.818381,0.0379,0.0139,0.0445,0.0146,0.0182,0.0,0.0182,0.0225,0.0,0.0819,0.0975,0.1217,0.4032456331494036,2.7152483478827767,2.7152483478827767,0
14078,Villa di Tirano,Sondrio,3,46.203898,10.133854,0.0827,0.0666,0.0946,0.0266,0.0305,0.0119,0.0339,0.038,0.0189,0.1864,0.2375,0.3249,0.8239764729716015,3.9780262667563098,3.9780262667563098,0
23094,Vigasio,Verona,5,45.31703,10.942198,0.1362,0.1199,0.1485,0.0363,0.0389,0.0314,0.0471,0.051,0.0419,0.283,0.3744,0.521,1.3306987367658565,1.4199480363145294,1.4199480363145294,0
2156,Varallo,Vercelli,1,45.813731,8.259211,0.0489,0.0271,0.0564,0.0183,0.0206,0.0,0.0233,0.0264,0.0,0.1094,0.1311,0.1633,0.7758874791067584,0.9667081742237119,0.9667081742237119,0
18153,Stradella,Pavia,3,45.077356,9.295017,0.0915,0.0724,0.1019,0.0274,0.0303,0.0104,0.0347,0.0373,0.0173,0.1999,0.2687,0.3691,0.343147849896455,2.920325743924084,2.920325743924084,0
1001,Agliè,Torino,1,45.367055,7.766918,0.046,0.0214,0.0551,0.0189,0.0223,0.0,0.0231,0.0274,0.0,0.099,0.1177,0.1434,1.6386566756955787,4.283982029305262,4.283982029305262,0
17104,Marcheno,Brescia,3,45.709374,10.215326,0.138,0.1222,0.1484,0.0386,0.0406,0.0297,0.0516,0.0542,0.0413,0.2969,0.3814,0.5102,1.1167241118053703,2.5965851192393217,2.5965851192393217,0
17204,Vobarno,Brescia,3,45.643643,10.499454,0.1584,0.1433,0.1715,0.0404,0.045,0.036,0.0561,0.0594,0.051,0.3518,0.4603,0.6314,1.6420796748387405,1.1350086153396306,1.1350086153396306,0
18131,Rovescala,Pavia,3,45.011421,9.348753,0.0955,0.0761,0.1066,0.0285,0.0313,0.0117,0.0359,0.0386,0.0188,0.2054,0.2743,0.3743,0.8474651297330136,3.2022792876152266,3.2022792876152266,0
16124,Leffe,Bergamo,3,45.800686,9.885456,0.1064,0.0853,0.1147,0.0327,0.0346,0.0187,0.0417,0.0444,0.0284,0.2402,0.3178,0.4286,1.2247351930113204,3.4539059121896964,3.4539059121896964,0
16115,Gorle,Bergamo,3,45.703735,9.719022,0.1179,0.0944,0.127,0.0299,0.0321,0.015,0.0386,0.0406,0.0244,0.2374,0.3179,0.4299,1.641761720277678,3.292822848567046,3.292822848567046,0
14007,Berbenno di Valtellina,Sondrio,3,46.168878,9.742367,0.0668,0.0505,0.0753,0.0234,0.0269,0.0084,0.0301,0.0338,0.0147,0.1559,0.194,0.2531,1.1984846497601145,0.9495483309037339,0.9495483309037339,0
34006,Borgo Val di Taro,Parma,8,44.487053,9.765777,0.202,0.1754,0.2326,0.0592,0.0666,0.0513,0.0789,0.0863,0.0738,0.4494,0.5677,0.7457,1.112307624029642,1.72534558079255,1.72534558079255,0
16091,Dalmine,Bergamo,3,45.649279,9.603953,0.1055,0.084,0.1134,0.029,0.0313,0.0139,0.0377,0.0395,0.023,0.233,0.3121,0.4239,0.8300326309715333,4.025974332555503,4.025974332555503,0
17197,Vestone,Brescia,3,45.710641,10.403471,0.1453,0.1319,0.1575,0.0392,0.0427,0.0333,0.0522,0.056,0.0478,0.334,0.4356,0.5918,0.7068085600463131,2.1680967442520376,2.1680967442520376,0
16126,Levate,Bergamo,3,45.625179,9.624154,0.1124,0.0897,0.1205,0.0299,0.0321,0.0149,0.0387,0.0407,0.0247,0.2433,0.325,0.4372,0.6224884306325363,1.1338320820494783,1.1338320820494783,0
16074,Cisano Bergamasco,Bergamo,3,45.74248,9.470248,0.071,0.0537,0.0778,0.0236,0.0266,0.0077,0.0307,0.0336,0.0141,0.1673,0.2172,0.2974,0.6649998526620369,3.1093361976001543,3.1093361976001543,0
13147,Merone,Como,3,45.78774,9.246188,0.0473,0.0252,0.0545,0.018,0.0213,0.0,0.0227,0.0268,0.0,0.1073,0.1299,0.1648,1.1116769019402633,3.2635958835282226,3.2635958835282226,0
99024,Pennabilli,Rimini,8,43.817054,12.265276,0.181,0.1403,0.2026,0.0613,0.0652,0.0442,0.0773,0.0817,0.0583,0.3798,0.4761,0.6227,1.229349314491271,2.797751086504991,2.797751086504991,0
65014,Battipaglia,Salerno,15,40.609254,14.982144,0.108,0.0882,0.1184,0.0379,0.0403,0.0194,0.0477,0.0514,0.0291,0.2143,0.2649,0.3653,0.8817700134193958,3.083371197377349,3.083371197377349,0
16204,Sovere,Bergamo,3,45.820724,10.023098,0.1037,0.0829,0.1122,0.0323,0.0344,0.0187,0.0402,0.0433,0.0277,0.2186,0.2794,0.3836,0.7120737621467381,3.5032674251515723,3.5032674251515723,0
46001,Altopascio,Lucca,9,43.815041,10.674396,0.1264,0.1102,0.131,0.0428,0.0474,0.023,0.0522,0.0576,0.0321,0.2678,0.3483,0.4655,1.639815382069006,3.152020044300628,3.152020044300628,0
87004,Acireale,Catania,19,37.612777,15.16588,0.2194,0.1783,0.2687,0.083,0.096,0.0516,0.1018,0.1185,0.0666,0.4441,0.5377,0.7258,0.8674644767354235,2.8276983254266854,2.8276983254266854,0
42038,Polverigi,Ancona,11,43.525561,13.392073,0.1835,0.1654,0.2166,0.0478,0.0528,0.0385,0.0619,0.0692,0.0583,0.3991,0.5289,0.7381,0.5089582783014444,3.3838135246975054,3.3838135246975054,0
43013,Civitanova Marche,Macerata,11,43.305523,13.72293,0.1815,0.1633,0.2158,0.0484,0.0527,0.0378,0.0617,0.0681,0.0562,0.4001,0.5303,0.734,0.6166809403579744,3.7738820232882437,3.7738820232882437,0
17093,Longhena,Brescia,3,45.437678,10.059667,0.1404,0.1217,0.1495,0.0383,0.04,0.0276,0.0509,0.0532,0.0391,0.2969,0.3822,0.5198,1.0813932890960531,1.5565552535388658,1.5565552535388658,0
41010,Cartoceto,Pesaro e Urbino,11,43.765663,12.883458,0.1858,0.1703,0.2062,0.051,0.0554,0.0402,0.0658,0.071,0.0576,0.4074,0.5368,0.7465,0.8564548223157218,2.7006349766753304,2.7006349766753304,0
14068,Tovo di Sant'Agata,Sondrio,3,46.244779,10.246453,0.0751,0.0588,0.0859,0.0263,0.0304,0.0122,0.0332,0.0377,0.0186,0.1701,0.2116,0.2756,1.093320243084818,0.49102657667258526,0.49102657667258526,0
36039,San Prospero,Modena,8,44.789671,11.0221,0.1547,0.1459,0.1816,0.0407,0.0448,0.032,0.0522,0.0559,0.0466,0.3589,0.4764,0.6568,1.4608078754334801,2.2214782261622736,2.2214782261622736,0
97070,Primaluna,Lecco,3,45.986971,9.429608,0.0472,0.0252,0.055,0.0183,0.0218,0.0,0.0229,0.0271,0.0,0.1068,0.1289,0.1631,0.09749909946085504,4.3850657826602415,4.3850657826602415,0
22117,Mezzolombardo,Trento,4,46.212094,11.093509,0.057,0.0435,0.0658,0.0238,0.0272,0.0115,0.0293,0.0327,0.0163,0.1254,0.1501,0.1873,0.30511666694318296,1.8696886365103509,1.8696886365103509,0
24107,Torrebelvicino,Vicenza,5,45.718939,11.308834,0.1607,0.1402,0.1769,0.0431,0.0462,0.0378,0.0574,0.0608,0.0497,0.3419,0.4459,0.6138,1.1887009861603006,3.9850260102858215,3.9850260102858215,0
108030,Meda,Monza e della Brianza,3,45.662505,9.156753,0.0459,0.0234,0.0533,0.0171,0.0203,0.0,0.0215,0.0256,0.0,0.0996,0.121,0.1518,1.2412955421913776,2.8787219285247025,2.8787219285247025,0
28065,Piove di Sacco,Padova,5,45.297692,12.036814,0.0629,0.0519,0.0721,0.0265,0.0296,0.0129,0.0319,0.0351,0.0177,0.1321,0.159,0.2029,1.1130834418579363,4.430266726078399,4.430266726078399,0
16244,Zandobbio,Bergamo,3,45.687882,9.853358,0.1277,0.1028,0.1384,0.0349,0.0365,0.0217,0.0464,0.0486,0.0336,0.2812,0.3645,0.4814,1.1018750734238956,1.2712709297744633,1.2712709297744633,0
16114,Gorlago,Bergamo,3,45.676703,9.827054,0.1293,0.104,0.1401,0.0349,0.0365,0.0217,0.0464,0.0486,0.0336,0.2812,0.3645,0.4814,0.2731794841319738,2.0332241455948816,2.0332241455948816,0
65116,Salerno,Salerno,15,40.419442,15.310756,0.1224,0.1018,0.1332,0.0388,0.0411,0.024,0.0494,0.0529,0.0335,0.2377,0.3189,0.446,1.5741203015672558,1.9873650666360814,1.9873650666360814,0
63059,Portici,Napoli,15,40.818973,14.338745,0.1679,0.1174,0.1859,0.0455,0.049,0.024,0.0601,0.067,0.037,0.3419,0.4322,0.611,1.5214237369272934,1.8421322733820182,1.8421322733820182,0
43049,Sarnano,Macerata,11,43.03538,13.29831,0.181,0.1399,0.2025,0.0612,0.0656,0.044,0.0766,0.0817,0.0578,0.3752,0.484,0.6345,1.2567160285367645,1.494196820845572,1.494196820845572,0
4215,Savigliano,Cuneo,1,44.644037,7.655929,0.0778,0.0572,0.0889,0.0288,0.0314,0.0138,0.0359,0.0389,0.0199,0.1761,0.2164,0.2771,0.2270657869229473,0.26071728637321884,0.26071728637321884,0
67005,Basciano,Teramo,13,42.594401,13.739647,0.1842,0.1429,0.2031,0.0593,0.0645,0.0421,0.0749,0.0806,0.0567,0.3707,0.4813,0.6297,0.8805152343327904,2.6819670590026363,2.6819670590026363,0
54051,Spoleto,Perugia,10,42.735512,12.736336,0.2143,0.1909,0.2336,0.0691,0.0729,0.0543,0.0865,0.0917,0.0727,0.4641,0.5931,0.7871,0.13993769723042807,0.6559028812808727,0.6559028812808727,0
14032,Gordona,Sondrio,3,46.292293,9.365335,0.0472,0.0264,0.0555,0.0186,0.0213,0.0,0.0235,0.027,0.0,0.1127,0.1344,0.1678,1.7429750110349223,2.700286543848983,2.700286543848983,0
74012,Ostuni,Brindisi,16,40.727631,17.576406,0.052,0.0313,0.058,0.0177,0.0202,0.0,0.0236,0.0265,0.0097,0.1063,0.1273,0.1569,1.303913152001237,1.9182222237793336,1.9182222237793336,0
43016,Esanatoglia,Macerata,11,43.252208,12.947827,0.1853,0.1529,0.211,0.0649,0.0684,0.0481,0.0814,0.0859,0.0631,0.3921,0.4931,0.6526,0.7521657136643302,2.2026461501357,2.2026461501357,0
53004,Castel del Piano,Grosseto,9,42.893235,11.53838,0.1401,0.0973,0.1591,0.0469,0.051,0.0194,0.0586,0.0639,0.0301,0.3011,0.3726,0.4769,1.6756031391972424,4.095735909173102,4.095735909173102,0
22001,Ala,Trento,4,45.757901,11.001818,0.1559,0.1366,0.1721,0.041,0.0445,0.0366,0.0553,0.0588,0.048,0.3355,0.4384,0.6064,1.0497371231187391,1.8206348564315242,1.8206348564315242,0
4117,Marene,Cuneo,1,44.661972,7.729157,0.0644,0.0432,0.0751,0.0263,0.0291,0.0111,0.0327,0.036,0.0163,0.1536,0.1839,0.2292,1.13194122163921,1.8186459603823175,1.8186459603823175,0
60075,Strangolagalli,Frosinone,12,41.600719,13.493904,0.1779,0.1594,0.1881,0.0549,0.0593,0.0409,0.0692,0.0747,0.0581,0.3673,0.4658,0.615,1.3126397151173477,1.7952426196404845,1.7952426196404845,0
20053,Roverbella,Mantova,3,45.26578,10.767527,0.1185,0.1055,0.1298,0.0355,0.0377,0.0283,0.0437,0.048,0.0396,0.2559,0.3363,0.4712,0.8682897846113012,3.1784987509212304,3.1784987509212304,0
24111,Valdagno,Vicenza,5,45.641321,11.30406,0.1643,0.1429,0.1814,0.0439,0.047,0.0383,0.0584,0.0621,0.0509,0.3488,0.4541,0.6247,1.7279970961649078,4.127573033881099,4.127573033881099,0
37021,Castenaso,Bologna,8,44.50887,11.469811,0.1724,0.1617,0.1801,0.0538,0.0571,0.0421,0.0673,0.0721,0.0572,0.3727,0.4811,0.6409,0.41091438977041217,1.6645426926322475,1.6645426926322475,0
16182,Rogno,Bergamo,3,45.857665,10.133545,0.0951,0.0788,0.1037,0.0329,0.0349,0.0198,0.0411,0.0442,0.0292,0.2221,0.2861,0.3859,1.0700698332062917,2.5136496001017457,2.5136496001017457,0
16218,Trescore Balneario,Bergamo,3,45.696483,9.842557,0.1277,0.1028,0.1384,0.0349,0.0365,0.0217,0.0464,0.0486,0.0336,0.2812,0.3645,0.4814,1.070930441628799,1.8439207504978825,1.8439207504978825,0
16176,Presezzo,Bergamo,3,45.69208,9.570351,0.095,0.0755,0.1018,0.0267,0.0293,0.0113,0.0347,0.037,0.0188,0.2072,0.2732,0.3827,0.6951700126027135,2.6242834746254147,2.6242834746254147,0
16144,Nembro,Bergamo,3,45.743974,9.759275,0.1162,0.093,0.125,0.0318,0.0338,0.0173,0.0411,0.0435,0.0278,0.2536,0.3363,0.4488,1.084063064176415,2.1916160191226877,2.1916160191226877,0
75035,Lecce,Lecce,16,40.152217,18.226063,0.0554,0.0435,0.0665,0.0147,0.0173,0.0,0.0195,0.0244,0.0,0.1049,0.1432,0.1959,1.2245334494059879,3.580905828597271,3.580905828597271,0
110005,Margherita di Savoia,Barletta-Andria-Trani,16,41.374235,16.150166,0.1272,0.101,0.1613,0.0391,0.0433,0.0288,0.0499,0.0564,0.0382,0.2982,0.3858,0.5248,0.7184977856154084,2.321725801420654,2.321725801420654,0
82070,Termini Imerese,Palermo,19,37.983651,13.695554,0.1795,0.1609,0.1924,0.0467,0.0478,0.0321,0.0634,0.0653,0.048,0.3782,0.4854,0.65,1.519549874700082,1.66958594389438,1.66958594389438,0
43033,Morrovalle,Macerata,11,43.314553,13.579508,0.1831,0.1672,0.2073,0.0505,0.0545,0.0397,0.0643,0.0701,0.0569,0.4032,0.5299,0.7382,0.8317047383677231,3.231774464535415,3.231774464535415,0
94034,Pettoranello del Molise,Isernia,14,41.573125,14.277521,0.2662,0.2266,0.2868,0.0691,0.0727,0.0541,0.0892,0.0943,0.0731,0.5135,0.7071,1.0057,0.5819690570701285,1.9401011903729943,1.9401011903729943,0
15188,Rosate,Milano,3,45.351992,9.017478,0.0467,0.025,0.0542,0.0179,0.0212,0.0,0.0226,0.0265,0.0,0.1039,0.126,0.1592,0.5171595577486475,0.6551458449869192,0.6551458449869192,0
17032,Calcinato,Brescia,3,45.457182,10.413574,0.1558,0.1418,0.1691,0.0398,0.0442,0.034,0.0545,0.0584,0.0497,0.3431,0.4496,0.6192,0.6695229398873216,2.1299498823583485,2.1299498823583485,0
16086,Costa Volpino,Bergamo,3,45.829888,10.098161,0.106,0.0868,0.1143,0.0329,0.0349,0.0198,0.0411,0.0442,0.0292,0.2221,0.2861,0.3859,0.7553721523748388,2.8209574491271985,2.8209574491271985,0
7003,Aosta,Valle d'Aosta/Vallée d'Aoste,2,45.737088,7.319665,0.0965,0.0734,0.1075,0.0306,0.0339,0.0152,0.0381,0.0428,0.0226,0.2028,0.2601,0.351,0.4225524350890868,1.9793778147324363,1.9793778147324363,0
48032,Pelago,Firenze,9,43.771824,11.50463,0.1471,0.1322,0.1596,0.0515,0.0558,0.0343,0.0624,0.0686,0.046,0.3129,0.3957,0.5257,1.0042216379728406,2.505922430678514,2.505922430678514,0
17166,Rovato,Brescia,3,45.567038,9.998601,0.1392,0.1155,0.1517,0.0388,0.0407,0.0282,0.0523,0.0544,0.0403,0.3053,0.3849,0.5115,0.8694658202684006,1.9975549551225862,1.9975549551225862,0
16251,Solza,Bergamo,3,45.677143,9.488937,0.0776,0.0603,0.0846,0.0244,0.0274,0.0088,0.0318,0.0345,0.0154,0.178,0.2331,0.3251,1.4660958869614475,0.9323594488438454,0.9323594488438454,0
33037,Pontenure,Piacenza,8,44.999165,9.788569,0.0987,0.0755,0.109,0.0355,0.0381,0.0185,0.0438,0.0479,0.0268,0.2226,0.2812,0.3752,1.1840470885630496,3.906112341859466,3.906112341859466,0
65010,Atena Lucana,Salerno,15,40.455111,15.557264,0.2224,0.1829,0.2308,0.0516,0.0537,0.037,0.0686,0.0707,0.0522,0.4118,0.5694,0.8321,0.9747934420243489,3.6035830083674436,3.6035830083674436,0
5011,Bubbio,Asti,1,44.663673,8.295134,0.0483,0.0252,0.0546,0.0178,0.0214,0.0,0.0223,0.0266,0.0,0.1051,0.1278,0.1628,1.3966951132476069,1.1566865022143122,1.1566865022143122,0
17096,Lumezzane,Brescia,3,45.648258,10.264546,0.1459,0.1365,0.1574,0.0399,0.0432,0.0325,0.0536,0.0565,0.0459,0.3198,0.4169,0.5641,0.8088781145727998,1.4522643538367725,1.4522643538367725,0
43055,Urbisaglia,Macerata,11,43.196608,13.376571,0.1745,0.1429,0.1936,0.0563,0.0597,0.0403,0.0707,0.0754,0.0546,0.3541,0.4536,0.5999,1.4710031575404872,2.93976183096435,2.93976183096435,0
1216,Rivara,Torino,1,45.332553,7.632916,0.0515,0.0283,0.0608,0.0213,0.0247,0.0,0.0264,0.0303,0.0091,0.1162,0.1372,0.1685,1.3179905567001051,3.287811399310577,3.287811399310577,0
26017,Cimadolmo,Treviso,5,45.787138,12.361633,0.1757,0.1548,0.2144,0.047,0.0489,0.04,0.061,0.0652,0.0531,0.3696,0.4932,0.694,1.2170689113945674,2.078026076146204,2.078026076146204,0
17034,Calvisano,Brescia,3,45.348052,10.345921,0.1397,0.1282,0.1495,0.0373,0.0395,0.0282,0.048,0.0515,0.0411,0.3059,0.4028,0.5591,1.4909706650358823,1.9792030604508464,1.9792030604508464,0
4104,Lagnasco,Cuneo,1,44.624928,7.555576,0.1088,0.0812,0.1202,0.0318,0.0341,0.0167,0.0397,0.0432,0.0247,0.2112,0.2643,0.3456,1.4926653020615557,3.8747902548244606,3.8747902548244606,0
24071,Nanto,Vicenza,5,45.421995,11.605006,0.1049,0.0955,0.1169,0.0331,0.0364,0.0267,0.0401,0.0458,0.0373,0.2287,0.2962,0.415,1.225174897534117,3.909322980590314,3.909322980590314,0
9064,Vado Ligure,Savona,7,44.27144,8.43822,0.057,0.0346,0.0641,0.0186,0.0219,0.0,0.0244,0.028,0.0,0.1233,0.1552,0.206,1.3603376877055193,2.7306639434529583,2.7306639434529583,0
80038,Gioia Tauro,Reggio di Calabria,18,38.423974,15.898995,0.2626,0.2235,0.286,0.0667,0.0677,0.0472,0.0894,0.0924,0.0655,0.5293,0.7199,1.02,1.1742402813969535,2.153894146432697,2.153894146432697,0
28007,Arzergrande,Padova,5,45.27286,12.053944,0.0616,0.0494,0.0706,0.0265,0.0296,0.0129,0.0319,0.0351,0.0177,0.1321,0.159,0.2029,1.2454312051759808,1.887032389562081,1.887032389562081,0
28023,Carmignano di Brenta,Padova,5,45.628771,11.699861,0.161,0.1421,0.1758,0.0419,0.0448,0.0369,0.0563,0.0587,0.0483,0.3325,0.436,0.6027,1.2908424609204148,0.9863226024322319,0.9863226024322319,0
24062,Montecchio Precalcino,Vicenza,5,45.665781,11.563302,0.1647,0.1444,0.1793,0.0439,0.0472,0.0382,0.0588,0.0616,0.0505,0.3473,0.4524,0.6222,1.8824121976071215,0.49284175208696795,0.49284175208696795,0
3108,Oleggio,Novara,1,45.597231,8.637068,0.0372,0.0129,0.0435,0.0142,0.0179,0.0,0.0178,0.022,0.0,0.0793,0.0934,0.1167,1.5150434634076355,1.0729052843011937,1.0729052843011937,0
108027,Limbiate,Monza e della Brianza,3,45.598605,9.119731,0.0441,0.0211,0.0518,0.0174,0.0207,0.0,0.0219,0.026,0.0,0.1016,0.1232,0.1548,1.074115056463066,1.9483028653666112,1.9483028653666112,0
4179,Racconigi,Cuneo,1,44.769819,7.678887,0.0681,0.0482,0.0787,0.0279,0.0306,0.0127,0.0347,0.0379,0.0185,0.168,0.2054,0.2615,0.9979385073157373,4.643923419248252,4.643923419248252,0
108040,Seveso,Monza e della Brianza,3,45.643466,9.137379,0.0448,0.022,0.0523,0.0171,0.0203,0.0,0.0215,0.0256,0.0,0.0996,0.121,0.1518,1.0659179021167204,1.587167116022028,1.587167116022028,0
31009,Grado,Gorizia,6,45.677692,13.386443,0.0797,0.0745,0.0926,0.0301,0.0337,0.0229,0.037,0.0411,0.0312,0.1886,0.2382,0.3137,0.6453998460115303,3.625106893945289,3.625106893945289,0
16160,Pedrengo,Bergamo,3,45.695982,9.734955,0.1208,0.0968,0.1305,0.0313,0.0333,0.0166,0.0406,0.0429,0.0274,0.2566,0.3402,0.4532,0.32786620207596723,4.279249322592259,4.279249322592259,0
19081,Ripalta Cremasca,Cremona,3,45.32856,9.679244,0.0823,0.065,0.0911,0.0287,0.0315,0.0134,0.0355,0.0383,0.0196,0.1775,0.223,0.2952,0.5552305933719544,2.9034516800685766,2.9034516800685766,0
17080,Gottolengo,Brescia,3,45.291033,10.269829,0.1188,0.1055,0.1263,0.0354,0.0377,0.0241,0.0447,0.0481,0.0355,0.2735,0.3587,0.4988,0.8802739773787667,2.795677479190967,2.795677479190967,0
24036,Creazzo,Vicenza,5,45.532053,11.478581,0.1527,0.1341,0.1662,0.0386,0.0414,0.0353,0.053,0.055,0.0454,0.3124,0.4102,0.5671,1.2804702219028936,2.343048725668705,2.343048725668705,0
97022,Civate,Lecco,3,45.828081,9.342944,0.0524,0.0315,0.0593,0.019,0.0224,0.0,0.0242,0.0282,0.0,0.1168,0.1425,0.182,1.4237758239874707,1.8191680512052735,1.8191680512052735,0
7004,Arnad,Valle d'Aosta/Vallée d'Aoste,2,45.644475,7.722183,0.0532,0.0311,0.063,0.0226,0.0256,0.0,0.0281,0.0316,0.0112,0.1252,0.149,0.1821,1.2682124050131103,2.272689103467881,2.272689103467881,0
27035,Santa Maria di Sala,Venezia,5,45.505036,12.033868,0.098,0.0901,0.1067,0.0326,0.0363,0.0273,0.0396,0.0452,0.0369,0.224,0.2897,0.4152,0.8673444061482206,4.163758970819124,4.163758970819124,0
77014,Matera,Matera,17,40.447642,16.473574,0.1166,0.0917,0.1259,0.039,0.0422,0.0281,0.0499,0.0537,0.0373,0.2576,0.3228,0.4187,1.2917420458391644,3.0632190410639124,3.0632190410639124,0
39006,Castel Bolognese,Ravenna,8,44.320487,11.799258,0.2065,0.1627,0.2323,0.0665,0.0708,0.0514,0.0849,0.0907,0.067,0.4368,0.5382,0.6876,1.4227346353505956,1.5989494730196214,1.5989494730196214,0
39014,Ravenna,Ravenna,8,44.364061,12.059009,0.1835,0.1678,0.1891,0.0535,0.0563,0.0425,0.0671,0.0712,0.0587,0.397,0.516,0.6933,1.3413732133185892,3.887283883242518,3.887283883242518,0
13163,Novedrate,Como,3,45.698946,9.120498,0.0437,0.0206,0.0512,0.0168,0.0201,0.0,0.021,0.0253,0.0,0.0971,0.1183,0.1484,1.5342194933104483,1.1772695007340068,1.1772695007340068,0
103072,Verbania,Verbano-Cusio-Ossola,1,45.937663,8.52653,0.0445,0.0228,0.0516,0.0161,0.0187,0.0,0.0205,0.024,0.0,0.0984,0.1194,0.1486,1.3886404525629685,1.147211169784747,1.147211169784747,0
103054,Pieve Vergonte,Verbano-Cusio-Ossola,1,46.012976,8.260816,0.0648,0.0434,0.0731,0.0226,0.0246,0.0081,0.0294,0.0317,0.0136,0.1489,0.183,0.2321,1.4805946350686965,2.423880033768049,2.423880033768049,0
65099,Pontecagnano Faiano,Salerno,15,40.640904,14.881882,0.1024,0.0797,0.1116,0.0365,0.0388,0.0161,0.0455,0.0488,0.025,0.1968,0.2388,0.3005,0.4802260160959063,1.8608080849517816,1.8608080849517816,0
15211,Settimo Milanese,Milano,3,45.480309,9.055356,0.0436,0.0205,0.0515,0.0173,0.0205,0.0,0.0217,0.0257,0.0,0.0983,0.119,0.1479,1.3608295950035634,3.1943634628990223,3.1943634628990223,0
75045,Melpignano,Lecce,16,40.157081,18.293078,0.0557,0.0453,0.0682,0.014,0.0164,0.0,0.0187,0.0235,0.0,0.1129,0.1463,0.199,0.8270622392275436,4.053608083430877,4.053608083430877,0
17133,Palazzolo sull'Oglio,Brescia,3,45.599069,9.884966,0.136,0.1108,0.1484,0.0365,0.0379,0.0242,0.049,0.0514,0.0365,0.2947,0.3772,0.4958,0.24080440734899963,4.311355791416587,4.311355791416587,0
2158,Vercelli,Vercelli,1,45.555383,8.346284,0.0383,0.0141,0.0456,0.0148,0.0184,0.0,0.0185,0.0228,0.0,0.0819,0.0972,0.1208,1.0863505716899933,2.3709329290216448,2.3709329290216448,0
16008,Alzano Lombardo,Bergamo,3,45.733603,9.730494,0.1138,0.091,0.1221,0.0299,0.0321,0.015,0.0386,0.0406,0.0244,0.2374,0.3179,0.4299,0.47459732019597356,3.606546804843961,3.606546804843961,0
71029,Manfredonia,Foggia,16,41.625473,15.909593,0.1971,0.1353,0.2422,0.0529,0.0547,0.0362,0.0696,0.0755,0.0488,0.4091,0.5325,0.7288,1.3612910293480265,2.1857130722349907,2.1857130722349907,0
26003,Asolo,Treviso,5,45.800726,11.914244,0.2139,0.1907,0.2502,0.0543,0.0582,0.0472,0.0734,0.081,0.0648,0.4488,0.5912,0.8224,0.5298903562373732,2.6577924789958765,2.6577924789958765,0
4066,Ceva,Cuneo,1,44.387276,8.033048,0.0608,0.0359,0.0697,0.0212,0.0244,0.0,0.0273,0.0307,0.0104,0.1304,0.161,0.2033,1.537525790963635,2.48042163854818,2.48042163854818,0
16003,Albano Sant'Alessandro,Bergamo,3,45.686482,9.770656,0.1233,0.0987,0.1333,0.0333,0.035,0.0192,0.0439,0.0461,0.0309,0.272,0.3558,0.4718,1.0904148297560756,1.0099973481067053,1.0099973481067053,0
1220,Robassomero,Torino,1,45.200049,7.568917,0.0595,0.0391,0.0704,0.024,0.0269,0.008,0.0296,0.0331,0.0126,0.133,0.1595,0.1965,0.564899260253634,4.033259390907469,4.033259390907469,0
17043,Castenedolo,Brescia,3,45.471576,10.29831,0.1535,0.1345,0.1638,0.0403,0.0441,0.0329,0.0537,0.0573,0.0474,0.3422,0.4459,0.6048,0.4241609878269743,2.790950863317831,2.790950863317831,0
12108,Olgiate Olona,Varese,3,45.631,8.889841,0.0384,0.0144,0.0455,0.0151,0.0187,0.0,0.0188,0.0231,0.0,0.0844,0.101,0.125,1.3190611190781745,3.658893967528547,3.658893967528547,0
33013,Castel San Giovanni,Piacenza,8,45.059067,9.434178,0.094,0.0745,0.1045,0.029,0.0319,0.0121,0.0361,0.0388,0.0187,0.2015,0.2675,0.3684,0.24104759425735633,2.7774908261596605,2.7774908261596605,0
47014,Pistoia,Pistoia,9,43.974096,10.868708,0.1754,0.1543,0.1982,0.0531,0.0568,0.0375,0.0665,0.0716,0.0539,0.3611,0.4607,0.6131,0.9025469720462492,2.8518960409663046,2.8518960409663046,0
16081,Comun Nuovo,Bergamo,3,45.622911,9.663127,0.1169,0.0935,0.1257,0.0299,0.0321,0.0149,0.0387,0.0407,0.0247,0.2433,0.325,0.4372,1.2844815830408731,3.220821100222488,3.220821100222488,0
40001,Bagno di Romagna,Forlì-Cesena,8,43.835227,11.959598,0.2083,0.1883,0.2325,0.0691,0.074,0.0541,0.0875,0.0935,0.0729,0.4389,0.5474,0.7161,1.1323194011786757,1.3257176010557488,1.3257176010557488,0
87029,Misterbianco,Catania,19,37.519172,15.007936,0.1982,0.1749,0.2331,0.0639,0.0708,0.0384,0.078,0.0867,0.0519,0.4322,0.5628,0.7927,0.9903256444468261,1.186961891300367,1.186961891300367,0
108001,Agrate Brianza,Monza e della Brianza,3,45.576173,9.350948,0.0601,0.0409,0.0681,0.0215,0.0248,0.0,0.0278,0.0311,0.011,0.139,0.1746,0.2328,1.047374101763419,1.3550256749512826,1.3550256749512826,0
23022,Castelnuovo del Garda,Verona,5,45.4384,10.760479,0.1606,0.1399,0.1774,0.0422,0.0464,0.038,0.0566,0.0612,0.0498,0.3454,0.4507,0.6216,0.6109210869273836,3.2376075032516227,3.2376075032516227,0
54045,Sant'Anatolia di Narco,Perugia,10,42.733758,12.835586,0.2456,0.2185,0.2649,0.073,0.0764,0.0591,0.0927,0.0968,0.0798,0.5017,0.6436,0.8608,1.0438727540692314,2.9165898634138627,2.9165898634138627,0
27019,Jesolo,Venezia,5,45.536709,12.638334,0.0707,0.0605,0.0786,0.0271,0.0302,0.0155,0.033,0.0362,0.0218,0.1494,0.1812,0.2456,1.0404045871715841,0.6846500105396757,0.6846500105396757,0
28016,Cadoneghe,Padova,5,45.458648,11.920175,0.0944,0.0843,0.103,0.032,0.0356,0.0255,0.0388,0.044,0.0357,0.2131,0.2708,0.3802,0.8712646605516676,1.818361442551058,1.818361442551058,0
13041,Cantù,Como,3,45.739535,9.129103,0.043,0.0197,0.0505,0.0165,0.0198,0.0,0.0206,0.0249,0.0,0.0945,0.1153,0.144,0.603153435985401,1.9520622512888524,1.9520622512888524,0
8031,Imperia,Imperia,7,43.958375,7.866743,0.1618,0.1246,0.1877,0.0302,0.0359,0.0229,0.044,0.052,0.0363,0.328,0.4282,0.5895,1.2118697994591865,0.9755372066840445,0.9755372066840445,0
24061,Montecchio Maggiore,Vicenza,5,45.505079,11.408445,0.1528,0.1343,0.1672,0.04,0.0432,0.036,0.0543,0.0565,0.0467,0.3239,0.4237,0.5872,0.9519706430909932,2.1342969535283043,2.1342969535283043,0
22139,Pergine Valsugana,Trento,4,46.060529,11.240675,0.0765,0.0696,0.0911,0.0286,0.0324,0.0206,0.035,0.0389,0.0285,0.1731,0.222,0.292,1.0849838278711679,2.2180198273874496,2.2180198273874496,0
13138,Lurate Caccivio,Como,3,45.764583,8.991472,0.0392,0.0153,0.0464,0.0153,0.0188,0.0,0.019,0.0233,0.0,0.0856,0.103,0.1276,0.9872513409675422,1.8712831505665253,1.8712831505665253,0
99003,Coriano,Rimini,8,43.965186,12.602374,0.1845,0.168,0.2093,0.0508,0.0554,0.0396,0.0659,0.0708,0.057,0.4096,0.5374,0.7413,0.8693291770500806,2.4873324259426806,2.4873324259426806,0
31022,Savogna d'Isonzo,Gorizia,6,45.905882,13.574864,0.1919,0.1723,0.2351,0.0483,0.0509,0.041,0.063,0.0683,0.055,0.3763,0.495,0.6846,1.678280418914055,2.7812771682233652,2.7812771682233652,0
23021,Castel d'Azzano,Verona,5,45.355884,10.952988,0.1465,0.1287,0.1604,0.0381,0.0409,0.0344,0.0516,0.0542,0.0449,0.3118,0.41,0.5677,1.1022119194914783,2.422756981748024,2.422756981748024,0
27008,Chioggia,Venezia,5,45.218894,12.27858,0.0567,0.037,0.064,0.0243,0.0276,0.0083,0.0295,0.033,0.0128,0.1211,0.1444,0.1783,0.5974352226272771,1.2733725225395123,1.2733725225395123,0
44015,Comunanza,Ascoli Piceno,11,42.956852,13.412872,0.181,0.1382,0.2006,0.0596,0.064,0.0427,0.0749,0.0796,0.0567,0.3693,0.4792,0.6279,0.7252042026464138,2.6380714219031836,2.6380714219031836,0
37050,Sala Bolognese,Bologna,8,44.629603,11.272748,0.161,0.1493,0.1776,0.0487,0.0523,0.0379,0.0598,0.0651,0.0531,0.3806,0.4963,0.6718,0.398744961298852,3.686510528453187,3.686510528453187,0
96032,Masserano,Biella,1,45.594632,8.224249,0.0399,0.0169,0.0484,0.0158,0.0192,0.0,0.0194,0.0239,0.0,0.0858,0.1029,0.127,0.45793028235353767,3.2247035433040474,3.2247035433040474,0
28087,Solesino,Padova,5,45.177332,11.743372,0.0632,0.0543,0.0726,0.0282,0.0317,0.0153,0.0336,0.0373,0.0206,0.1374,0.1665,0.2047,0.8347531040479294,2.8146808153265477,2.8146808153265477,0
42045,Senigallia,Ancona,11,43.714906,13.217742,0.1814,0.1635,0.2207,0.0463,0.0512,0.0377,0.0599,0.0676,0.0575,0.3922,0.5216,0.7311,1.008479331495326,2.247409922578544,2.247409922578544,0
16206,Spirano,Bergamo,3,45.582078,9.668856,0.1182,0.0946,0.1273,0.0303,0.0325,0.0154,0.0392,0.0414,0.0254,0.2451,0.327,0.4392,1.5971717061356516,3.6295476208298925,3.6295476208298925,0
41058,Sant'Ippolito,Pesaro e Urbino,11,43.685715,12.871689,0.1805,0.1688,0.1914,0.0535,0.0568,0.0404,0.0679,0.0725,0.0566,0.3874,0.5051,0.6815,1.1873202812417707,0.5001817822645304,0.5001817822645304,0
23073,San Martino Buon Albergo,Verona,5,45.421687,11.09689,0.1552,0.1358,0.1712,0.0399,0.0435,0.0362,0.0539,0.0568,0.0468,0.3275,0.4286,0.5935,0.6508619562898394,3.104550288310277,3.104550288310277,0
35027,Montecchio Emilia,Reggio nell'Emilia,8,44.700451,10.446413,0.1533,0.118,0.1658,0.049,0.0544,0.0349,0.0608,0.069,0.0466,0.3406,0.4231,0.545,0.9446233062692401,2.3554369496362004,2.3554369496362004,0
41022,Lunano,Pesaro e Urbino,11,43.730475,12.441417,0.1748,0.1365,0.1967,0.0578,0.0611,0.0406,0.0729,0.077,0.0546,0.3584,0.4574,0.6035,0.8733031934633072,1.2227827525087607,1.2227827525087607,0
30129,Udine,Udine,6,46.063463,13.235838,0.2024,0.1795,0.2483,0.0578,0.0617,0.0506,0.0754,0.0847,0.0675,0.4493,0.5919,0.819,1.266002639288616,4.46024972154096,4.46024972154096,0
26052,Ormelle,Treviso,5,45.779103,12.420337,0.1636,0.1438,0.1992,0.0448,0.0463,0.0384,0.0578,0.0614,0.0501,0.3388,0.453,0.6387,1.6556962241961748,0.47371569075337483,0.47371569075337483,0
89012,Melilli,Siracusa,19,37.178288,15.126621,0.2627,0.2093,0.3148,0.0467,0.0512,0.0422,0.0652,0.0761,0.0585,0.5132,0.7139,1.0217,0.9074729996906903,1.335985566160712,1.335985566160712,0
39008,Conselice,Ravenna,8,44.512758,11.829174,0.1712,0.1552,0.1825,0.0515,0.0546,0.0409,0.0642,0.0686,0.0567,0.395,0.5115,0.6922,1.180584367765635,2.6384165473204297,2.6384165473204297,0
16242,Villongo,Bergamo,3,45.673042,9.933834,0.132,0.1073,0.1436,0.0362,0.0376,0.0238,0.0482,0.0503,0.0355,0.2863,0.3686,0.4856,1.0006158441433157,2.192222134286692,2.192222134286692,0
4100,Grinzane Cavour,Cuneo,1,44.65334,7.995036,0.0497,0.0246,0.0577,0.0197,0.023,0.0,0.0248,0.0285,0.0,0.1106,0.1314,0.1618,0.8924483229419206,1.5600539697190905,1.5600539697190905,0
48006,Campi Bisenzio,Firenze,9,43.821634,11.136678,0.1318,0.1152,0.1395,0.0464,0.0512,0.0281,0.0557,0.0617,0.0368,0.2791,0.3566,0.4729,0.3868436471087199,1.184323639141744,1.184323639141744,0
23041,Isola Rizza,Verona,5,45.291198,11.19818,0.1126,0.1008,0.1247,0.0349,0.0377,0.0289,0.0431,0.0482,0.0395,0.2596,0.3432,0.4806,0.9425590286605378,3.2617010829970106,3.2617010829970106,0
23048,Minerbe,Verona,5,45.240862,11.334839,0.0909,0.0823,0.1039,0.0327,0.0355,0.024,0.0391,0.0432,0.0331,0.2131,0.2715,0.3728,1.074578625571645,4.046844370951763,4.046844370951763,0
42034,Osimo,Ancona,11,43.486136,13.482407,0.1831,0.165,0.2177,0.0478,0.0527,0.0383,0.0617,0.069,0.058,0.3989,0.5287,0.738,1.110088403932274,0.8546603059030587,0.8546603059030587,0
33046,Villanova sull'Arda,Piacenza,8,45.026005,9.997061,0.1025,0.0817,0.1132,0.0349,0.0377,0.0186,0.0425,0.0468,0.0264,0.212,0.2655,0.357,1.408752493230666,3.3456839331606494,3.3456839331606494,0
4089,Fossano,Cuneo,1,44.549349,7.725016,0.0729,0.0512,0.0832,0.027,0.0297,0.0122,0.0338,0.0369,0.0177,0.1611,0.194,0.2427,0.6074692416875707,1.3989104635967111,1.3989104635967111,0
92074,Sestu,Cagliari,20,39.294248,9.092972,0.0,0.0,0.0,0.0,0.0,0.0,0.0,0.0,0.0,0.0,0.0,0.0,328.26619325421206,325.87681727894034,325.87681727894034,1
25048,Santa Giustina,Belluno,5,46.083884,12.043238,0.2253,0.202,0.2745,0.0567,0.0609,0.0498,0.0766,0.085,0.068,0.4725,0.624,0.8669,1.3988849643902,1.2083287331486556,1.2083287331486556,0
13087,Dizzasco,Como,3,45.943782,9.099736,0.0395,0.0158,0.047,0.0155,0.019,0.0,0.0192,0.0236,0.0,0.087,0.1053,0.1305,1.805401817372894,1.7428816786533692,1.7428816786533692,0
58117,Ardea,Roma,12,41.608712,12.519382,0.1228,0.064,0.1453,0.0389,0.0444,0.015,0.0522,0.0567,0.0221,0.2892,0.3606,0.4614,1.3971510086392165,4.354017178214541,4.354017178214541,0
93005,Azzano Decimo,Pordenone,6,45.88142,12.714314,0.1504,0.1326,0.1811,0.0445,0.0465,0.0385,0.0576,0.0598,0.0497,0.3201,0.4259,0.5983,1.4378295463337363,1.4853483789670605,1.4853483789670605,0
4003,Alba,Cuneo,1,44.700724,8.035779,0.0471,0.0219,0.0549,0.0195,0.0229,0.0,0.0244,0.0282,0.0,0.1077,0.128,0.1574,1.0613345769621545,3.725658080974568,3.725658080974568,0
20014,Castel d'Ario,Mantova,3,45.189008,10.97513,0.093,0.0818,0.104,0.0337,0.0365,0.0259,0.0401,0.0448,0.0353,0.2232,0.2837,0.3918,1.1797239824148076,4.3513986478687405,4.3513986478687405,0
26021,Conegliano,Treviso,5,45.886217,12.297757,0.2313,0.2071,0.2814,0.0579,0.0627,0.0513,0.0782,0.0871,0.0695,0.4809,0.6348,0.8799,0.7475478914906452,3.090907475617058,3.090907475617058,0
24090,Salcedo,Vicenza,5,45.75878,11.564978,0.1659,0.1463,0.1812,0.0442,0.0474,0.0383,0.0592,0.0615,0.0506,0.3456,0.4505,0.6183,1.0964521817556685,1.4486718093603115,1.4486718093603115,0
24060,Montebello Vicentino,Vicenza,5,45.457216,11.385366,0.1432,0.1266,0.156,0.0387,0.0415,0.0353,0.0529,0.055,0.0455,0.3167,0.4155,0.5765,0.5407931099546321,3.6367203226588805,3.6367203226588805,0
1046,Cafasse,Torino,1,45.24596,7.517235,0.0654,0.0457,0.0759,0.0257,0.0284,0.0102,0.0319,0.0351,0.0151,0.1473,0.1769,0.2213,0.9128567505708621,1.5661375957266939,1.5661375957266939,0
26068,Riese Pio X,Treviso,5,45.729222,11.917005,0.1939,0.1723,0.224,0.0497,0.0516,0.0422,0.0664,0.0713,0.0579,0.4057,0.5359,0.749,0.9081918493211633,0.505403944137197,0.505403944137197,0
15086,Cormano,Milano,3,45.544513,9.167621,0.0475,0.0254,0.055,0.0178,0.0211,0.0,0.0224,0.0264,0.0,0.1035,0.1252,0.1574,1.2378093736688434,3.4585553051740865,3.4585553051740865,0
87049,Scordia,Catania,19,37.296429,14.846239,0.251,0.199,0.3011,0.0481,0.0518,0.0419,0.0666,0.0768,0.0586,0.5076,0.7041,1.0074,1.3368802607013601,3.307447330557406,3.307447330557406,0
54001,Assisi,Perugia,10,43.071195,12.614667,0.2309,0.2097,0.2535,0.0716,0.0754,0.06,0.0942,0.0978,0.0808,0.5046,0.6394,0.8387,0.8742590740208028,1.9772610455001647,1.9772610455001647,0
54022,Gualdo Cattaneo,Perugia,10,42.909409,12.555816,0.1996,0.1816,0.2172,0.064,0.0685,0.0503,0.0794,0.0852,0.0672,0.4193,0.5311,0.6959,1.511147318070653,3.408930199894045,3.408930199894045,0
54026,Magione,Perugia,10,43.142737,12.203496,0.1639,0.1477,0.1783,0.0559,0.0603,0.04,0.0685,0.0751,0.054,0.3555,0.4457,0.5781,1.122713857472917,2.3719488853197044,2.3719488853197044,0
17147,Poncarale,Brescia,3,45.460663,10.173909,0.1462,0.135,0.1582,0.0389,0.0412,0.029,0.0517,0.0542,0.0411,0.3075,0.4052,0.5517,1.0048839196995107,4.090485247787198,4.090485247787198,0
10012,Casella,Genova,7,44.535586,8.996786,0.0894,0.0701,0.0994,0.027,0.0298,0.0105,0.0344,0.037,0.0172,0.1958,0.2601,0.3608,0.944584093937585,1.690063422243806,1.690063422243806,0
97020,Cernusco Lombardone,Lecco,3,45.69286,9.400698,0.0641,0.046,0.0715,0.0216,0.0249,0.0,0.0282,0.0314,0.0114,0.1456,0.1843,0.2498,1.3856957100083034,2.9829248789759606,2.9829248789759606,0
33024,Gragnano Trebbiense,Piacenza,8,45.013163,9.568964,0.0966,0.0759,0.1071,0.0317,0.0345,0.0147,0.0386,0.0422,0.0215,0.2069,0.2672,0.3703,1.6592404334300561,3.8227188560704097,3.8227188560704097,0
43043,Potenza Picena,Macerata,11,43.366409,13.620695,0.1831,0.1651,0.2148,0.0475,0.0522,0.0376,0.0611,0.0683,0.0571,0.398,0.528,0.7377,1.1674390429498456,2.1972552023011565,2.1972552023011565,0
15051,Carugate,Milano,3,45.549774,9.343749,0.0604,0.0409,0.0685,0.0215,0.0248,0.0,0.0278,0.0311,0.011,0.139,0.1746,0.2328,1.0376557343582116,1.8687650068797144,1.8687650068797144,0
50001,Bientina,Pisa,9,43.710184,10.620321,0.1175,0.0994,0.1279,0.0418,0.0462,0.0202,0.0516,0.0567,0.03,0.255,0.3321,0.4424,1.1950890121335642,3.972999254704843,3.972999254704843,0
20045,Porto Mantovano,Mantova,3,45.192526,10.755221,0.099,0.0886,0.1106,0.034,0.0367,0.0253,0.041,0.0455,0.0357,0.2292,0.2934,0.408,1.4076655741472746,3.543177482517745,3.543177482517745,0
42036,Ostra Vetere,Ancona,11,43.603749,13.058186,0.1847,0.1734,0.1972,0.0528,0.0563,0.0406,0.067,0.0721,0.0568,0.3999,0.5265,0.7132,0.33470125503144055,2.9367161170922325,2.9367161170922325,0
30057,Martignacco,Udine,6,46.097922,13.136825,0.2091,0.1861,0.2573,0.0571,0.0608,0.0498,0.0742,0.0829,0.0664,0.4388,0.5779,0.8,1.343031898697215,1.691185328892689,1.691185328892689,0
15192,San Donato Milanese,Milano,3,45.41807,9.27165,0.0546,0.0331,0.0621,0.0211,0.0246,0.0,0.0269,0.0305,0.0099,0.1267,0.1553,0.1979,0.40967272472073835,2.3671967009218355,2.3671967009218355,0
58119,San Cesareo,Roma,12,41.819196,12.800334,0.1698,0.105,0.2003,0.0571,0.0622,0.0322,0.0745,0.079,0.0425,0.3757,0.4573,0.5737,0.9569349251400789,2.595751281372563,2.595751281372563,0
63050,Nola,Napoli,15,40.921083,14.53274,0.1814,0.133,0.1948,0.0514,0.0536,0.0301,0.0673,0.0727,0.0436,0.3583,0.4488,0.6215,0.7202058934143962,2.0697555167935713,2.0697555167935713,0
67011,Castellalto,Teramo,13,42.678042,13.821589,0.177,0.1438,0.1945,0.0554,0.0586,0.0384,0.0702,0.0746,0.053,0.3563,0.4576,0.6035,0.9061166618603371,1.1982039522069967,1.1982039522069967,0
40022,Modigliana,Forlì-Cesena,8,44.161163,11.793528,0.2107,0.1571,0.2393,0.0719,0.0767,0.053,0.0912,0.0974,0.0678,0.4528,0.555,0.7045,0.9978628990326954,2.9861488909234546,2.9861488909234546,0
15081,Cologno Monzese,Milano,3,45.528554,9.278224,0.0554,0.0345,0.0627,0.0203,0.0238,0.0,0.0261,0.0297,0.0091,0.1248,0.1536,0.1971,1.576043902403737,2.0139418412011127,2.0139418412011127,0
48038,San Casciano in Val di Pesa,Firenze,9,43.65696,11.185668,0.122,0.1057,0.1279,0.0429,0.0481,0.0223,0.0518,0.0577,0.0314,0.2625,0.3431,0.461,1.1735970012387757,2.7288431418556223,2.7288431418556223,0
72015,Casamassima,Bari,16,40.957131,16.920388,0.0711,0.059,0.0786,0.0262,0.0285,0.0135,0.0329,0.0355,0.0192,0.1431,0.18,0.2282,1.3456580821624347,3.0064642837237097,3.0064642837237097,0
48044,Signa,Firenze,9,43.780693,11.096453,0.1271,0.1107,0.1329,0.0441,0.0491,0.0245,0.0532,0.059,0.033,0.2677,0.3468,0.463,1.2995944112946602,3.9771407464344617,3.9771407464344617,0
14026,Delebio,Sondrio,3,46.13609,9.46064,0.0454,0.0234,0.0539,0.0184,0.0218,0.0,0.0229,0.0271,0.0,0.1053,0.1261,0.1568,1.6038183439297728,2.0090891612225543,2.0090891612225543,0
33035,Podenzano,Piacenza,8,44.956363,9.684967,0.1009,0.0781,0.112,0.0339,0.0366,0.0167,0.0413,0.0455,0.0245,0.2145,0.2727,0.3784,1.7712780647252908,2.2124643685968284,2.2124643685968284,0
37053,San Giovanni in Persiceto,Bologna,8,44.638978,11.187131,0.1596,0.1488,0.1779,0.047,0.0506,0.0367,0.0582,0.0628,0.0519,0.3728,0.4861,0.6719,0.6276774522889987,3.1192007917120734,3.1192007917120734,0
26015,Cessalto,Treviso,5,45.712596,12.612314,0.1027,0.0947,0.1111,0.0339,0.0377,0.0305,0.0421,0.047,0.0387,0.2279,0.2882,0.4046,0.44052085110808636,3.029759471489717,3.029759471489717,0
3091,Marano Ticino,Novara,1,45.62987,8.631632,0.0373,0.0132,0.0437,0.0142,0.0179,0.0,0.0178,0.022,0.0,0.0798,0.0942,0.1177,1.3337340394565984,0.8548500759684634,0.8548500759684634,0
35024,Guastalla,Reggio nell'Emilia,8,44.921152,10.653998,0.1012,0.0917,0.1042,0.0366,0.0396,0.0231,0.0445,0.0492,0.0325,0.2385,0.3207,0.4324,1.4769286680800795,2.716525307337978,2.716525307337978,0
56059,Viterbo,Viterbo,12,42.493689,11.945068,0.1405,0.0983,0.1593,0.0466,0.0503,0.022,0.0585,0.0633,0.0323,0.3027,0.3748,0.4799,0.9435599365568854,2.673223064170923,2.673223064170923,0
36042,Serramazzoni,Modena,8,44.422462,10.789147,0.1584,0.1199,0.1747,0.0551,0.0606,0.0395,0.0682,0.0763,0.0513,0.3522,0.4416,0.5638,1.5895422248037119,3.7044911858978455,3.7044911858978455,0
13048,Carugo,Como,3,45.709225,9.194574,0.0461,0.0237,0.0534,0.0177,0.021,0.0,0.0224,0.0264,0.0,0.1057,0.1282,0.1624,0.9667608520869188,0.5266942134823577,0.5266942134823577,0
24056,Marano Vicentino,Vicenza,5,45.692549,11.428756,0.164,0.1428,0.1791,0.0435,0.0466,0.0379,0.0577,0.061,0.0499,0.3425,0.4462,0.6142,0.5347641437679557,3.064644931467465,3.064644931467465,0
30031,Coseano,Udine,6,46.097007,13.019388,0.2104,0.1876,0.258,0.0575,0.0612,0.05,0.0749,0.0834,0.067,0.4425,0.5825,0.8063,1.1319618031103282,3.9928856109658364,3.9928856109658364,0
12122,Solbiate Olona,Varese,3,45.651379,8.887751,0.0384,0.0143,0.0453,0.0151,0.0187,0.0,0.0188,0.0231,0.0,0.0844,0.101,0.125,1.2989076052932145,3.3371605368186192,3.3371605368186192,0
99002,Cattolica,Rimini,8,43.963993,12.744152,0.1836,0.1656,0.2202,0.048,0.0532,0.0383,0.0625,0.0701,0.0584,0.4003,0.53,0.7392,0.5270617361847783,2.8934925878848072,2.8934925878848072,0
26005,Breda di Piave,Treviso,5,45.723727,12.331235,0.1512,0.1333,0.1846,0.0412,0.0439,0.0368,0.0552,0.0571,0.0474,0.3182,0.4269,0.6047,0.9604042533928867,1.7130905785792128,1.7130905785792128,0
1139,Luserna San Giovanni,Torino,1,44.815437,7.251318,0.1349,0.1023,0.1496,0.0408,0.043,0.0274,0.054,0.0568,0.0381,0.292,0.3623,0.4665,1.594468085457231,3.8820584719539815,3.8820584719539815,0
63011,Caivano,Napoli,15,40.957112,14.31023,0.1536,0.1077,0.1642,0.0445,0.0472,0.0212,0.0572,0.0602,0.0327,0.2899,0.3637,0.4746,1.504009597692246,3.9608035262105545,3.9608035262105545,0
40032,Predappio,Forlì-Cesena,8,44.102215,11.98162,0.2099,0.1595,0.2382,0.0714,0.076,0.0534,0.0906,0.0968,0.0684,0.4516,0.5539,0.7035,1.3520024814333418,3.6296220590081285,3.6296220590081285,0
81024,Petrosino,Trapani,19,37.71624,12.494547,0.0515,0.0277,0.0562,0.0143,0.0154,0.0,0.0194,0.0209,0.0,0.1103,0.1378,0.1802,1.1803868521386378,2.0369747441190635,2.0369747441190635,0
98032,Lodi Vecchio,Lodi,3,45.301075,9.416599,0.0665,0.0455,0.0746,0.0247,0.0279,0.0088,0.031,0.0342,0.0141,0.1499,0.1856,0.2435,0.2953826643621515,3.212819450929419,3.212819450929419,0
63023,Casoria,Napoli,15,40.904557,14.290122,0.1668,0.1175,0.1833,0.0457,0.0489,0.0238,0.06,0.0667,0.0369,0.34,0.4301,0.6096,1.0038270306236998,2.5894226843789956,2.5894226843789956,0
28003,Albignasego,Padova,5,45.347492,11.867209,0.0704,0.0649,0.0788,0.0291,0.0322,0.0176,0.035,0.0381,0.0244,0.1515,0.186,0.252,1.1617976478273715,2.9082207680498597,2.9082207680498597,0
13097,Eupilio,Como,3,45.818252,9.264711,0.0472,0.0252,0.0545,0.018,0.0213,0.0,0.0227,0.0268,0.0,0.1073,0.1299,0.1648,0.42677865316666225,0.7745858461779829,0.7745858461779829,0
28073,Saccolongo,Padova,5,45.403105,11.747553,0.0853,0.0791,0.0999,0.0318,0.0352,0.0242,0.0384,0.0433,0.0341,0.2061,0.2614,0.3575,1.2694923917041767,4.446181328793053,4.446181328793053,0
17052,Chiari,Brescia,3,45.536462,9.928846,0.1363,0.1121,0.1488,0.0379,0.0394,0.0264,0.0508,0.053,0.0385,0.3012,0.3806,0.503,1.1023151251814638,0.6015109013107738,0.6015109013107738,0
20003,Bagnolo San Vito,Mantova,3,45.092253,10.880429,0.0845,0.0745,0.0945,0.0326,0.036,0.0226,0.0384,0.043,0.0309,0.1907,0.2509,0.3268,1.0639283425759745,1.8649234972873963,1.8649234972873963,0
13045,Carbonate,Como,3,45.683657,8.940016,0.0388,0.0149,0.0459,0.0149,0.0186,0.0,0.0186,0.0229,0.0,0.0838,0.1003,0.1244,0.8923456263934507,3.3439759145725367,3.3439759145725367,0
26036,Loria,Treviso,5,45.728424,11.865585,0.1891,0.1677,0.2142,0.049,0.0511,0.0414,0.0651,0.0696,0.0567,0.3935,0.518,0.7209,0.8328387851738562,2.340240307120298,2.340240307120298,0
15012,Bareggio,Milano,3,45.477726,8.995973,0.0418,0.0186,0.0498,0.0166,0.0198,0.0,0.0206,0.0248,0.0,0.0922,0.1119,0.1377,1.5538701200199327,2.6899989228668693,2.6899989228668693,0
6094,Mirabello Monferrato,Alessandria,1,45.035552,8.523249,0.0452,0.0235,0.0528,0.0166,0.0199,0.0,0.0211,0.0253,0.0,0.1015,0.1243,0.1577,1.1180314068197534,1.9007045057531717,1.9007045057531717,0
13006,Alserio,Como,3,45.779103,9.199529,0.0458,0.0233,0.0531,0.0174,0.0207,0.0,0.0219,0.026,0.0,0.1025,0.1245,0.157,1.5875763942207681,2.2890338595831086,2.2890338595831086,0
52036,Trequanda,Siena,9,43.188939,11.667385,0.1411,0.1189,0.1544,0.0494,0.0537,0.0278,0.0603,0.0665,0.0382,0.3071,0.3904,0.5128,1.47534553423438,3.783159299050272,3.783159299050272,0
36006,Castelfranco Emilia,Modena,8,44.595024,11.052901,0.1642,0.1514,0.1689,0.0492,0.0529,0.0377,0.0607,0.066,0.0533,0.3681,0.4769,0.6425,0.9688369416452349,2.7125414937139434,2.7125414937139434,0
13133,Lomazzo,Como,3,45.69924,9.03436,0.0407,0.0173,0.0483,0.016,0.0194,0.0,0.0199,0.0243,0.0,0.0901,0.11,0.1361,1.707741685087984,2.5272611627915826,2.5272611627915826,0
30027,Codroipo,Udine,6,45.961117,12.978952,0.1456,0.1283,0.1731,0.0479,0.0499,0.0409,0.0609,0.0658,0.053,0.3409,0.4515,0.6295,1.0498874371740157,2.6861029126285,2.6861029126285,0
28083,Sant'Elena,Padova,5,45.187341,11.71205,0.0644,0.0556,0.0735,0.0282,0.0317,0.0153,0.0336,0.0373,0.0206,0.1374,0.1665,0.2047,1.155940045763445,1.8817531647557217,1.8817531647557217,0
24105,Thiene,Vicenza,5,45.705767,11.480256,0.1644,0.1438,0.1792,0.0439,0.0471,0.0381,0.0584,0.0615,0.0504,0.3452,0.4496,0.6183,1.5411739402746063,1.6284256438947144,1.6284256438947144,0
68011,Cepagatti,Pescara,13,42.364302,14.071795,0.174,0.129,0.1906,0.0527,0.0567,0.0348,0.0662,0.0715,0.0475,0.342,0.4383,0.5933,1.0976277827003114,3.7367217844740055,3.7367217844740055,0
6053,Castelnuovo Scrivia,Alessandria,1,44.980249,8.880356,0.0733,0.054,0.0812,0.0215,0.025,0.0,0.0286,0.0318,0.0114,0.1611,0.2113,0.3012,0.8531509677249712,2.5895322836498793,2.5895322836498793,0
8065,Ventimiglia,Imperia,7,43.791762,7.603313,0.1269,0.0969,0.1445,0.0245,0.0292,0.0147,0.0356,0.04,0.0254,0.2586,0.3419,0.4751,0.9690162256647864,0.5965527873647148,0.5965527873647148,0
11011,Castelnuovo Magra,La Spezia,7,44.099852,10.016942,0.1351,0.1229,0.1493,0.0446,0.048,0.0287,0.0555,0.0595,0.0386,0.2893,0.3714,0.4934,1.6406999627136527,1.9544307170515967,1.9544307170515967,0
34007,Busseto,Parma,8,44.980567,10.042075,0.1172,0.0918,0.1316,0.0371,0.0397,0.0204,0.0467,0.0508,0.03,0.2495,0.3318,0.4528,0.5211810998365564,1.5756814714279546,1.5756814714279546,0
108053,Cornate d'Adda,Monza e della Brianza,3,45.646699,9.465939,0.0759,0.0586,0.0827,0.0244,0.0274,0.0088,0.0318,0.0345,0.0154,0.178,0.2331,0.3251,1.4447866038111956,3.491983170738945,3.491983170738945,0
21007,Barbiano/Barbian,Bolzano/Bozen,4,46.603257,11.519816,0.052,0.0309,0.0586,0.0184,0.0217,0.0,0.0235,0.0271,0.0,0.1062,0.1284,0.1616,0.35379984674585524,2.07463003162337,2.07463003162337,0
24108,Torri di Quartesolo,Vicenza,5,45.519266,11.61712,0.1363,0.1203,0.1473,0.0361,0.0396,0.0333,0.0493,0.0525,0.0426,0.2859,0.3774,0.5242,0.722757099913669,2.218791513348606,2.218791513348606,0
43030,Montelupone,Macerata,11,43.34419,13.567594,0.1831,0.1673,0.207,0.0505,0.0545,0.0397,0.0643,0.0701,0.0569,0.4032,0.5299,0.7382,1.2735053539915562,1.4240196769144464,1.4240196769144464,0
26079,Segusino,Treviso,5,45.916678,11.953895,0.2259,0.2029,0.2715,0.0582,0.0638,0.0517,0.0793,0.0886,0.0702,0.4851,0.6392,0.8906,1.297796943520386,3.385535152937795,3.385535152937795,0
82013,Borgetto,Palermo,19,38.047103,13.142684,0.1786,0.1565,0.1928,0.0418,0.0435,0.0288,0.0594,0.0615,0.0458,0.3724,0.4815,0.6524,0.7573480529652156,3.788818457863444,3.788818457863444,0
15061,Cassinetta di Lugagnano,Milano,3,45.423576,8.908314,0.0406,0.0174,0.0485,0.0163,0.0196,0.0,0.0203,0.0244,0.0,0.0901,0.1097,0.1345,1.415325001640125,3.944642337563222,3.944642337563222,0
32006,Trieste,Trieste,6,45.650481,13.793126,0.1182,0.1,0.1264,0.0312,0.0355,0.0273,0.0412,0.0463,0.0372,0.235,0.3028,0.4072,0.5164460662881293,2.665986494881032,2.665986494881032,0
83060,Naso,Messina,19,38.122118,14.78898,0.1747,0.151,0.1916,0.0551,0.0573,0.0362,0.0701,0.0732,0.0495,0.343,0.4481,0.5941,1.4384970261172136,3.4365202037151343,3.4365202037151343,0
29041,Rovigo,Rovigo,5,44.977206,12.27419,0.0578,0.0415,0.067,0.0255,0.0289,0.0098,0.0309,0.0343,0.0145,0.1244,0.1477,0.1805,0.9445929099663414,1.7036460807773204,1.7036460807773204,0
20027,Gonzaga,Mantova,3,44.952488,10.822623,0.1079,0.0994,0.1194,0.0351,0.0383,0.0227,0.0418,0.0471,0.033,0.2529,0.3274,0.4648,1.4496277998033726,1.7250637738081986,1.7250637738081986,0
15071,Cerro al Lambro,Milano,3,45.329969,9.339053,0.0601,0.039,0.0686,0.0235,0.0268,0.0,0.0296,0.033,0.0125,0.1432,0.1781,0.2356,1.337962531259787,3.846474369398299,3.846474369398299,0
31012,Monfalcone,Gorizia,6,45.804945,13.533059,0.1382,0.1222,0.1605,0.0384,0.041,0.0347,0.0496,0.0537,0.0442,0.2774,0.3653,0.5057,0.9020994353520251,3.8461308189633514,3.8461308189633514,0
59007,Fondi,Latina,12,41.357285,13.430031,0.0848,0.0651,0.0953,0.0351,0.0378,0.0175,0.0416,0.0457,0.0248,0.1741,0.2085,0.2588,1.2465344293748029,2.589643421533043,2.589643421533043,0
28042,Grantorto,Padova,5,45.600775,11.730956,0.1506,0.1332,0.1647,0.0419,0.0448,0.0369,0.0563,0.0587,0.0483,0.3325,0.436,0.6027,0.8830136559048684,3.6941255790592216,3.6941255790592216,0
15242,Vimodrone,Milano,3,45.512832,9.284672,0.0555,0.0345,0.0628,0.0203,0.0238,0.0,0.0261,0.0297,0.0091,0.1248,0.1536,0.1971,0.8434428361743675,0.1268172762048328,0.1268172762048328,0
46007,Capannori,Lucca,9,43.842039,10.573525,0.1296,0.1143,0.1358,0.0439,0.0483,0.0258,0.0538,0.0588,0.0354,0.2777,0.357,0.4748,0.5781436753534952,0.9344367234779359,0.9344367234779359,0
26055,Paese,Treviso,5,45.672731,12.153611,0.1514,0.1342,0.1837,0.0426,0.0446,0.0374,0.0568,0.0596,0.049,0.3439,0.4614,0.6544,0.9315860076073623,2.42625121243743,2.42625121243743,0
28050,Massanzago,Padova,5,45.555512,12.007434,0.119,0.108,0.1369,0.0354,0.0391,0.0328,0.0477,0.0509,0.0413,0.2727,0.3673,0.5226,0.8587997107298744,2.826811122272904,2.826811122272904,0
24103,Sovizzo,Vicenza,5,45.528028,11.445634,0.1543,0.1355,0.1686,0.04,0.0432,0.036,0.0543,0.0565,0.0467,0.3239,0.4237,0.5872,1.0043281516111893,2.7630089100194026,2.7630089100194026,0
15177,Pozzo d'Adda,Milano,3,45.575666,9.500377,0.0837,0.0662,0.091,0.0255,0.0284,0.0101,0.0331,0.0357,0.0168,0.1874,0.2453,0.3448,1.850721984441045,0.9620707265591181,0.9620707265591181,0
16096,Fara Gera d'Adda,Bergamo,3,45.555676,9.537853,0.0956,0.076,0.1026,0.0279,0.0304,0.0127,0.0361,0.0383,0.0205,0.2171,0.2889,0.399,1.2934089912119535,3.5978014094180413,3.5978014094180413,0
25071,Longarone,Belluno,5,46.265786,12.299937,0.1991,0.1765,0.2421,0.0528,0.0556,0.0453,0.0693,0.075,0.0613,0.419,0.5555,0.7749,1.4277594606099502,4.155990479635576,4.155990479635576,0
52028,San Gimignano,Siena,9,43.467799,11.043212,0.1412,0.1024,0.1587,0.0472,0.0512,0.0213,0.059,0.0643,0.0321,0.3034,0.3759,0.4807,1.113108407701817,3.8071946876946554,3.8071946876946554,0
36016,Frassinoro,Modena,8,44.295555,10.570198,0.1746,0.1597,0.1972,0.0595,0.0656,0.0433,0.0754,0.0822,0.0582,0.3886,0.4776,0.6277,1.5263519886598704,1.5162005861913737,1.5162005861913737,0
25037,Perarolo di Cadore,Belluno,5,46.397031,12.35555,0.1493,0.1318,0.1808,0.0424,0.0445,0.0372,0.0557,0.058,0.048,0.3165,0.4228,0.5963,1.5755176703208778,3.212839960954078,3.212839960954078,0
55032,Terni,Terni,10,42.653752,12.439812,0.1549,0.1399,0.177,0.0538,0.0583,0.0376,0.066,0.0724,0.0506,0.351,0.44,0.572,0.4933077441283442,4.310520338887121,4.310520338887121,0
15060,Cassina de' Pecchi,Milano,3,45.519189,9.361976,0.0639,0.0451,0.0717,0.0219,0.0252,0.0,0.0282,0.0315,0.0114,0.1388,0.1736,0.2289,1.5273140389914375,0.8666009756788144,0.8666009756788144,0
4064,Cervasca,Cuneo,1,44.380929,7.47123,0.1382,0.1031,0.1542,0.0388,0.041,0.026,0.0533,0.0558,0.0371,0.294,0.3676,0.4751,1.4940642887594728,0.20249046801399317,0.20249046801399317,0
53011,Grosseto,Grosseto,9,42.77511,11.287804,0.1004,0.0601,0.1133,0.0364,0.0396,0.0,0.045,0.05,0.0141,0.2317,0.2893,0.3758,0.5247190270341113,2.798462841278904,2.798462841278904,0
96059,Sandigliano,Biella,1,45.518562,8.077522,0.04,0.0161,0.0486,0.0165,0.0199,0.0,0.0201,0.0248,0.0,0.0874,0.1047,0.1284,1.2317744269698216,0.8431174851877313,0.8431174851877313,0
35014,Castellarano,Reggio nell'Emilia,8,44.510281,10.72864,0.1606,0.124,0.1736,0.0533,0.059,0.039,0.0662,0.0748,0.0515,0.3555,0.4386,0.5612,1.4223000575810218,3.2810968281085215,3.2810968281085215,0
26091,Villorba,Treviso,5,45.729249,12.256246,0.1619,0.1431,0.1986,0.0444,0.0461,0.0382,0.0579,0.0612,0.0501,0.347,0.4652,0.6579,1.112833234803191,1.9881356735275724,1.9881356735275724,0
16239,Villa d'Almè,Bergamo,3,45.749682,9.614451,0.0944,0.075,0.1012,0.0265,0.0292,0.011,0.0342,0.0367,0.0181,0.1972,0.2573,0.3634,0.4783409519279581,2.852904922540307,2.852904922540307,0
77031,Scanzano Jonico,Matera,17,40.249792,16.69804,0.0816,0.0677,0.0913,0.0331,0.0348,0.0185,0.04,0.0425,0.0262,0.1655,0.196,0.2394,1.626628866636704,1.1924989135942041,1.1924989135942041,0
36015,Formigine,Modena,8,44.575143,10.847028,0.1646,0.1388,0.1702,0.0519,0.0572,0.0389,0.0646,0.0727,0.0521,0.3501,0.4335,0.5641,0.48370599824513194,3.3228101326924153,3.3228101326924153,0
71051,San Severo,Foggia,16,41.689776,15.377621,0.2066,0.1428,0.2524,0.0573,0.0591,0.0399,0.075,0.0814,0.0538,0.4321,0.5599,0.7623,1.2014497780309796,2.6698389144027583,2.6698389144027583,0
17088,Leno,Brescia,3,45.367012,10.218452,0.1365,0.1216,0.1452,0.0381,0.0402,0.0283,0.0499,0.0528,0.0404,0.3147,0.4143,0.5663,0.3545930462799183,2.6146896198308562,2.6146896198308562,0
16155,Paladina,Bergamo,3,45.730674,9.607994,0.0985,0.0783,0.1059,0.0278,0.0303,0.0126,0.0361,0.0382,0.0204,0.2175,0.2892,0.3993,1.3253790802649759,2.3383494351629084,2.3383494351629084,0
3106,Novara,Novara,1,45.58425,8.545997,0.0373,0.013,0.0437,0.0142,0.0179,0.0,0.0178,0.0219,0.0,0.0793,0.0934,0.1167,1.1523846668837034,2.160522779191391,2.160522779191391,0
109006,Fermo,Fermo,11,43.092249,13.638768,0.1778,0.163,0.1889,0.0537,0.0569,0.04,0.0681,0.0724,0.0552,0.373,0.4862,0.6564,0.7641680166624713,1.5444767437851237,1.5444767437851237,0
26023,Cornuda,Treviso,5,45.831731,12.007666,0.2268,0.2041,0.2728,0.0559,0.0603,0.0489,0.076,0.0843,0.0673,0.4676,0.6169,0.8634,0.971337757390431,2.560168127950533,2.560168127950533,0
51030,Pieve Santo Stefano,Arezzo,9,43.669357,12.041589,0.2162,0.1898,0.2397,0.0671,0.0717,0.0566,0.0872,0.0912,0.0765,0.4697,0.5941,0.7807,1.455850135602477,0.8054582427876019,0.8054582427876019,0
18018,Borgo San Siro,Pavia,3,45.234969,8.913361,0.0486,0.0275,0.0556,0.0176,0.0208,0.0,0.0224,0.0263,0.0,0.105,0.1278,0.1628,0.9968361467661468,4.193345174991452,4.193345174991452,0
24055,Malo,Vicenza,5,45.660296,11.407493,0.1642,0.143,0.1801,0.0438,0.0469,0.0381,0.0582,0.0617,0.0505,0.3467,0.4514,0.6221,0.7365234816688958,1.4028213416566138,1.4028213416566138,0
72028,Mola di Bari,Bari,16,41.061323,17.091711,0.0611,0.0428,0.0683,0.022,0.0245,0.0077,0.0281,0.0311,0.0128,0.1185,0.1424,0.1964,1.397056908097851,2.877065453840108,2.877065453840108,0
92090,Uta,Cagliari,20,39.290979,8.95426,0.0,0.0,0.0,0.0,0.0,0.0,0.0,0.0,0.0,0.0,0.0,0.0,336.2150301971916,336.1624936378349,336.1624936378349,1
63016,Cardito,Napoli,15,40.942012,14.29943,0.1596,0.1124,0.1726,0.0455,0.048,0.0227,0.059,0.0642,0.0353,0.3226,0.4095,0.5817,0.39986422918855963,1.9981125828001054,1.9981125828001054,0
75016,Casarano,Lecce,16,40.01082,18.161765,0.0575,0.0447,0.0684,0.0158,0.0185,0.0,0.0211,0.0261,0.0,0.1204,0.1554,0.2102,1.1644552230536382,3.996150197591055,3.996150197591055,0
43023,Macerata,Macerata,11,43.152978,13.150882,0.1808,0.1394,0.2051,0.0623,0.0668,0.0452,0.0778,0.0833,0.0582,0.3754,0.479,0.6264,1.0622191965478662,2.1020918714766204,2.1020918714766204,0
71054,Stornara,Foggia,16,41.288625,15.768058,0.1623,0.1322,0.1982,0.0435,0.0486,0.034,0.055,0.0637,0.0455,0.3373,0.4413,0.606,0.8066575422939442,3.1223940185204984,3.1223940185204984,0
16250,Medolago,Bergamo,3,45.668579,9.49565,0.0856,0.0677,0.0922,0.0244,0.0274,0.0088,0.0318,0.0345,0.0154,0.178,0.2331,0.3251,1.5213308270528967,0.8296988177541799,0.8296988177541799,0
63068,San Giuseppe Vesuviano,Napoli,15,40.829811,14.504436,0.1652,0.1171,0.1792,0.0464,0.0494,0.0245,0.0606,0.0668,0.0375,0.3358,0.4247,0.6024,0.9904678905397813,2.5774001528467583,2.5774001528467583,0
20066,Viadana,Mantova,3,44.926786,10.520223,0.0838,0.0762,0.0955,0.0349,0.0382,0.0207,0.0415,0.0464,0.0286,0.1818,0.2188,0.2858,0.6186660954125935,2.4365024339681867,2.4365024339681867,0
17167,Rudiano,Brescia,3,45.488578,9.887062,0.1332,0.1093,0.145,0.0359,0.0375,0.0232,0.0475,0.0498,0.0349,0.2848,0.3647,0.4811,1.2116542954196354,3.441872417268032,3.441872417268032,0
65136,Sassano,Salerno,15,40.337709,15.563066,0.184,0.1564,0.1915,0.0485,0.0507,0.0335,0.0636,0.0658,0.0464,0.3699,0.512,0.7496,1.1618258706514817,3.707912354455913,3.707912354455913,0
32005,Sgonico,Trieste,6,45.736024,13.748245,0.1447,0.1228,0.1581,0.0393,0.0414,0.0355,0.0536,0.0572,0.0468,0.3165,0.4126,0.5642,1.414752390849275,3.0487233438555688,3.0487233438555688,0
61049,Marcianise,Caserta,15,41.032997,14.298423,0.1333,0.0939,0.1385,0.0442,0.0467,0.0204,0.0557,0.0581,0.0307,0.2605,0.3217,0.4121,0.8157359002744876,1.4302109145457917,1.4302109145457917,0
19016,Casalbuttano ed Uniti,Cremona,3,45.245645,9.973919,0.0887,0.0735,0.0979,0.0319,0.0347,0.017,0.0386,0.0423,0.0245,0.192,0.2411,0.3205,1.2270523706234555,3.694719664670522,3.694719664670522,0
59001,Aprilia,Latina,12,41.594202,12.648576,0.1545,0.0872,0.1871,0.0411,0.0485,0.0177,0.0563,0.063,0.0269,0.3422,0.43,0.5484,1.0186417484752348,3.3346711578419495,3.3346711578419495,0
3135,San Pietro Mosezzo,Novara,1,45.455881,8.54419,0.0369,0.0123,0.0435,0.0145,0.018,0.0,0.0181,0.0221,0.0,0.0791,0.0924,0.1142,0.8652626620292657,4.414199825705483,4.414199825705483,0
26013,Castello di Godego,Treviso,5,45.69238,11.881044,0.1851,0.1644,0.2115,0.0453,0.0482,0.0389,0.0603,0.0631,0.0521,0.366,0.4828,0.6733,1.6387708144841804,4.361885718966427,4.361885718966427,0
58120,Fiumicino,Roma,12,41.767566,12.233947,0.0716,0.0328,0.0832,0.0298,0.0334,0.0,0.0357,0.0396,0.0088,0.1575,0.1875,0.2307,0.2482701805951199,2.2653402965987977,2.2653402965987977,0
65072,Montecorvino Pugliano,Salerno,15,40.658056,14.944609,0.1096,0.0888,0.1193,0.039,0.0416,0.0194,0.0493,0.0527,0.0291,0.2198,0.2705,0.3671,1.437134806199626,2.021855049136993,2.021855049136993,0
28068,Pontelongo,Padova,5,45.245489,12.025183,0.0602,0.0463,0.0687,0.0265,0.0298,0.0124,0.0319,0.0352,0.0172,0.13,0.1555,0.1916,0.8549898521271446,3.504409135792184,3.504409135792184,0
17127,Ospitaletto,Brescia,3,45.555222,10.073946,0.1412,0.1191,0.1537,0.0395,0.042,0.0297,0.0534,0.0554,0.0422,0.3074,0.3923,0.5214,1.6622048029021725,2.204138811109307,2.204138811109307,0
21039,Laion/Lajen,Bolzano/Bozen,4,46.609229,11.564263,0.0534,0.033,0.0598,0.0184,0.0217,0.0,0.0235,0.0271,0.0,0.1062,0.1284,0.1616,1.561658959279521,4.050329530671139,4.050329530671139,0
21017,Campo Tures/Sand in Taufers,Bolzano/Bozen,4,46.919236,11.955182,0.0466,0.0249,0.0529,0.0158,0.0186,0.0,0.0202,0.0236,0.0,0.0966,0.1182,0.1481,1.3982342385029065,0.7094221935535583,0.7094221935535583,0
76080,Sant'Arcangelo,Potenza,17,40.247312,16.271182,0.1215,0.1033,0.1316,0.0413,0.0434,0.0279,0.0517,0.0547,0.037,0.2428,0.3254,0.4575,0.7480742763114382,3.4221739183589763,3.4221739183589763,0
49008,Collesalvetti,Livorno,9,43.588912,10.476264,0.1397,0.1044,0.1549,0.0395,0.0434,0.018,0.0526,0.0564,0.0296,0.2962,0.3705,0.4767,0.6756953441667645,2.752970023180804,2.752970023180804,0
65067,Mercato San Severino,Salerno,15,40.783303,14.755728,0.1319,0.0972,0.1373,0.0432,0.0453,0.0212,0.0552,0.0573,0.0318,0.2639,0.3269,0.4193,0.8342941474292793,1.3775785591668206,1.3775785591668206,0
65007,Angri,Salerno,15,40.737659,14.572283,0.1249,0.083,0.1318,0.0397,0.0421,0.017,0.0514,0.0542,0.0272,0.2465,0.3045,0.391,1.2302616312808556,3.076531910668033,3.076531910668033,0
61022,Caserta,Caserta,15,41.203483,14.117058,0.113,0.0908,0.1248,0.0401,0.0451,0.0199,0.0494,0.0551,0.0287,0.2113,0.2569,0.3258,0.5298838197436866,3.9229721642511244,3.9229721642511244,0
27002,Campagna Lupia,Venezia,5,45.354994,12.096814,0.069,0.0587,0.0763,0.0282,0.0314,0.017,0.0341,0.0373,0.0236,0.1539,0.1869,0.2576,0.9938640123833874,3.9935836001274136,3.9935836001274136,0
72046,Triggiano,Bari,16,41.063448,16.921698,0.0683,0.0541,0.0777,0.0242,0.0267,0.0104,0.0304,0.0336,0.0154,0.1313,0.1775,0.2296,1.11195646215998,2.941275603385699,2.941275603385699,0
24097,Sarcedo,Vicenza,5,45.707921,11.526038,0.1652,0.1448,0.1801,0.0445,0.0477,0.0385,0.0597,0.0622,0.0512,0.35,0.4556,0.6254,1.2306771384207102,3.910155978222278,3.910155978222278,0
68035,Rosciano,Pescara,13,42.320692,14.042931,0.1801,0.1357,0.1978,0.057,0.062,0.039,0.072,0.0781,0.0532,0.3602,0.4686,0.6208,0.786609719242405,1.9424884667155304,1.9424884667155304,0
58032,Civitavecchia,Roma,12,42.093752,11.792246,0.0575,0.0261,0.0688,0.0247,0.0292,0.0,0.0297,0.0345,0.0,0.1267,0.1512,0.1856,0.9153538388851002,2.8301599313354755,2.8301599313354755,0
108032,Misinto,Monza e della Brianza,3,45.662375,9.083941,0.0418,0.0185,0.0494,0.0163,0.0196,0.0,0.0203,0.0246,0.0,0.092,0.1121,0.139,1.2830754306883168,2.806193072180805,2.806193072180805,0
58003,Albano Laziale,Roma,12,41.728889,12.658269,0.1658,0.0912,0.1995,0.0563,0.0604,0.0273,0.074,0.0785,0.036,0.3779,0.4597,0.575,0.9285348072906325,3.140817370383779,3.140817370383779,0
12036,Casale Litta,Varese,3,45.767332,8.740087,0.0378,0.0142,0.0443,0.0144,0.018,0.0,0.018,0.0222,0.0,0.0818,0.0976,0.1218,1.7403584986455691,3.8368007203619845,3.8368007203619845,0
12079,Gorla Minore,Varese,3,45.644331,8.897896,0.0386,0.0146,0.0458,0.0151,0.0187,0.0,0.0188,0.0231,0.0,0.0844,0.101,0.125,1.021777997852448,2.244339239195806,2.244339239195806,0
13058,Castelmarte,Como,3,45.833229,9.232703,0.0451,0.0224,0.0525,0.018,0.0213,0.0,0.0227,0.0268,0.0,0.1073,0.1299,0.1648,0.8554958296014572,4.202179531001736,4.202179531001736,0
17070,Esine,Brescia,3,45.925692,10.250862,0.0799,0.0673,0.0899,0.0297,0.0324,0.0166,0.0362,0.0393,0.0242,0.1774,0.223,0.2946,1.10692786066777,2.0595809804804115,2.0595809804804115,0
97010,Brivio,Lecco,3,45.741969,9.444142,0.0669,0.0492,0.0741,0.0216,0.0249,0.0,0.0282,0.0314,0.0114,0.1456,0.1843,0.2498,0.4264402442087258,4.442638700583345,4.442638700583345,0
97086,Vercurago,Lecco,3,45.812946,9.424433,0.058,0.0383,0.0655,0.0201,0.0237,0.0,0.0261,0.0297,0.0088,0.1278,0.159,0.2071,1.5467552676456884,2.0199755710715688,2.0199755710715688,0
34008,Calestano,Parma,8,44.6007,10.122994,0.1595,0.1221,0.178,0.0554,0.0607,0.0385,0.0695,0.0767,0.0526,0.3571,0.4499,0.5738,0.8039434215986608,1.5097078531132595,1.5097078531132595,0
15131,Magnago,Milano,3,45.578731,8.801851,0.0379,0.0137,0.0446,0.0146,0.0182,0.0,0.0182,0.0224,0.0,0.081,0.096,0.1194,0.57128272177789,3.0014315531433087,3.0014315531433087,0
97021,Cesana Brianza,Lecco,3,45.816781,9.299543,0.0488,0.0271,0.056,0.019,0.0224,0.0,0.0242,0.0282,0.0,0.1168,0.1425,0.182,0.5107587971530408,3.9609983858687228,3.9609983858687228,0
44031,Monsampolo del Tronto,Ascoli Piceno,11,42.89695,13.793892,0.1776,0.1624,0.1886,0.0542,0.0571,0.0395,0.0686,0.0727,0.0537,0.3658,0.4668,0.6292,1.0515643568808293,3.699406908105225,3.699406908105225,0
6138,Pozzolo Formigaro,Alessandria,1,44.795154,8.784849,0.0858,0.0677,0.0957,0.022,0.0255,0.0,0.0299,0.0328,0.0125,0.1846,0.2535,0.3535,1.263687052455035,1.556512835362826,1.556512835362826,0
17017,Berzo Inferiore,Brescia,3,45.931693,10.280587,0.0807,0.069,0.0906,0.0297,0.0324,0.0166,0.0362,0.0393,0.0242,0.1774,0.223,0.2946,1.1161883706673659,2.6028140010930456,2.6028140010930456,0
4034,Busca,Cuneo,1,44.518132,7.474328,0.13,0.0972,0.1447,0.0384,0.0401,0.0246,0.051,0.0539,0.0352,0.2811,0.3511,0.4543,0.7209051571024,2.4431182268228233,2.4431182268228233,0
60033,Ferentino,Frosinone,12,41.692932,13.253422,0.1548,0.1385,0.1732,0.0507,0.0544,0.0347,0.062,0.0674,0.0467,0.3314,0.4201,0.5515,0.664347351647639,3.5650085448817714,3.5650085448817714,0
83105,Villafranca Tirrena,Messina,19,38.240068,15.437387,0.1815,0.1559,0.1994,0.0544,0.0579,0.0357,0.0705,0.0752,0.0495,0.407,0.5473,0.8031,0.5435379884865339,3.4874656668483013,3.4874656668483013,0
78081,Montalto Uffugo,Cosenza,18,39.404795,16.15799,0.258,0.2195,0.2824,0.0647,0.0672,0.0457,0.0866,0.0911,0.0633,0.5138,0.6902,0.984,0.8056225015945174,1.9319043984909026,1.9319043984909026,0
38008,Ferrara,Ferrara,8,44.766764,11.827939,0.1341,0.1262,0.1543,0.0377,0.0404,0.0292,0.0475,0.0513,0.0412,0.3235,0.4334,0.6031,1.146684712123594,3.097369362362203,3.097369362362203,0
1223,Romano Canavese,Torino,1,45.388657,7.86652,0.0425,0.0177,0.0512,0.0181,0.0215,0.0,0.0221,0.0265,0.0,0.0935,0.1118,0.1357,0.964414502937113,1.7159105038348363,1.7159105038348363,0
37045,Mordano,Bologna,8,44.397426,11.810857,0.1955,0.1735,0.21,0.0626,0.0665,0.0494,0.0798,0.085,0.065,0.4168,0.5215,0.677,0.6039079220197985,2.722077722747635,2.722077722747635,0
54024,Gubbio,Perugia,10,43.351788,12.577267,0.227,0.2054,0.2453,0.0705,0.074,0.0587,0.0924,0.094,0.0792,0.4983,0.6333,0.833,1.4656335269330019,3.112008754251163,3.112008754251163,0
34016,Fontevivo,Parma,8,44.858765,10.17518,0.1429,0.1054,0.1583,0.0454,0.0508,0.0305,0.0576,0.0652,0.0418,0.3315,0.4183,0.5404,1.2917611604613732,2.22412129625686,2.22412129625686,0
63072,Sant'Anastasia,Napoli,15,40.866911,14.404833,0.1718,0.1212,0.1888,0.0478,0.051,0.0262,0.0629,0.0695,0.0392,0.3472,0.4369,0.6125,0.27962400756795225,2.0187856985976933,2.0187856985976933,0
63060,Pozzuoli,Napoli,15,40.822643,14.121911,0.1661,0.1141,0.1848,0.0425,0.046,0.0214,0.0575,0.0639,0.0347,0.3393,0.4304,0.6109,1.1512650139485618,3.4410644666603916,3.4410644666603916,0
37020,Castel San Pietro Terme,Bologna,8,44.40127,11.585499,0.1997,0.1595,0.2192,0.0614,0.0661,0.0484,0.0788,0.0848,0.0637,0.4196,0.5199,0.6737,1.1052383144963376,2.675113641279549,2.675113641279549,0
54019,Fossato di Vico,Perugia,10,43.297628,12.75988,0.2133,0.1944,0.2307,0.0692,0.0723,0.0557,0.0877,0.0918,0.0759,0.4769,0.609,0.8056,0.4434671370166557,3.279568788307861,3.279568788307861,0
93041,San Vito al Tagliamento,Pordenone,6,45.914504,12.856596,0.1391,0.1232,0.1642,0.0457,0.0476,0.0391,0.0585,0.0611,0.0504,0.3223,0.4276,0.5986,1.2376042341281972,2.5220258649218876,2.5220258649218876,0
61078,San Nicola la Strada,Caserta,15,41.051814,14.331329,0.1334,0.096,0.138,0.0462,0.0485,0.0229,0.0581,0.0605,0.0335,0.2805,0.3487,0.4495,0.7842858368991803,3.194777016585796,3.194777016585796,0
1249,San Mauro Torinese,Torino,1,45.104412,7.761996,0.0491,0.0258,0.0582,0.0209,0.0243,0.0,0.0259,0.0298,0.0078,0.1138,0.1339,0.1644,1.5395622807950635,1.0564130755276286,1.0564130755276286,0
51031,Poppi,Arezzo,9,43.72276,11.76607,0.1879,0.1624,0.2128,0.0588,0.0631,0.0445,0.074,0.079,0.0622,0.3944,0.5032,0.6657,1.484904068720547,0.5912391638671979,0.5912391638671979,0
51004,Bibbiena,Arezzo,9,43.695548,11.817341,0.1804,0.1571,0.1998,0.0589,0.0632,0.0451,0.074,0.079,0.0618,0.3872,0.4919,0.65,1.3755296013973062,2.9367907800058357,2.9367907800058357,0
108055,Roncello,Monza e della Brianza,3,45.602443,9.457611,0.0776,0.0602,0.0848,0.0251,0.028,0.0096,0.0327,0.0353,0.0163,0.1856,0.2432,0.3415,0.3064874321339296,4.203837297367482,4.203837297367482,0
17008,Azzano Mella,Brescia,3,45.454722,10.116823,0.1437,0.1311,0.1543,0.0389,0.0412,0.029,0.0517,0.0542,0.0411,0.3075,0.4052,0.5517,1.3282440657348547,3.5808289242176508,3.5808289242176508,0
37044,Monzuno,Bologna,8,44.279263,11.266408,0.1633,0.1258,0.184,0.0595,0.0653,0.0437,0.0743,0.0811,0.0561,0.3666,0.4612,0.5868,1.2225330108682648,2.0324655276590815,2.0324655276590815,0
17014,Bedizzole,Brescia,3,45.510571,10.423032,0.1586,0.1443,0.1726,0.0406,0.0453,0.0353,0.0558,0.0596,0.0511,0.3507,0.4588,0.6298,1.539869344741323,1.6699657287019911,1.6699657287019911,0
46033,Viareggio,Lucca,9,43.867239,10.250605,0.1185,0.1054,0.1255,0.0392,0.043,0.0221,0.0489,0.0535,0.0314,0.2617,0.3425,0.4608,1.5092567804132913,3.43096393135962,3.43096393135962,0
93044,Spilimbergo,Pordenone,6,46.111335,12.901629,0.2294,0.2054,0.279,0.0623,0.0681,0.0557,0.083,0.0936,0.0736,0.4923,0.6462,0.8903,0.8517912674235241,2.814074188159951,2.814074188159951,0
52031,Sarteano,Siena,9,42.989911,11.868732,0.1436,0.1213,0.157,0.0504,0.055,0.0296,0.0615,0.0682,0.0397,0.3104,0.3913,0.5139,1.3286187503350593,2.7870338625554587,2.7870338625554587,0
4074,Cossano Belbo,Cuneo,1,44.668989,8.198579,0.0465,0.0218,0.0534,0.018,0.0215,0.0,0.0225,0.0267,0.0,0.1029,0.1244,0.1555,1.0359662052923022,2.185193628806293,2.185193628806293,0
50029,Pontedera,Pisa,9,43.663454,10.635485,0.1242,0.1006,0.1393,0.0427,0.0471,0.0205,0.0542,0.0588,0.0313,0.284,0.3535,0.4652,0.6509140465130548,2.799501116022273,2.799501116022273,0
50026,Pisa,Pisa,9,43.71594,10.401862,0.1197,0.102,0.1237,0.0376,0.0409,0.017,0.0466,0.0513,0.0258,0.2548,0.3279,0.4431,1.5803435265273147,3.614461907713839,3.614461907713839,0
36041,Savignano sul Panaro,Modena,8,44.480538,11.035109,0.1633,0.1313,0.1727,0.0537,0.059,0.0399,0.0665,0.0746,0.0528,0.3538,0.4368,0.5594,1.2478804423050682,2.3792616207353303,2.3792616207353303,0
18123,Robbio,Pavia,3,45.289971,8.593278,0.038,0.0144,0.0458,0.0152,0.0185,0.0,0.0189,0.0229,0.0,0.0835,0.099,0.1219,0.23323930999144454,0.6381474222829573,0.6381474222829573,0
48043,Sesto Fiorentino,Firenze,9,43.831721,11.199224,0.1342,0.1205,0.1472,0.0473,0.0521,0.0295,0.0568,0.0629,0.0382,0.2839,0.3607,0.4773,1.4772236018073759,2.1912731018008897,2.1912731018008897,0
50027,Pomarance,Pisa,9,43.299237,10.872401,0.1401,0.0974,0.1585,0.0456,0.0493,0.0175,0.0578,0.0625,0.0291,0.3024,0.3746,0.4795,1.1241896446708852,1.028517101912376,1.028517101912376,0
4213,Santo Stefano Belbo,Cuneo,1,44.70774,8.230731,0.046,0.0222,0.0529,0.0177,0.0213,0.0,0.0221,0.0264,0.0,0.1007,0.1219,0.1522,1.3739411908542647,2.221307857379418,2.221307857379418,0
65034,Castel San Giorgio,Salerno,15,40.783712,14.698841,0.1337,0.096,0.1399,0.0429,0.0453,0.0206,0.0552,0.0575,0.0317,0.2689,0.3346,0.4307,0.44973589986545537,2.3294465420965955,2.3294465420965955,0
9026,Cosseria,Savona,7,44.368314,8.234866,0.0565,0.0325,0.0637,0.0191,0.0223,0.0,0.0251,0.0284,0.0077,0.1232,0.1533,0.1995,1.0011509103039713,1.04186333316374,1.04186333316374,0
4168,Piobesi d'Alba,Cuneo,1,44.735019,7.979668,0.0474,0.0226,0.0558,0.0192,0.0227,0.0,0.0239,0.0279,0.0,0.1051,0.125,0.1535,0.8701022506681535,3.3890005736410447,3.3890005736410447,0
17159,Quinzano d'Oglio,Brescia,3,45.310875,10.008568,0.1131,0.0989,0.1212,0.0347,0.0369,0.0214,0.0439,0.0472,0.0318,0.2526,0.3242,0.4418,1.4843312498788097,2.6412354972103644,2.6412354972103644,0
63058,Pompei,Napoli,15,40.749127,14.500642,0.1297,0.0857,0.1379,0.0399,0.0423,0.017,0.052,0.0552,0.0276,0.2574,0.3212,0.4175,1.1781784690688109,3.096904179399508,3.096904179399508,0
87048,Santa Venerina,Catania,19,37.688971,15.142661,0.2236,0.1703,0.2789,0.0973,0.1134,0.0593,0.1175,0.1377,0.0748,0.4815,0.5689,0.7046,1.1449453412519242,2.4463936120406924,2.4463936120406924,0
67025,Giulianova,Teramo,13,42.753486,13.966701,0.1717,0.1625,0.1833,0.0506,0.0538,0.036,0.0638,0.0685,0.0493,0.3587,0.4786,0.6626,0.33624900245609074,2.169210658040017,2.169210658040017,0
6160,Serravalle Scrivia,Alessandria,1,44.72558,8.8547,0.0927,0.0742,0.1031,0.024,0.0272,0.0,0.032,0.0348,0.015,0.1974,0.269,0.3691,1.3860229637310957,2.3419738546687445,2.3419738546687445,0
30101,San Giovanni al Natisone,Udine,6,45.97792,13.401081,0.1956,0.1751,0.2391,0.0533,0.0573,0.0461,0.0703,0.0771,0.0625,0.4232,0.5605,0.7826,1.6291139500881553,2.0168448764474833,2.0168448764474833,0
37057,Sasso Marconi,Bologna,8,44.399632,11.247554,0.1629,0.1281,0.1764,0.0557,0.061,0.0417,0.0692,0.0768,0.0543,0.3598,0.4425,0.5647,0.7414575544483075,1.617790009746941,1.617790009746941,0
67001,Alba Adriatica,Teramo,13,42.834342,13.927816,0.1779,0.1659,0.1878,0.051,0.0543,0.037,0.0645,0.0693,0.0514,0.3752,0.5029,0.6924,1.3991007428969242,3.18553655109399,3.18553655109399,0
24081,Pove del Grappa,Vicenza,5,45.799117,11.729102,0.1789,0.1582,0.1977,0.0478,0.0501,0.0402,0.063,0.066,0.0547,0.3717,0.4858,0.6701,1.314898405571313,4.180228149035386,4.180228149035386,0
43047,San Severino Marche,Macerata,11,43.229021,13.177966,0.1751,0.1327,0.1968,0.0584,0.0624,0.041,0.073,0.0782,0.0547,0.3569,0.4554,0.6033,1.3577197867199382,3.509723817153513,3.509723817153513,0
74016,San Pietro Vernotico,Brindisi,16,40.491529,17.998918,0.0465,0.0283,0.0532,0.0128,0.0157,0.0,0.0177,0.0214,0.0,0.0816,0.0994,0.1258,0.7100485356382693,3.133019011437773,3.133019011437773,0
16219,Treviglio,Bergamo,3,45.521724,9.593148,0.1057,0.0844,0.1136,0.028,0.0306,0.0129,0.0361,0.0383,0.0204,0.2118,0.2795,0.3892,1.4916368251523695,2.632918462507615,2.632918462507615,0
42016,Cupramontana,Ancona,11,43.445554,13.1156,0.1752,0.1574,0.1925,0.0549,0.0574,0.0406,0.0696,0.0729,0.0558,0.3589,0.4622,0.6172,0.618956378280038,3.5838327605228524,3.5838327605228524,0
18114,Pieve Porto Morone,Pavia,3,45.109364,9.435759,0.091,0.0715,0.1008,0.0279,0.0309,0.011,0.0348,0.0377,0.0173,0.1924,0.2552,0.3559,1.0050659654266552,2.246713888848217,2.246713888848217,0
97031,Dolzago,Lecco,3,45.76698,9.339345,0.0539,0.0333,0.0606,0.0195,0.0229,0.0,0.0252,0.0288,0.0078,0.1227,0.1516,0.1959,1.2116271770126883,0.3527531268446837,0.3527531268446837,0
103019,Casale Corte Cerro,Verbano-Cusio-Ossola,1,45.915843,8.413678,0.0477,0.026,0.0548,0.0177,0.0201,0.0,0.0229,0.0259,0.0,0.1115,0.1339,0.1678,1.4930993227131362,2.672026769444498,2.672026769444498,0
41027,Mombaroccio,Pesaro e Urbino,11,43.795063,12.854757,0.1855,0.1689,0.2109,0.051,0.0554,0.0402,0.0658,0.071,0.0576,0.4074,0.5368,0.7465,0.9677980386678672,1.874021921831228,1.874021921831228,0
30099,San Daniele del Friuli,Udine,6,46.153241,13.009034,0.2362,0.2116,0.288,0.0615,0.067,0.0549,0.0815,0.0921,0.0726,0.484,0.6353,0.8755,0.05481162127695257,3.382418654332891,3.382418654332891,0
21097,Terlano/Terlan,Bolzano/Bozen,4,46.529301,11.248678,0.0482,0.0261,0.0561,0.0184,0.022,0.0,0.0232,0.0272,0.0,0.1021,0.123,0.1529,1.2419974195969739,1.7855314535796798,1.7855314535796798,0
63063,Quarto,Napoli,15,40.877194,14.140159,0.1576,0.1089,0.1745,0.0425,0.0454,0.0205,0.0566,0.0618,0.0334,0.3246,0.4139,0.5934,1.0171950933799077,1.4234129197592738,1.4234129197592738,0
43028,Montecosaro,Macerata,11,43.317009,13.635306,0.1832,0.1656,0.2125,0.0489,0.0532,0.0385,0.0625,0.0688,0.057,0.403,0.5334,0.7358,0.604516974451286,2.172941070560257,2.172941070560257,0
97011,Bulciago,Lecco,3,45.754703,9.291047,0.0517,0.0307,0.0586,0.0184,0.0217,0.0,0.0234,0.0273,0.0,0.1117,0.1353,0.1729,1.305721523151647,2.7680622177625493,2.7680622177625493,0
16189,San Paolo d'Argon,Bergamo,3,45.688557,9.804066,0.1252,0.1004,0.1355,0.0333,0.035,0.0192,0.0439,0.0461,0.0309,0.272,0.3558,0.4718,1.324855818164499,3.5929792006899723,3.5929792006899723,0
30097,Ronchis,Udine,6,45.80661,12.997825,0.1023,0.0946,0.1103,0.0327,0.0363,0.0276,0.0395,0.0446,0.0361,0.2051,0.2607,0.3409,1.6886393668440898,2.7286907835969623,2.7286907835969623,0
26004,Borso del Grappa,Treviso,5,45.821025,11.799316,0.1944,0.1725,0.2198,0.0499,0.0522,0.0425,0.0664,0.0714,0.0582,0.3964,0.5195,0.7192,0.4103388836186854,3.1798726665038073,3.1798726665038073,0
30014,Buttrio,Udine,6,46.010421,13.333831,0.1998,0.1775,0.2434,0.0564,0.0599,0.0488,0.0739,0.082,0.066,0.4454,0.5883,0.818,0.7046846340494929,3.0332982191845717,3.0332982191845717,0
46004,Borgo a Mozzano,Lucca,9,43.978948,10.545703,0.1736,0.1531,0.1975,0.0549,0.0589,0.041,0.071,0.0755,0.0605,0.4011,0.5123,0.6776,1.009345953795405,3.5991804894222863,3.5991804894222863,0
26037,Mansuè,Treviso,5,45.82239,12.537712,0.1537,0.1353,0.1863,0.0444,0.0463,0.0384,0.0576,0.0602,0.0497,0.3276,0.4371,0.6147,1.7069862811965242,2.517725313647955,2.517725313647955,0
23070,San Giovanni Ilarione,Verona,5,45.524054,11.234894,0.162,0.1411,0.1791,0.0427,0.046,0.0377,0.0571,0.0608,0.0496,0.3448,0.4497,0.6202,0.7866957857685835,3.049408475519832,3.049408475519832,0
4040,Caraglio,Cuneo,1,44.416989,7.43259,0.1395,0.1046,0.1557,0.0403,0.0427,0.0276,0.055,0.0574,0.0387,0.2979,0.3707,0.477,1.249431107832444,4.121558651877518,4.121558651877518,0
54038,Passignano sul Trasimeno,Perugia,10,43.184742,12.136838,0.1595,0.1437,0.1776,0.0552,0.0597,0.0392,0.0676,0.0743,0.053,0.3542,0.444,0.5762,1.6943533290071766,2.1838226585,2.1838226585,0
20028,Guidizzolo,Mantova,3,45.32068,10.580481,0.1371,0.1218,0.1495,0.0366,0.0387,0.029,0.0464,0.0502,0.0421,0.2849,0.3761,0.5243,1.1786289132005145,2.35498600823385,2.35498600823385,0
24027,Castegnero,Vicenza,5,45.442475,11.584448,0.1149,0.1032,0.1259,0.0339,0.0371,0.0281,0.0415,0.0473,0.0384,0.2442,0.3195,0.4483,0.7576773921350677,3.0727270826463653,3.0727270826463653,0
75064,Ruffano,Lecce,16,39.984092,18.247476,0.0593,0.0512,0.0742,0.0158,0.0185,0.0,0.0211,0.0264,0.0086,0.1251,0.1618,0.2225,0.17466388248832604,0.5991895557560534,0.5991895557560534,0
42047,Serra San Quirico,Ancona,11,43.447683,13.01386,0.1737,0.1422,0.1937,0.0565,0.0592,0.0404,0.0707,0.0749,0.0546,0.3553,0.4518,0.5983,1.4580510232760437,1.6629162126998287,1.6629162126998287,0
3133,San Maurizio d'Opaglio,Novara,1,45.773453,8.390395,0.0421,0.0202,0.0501,0.016,0.0188,0.0,0.0199,0.0238,0.0,0.0928,0.1128,0.1393,1.526139281646636,1.8257438209268328,1.8257438209268328,0
43036,Petriolo,Macerata,11,43.221693,13.465335,0.1749,0.161,0.1908,0.0537,0.0566,0.0405,0.068,0.0722,0.056,0.3743,0.4861,0.6512,0.9764653464640071,3.1198181703820893,3.1198181703820893,0
108024,Giussano,Monza e della Brianza,3,45.699381,9.209729,0.0482,0.0263,0.0554,0.0177,0.021,0.0,0.0224,0.0264,0.0,0.1057,0.1282,0.1624,1.1144750081641719,1.579368372092653,1.579368372092653,0
75051,Muro Leccese,Lecce,16,40.102323,18.33813,0.0583,0.0533,0.0752,0.0149,0.0174,0.0,0.0198,0.0253,0.0087,0.1247,0.1637,0.2259,0.40568510274167924,2.8372876580033797,2.8372876580033797,0
26034,Gorgo al Monticano,Treviso,5,45.786953,12.55042,0.1364,0.1202,0.1619,0.0381,0.0421,0.0354,0.0515,0.054,0.0447,0.2794,0.374,0.5278,0.2862722963350848,1.1718290509227178,1.1718290509227178,0
94038,Pozzilli,Isernia,14,41.511422,14.062517,0.2607,0.2321,0.2778,0.072,0.0802,0.0626,0.0957,0.1055,0.088,0.5404,0.7033,0.9587,0.33374421067688653,4.040256878177847,4.040256878177847,0
41020,Gradara,Pesaro e Urbino,11,43.938866,12.771253,0.1837,0.1657,0.2202,0.048,0.0532,0.0385,0.0625,0.0702,0.0586,0.4009,0.5307,0.74,0.584029800101519,2.822939481591798,2.822939481591798,0
37046,Ozzano dell'Emilia,Bologna,8,44.44498,11.47605,0.1821,0.1513,0.1942,0.0566,0.0606,0.0443,0.0714,0.0772,0.0584,0.374,0.4674,0.6062,0.429627422115406,3.1243319969422307,3.1243319969422307,0
30016,Campoformido,Udine,6,46.01932,13.162427,0.1726,0.1519,0.2123,0.0523,0.0558,0.0451,0.0674,0.0739,0.0595,0.39,0.5157,0.7172,1.0713052366649782,3.960843080527489,3.960843080527489,0
37016,Castel Guelfo di Bologna,Bologna,8,44.43114,11.67741,0.1974,0.1692,0.2124,0.0612,0.0653,0.0485,0.0785,0.0838,0.0641,0.4161,0.5207,0.6763,0.4871913154879723,1.362848256246113,1.362848256246113,0
95047,Santa Giusta,Oristano,20,39.878178,8.609973,0.0,0.0,0.0,0.0,0.0,0.0,0.0,0.0,0.0,0.0,0.0,0.0,305.67130476619883,308.0643084407869,308.0643084407869,1
34041,Torrile,Parma,8,44.89885,10.339497,0.1038,0.0821,0.1159,0.0391,0.0426,0.0242,0.0489,0.0533,0.0338,0.2409,0.3115,0.4226,1.7605781826184752,2.6822639101106813,2.6822639101106813,0
49006,Castagneto Carducci,Livorno,9,43.160742,10.611006,0.0742,0.035,0.0857,0.0297,0.0334,0.0,0.0359,0.0398,0.0,0.1662,0.2003,0.2498,0.48521475307411843,1.2856038302349608,1.2856038302349608,0
53016,Monte Argentario,Grosseto,9,42.407352,11.150384,0.0434,0.0127,0.0537,0.0191,0.0238,0.0,0.023,0.0285,0.0,0.0941,0.1114,0.1337,1.1938308899842056,3.432553887760334,3.432553887760334,0
61016,Carinaro,Caserta,15,40.983584,14.218991,0.1327,0.0898,0.14,0.0426,0.0455,0.0192,0.0548,0.0575,0.0301,0.2692,0.3367,0.4367,0.3411469827787516,0.10067766275701942,0.10067766275701942,0
78075,Mangone,Cosenza,18,39.205592,16.331996,0.2757,0.2407,0.3025,0.0725,0.0743,0.0524,0.0958,0.0997,0.0715,0.5568,0.7563,1.0502,0.7883600347838072,1.039984304023913,1.039984304023913,0
45003,Carrara,Massa-Carrara,9,44.07918,10.102353,0.1435,0.1291,0.1561,0.0475,0.0508,0.0317,0.0591,0.0636,0.0436,0.3124,0.3965,0.5283,1.5510795638820296,2.610339375860403,2.610339375860403,0
30055,Manzano,Udine,6,45.990512,13.381504,0.2001,0.1791,0.2445,0.0516,0.0548,0.0445,0.0674,0.0734,0.0594,0.4014,0.5322,0.7446,0.6102464522087913,4.012370863537436,4.012370863537436,0
68005,Bussi sul Tirino,Pescara,13,42.213035,13.826202,0.2509,0.2276,0.274,0.0743,0.0813,0.0604,0.0953,0.1046,0.0837,0.5033,0.6549,0.8974,0.17936788862865785,2.396096294989664,2.396096294989664,0
20033,Marmirolo,Mantova,3,45.220563,10.756393,0.1043,0.0938,0.1163,0.034,0.0367,0.0253,0.041,0.0455,0.0357,0.2292,0.2934,0.408,1.0086612873146348,3.9795298174162905,3.9795298174162905,0
23063,Roncà,Verona,5,45.478892,11.288918,0.1534,0.1348,0.1687,0.0401,0.0433,0.036,0.0542,0.0567,0.0468,0.3268,0.4275,0.593,1.314364380710551,1.724836452239513,1.724836452239513,0
38001,Argenta,Ferrara,8,44.614338,11.833842,0.1587,0.1483,0.1846,0.0458,0.0491,0.0366,0.0576,0.0607,0.0523,0.3714,0.4863,0.6716,0.342981382165177,3.338505931098513,3.338505931098513,0
23069,San Bonifacio,Verona,5,45.395642,11.270082,0.1383,0.1225,0.1509,0.037,0.0401,0.0337,0.0505,0.0534,0.0441,0.3062,0.4033,0.5601,0.6461134782861638,2.6669904440030745,2.6669904440030745,0
26073,San Pietro di Feletto,Treviso,5,45.908889,12.240595,0.2433,0.2188,0.2963,0.0614,0.0679,0.0551,0.0843,0.0937,0.0738,0.5077,0.6683,0.9272,0.8723862673516256,3.9439828381622335,3.9439828381622335,0
21074,Rio di Pusteria/Mühlbach,Bolzano/Bozen,4,46.795946,11.666827,0.0468,0.0245,0.0533,0.0167,0.0196,0.0,0.0213,0.0249,0.0,0.099,0.1207,0.1513,1.3972591113308537,2.751113943169107,2.751113943169107,0
13245,Villa Guardia,Como,3,45.773784,9.025297,0.0395,0.0158,0.0468,0.0158,0.0193,0.0,0.0196,0.0241,0.0,0.0887,0.108,0.1335,1.4686600154773195,3.78451207770272,3.78451207770272,0
100006,Vaiano,Prato,9,43.969012,11.124072,0.175,0.1536,0.1958,0.056,0.0598,0.0404,0.0705,0.0755,0.0583,0.3837,0.4907,0.6507,1.1476186504025998,1.016500511597195,1.016500511597195,0
23043,Lazise,Verona,5,45.5052,10.733024,0.164,0.1426,0.1811,0.0432,0.0474,0.0388,0.0576,0.0626,0.051,0.35,0.4572,0.6294,1.207050598471506,2.431831647427626,2.431831647427626,0
10058,Serra Riccò,Genova,7,44.518713,8.951623,0.0855,0.066,0.0952,0.0248,0.0279,0.0084,0.0319,0.0348,0.0146,0.1749,0.2287,0.326,1.4141334026590744,3.0190946500394267,3.0190946500394267,0
10057,Savignone,Genova,7,44.564143,8.989596,0.091,0.0717,0.1012,0.027,0.0298,0.0105,0.0344,0.037,0.0172,0.1958,0.2601,0.3608,0.2739436829626689,1.9981479985738957,1.9981479985738957,0
97012,Calco,Lecco,3,45.724868,9.415905,0.065,0.047,0.0723,0.0216,0.0249,0.0,0.0282,0.0314,0.0114,0.1456,0.1843,0.2498,0.3415955188257566,0.9799388317305696,0.9799388317305696,0
97005,Barzago,Lecco,3,45.755479,9.314244,0.0517,0.0307,0.0586,0.0195,0.0229,0.0,0.0252,0.0288,0.0078,0.1227,0.1516,0.1959,1.5415443797986152,2.8687921609637552,2.8687921609637552,0
63017,Casalnuovo di Napoli,Napoli,15,40.914819,14.351125,0.1703,0.1204,0.1865,0.0472,0.0498,0.0247,0.0612,0.0669,0.0375,0.3348,0.4232,0.5994,1.1008494743107358,1.891604869891839,1.891604869891839,0
17067,Desenzano del Garda,Brescia,3,45.469485,10.538947,0.1603,0.1424,0.1763,0.0415,0.0454,0.0365,0.0556,0.059,0.0498,0.3432,0.45,0.6206,1.7033110777096911,4.227419811447384,4.227419811447384,0
43053,Tolentino,Macerata,11,43.208755,13.28441,0.1747,0.1361,0.1948,0.0572,0.0609,0.0405,0.0716,0.0766,0.0544,0.355,0.4558,0.6018,1.0979737419974964,2.666670832351619,2.666670832351619,0
55022,Narni,Terni,10,42.519589,12.515226,0.1552,0.1402,0.1772,0.0535,0.0579,0.0379,0.0658,0.072,0.0507,0.3515,0.4405,0.5727,0.9827191710026522,3.0565634079852293,3.0565634079852293,0
67026,Isola del Gran Sasso d'Italia,Teramo,13,42.503058,13.659516,0.2271,0.199,0.2385,0.0726,0.0794,0.0576,0.0924,0.1018,0.0792,0.4905,0.6309,0.8655,1.001857859444354,4.272766747445745,4.272766747445745,0
98037,Massalengo,Lodi,3,45.26472,9.490245,0.071,0.05,0.0786,0.0263,0.0294,0.0104,0.0327,0.0358,0.0158,0.1596,0.1993,0.2624,1.2727796674603526,2.8114447828864324,2.8114447828864324,0
28036,Curtarolo,Padova,5,45.522255,11.832017,0.1162,0.1047,0.1261,0.0344,0.038,0.0304,0.0438,0.0489,0.0393,0.2503,0.3333,0.4705,0.958607500614121,2.086002884988794,2.086002884988794,0
78031,Castrolibero,Cosenza,18,39.308093,16.194392,0.265,0.2276,0.2902,0.0684,0.0704,0.0487,0.091,0.0951,0.0671,0.5315,0.7222,1.019,0.619472675413775,1.0320433493208296,1.0320433493208296,0
15176,Pogliano Milanese,Milano,3,45.537305,8.991417,0.041,0.0178,0.049,0.0162,0.0195,0.0,0.0201,0.0244,0.0,0.0899,0.1092,0.1342,1.5638899619844933,1.667965603940672,1.667965603940672,0
12068,Ferno,Varese,3,45.614147,8.754548,0.0377,0.0135,0.0441,0.0146,0.0182,0.0,0.0182,0.0224,0.0,0.081,0.096,0.1194,1.3673019786333116,3.5926837965139082,3.5926837965139082,0
54056,Umbertide,Perugia,10,43.305636,12.336622,0.2237,0.2038,0.2507,0.0684,0.0726,0.0573,0.0905,0.0949,0.0775,0.4963,0.6294,0.8266,1.1209640998217771,3.09208604715756,3.09208604715756,0
51034,Sansepolcro,Arezzo,9,43.570078,12.140377,0.2276,0.2057,0.2512,0.0675,0.0719,0.0567,0.089,0.0946,0.0771,0.4956,0.6299,0.8297,0.4618292766826118,3.4718607757441737,3.4718607757441737,0
1008,Alpignano,Torino,1,45.095724,7.525403,0.0712,0.0521,0.0809,0.027,0.0296,0.0115,0.0336,0.0366,0.0171,0.1598,0.1943,0.2468,0.683336031460984,2.1833685845443385,2.1833685845443385,0
110002,Barletta,Barletta-Andria-Trani,16,41.321498,16.28687,0.1412,0.1148,0.1727,0.0376,0.0412,0.0282,0.0483,0.0551,0.0384,0.3323,0.4484,0.6282,0.6331916827746134,2.3188939421603343,2.3188939421603343,0
14008,Bianzone,Sondrio,3,46.188197,10.109354,0.0817,0.0655,0.0935,0.0266,0.0305,0.0119,0.0339,0.038,0.0189,0.1864,0.2375,0.3249,0.25098463551670575,0.83043768700978,0.83043768700978,0
27015,Fossalta di Piave,Venezia,5,45.645747,12.513256,0.0969,0.0882,0.1044,0.0316,0.0352,0.0259,0.0384,0.043,0.0348,0.2068,0.2606,0.3537,1.396834670306218,3.0494178079892924,3.0494178079892924,0
15210,Settala,Milano,3,45.454413,9.386766,0.0626,0.0428,0.0708,0.0222,0.0255,0.0,0.0284,0.0317,0.0116,0.1374,0.1709,0.2221,1.0906617832403005,3.2248620581265457,3.2248620581265457,0
23013,Brentino Belluno,Verona,5,45.667941,10.881419,0.1644,0.1426,0.1821,0.0437,0.0473,0.0387,0.0582,0.0627,0.0512,0.3517,0.4578,0.6301,0.8924076789897718,4.055555878246757,4.055555878246757,0
69083,San Salvo,Chieti,13,42.043326,14.72723,0.1008,0.0754,0.1062,0.0388,0.0427,0.0253,0.0474,0.0522,0.033,0.208,0.2587,0.3409,0.968158788634742,3.265690881622459,3.265690881622459,0
24007,Arsiero,Vicenza,5,45.803517,11.350404,0.1495,0.1312,0.1626,0.0394,0.0419,0.0354,0.0534,0.0552,0.0455,0.3074,0.4036,0.5574,1.3579840291520229,1.7086285739636864,1.7086285739636864,0
7052,Pont-Saint-Martin,Valle d'Aosta/Vallée d'Aoste,2,45.59944,7.799438,0.0494,0.0267,0.0587,0.0207,0.0239,0.0,0.0258,0.0296,0.0084,0.1135,0.134,0.1647,1.0281210740836377,2.399520724614489,2.399520724614489,0
16053,Caravaggio,Bergamo,3,45.49726,9.64374,0.1061,0.085,0.114,0.0301,0.0325,0.0152,0.0383,0.0405,0.0237,0.2249,0.2985,0.4087,1.2291220242733132,2.633990223770664,2.633990223770664,0
24104,Tezze sul Brenta,Vicenza,5,45.686178,11.704184,0.1684,0.1486,0.1843,0.0445,0.0478,0.0385,0.0596,0.0618,0.0511,0.3532,0.4617,0.6373,1.5783996026698413,1.6125912948588859,1.6125912948588859,0
42021,Jesi,Ancona,11,43.52198,13.244376,0.1845,0.1696,0.2016,0.0518,0.0557,0.0406,0.0663,0.0714,0.0575,0.4072,0.5366,0.7462,0.866728798507302,3.651398793070125,3.651398793070125,0
25018,Domegge di Cadore,Belluno,5,46.460376,12.415824,0.1327,0.1172,0.1565,0.0347,0.0388,0.0328,0.0469,0.0498,0.0407,0.2485,0.33,0.4662,1.4445800085324418,2.6068889743844053,2.6068889743844053,0
16222,Urgnano,Bergamo,3,45.597197,9.694856,0.1222,0.0979,0.132,0.0327,0.0345,0.0184,0.0429,0.0453,0.03,0.2686,0.3525,0.4678,1.1048909286689748,2.830964439739701,2.830964439739701,0
24094,San Pietro Mussolino,Vicenza,5,45.586304,11.256077,0.1641,0.1427,0.1814,0.0433,0.0465,0.038,0.0578,0.0615,0.0503,0.3474,0.4527,0.6238,1.0886796922987854,3.514130225697751,3.514130225697751,0
34014,Fidenza,Parma,8,44.866522,10.061194,0.1511,0.1115,0.1668,0.0434,0.0485,0.0277,0.056,0.0626,0.04,0.3299,0.4181,0.5416,1.5464801012910365,3.616905381780244,3.616905381780244,0
23005,Badia Calavena,Verona,5,45.566086,11.152393,0.1649,0.1429,0.1827,0.0441,0.0473,0.0386,0.0586,0.0628,0.0516,0.353,0.4592,0.6318,0.3503211393719529,1.8375268559598879,1.8375268559598879,0
72004,Altamura,Bari,16,40.82856,16.552731,0.0995,0.0758,0.1093,0.0345,0.0373,0.023,0.0427,0.0474,0.0313,0.2158,0.2726,0.3612,0.42075662972948624,3.0285693115115286,3.0285693115115286,0
13012,Arosio,Como,3,45.716977,9.208043,0.0477,0.0256,0.0549,0.0177,0.021,0.0,0.0224,0.0264,0.0,0.1057,0.1282,0.1624,1.1089962896384091,1.3174973749160388,1.3174973749160388,0
68002,Alanno,Pescara,13,42.295082,13.971316,0.1912,0.1597,0.2113,0.0626,0.0693,0.0454,0.0788,0.0871,0.0605,0.4065,0.5099,0.6708,0.87559941738901,1.5291015854474803,1.5291015854474803,0
75089,Tuglie,Lecce,16,40.073821,18.098125,0.0555,0.0398,0.0642,0.0153,0.018,0.0,0.0203,0.025,0.0,0.1053,0.1345,0.1798,0.5031204168284604,3.8708230129680716,3.8708230129680716,0
16070,Cene,Bergamo,3,45.78367,9.82546,0.1101,0.0881,0.1181,0.0315,0.0336,0.0171,0.04,0.0427,0.0264,0.2361,0.3131,0.4244,1.0735802608146392,1.5401816979983807,1.5401816979983807,0
20039,Pegognaga,Mantova,3,44.995988,10.858772,0.0963,0.0875,0.1039,0.0337,0.0372,0.0223,0.0395,0.0447,0.0325,0.225,0.2878,0.3895,0.4659154677018502,2.2065368655788116,2.2065368655788116,0
17069,Erbusco,Brescia,3,45.5985,9.972216,0.1375,0.1134,0.1502,0.0388,0.0407,0.0282,0.0523,0.0544,0.0403,0.3053,0.3849,0.5115,0.2533858396487086,2.866792074140469,2.866792074140469,0
23062,Rivoli Veronese,Verona,5,45.571982,10.811761,0.1654,0.1432,0.1832,0.044,0.0479,0.0391,0.0585,0.0634,0.0517,0.3538,0.4602,0.6334,1.2660605461488226,4.026090981191326,4.026090981191326,0
60003,Alatri,Frosinone,12,41.726503,13.342303,0.1648,0.1461,0.18,0.0563,0.0598,0.0424,0.0701,0.0749,0.0567,0.3592,0.4491,0.5829,0.6985684174894586,1.817026196086451,1.817026196086451,0
58110,Valmontone,Roma,12,41.778819,12.917489,0.1691,0.1125,0.1974,0.0559,0.0615,0.032,0.0729,0.0783,0.0424,0.3734,0.4554,0.5722,1.3178665204252036,3.452524936602425,3.452524936602425,0
64046,Manocalzati,Avellino,15,40.941865,14.849804,0.2149,0.1778,0.2219,0.0553,0.0564,0.037,0.0729,0.0752,0.0527,0.4026,0.5361,0.7589,0.9507408474544943,3.7517370892094326,3.7517370892094326,0
13165,Olgiate Comasco,Como,3,45.785326,8.967774,0.0389,0.015,0.046,0.0151,0.0187,0.0,0.0188,0.0232,0.0,0.085,0.1022,0.1268,1.60995874862527,2.0687837466927186,2.0687837466927186,0
13099,Faloppio,Como,3,45.808891,8.971173,0.0391,0.0152,0.0462,0.0151,0.0187,0.0,0.0188,0.0232,0.0,0.085,0.1022,0.1268,1.0837664353769574,1.124310011329956,1.124310011329956,0
13121,Lambrugo,Como,3,45.759191,9.241845,0.048,0.0261,0.0552,0.0184,0.0217,0.0,0.0234,0.0273,0.0,0.1117,0.1353,0.1729,0.24512416283945543,2.8221205354268455,2.8221205354268455,0
15194,San Giorgio su Legnano,Milano,3,45.573771,8.913739,0.039,0.0152,0.0465,0.0154,0.0188,0.0,0.0191,0.0233,0.0,0.0853,0.1022,0.1262,0.9553744287675067,2.909799955453243,2.909799955453243,0
13007,Alzate Brianza,Como,3,45.769778,9.182041,0.0445,0.0215,0.0519,0.0174,0.0207,0.0,0.0219,0.026,0.0,0.1025,0.1245,0.157,0.8131631884342438,1.9437988245501892,1.9437988245501892,0
3055,Cressa,Novara,1,45.647072,8.50815,0.0378,0.0144,0.0451,0.0145,0.018,0.0,0.0181,0.0222,0.0,0.081,0.0961,0.12,0.5252662717045061,2.647733701334361,2.647733701334361,0
15041,Busto Garolfo,Milano,3,45.545558,8.88327,0.0388,0.015,0.0463,0.0152,0.0186,0.0,0.0188,0.023,0.0,0.0837,0.0998,0.1233,0.3643186427931019,3.2366348177329334,3.2366348177329334,0
97061,Osnago,Lecco,3,45.675678,9.391148,0.0641,0.046,0.0715,0.0223,0.0255,0.0,0.0291,0.0322,0.0124,0.1537,0.1968,0.2671,0.8435528745653792,3.0470925305342855,3.0470925305342855,0
12006,Azzate,Varese,3,45.780222,8.793769,0.0379,0.0143,0.0445,0.0144,0.018,0.0,0.018,0.0222,0.0,0.0818,0.0976,0.1218,1.4075648956828357,3.6839948303806813,3.6839948303806813,0
15099,Dairago,Milano,3,45.565972,8.863174,0.0384,0.0144,0.0455,0.0152,0.0186,0.0,0.0188,0.023,0.0,0.0837,0.0998,0.1233,0.8541535070552627,2.4272586620749603,2.4272586620749603,0
96077,Vigliano Biellese,Biella,1,45.564475,8.104537,0.041,0.0179,0.0498,0.0163,0.0196,0.0,0.02,0.0246,0.0,0.0881,0.1063,0.1305,0.9965235207671095,3.7770441183480297,3.7770441183480297,0
50028,Ponsacco,Pisa,9,43.620713,10.630829,0.1371,0.106,0.1526,0.0443,0.0484,0.0207,0.0568,0.061,0.0319,0.302,0.3759,0.481,1.3996940065367403,3.8804731095215264,3.8804731095215264,0
25022,Fonzaso,Belluno,5,46.017903,11.799754,0.1679,0.1497,0.1996,0.0439,0.0456,0.0379,0.0575,0.0602,0.0496,0.3411,0.453,0.6348,0.5221148317502018,3.9165225742108705,3.9165225742108705,0
28072,Rubano,Padova,5,45.428729,11.788274,0.0895,0.0823,0.1023,0.0318,0.0352,0.0242,0.0384,0.0433,0.0341,0.2061,0.2614,0.3575,1.1581160403751392,0.9369528509608955,0.9369528509608955,0
93021,Fiume Veneto,Pordenone,6,45.927943,12.732176,0.1692,0.1491,0.2052,0.0496,0.0516,0.0422,0.0638,0.0684,0.0556,0.3706,0.4918,0.688,1.080473003838451,3.570401581831128,3.570401581831128,0
108015,Carate Brianza,Monza e della Brianza,3,45.676549,9.237162,0.0507,0.0293,0.0577,0.0181,0.0214,0.0,0.0229,0.0269,0.0,0.1085,0.1314,0.1671,1.395321688652758,4.290103888649422,4.290103888649422,0
4029,Bra,Cuneo,1,44.697678,7.854271,0.0547,0.0316,0.0645,0.022,0.0251,0.0,0.0275,0.031,0.01,0.1236,0.1466,0.1784,0.8423425222814273,1.0995256503171518,1.0995256503171518,0
17046,Cazzago San Martino,Brescia,3,45.580508,10.026215,0.1398,0.1161,0.1523,0.0388,0.0407,0.0282,0.0523,0.0544,0.0403,0.3053,0.3849,0.5115,0.6071492097279669,3.644101456349291,3.644101456349291,0
6177,Valenza,Alessandria,1,45.014025,8.645821,0.0516,0.0313,0.0583,0.0172,0.0204,0.0,0.022,0.0261,0.0,0.1081,0.1324,0.1711,0.47616166756692824,4.603757631856495,4.603757631856495,0
58063,Montelibretti,Roma,12,42.140933,12.735332,0.1511,0.1371,0.1734,0.0514,0.0555,0.0349,0.0629,0.0688,0.0468,0.3406,0.4304,0.5655,1.2906348481069703,1.7500810934387798,1.7500810934387798,0
33023,Gossolengo,Piacenza,8,44.99996,9.613788,0.0965,0.0756,0.1068,0.0317,0.0345,0.0147,0.0386,0.0422,0.0215,0.2069,0.2672,0.3703,0.8090149426723863,2.7522557968539743,2.7522557968539743,0
61088,Sessa Aurunca,Caserta,15,41.236934,13.93473,0.0989,0.0775,0.1137,0.0393,0.0445,0.0198,0.048,0.0543,0.0283,0.2034,0.2465,0.3116,1.0804605654375463,2.355601841897271,2.355601841897271,0
1059,Carmagnola,Torino,1,44.846947,7.717874,0.0583,0.0376,0.0694,0.0247,0.0276,0.0089,0.0306,0.034,0.0137,0.1397,0.1675,0.2072,0.3158563517450457,1.0614809138563672,1.0614809138563672,0
30118,Tavagnacco,Udine,6,46.127394,13.2141,0.2321,0.2079,0.2844,0.0618,0.0675,0.0553,0.0819,0.093,0.0729,0.4882,0.641,0.8826,0.7545002874005373,1.6158144437589732,1.6158144437589732,0
16058,Casazza,Bergamo,3,45.749184,9.907258,0.1219,0.0984,0.132,0.0346,0.0362,0.0214,0.0453,0.0476,0.0323,0.2673,0.3501,0.4635,1.0672773868086538,2.020963078202733,2.020963078202733,0
15157,Novate Milanese,Milano,3,45.531939,9.140832,0.0463,0.0239,0.054,0.0178,0.0211,0.0,0.0224,0.0264,0.0,0.1035,0.1252,0.1574,0.5163633727705723,2.752827112161636,2.752827112161636,0
9002,Albenga,Savona,7,44.04925,8.213124,0.1292,0.0984,0.146,0.0246,0.0277,0.0114,0.0343,0.0378,0.0221,0.2622,0.3516,0.4923,0.3962096961177454,2.370587761730436,2.370587761730436,0
13143,Mariano Comense,Como,3,45.697149,9.178344,0.0466,0.0243,0.0539,0.0177,0.021,0.0,0.0224,0.0264,0.0,0.1057,0.1282,0.1624,1.3906204587828688,2.6800163120331026,2.6800163120331026,0
26032,Giavera del Montello,Treviso,5,45.793974,12.169567,0.2081,0.1856,0.2537,0.0516,0.0538,0.0442,0.0684,0.0735,0.0601,0.4221,0.5616,0.7867,1.3465835429855646,3.9747400554409094,3.9747400554409094,0
1214,Rivalta di Torino,Torino,1,45.034045,7.518419,0.0742,0.0549,0.0842,0.0275,0.0301,0.0121,0.0342,0.0372,0.0178,0.1647,0.2011,0.2565,1.5392685640423678,3.342880447520615,3.342880447520615,0
19062,Offanengo,Cremona,3,45.378874,9.742361,0.0966,0.0777,0.1049,0.0307,0.0332,0.0159,0.0383,0.041,0.0239,0.2102,0.2708,0.3772,1.6726480940760755,2.3552097310424274,2.3552097310424274,0
4025,Borgo San Dalmazzo,Cuneo,1,44.328652,7.487456,0.1419,0.1058,0.1584,0.0387,0.0412,0.0263,0.0534,0.0563,0.0376,0.3013,0.3783,0.4904,0.6206970014563269,1.212984729904,1.212984729904,0
37030,Granarolo dell'Emilia,Bologna,8,44.55321,11.443208,0.1711,0.1558,0.175,0.0511,0.0545,0.0403,0.0634,0.0683,0.0558,0.3818,0.4969,0.6705,0.4987752694549395,2.127613132907866,2.127613132907866,0
6140,Predosa,Alessandria,1,44.752637,8.658324,0.0779,0.0594,0.0875,0.0197,0.0236,0.0,0.0269,0.0304,0.0092,0.163,0.2215,0.3223,0.6570742092832151,3.1946193519207005,3.1946193519207005,0
21051,Merano/Meran,Bolzano/Bozen,4,46.669555,11.159418,0.0437,0.0212,0.0513,0.0164,0.0196,0.0,0.0206,0.0247,0.0,0.0941,0.1144,0.1417,0.8367617846023044,0.9321396601856268,0.9321396601856268,0
28001,Abano Terme,Padova,5,45.360314,11.789783,0.0772,0.0693,0.0882,0.0306,0.0338,0.021,0.0368,0.0405,0.0297,0.1856,0.2331,0.3085,0.33063511115442884,1.5412754911754631,1.5412754911754631,0
53014,Manciano,Grosseto,9,42.587336,11.515988,0.1029,0.0631,0.1156,0.0361,0.0393,0.0,0.0446,0.0495,0.0146,0.2285,0.2856,0.3713,1.1912688112345113,2.226437403206117,2.226437403206117,0
82037,Geraci Siculo,Palermo,19,37.859137,14.154416,0.1714,0.153,0.1834,0.0493,0.051,0.034,0.0656,0.068,0.0501,0.3804,0.4881,0.6521,1.1864864790092693,4.357690219076485,4.357690219076485,0
27027,Noventa di Piave,Venezia,5,45.661888,12.529942,0.1006,0.0929,0.1086,0.0327,0.0364,0.0282,0.0397,0.045,0.0372,0.2172,0.2738,0.3784,0.8632656635480197,4.06771186872483,4.06771186872483,0
17038,Capriolo,Brescia,3,45.637256,9.933605,0.1355,0.1107,0.1478,0.0373,0.0387,0.0256,0.0501,0.0523,0.0376,0.297,0.3787,0.4971,0.9620493186010799,1.678479552768964,1.678479552768964,0
24028,Castelgomberto,Vicenza,5,45.585285,11.394497,0.1619,0.1413,0.1778,0.0422,0.0454,0.0371,0.0564,0.0596,0.0487,0.3374,0.4403,0.6087,1.7558224997842546,3.6178644356541265,3.6178644356541265,0
28012,Boara Pisani,Padova,5,45.108085,11.782711,0.0625,0.0535,0.0718,0.0278,0.0313,0.0141,0.0331,0.0368,0.0193,0.1341,0.1607,0.1996,1.6588687598202827,1.8800848806443948,1.8800848806443948,0
65022,Campagna,Salerno,15,40.664729,15.107145,0.1352,0.1194,0.1476,0.0437,0.0459,0.028,0.0554,0.0585,0.0389,0.2945,0.3979,0.5662,1.5187420931505402,3.5560432457149678,3.5560432457149678,0
52005,Castellina in Chianti,Siena,9,43.469179,11.287286,0.1206,0.0986,0.1364,0.0438,0.049,0.0205,0.0538,0.0595,0.0309,0.264,0.3388,0.4421,1.0043966107679987,0.5923190333599443,0.5923190333599443,0
87050,Trecastagni,Catania,19,37.616116,15.079231,0.2294,0.1832,0.2818,0.0953,0.111,0.0591,0.1156,0.1355,0.0749,0.4845,0.5781,0.7704,1.1779718974543465,1.8991394834921433,1.8991394834921433,0
15098,Cusano Milanino,Milano,3,45.552184,9.183685,0.0475,0.0254,0.055,0.0188,0.0221,0.0,0.0239,0.0277,0.0,0.1127,0.1362,0.1732,1.2956006834609268,3.0424725014374356,3.0424725014374356,0
52037,Montalcino,Siena,9,43.0583,11.490066,0.141,0.0995,0.16,0.0489,0.0532,0.0236,0.0603,0.0665,0.0336,0.3048,0.3767,0.4809,0.5229902693149089,1.995076642472813,1.995076642472813,0
52015,Montepulciano,Siena,9,43.092723,11.780972,0.1431,0.1211,0.1575,0.0501,0.0546,0.0295,0.061,0.0674,0.0397,0.3088,0.3948,0.5156,1.6413601286085593,2.285158872055373,2.285158872055373,0
69027,Crecchio,Chieti,13,42.298544,14.326899,0.1293,0.0981,0.1392,0.0452,0.0494,0.0282,0.056,0.0605,0.0378,0.2772,0.3546,0.48,1.3312268048383948,3.3903564391593557,3.3903564391593557,0
18037,Casteggio,Pavia,3,45.014114,9.123578,0.0897,0.0708,0.0999,0.0254,0.0284,0.0087,0.0329,0.0356,0.0156,0.1923,0.259,0.3587,0.5867892507642023,1.9918749862542533,1.9918749862542533,0
97051,Molteno,Lecco,3,45.78038,9.307444,0.0508,0.0295,0.0578,0.0195,0.0229,0.0,0.0252,0.0288,0.0078,0.1227,0.1516,0.1959,0.8399043171828924,3.9235945425264354,3.9235945425264354,0
61100,Vitulazio,Caserta,15,41.164116,14.216925,0.1189,0.0959,0.129,0.0433,0.0475,0.024,0.0532,0.0581,0.0331,0.2366,0.2927,0.4094,0.6954469744039412,2.1179216755054098,2.1179216755054098,0
35034,Rio Saliceto,Reggio nell'Emilia,8,44.81001,10.803099,0.1483,0.1393,0.1675,0.0415,0.0453,0.0299,0.0527,0.0568,0.0425,0.3478,0.4613,0.6487,1.2926716002555791,1.330139854965095,1.330139854965095,0
69017,Casoli,Chieti,13,42.114637,14.290214,0.1617,0.1202,0.1762,0.0502,0.0547,0.0334,0.062,0.0684,0.0446,0.3164,0.4068,0.5627,0.46853376661933765,2.201250937881373,2.201250937881373,0
31018,San Canzian d'Isonzo,Gorizia,6,45.798617,13.466138,0.122,0.1089,0.1377,0.0363,0.0398,0.0332,0.047,0.0513,0.042,0.2554,0.3368,0.4704,0.999319664801039,3.019806373694592,3.019806373694592,0
15144,Mesero,Milano,3,45.501314,8.854202,0.0388,0.015,0.0463,0.0155,0.0188,0.0,0.0192,0.0233,0.0,0.085,0.1018,0.1254,0.752887042810592,0.7246940549919852,0.7246940549919852,0
20030,Mantova,Mantova,3,45.169362,10.670616,0.0937,0.0837,0.1048,0.033,0.036,0.0226,0.0392,0.0437,0.0318,0.2018,0.2615,0.3463,1.4890609438706495,2.522608713648937,2.522608713648937,0
13101,Figino Serenza,Como,3,45.70978,9.128939,0.0434,0.0201,0.0509,0.0168,0.0201,0.0,0.021,0.0253,0.0,0.0971,0.1183,0.1484,0.5985054449736583,0.3905114643946337,0.3905114643946337,0
66044,Fossa,L'Aquila,13,42.292921,13.487868,0.261,0.2379,0.2847,0.079,0.0872,0.0681,0.1041,0.1116,0.0921,0.5333,0.6909,0.9409,1.53154825075421,0.9191855259841661,0.9191855259841661,0
39016,Russi,Ravenna,8,44.370054,12.030417,0.183,0.1664,0.1869,0.0559,0.0586,0.0445,0.0705,0.0745,0.0605,0.399,0.5131,0.6867,1.3103513326227243,1.1622288084238797,1.1622288084238797,0
24118,Villaverla,Vicenza,5,45.65121,11.494074,0.1649,0.1437,0.1795,0.0438,0.047,0.0381,0.0583,0.0616,0.0504,0.3465,0.4513,0.6217,0.5254772843829488,1.9694190502554156,1.9694190502554156,0
57059,Rieti,Rieti,12,42.414736,12.885888,0.1887,0.1701,0.1985,0.0628,0.0676,0.0508,0.0782,0.0841,0.0682,0.4092,0.5225,0.6943,1.18078063819587,2.151826369161366,2.151826369161366,0
37019,Castel Maggiore,Bologna,8,44.575685,11.36481,0.1675,0.1525,0.1723,0.0509,0.0544,0.04,0.063,0.068,0.0551,0.377,0.49,0.6617,1.1393933725508563,2.5640969593705867,2.5640969593705867,0
3153,Vaprio d'Agogna,Novara,1,45.603513,8.553431,0.0373,0.0132,0.0438,0.0142,0.0179,0.0,0.0178,0.0219,0.0,0.0793,0.0934,0.1167,1.5882798440198733,2.4821762314221987,2.4821762314221987,0
14066,Tirano,Sondrio,3,46.215672,10.173178,0.0783,0.0621,0.0897,0.0274,0.0314,0.0131,0.0349,0.0391,0.0205,0.1917,0.2429,0.3313,0.8670396583886223,2.6958717866383473,2.6958717866383473,0
72019,Conversano,Bari,16,40.968396,17.113771,0.0631,0.0449,0.0689,0.0224,0.0247,0.0091,0.0288,0.0313,0.0143,0.1222,0.1457,0.1785,0.9620048524148144,2.318607361088088,2.318607361088088,0
1219,Rivoli,Torino,1,45.069715,7.517676,0.0732,0.054,0.0831,0.027,0.0296,0.0115,0.0336,0.0366,0.0171,0.1598,0.1943,0.2468,1.4618066705253807,3.4849554107124106,3.4849554107124106,0
4187,Roccabruna,Cuneo,1,44.47453,7.343726,0.1392,0.105,0.1553,0.0414,0.0435,0.0283,0.0555,0.058,0.0393,0.2978,0.3699,0.4752,1.4770816521934278,2.3411990131650953,2.3411990131650953,0
42007,Camerata Picena,Ancona,11,43.578135,13.352735,0.183,0.165,0.2203,0.0478,0.0528,0.0387,0.062,0.0694,0.0587,0.3991,0.5288,0.7378,1.1919583476883076,0.7587946340426406,0.7587946340426406,0
19066,Palazzo Pignano,Cremona,3,45.390073,9.569557,0.0771,0.0592,0.0855,0.0274,0.0303,0.0122,0.0343,0.0372,0.0183,0.1742,0.2195,0.2925,1.5040439308961666,2.339947930517449,2.339947930517449,0
60089,Villa Santa Lucia,Frosinone,12,41.51242,13.770011,0.2188,0.1966,0.2388,0.0649,0.0716,0.0532,0.0858,0.0928,0.0757,0.4787,0.6263,0.8579,0.16965697565218224,2.8499566292629304,2.8499566292629304,0
42004,Barbara,Ancona,11,43.581154,13.026481,0.18,0.1706,0.1906,0.0537,0.0569,0.0405,0.0682,0.0726,0.0565,0.3837,0.4999,0.6747,0.39655985636391233,2.2010868629678715,2.2010868629678715,0
111041,Monastir,Sud Sardegna,20,39.38474,9.044841,0.0,0.0,0.0,0.0,0.0,0.0,0.0,0.0,0.0,0.0,0.0,0.0,325.0757622823712,321.6656707882143,321.6656707882143,1
88006,Modica,Ragusa,19,36.858921,14.761302,0.1818,0.1446,0.2187,0.032,0.0354,0.0278,0.0466,0.0535,0.0412,0.3725,0.5335,0.7741,1.0673274580100571,3.559037841158968,3.559037841158968,0
69081,San Giovanni Teatino,Chieti,13,42.410541,14.20103,0.1415,0.1089,0.1534,0.0476,0.0515,0.0304,0.0591,0.0639,0.0408,0.3067,0.3942,0.5371,0.9920253615508579,4.483269209015138,4.483269209015138,0
108037,Renate,Monza e della Brianza,3,45.724378,9.279944,0.0514,0.0302,0.0583,0.0187,0.0221,0.0,0.0241,0.0279,0.0,0.116,0.1415,0.1808,0.7585624483489385,1.7646745413717968,1.7646745413717968,0
17021,Borgosatollo,Brescia,3,45.477262,10.240811,0.1498,0.1348,0.1604,0.04,0.0434,0.0317,0.0536,0.0565,0.0451,0.3282,0.427,0.5785,1.1384186756992005,3.4139260802797398,3.4139260802797398,0
16170,Ponte San Pietro,Bergamo,3,45.697819,9.587857,0.1004,0.0798,0.108,0.0267,0.0293,0.0113,0.0347,0.037,0.0188,0.2072,0.2732,0.3827,1.1266772487309569,4.329135916139913,4.329135916139913,0
72037,Rutigliano,Bari,16,41.011159,17.005479,0.0651,0.0486,0.0725,0.0237,0.0261,0.0103,0.0301,0.0329,0.0154,0.1279,0.1599,0.2116,1.4343577550655469,2.176511610569708,2.176511610569708,0
17170,Salò,Brescia,3,45.605678,10.520069,0.1587,0.1444,0.1741,0.0415,0.0459,0.0369,0.0569,0.0602,0.0517,0.3539,0.4625,0.6341,1.1115648719880316,3.1842082333490396,3.1842082333490396,0
1082,Chivasso,Torino,1,45.190959,7.887186,0.0425,0.0176,0.0512,0.018,0.0215,0.0,0.0221,0.0264,0.0,0.0941,0.1116,0.1344,0.9931520780296479,1.5083546863041462,1.5083546863041462,0
82021,Carini,Palermo,19,38.131172,13.181885,0.1669,0.1481,0.1797,0.0378,0.0389,0.0238,0.0539,0.0554,0.0392,0.3501,0.4584,0.6188,1.3491497609169945,0.9732883306524159,0.9732883306524159,0
4203,Saluzzo,Cuneo,1,44.644605,7.492601,0.1215,0.0908,0.1344,0.0348,0.0369,0.0199,0.0449,0.0483,0.0297,0.2494,0.314,0.4104,1.2457798569919234,2.9589836546265547,2.9589836546265547,0
25004,Arsiè,Belluno,5,45.983519,11.75778,0.169,0.1506,0.1975,0.0468,0.0487,0.0395,0.0606,0.0646,0.053,0.3654,0.4827,0.673,1.327849117377621,1.5329906301124445,1.5329906301124445,0
16051,Capriate San Gervasio,Bergamo,3,45.612578,9.528752,0.0963,0.0765,0.1033,0.0274,0.03,0.0122,0.0357,0.0379,0.0199,0.2155,0.2866,0.3966,1.5586246615773705,3.9206530845493606,3.9206530845493606,0
14061,Sondrio,Sondrio,3,46.323362,10.258414,0.0954,0.0781,0.1086,0.0299,0.0332,0.0158,0.0383,0.0426,0.025,0.2199,0.2856,0.389,1.5009240551869123,3.088011262085847,3.088011262085847,0
26088,Vazzola,Treviso,5,45.837767,12.384064,0.1993,0.1767,0.2429,0.0498,0.0516,0.0424,0.0645,0.0689,0.0565,0.3891,0.5178,0.7254,1.272876831851345,3.5695958493019426,3.5695958493019426,0
42022,Loreto,Ancona,11,43.439498,13.607021,0.1811,0.1631,0.2186,0.046,0.0509,0.0368,0.0595,0.0668,0.0564,0.3917,0.521,0.7302,0.6052680921853278,2.358204953061001,2.358204953061001,0
16128,Lovere,Bergamo,3,45.816882,10.075214,0.1051,0.085,0.1135,0.0323,0.0344,0.0187,0.0402,0.0433,0.0277,0.2186,0.2794,0.3836,0.8826357749242967,3.49191325630082,3.49191325630082,0
17112,Monticelli Brusati,Brescia,3,45.63219,10.09857,0.1399,0.1174,0.1523,0.0394,0.0417,0.0301,0.053,0.0552,0.042,0.3043,0.3885,0.5168,1.6329737175913586,3.936482030651973,3.936482030651973,0
18075,Gravellona Lomellina,Pavia,3,45.327664,8.76414,0.0403,0.0174,0.0482,0.016,0.0193,0.0,0.0199,0.0241,0.0,0.089,0.1086,0.1335,1.162918945603046,4.24663797462456,4.24663797462456,0
14048,Piantedo,Sondrio,3,46.13419,9.42934,0.0445,0.0221,0.0528,0.0184,0.0218,0.0,0.0229,0.0271,0.0,0.1053,0.1261,0.1568,1.3414577327781396,3.6091030744278396,3.6091030744278396,0
98056,Tavazzano con Villavesco,Lodi,3,45.334092,9.403652,0.0643,0.0435,0.0727,0.0235,0.0268,0.0,0.0296,0.033,0.0125,0.1432,0.1781,0.2356,1.6621860454025728,4.349995290241198,4.349995290241198,0
77020,Pisticci,Matera,17,40.390527,16.556732,0.0969,0.0788,0.1032,0.0362,0.0383,0.0239,0.0452,0.0482,0.0323,0.2061,0.2613,0.3363,0.9023607233823999,2.0466452290561525,2.0466452290561525,0
29030,Loreo,Rovigo,5,45.061995,12.188925,0.0574,0.0404,0.0659,0.025,0.0284,0.0088,0.0302,0.0337,0.0132,0.121,0.1432,0.1753,0.5761780607124206,3.564459881411714,3.564459881411714,0
16019,Barbata,Bergamo,3,45.474977,9.77736,0.1228,0.0993,0.1329,0.0342,0.036,0.0204,0.0447,0.0471,0.0318,0.2689,0.3511,0.4652,0.2956867288987155,1.0436731128789682,1.0436731128789682,0
93042,Sequals,Pordenone,6,46.165522,12.828776,0.2516,0.2265,0.3054,0.066,0.0733,0.0586,0.0892,0.1001,0.0781,0.5241,0.6867,0.9485,1.0948810676533798,2.3989205848117754,2.3989205848117754,0
1284,Val della Torre,Torino,1,45.155147,7.445015,0.0867,0.0656,0.0965,0.0291,0.0316,0.0138,0.0363,0.039,0.0202,0.1827,0.2268,0.2949,1.3869213741034458,3.4447837462307214,3.4447837462307214,0
72024,Grumo Appula,Bari,16,41.013531,16.708483,0.0826,0.0684,0.101,0.0291,0.0317,0.0167,0.0359,0.0391,0.0239,0.1792,0.2243,0.3025,1.5785562632077195,4.140948762547148,4.140948762547148,0
20019,Ceresara,Mantova,3,45.26513,10.567035,0.1235,0.1107,0.1348,0.035,0.0375,0.0261,0.0435,0.0474,0.0377,0.2546,0.3324,0.4651,1.1356720238369669,2.324187589343794,2.324187589343794,0
13035,Cabiate,Como,3,45.674176,9.173743,0.0455,0.0229,0.0529,0.0181,0.0214,0.0,0.0229,0.0269,0.0,0.1085,0.1314,0.1671,1.1337941999999044,3.644085364660339,3.644085364660339,0
60085,Veroli,Frosinone,12,41.691272,13.417632,0.1724,0.1524,0.1848,0.0569,0.0609,0.0437,0.0713,0.0758,0.0591,0.3675,0.4608,0.5994,0.3645081227100621,0.9493488646907478,0.9493488646907478,0
99025,San Leo,Rimini,8,43.896961,12.343644,0.178,0.1476,0.1968,0.0587,0.0622,0.0425,0.074,0.0781,0.0566,0.3667,0.4615,0.608,1.4751317980611365,4.137914975754127,4.137914975754127,0
20025,Gazzuolo,Mantova,3,45.069175,10.583113,0.0746,0.0697,0.0845,0.0328,0.0361,0.0201,0.0388,0.0432,0.0275,0.1706,0.2116,0.2857,1.239037077336007,2.3245044616080777,2.3245044616080777,0
23066,Roveredo di Guà,Verona,5,45.273751,11.444988,0.0844,0.079,0.0998,0.032,0.0349,0.0226,0.0382,0.042,0.0313,0.2009,0.2563,0.3441,0.327964382266764,1.6143455258601105,1.6143455258601105,0
93032,Porcia,Pordenone,6,45.946555,12.601781,0.1999,0.1776,0.2436,0.0519,0.0541,0.0444,0.0672,0.0725,0.059,0.3979,0.5274,0.7363,0.7208568352401543,3.40214716461056,3.40214716461056,0
4022,Bernezzo,Cuneo,1,44.385329,7.436329,0.1409,0.1058,0.1573,0.04,0.0428,0.0278,0.0552,0.0578,0.0391,0.3034,0.3789,0.4886,1.4458890323574498,3.822310406460611,3.822310406460611,0
16001,Adrara San Martino,Bergamo,3,45.699945,9.948935,0.1294,0.105,0.1404,0.0362,0.0376,0.0238,0.0482,0.0503,0.0355,0.2863,0.3686,0.4856,1.1953573011730507,4.125470613610277,4.125470613610277,0
16153,Osio Sotto,Bergamo,3,45.616078,9.589053,0.1082,0.0862,0.1161,0.0274,0.03,0.0122,0.0357,0.0379,0.0199,0.2155,0.2866,0.3966,1.3491483096628547,2.966660859176639,2.966660859176639,0
17132,Paitone,Brescia,3,45.553076,10.401255,0.1593,0.1418,0.1707,0.0411,0.0457,0.0359,0.0565,0.0601,0.0517,0.3545,0.4633,0.6348,0.5283726257714777,2.6410439523190594,2.6410439523190594,0
29014,Ceneselli,Rovigo,5,45.013695,11.369156,0.0909,0.0815,0.0963,0.032,0.0354,0.0216,0.0379,0.042,0.0311,0.2047,0.2629,0.3493,0.49078816593346103,0.28373196963678465,0.28373196963678465,0
12017,Brebbia,Varese,3,45.828539,8.650052,0.0389,0.0165,0.0462,0.0149,0.0182,0.0,0.0186,0.0226,0.0,0.0864,0.1048,0.1301,1.604753478825874,3.8897871830792186,3.8897871830792186,0
26026,Farra di Soligo,Treviso,5,45.905381,12.12543,0.2465,0.2226,0.3011,0.062,0.0688,0.0553,0.0856,0.0949,0.0746,0.5146,0.6773,0.9451,0.84941946041555,2.4312901195225796,2.4312901195225796,0
23075,San Pietro di Morubio,Verona,5,45.242986,11.228187,0.0986,0.0887,0.111,0.0339,0.0365,0.0262,0.0408,0.0453,0.0362,0.2313,0.2991,0.4186,1.0649325558838099,2.4829540207443896,2.4829540207443896,0
62076,Torrecuso,Benevento,15,41.18974,14.680055,0.2522,0.2086,0.2648,0.0607,0.0636,0.0432,0.0808,0.0838,0.0614,0.4834,0.6656,0.9617,0.805026225684074,1.390589661221979,1.390589661221979,0
22032,Calceranica al Lago,Trento,4,46.004241,11.242883,0.0821,0.0785,0.1001,0.0302,0.034,0.0237,0.0369,0.0415,0.0325,0.1971,0.2478,0.3353,1.1643676626363153,2.424988528046957,2.424988528046957,0
27025,Musile di Piave,Venezia,5,45.617359,12.561887,0.0856,0.0775,0.0934,0.0308,0.0343,0.0239,0.0374,0.0414,0.0325,0.194,0.247,0.3259,1.300153980207579,1.5522409466900282,1.5522409466900282,0
50009,Castelfranco di Sotto,Pisa,9,43.699715,10.745178,0.1205,0.0998,0.1356,0.0426,0.047,0.0209,0.0523,0.0574,0.0306,0.2575,0.3344,0.4422,1.1974012477003366,2.3958228977886415,2.3958228977886415,0
65037,Cava de' Tirreni,Salerno,15,40.700462,14.706263,0.1083,0.0744,0.1135,0.0377,0.0394,0.0147,0.0473,0.0498,0.0234,0.209,0.252,0.3131,1.354862787025512,4.079863895898583,4.079863895898583,0
73026,Sava,Taranto,16,40.403424,17.558409,0.0557,0.0355,0.0611,0.0194,0.0222,0.0,0.0258,0.0286,0.0111,0.1126,0.1339,0.1645,1.313793230564618,0.9196935900493635,0.9196935900493635,0
93004,Aviano,Pordenone,6,46.068544,12.589114,0.2473,0.2228,0.3007,0.0647,0.0716,0.0576,0.0879,0.0981,0.0769,0.5198,0.6819,0.9439,1.4209723599874229,4.106553204915729,4.106553204915729,0
35012,Casalgrande,Reggio nell'Emilia,8,44.588009,10.737321,0.1634,0.1335,0.1712,0.0509,0.0559,0.0379,0.0633,0.071,0.0512,0.3457,0.4376,0.5647,0.7563743218385278,2.4220646383384494,2.4220646383384494,0
17037,Capriano del Colle,Brescia,3,45.454869,10.130348,0.1437,0.1311,0.1543,0.0389,0.0412,0.029,0.0517,0.0542,0.0411,0.3075,0.4052,0.5517,1.234645021210235,2.4160894056611437,2.4160894056611437,0
15172,Pessano con Bornago,Milano,3,45.548535,9.388324,0.0683,0.0505,0.0756,0.0215,0.0248,0.0,0.0278,0.0311,0.011,0.139,0.1746,0.2328,1.7356305320239442,4.348080256417784,4.348080256417784,0
17091,Lograto,Brescia,3,45.484238,10.053276,0.1431,0.1221,0.1526,0.0392,0.0414,0.029,0.0526,0.0547,0.0412,0.3043,0.3902,0.5203,1.417084011741944,1.966956107427965,1.966956107427965,0
1150,Mercenasco,Torino,1,45.357182,7.882359,0.0423,0.0175,0.051,0.018,0.0214,0.0,0.0219,0.0263,0.0,0.0928,0.111,0.1346,1.3811497343122563,1.1359572205544768,1.1359572205544768,0
28103,Villafranca Padovana,Padova,5,45.494851,11.797524,0.114,0.1024,0.1234,0.0332,0.0367,0.0277,0.0405,0.0465,0.0376,0.2302,0.298,0.4202,1.617368801010411,3.07413354911402,3.07413354911402,0
64079,Rocca San Felice,Avellino,15,40.95146,15.164394,0.2681,0.2353,0.2832,0.0617,0.0635,0.0468,0.0834,0.0854,0.0652,0.5328,0.7368,1.041,1.5618732992734834,3.182245390507197,3.182245390507197,0
24014,Breganze,Vicenza,5,45.708144,11.564767,0.1671,0.1473,0.1824,0.0445,0.0477,0.0385,0.0597,0.0622,0.0512,0.35,0.4556,0.6254,1.5992551573058362,1.407879954084055,1.407879954084055,0
3023,Borgolavezzaro,Novara,1,45.319663,8.699539,0.0393,0.0161,0.0471,0.0156,0.0188,0.0,0.0194,0.0234,0.0,0.086,0.1035,0.1274,0.6552247350758307,3.937517736168338,3.937517736168338,0
97058,Olgiate Molgora,Lecco,3,45.730279,9.403347,0.0611,0.0425,0.0689,0.0216,0.0249,0.0,0.0282,0.0314,0.0114,0.1456,0.1843,0.2498,1.6621975340235091,1.9142834295663458,1.9142834295663458,0
65135,Sarno,Salerno,15,40.810811,14.619839,0.1497,0.1066,0.1593,0.0466,0.0489,0.0248,0.0602,0.065,0.0372,0.3229,0.4073,0.5659,1.0321954056537974,2.189955108700002,2.189955108700002,0
36009,Cavezzo,Modena,8,44.8365,11.029435,0.1501,0.1415,0.1759,0.0386,0.0422,0.0298,0.0492,0.0531,0.0436,0.3457,0.4617,0.6389,1.123622110892488,2.644974034468541,2.644974034468541,0
98003,Boffalora d'Adda,Lodi,3,45.359771,9.494156,0.0701,0.0508,0.0782,0.0258,0.0289,0.0104,0.0324,0.0355,0.016,0.1602,0.1996,0.2615,0.912002149518272,1.8954556036597578,1.8954556036597578,0
41067,Urbino,Pesaro e Urbino,11,43.726261,12.636314,0.1745,0.1518,0.1929,0.0549,0.0577,0.0401,0.0695,0.0732,0.0553,0.3565,0.4548,0.6109,0.8817845237589071,2.7022010350455647,2.7022010350455647,0
87051,Tremestieri Etneo,Catania,19,37.576488,15.07322,0.225,0.1967,0.267,0.0832,0.0955,0.0518,0.1021,0.1178,0.0671,0.4593,0.6005,0.8708,0.6582179807636742,1.2144136713683014,1.2144136713683014,0
12025,Buguggiate,Varese,3,45.785997,8.80499,0.038,0.0142,0.0446,0.0145,0.0182,0.0,0.0181,0.0224,0.0,0.0822,0.0981,0.1224,0.6583738953205539,3.4686502973535194,3.4686502973535194,0
73003,Castellaneta,Taranto,16,40.630424,16.934678,0.1413,0.1127,0.1542,0.0345,0.0393,0.0233,0.0464,0.054,0.034,0.3261,0.4227,0.5589,1.1444424754615885,2.108460338314727,2.108460338314727,0
37047,Pianoro,Bologna,8,44.392964,11.342314,0.1673,0.131,0.1832,0.0566,0.0619,0.0429,0.0706,0.0779,0.0557,0.3656,0.4489,0.5724,0.9751523475100888,3.4050440555480246,3.4050440555480246,0
35035,Rolo,Reggio nell'Emilia,8,44.886656,10.858208,0.1402,0.132,0.1589,0.0369,0.0401,0.0255,0.0455,0.0503,0.0375,0.3038,0.4154,0.5858,1.1767803531188314,3.273483423093965,3.273483423093965,0
17134,Paratico,Brescia,3,45.659876,9.95507,0.1343,0.1099,0.1464,0.0371,0.0386,0.0256,0.0495,0.0516,0.037,0.2903,0.3704,0.4883,1.5881797615190372,4.537227143840864,4.537227143840864,0
75021,Collepasso,Lecce,16,40.07302,18.163073,0.0565,0.0434,0.0671,0.0151,0.0178,0.0,0.02,0.025,0.0,0.1102,0.1491,0.201,1.5629000102073076,3.8221075245916833,3.8221075245916833,0
15050,Carpiano,Milano,3,45.340572,9.272733,0.0579,0.0368,0.0658,0.0217,0.0251,0.0,0.0275,0.031,0.0104,0.1299,0.1606,0.2068,0.4395360351715744,3.4727912768728655,3.4727912768728655,0
41065,Tavullia,Pesaro e Urbino,11,43.897756,12.75479,0.1848,0.1672,0.2138,0.0507,0.0552,0.0399,0.0655,0.0708,0.0575,0.4099,0.5375,0.7459,0.7678823906000295,3.5247203556896913,3.5247203556896913,0
42031,Morro d'Alba,Ancona,11,43.601097,13.213846,0.1844,0.1668,0.2137,0.0505,0.0549,0.0401,0.0649,0.0705,0.058,0.4109,0.5389,0.7413,1.1305691480123248,1.8364558784025733,1.8364558784025733,0
40003,Bertinoro,Forlì-Cesena,8,44.148665,12.134235,0.2061,0.1722,0.2247,0.064,0.0683,0.0515,0.0818,0.0874,0.0679,0.4254,0.5288,0.6859,1.0248966459393247,4.34219702712236,4.34219702712236,0
15106,Gessate,Milano,3,45.554388,9.435192,0.0731,0.0558,0.0798,0.0234,0.0265,0.0077,0.0303,0.0333,0.0137,0.1608,0.2068,0.2817,1.1674565678675257,1.8509882020238444,1.8509882020238444,0
16037,Brembate,Bergamo,3,45.603928,9.555598,0.0963,0.0765,0.1033,0.0274,0.03,0.0122,0.0357,0.0379,0.0199,0.2155,0.2866,0.3966,1.5866282573430948,2.0874835748816496,2.0874835748816496,0
15076,Cesate,Milano,3,45.596474,9.077308,0.0429,0.0197,0.0507,0.0166,0.0198,0.0,0.0207,0.0249,0.0,0.094,0.1142,0.1417,0.870376760758258,1.701935143523377,1.701935143523377,0
4075,Costigliole Saluzzo,Cuneo,1,44.564534,7.485427,0.1245,0.0929,0.138,0.038,0.0397,0.024,0.0503,0.0533,0.0345,0.2783,0.3484,0.451,1.2692788459427342,4.153833395874151,4.153833395874151,0
13114,Guanzate,Como,3,45.723878,9.010799,0.0397,0.0161,0.0471,0.0154,0.019,0.0,0.0192,0.0235,0.0,0.0863,0.1041,0.1288,0.8748568259748766,3.8070796893719416,3.8070796893719416,0
1164,Nichelino,Torino,1,44.995518,7.646618,0.0596,0.0393,0.0704,0.0256,0.0283,0.0099,0.0317,0.0349,0.0149,0.1464,0.1758,0.2196,0.9908295979516503,2.6030468777142266,2.6030468777142266,0
15185,Rodano,Milano,3,45.477658,9.353461,0.0599,0.0397,0.0682,0.0222,0.0255,0.0,0.0284,0.0317,0.0116,0.1374,0.1709,0.2221,0.5116517760748966,1.6420635250043036,1.6420635250043036,0
16240,Villa di Serio,Bergamo,3,45.722665,9.732378,0.1176,0.0941,0.1267,0.0299,0.0321,0.015,0.0386,0.0406,0.0244,0.2374,0.3179,0.4299,1.0147360479670826,3.718887000105675,3.718887000105675,0
96004,Biella,Biella,1,45.566954,8.086912,0.0415,0.0183,0.0504,0.017,0.0202,0.0,0.0208,0.0253,0.0,0.0911,0.1099,0.1344,0.8877214080524655,2.2277717633842684,2.2277717633842684,0
16016,Azzano San Paolo,Bergamo,3,45.661039,9.67518,0.1193,0.0955,0.1286,0.0313,0.0333,0.0166,0.0406,0.0429,0.0274,0.2566,0.3402,0.4532,1.2775652834129876,3.431906089681088,3.431906089681088,0
75034,Guagnano,Lecce,16,40.401227,17.949018,0.0486,0.0299,0.0553,0.0146,0.0173,0.0,0.0196,0.0234,0.0,0.087,0.1069,0.1336,1.4634768084659346,0.8279922407719946,0.8279922407719946,0
23012,Bovolone,Verona,5,45.25781,11.120366,0.1088,0.0976,0.121,0.0344,0.0369,0.0271,0.0417,0.0461,0.0374,0.238,0.3092,0.4346,1.8241338816966213,3.1460703252479196,3.1460703252479196,0
89009,Floridia,Siracusa,19,37.086946,15.151894,0.256,0.204,0.3046,0.0417,0.0455,0.0376,0.0593,0.0695,0.0539,0.4755,0.6743,0.9733,1.2409007323955887,3.175137863911367,3.175137863911367,0
98025,Crespiatica,Lodi,3,45.356672,9.575158,0.0762,0.0577,0.0847,0.0274,0.0303,0.0122,0.0343,0.0372,0.0183,0.1742,0.2195,0.2925,1.7273383034430243,1.7168711057818342,1.7168711057818342,0
71050,San Paolo di Civitate,Foggia,16,41.738336,15.260241,0.2078,0.144,0.2533,0.058,0.0601,0.0406,0.0763,0.0825,0.0547,0.4391,0.5681,0.7719,0.8648924781812735,3.6430622335117664,3.6430622335117664,0
58046,Grottaferrata,Roma,12,41.788616,12.666741,0.1665,0.0923,0.1997,0.057,0.061,0.0283,0.0746,0.0789,0.0371,0.3783,0.4599,0.5751,0.1440954305330975,2.2211621800335832,2.2211621800335832,0
83048,Messina,Messina,19,38.193757,15.554208,0.2489,0.2072,0.2724,0.0611,0.0631,0.0421,0.0825,0.0858,0.0592,0.5074,0.6803,0.9791,1.3303811842658668,4.216301266557294,4.216301266557294,0
108009,Biassono,Monza e della Brianza,3,45.630987,9.27512,0.054,0.0332,0.0608,0.0195,0.023,0.0,0.0252,0.0289,0.0081,0.1223,0.1508,0.1945,1.1197185656707702,2.178683899715769,2.178683899715769,0
67041,Teramo,Teramo,13,42.658118,13.699625,0.184,0.1426,0.2029,0.0602,0.0656,0.0432,0.076,0.082,0.0577,0.3771,0.4869,0.6368,0.7737961140090316,2.6702179428394857,2.6702179428394857,0
3024,Borgomanero,Novara,1,45.698911,8.462367,0.0388,0.0163,0.0468,0.0147,0.0181,0.0,0.0184,0.0224,0.0,0.0833,0.0999,0.1244,1.4253221266404914,3.2431706183997515,3.2431706183997515,0
1090,Collegno,Torino,1,45.077547,7.572426,0.0632,0.0436,0.0737,0.027,0.0296,0.0115,0.0336,0.0366,0.0171,0.1598,0.1943,0.2468,1.3809930684031066,3.4336532376051103,3.4336532376051103,0
17097,Maclodio,Brescia,3,45.476998,10.042715,0.1395,0.1185,0.1512,0.0392,0.0414,0.029,0.0526,0.0547,0.0412,0.3043,0.3902,0.5203,0.8140409933942628,3.300511714148674,3.300511714148674,0
50037,Vecchiano,Pisa,9,43.783342,10.384403,0.1206,0.1071,0.1298,0.0389,0.0428,0.0194,0.0482,0.0532,0.0288,0.2629,0.3446,0.4644,0.20520878079614321,1.6834446749395982,1.6834446749395982,0
79096,Pianopoli,Catanzaro,18,38.953917,16.388125,0.2747,0.2376,0.3007,0.0718,0.0731,0.0518,0.0952,0.0986,0.0707,0.5491,0.7486,1.0455,0.8618606483420834,1.2482020961365974,1.2482020961365974,0
68021,Loreto Aprutino,Pescara,13,42.434634,13.983232,0.1773,0.1338,0.1946,0.0565,0.0609,0.0386,0.0714,0.0768,0.0528,0.358,0.4641,0.6142,0.942838867656778,2.0975659277209835,2.0975659277209835,0
87008,Biancavilla,Catania,19,37.646276,14.861411,0.1788,0.1436,0.2072,0.0703,0.0794,0.0404,0.0859,0.0977,0.0531,0.3859,0.4734,0.6567,0.774519225930899,2.7141534990276988,2.7141534990276988,0
13110,Grandate,Como,3,45.775177,9.057838,0.0405,0.0171,0.0481,0.0158,0.0193,0.0,0.0196,0.0241,0.0,0.0887,0.108,0.1335,1.3912389212020255,2.444881128467204,2.444881128467204,0
34036,Soragna,Parma,8,44.926266,10.124178,0.133,0.0994,0.1484,0.0394,0.0435,0.0236,0.0508,0.0558,0.0347,0.2898,0.3786,0.4951,0.6217044104701892,2.727953417808814,2.727953417808814,0
79017,Caraffa di Catanzaro,Catanzaro,18,38.881287,16.485603,0.2589,0.2181,0.2818,0.0676,0.0687,0.0485,0.0904,0.093,0.0665,0.518,0.6918,0.9761,0.8143237038332072,2.5858411067618756,2.5858411067618756,0
108036,Ornago,Monza e della Brianza,3,45.598404,9.422214,0.0727,0.0555,0.0794,0.0229,0.0261,0.0,0.0298,0.0328,0.0132,0.159,0.2047,0.2788,0.8097167037775953,2.0245426945193223,2.0245426945193223,0
81010,Gibellina,Trapani,19,37.807042,12.869539,0.1142,0.0895,0.1311,0.0282,0.0299,0.0139,0.0382,0.0408,0.0235,0.2427,0.319,0.4456,0.500829719216238,2.860807663903645,2.860807663903645,0
16233,Verdello,Bergamo,3,45.604778,9.628954,0.1133,0.0905,0.1216,0.0299,0.0321,0.0149,0.0387,0.0407,0.0247,0.2433,0.325,0.4372,0.6279888678678566,2.1644049255191566,2.1644049255191566,0
51017,Cortona,Arezzo,9,43.275298,11.985062,0.1554,0.1402,0.1764,0.0538,0.0583,0.0378,0.0658,0.0724,0.0511,0.3511,0.4406,0.5726,0.5969061858271567,0.6418044326507808,0.6418044326507808,0
1062,Caselette,Torino,1,45.104746,7.480817,0.0832,0.0628,0.0934,0.0297,0.0321,0.0144,0.0369,0.0398,0.0212,0.1899,0.2367,0.3078,1.6496347188309943,2.455130750815434,2.455130750815434,0
24024,Carrè,Vicenza,5,45.748384,11.459298,0.1599,0.1401,0.1743,0.0432,0.0464,0.0376,0.0572,0.0601,0.0494,0.3371,0.4394,0.6036,0.7823021217320586,3.7171450933617893,3.7171450933617893,0
97057,Oggiono,Lecco,3,45.79188,9.346745,0.0537,0.033,0.0605,0.019,0.0224,0.0,0.0242,0.0282,0.0,0.1168,0.1425,0.182,1.560857353577339,2.7683370971100265,2.7683370971100265,0
55004,Amelia,Terni,10,42.553528,12.416776,0.1515,0.1373,0.1745,0.0508,0.0553,0.0338,0.0621,0.0685,0.0459,0.3397,0.4294,0.5643,0.7834663322783739,2.9739699178345833,2.9739699178345833,0
57016,Cittaducale,Rieti,12,42.386834,12.948341,0.2113,0.1891,0.2235,0.0644,0.0697,0.0526,0.0802,0.0871,0.071,0.4246,0.5437,0.7267,1.2968958540761215,0.3611615580084962,0.3611615580084962,0
15027,Bollate,Milano,3,45.543835,9.117708,0.0447,0.0219,0.0524,0.0178,0.0211,0.0,0.0224,0.0264,0.0,0.1035,0.1252,0.1574,1.0179962263959155,2.7635500842255833,2.7635500842255833,0
18102,Mortara,Pavia,3,45.247922,8.736385,0.0418,0.0193,0.0496,0.0164,0.0195,0.0,0.0206,0.0246,0.0,0.0939,0.1148,0.1429,0.957353999874651,0.7733039847478652,0.7733039847478652,0
34025,Noceto,Parma,8,44.809901,10.17726,0.1525,0.1121,0.1683,0.0482,0.054,0.0333,0.0607,0.0694,0.0449,0.3433,0.4306,0.5538,1.6251622050352839,2.3580019893957083,2.3580019893957083,0
27020,Marcon,Venezia,5,45.554328,12.299382,0.0921,0.0817,0.0997,0.0323,0.036,0.0273,0.0393,0.0444,0.0367,0.2183,0.2778,0.3982,1.0040589336094934,3.6767968188264293,3.6767968188264293,0
30100,San Giorgio di Nogaro,Udine,6,45.832024,13.211145,0.109,0.1002,0.1206,0.035,0.039,0.0322,0.0458,0.0491,0.0399,0.2348,0.2966,0.4136,0.28748594211661516,0.9403595223867102,0.9403595223867102,0
40045,Savignano sul Rubicone,Forlì-Cesena,8,44.092512,12.399131,0.1852,0.1685,0.2073,0.0547,0.0586,0.0421,0.069,0.0749,0.0585,0.4239,0.5525,0.7511,1.4683420477572078,2.8811661346368185,2.8811661346368185,0
27039,Stra,Venezia,5,45.416845,12.002304,0.078,0.0705,0.0879,0.0299,0.0334,0.0207,0.0362,0.0398,0.0294,0.1817,0.2305,0.3055,1.4716261527547452,1.2207842770534474,1.2207842770534474,0
37036,Marzabotto,Bologna,8,44.340988,11.204782,0.16,0.1224,0.1769,0.0562,0.0619,0.0411,0.0697,0.0774,0.0531,0.356,0.4431,0.565,0.7835383599074317,3.392216256439946,3.392216256439946,0
23038,Grezzana,Verona,5,45.518531,11.016159,0.1647,0.1426,0.1827,0.0436,0.0471,0.0385,0.0581,0.0624,0.0512,0.3516,0.4577,0.6297,1.1279514696845616,2.4674580655031755,2.4674580655031755,0
54020,Fratta Todina,Perugia,10,42.857978,12.364672,0.1577,0.142,0.1775,0.0564,0.061,0.0405,0.0693,0.0757,0.0546,0.3565,0.4463,0.5787,1.552768630821812,4.465893227443719,4.465893227443719,0
17039,Carpenedolo,Brescia,3,45.364606,10.429385,0.1452,0.1326,0.1574,0.0376,0.04,0.0295,0.0483,0.0524,0.0435,0.3082,0.4061,0.5639,1.736009830831677,2.131506981062881,2.131506981062881,0
15154,Nerviano,Milano,3,45.553647,8.970719,0.04,0.0167,0.048,0.0162,0.0195,0.0,0.0201,0.0244,0.0,0.0899,0.1092,0.1342,0.7230794863078465,2.880820876555188,2.880820876555188,0
28106,Due Carrare,Padova,5,45.290505,11.821753,0.0676,0.0607,0.0765,0.0287,0.032,0.0166,0.0343,0.0377,0.0228,0.1463,0.1746,0.2285,0.9928485579938416,4.371602922194425,4.371602922194425,0
93040,San Quirino,Pordenone,6,46.036167,12.68004,0.2211,0.1979,0.2693,0.0585,0.0626,0.0513,0.0776,0.0861,0.069,0.4634,0.6107,0.8458,1.5179986766069264,2.1540787870625935,2.1540787870625935,0
109035,Rapagnano,Fermo,11,43.161253,13.592905,0.1768,0.1621,0.1889,0.052,0.0555,0.0398,0.066,0.0711,0.0559,0.397,0.5238,0.7104,0.9907519649855121,4.637286615164238,4.637286615164238,0
12078,Gorla Maggiore,Varese,3,45.664137,8.890948,0.0384,0.0143,0.0452,0.0151,0.0187,0.0,0.0188,0.0231,0.0,0.0844,0.101,0.125,1.564345358766359,3.4342309723439364,3.4342309723439364,0
28044,Legnaro,Padova,5,45.345648,11.963935,0.0693,0.0611,0.0773,0.0279,0.0309,0.0156,0.0336,0.0367,0.0216,0.1432,0.1751,0.2216,0.7564120605440271,4.419295383152282,4.419295383152282,0
36018,Lama Mocogno,Modena,8,44.307263,10.731777,0.1614,0.128,0.1819,0.0572,0.0626,0.0402,0.0714,0.0781,0.0548,0.3593,0.4531,0.5772,1.275652877649975,3.8658628024915984,3.8658628024915984,0
67017,Civitella del Tronto,Teramo,13,42.773446,13.672291,0.1794,0.1399,0.1976,0.0567,0.0599,0.0397,0.0716,0.0759,0.0545,0.3579,0.4618,0.6076,0.8460847069133595,2.7766541976648917,2.7766541976648917,0
15110,Grezzago,Milano,3,45.591865,9.495203,0.0839,0.0663,0.091,0.0255,0.0284,0.0101,0.0331,0.0357,0.0168,0.1874,0.2453,0.3448,1.2548042247830966,2.5565636758168515,2.5565636758168515,0
97019,Castello di Brianza,Lecco,3,45.756471,9.345355,0.056,0.036,0.0632,0.0195,0.0229,0.0,0.0252,0.0288,0.0078,0.1227,0.1516,0.1959,1.625584832465786,1.1177551675790904,1.1177551675790904,0
35008,Cadelbosco di Sopra,Reggio nell'Emilia,8,44.763319,10.595182,0.1349,0.128,0.1412,0.0447,0.0484,0.0316,0.0558,0.0599,0.0424,0.3123,0.4132,0.5693,1.3156097184723785,1.8619736237992532,1.8619736237992532,0
16154,Pagazzano,Bergamo,3,45.534277,9.671157,0.1156,0.0926,0.1243,0.0304,0.0326,0.0155,0.039,0.0413,0.025,0.2377,0.318,0.4298,1.1321073132909736,3.592769449531273,3.592769449531273,0
16028,Bolgare,Bergamo,3,45.635081,9.812858,0.1327,0.1072,0.1443,0.036,0.0374,0.0233,0.0482,0.0506,0.0357,0.2913,0.3744,0.4926,1.594411473494212,3.9621303098448446,3.9621303098448446,0
30109,Sedegliano,Udine,6,46.014371,12.97743,0.173,0.1526,0.2115,0.0527,0.056,0.0453,0.068,0.0742,0.0599,0.3931,0.5193,0.7217,0.5145987919399625,2.396993207702214,2.396993207702214,0
13095,Erba,Como,3,45.80958,9.231242,0.0458,0.0234,0.0532,0.018,0.0213,0.0,0.0227,0.0268,0.0,0.1073,0.1299,0.1648,1.3613619689547294,3.5966714439828693,3.5966714439828693,0
12067,Fagnano Olona,Varese,3,45.668948,8.872771,0.0384,0.0143,0.0452,0.0147,0.0183,0.0,0.0184,0.0226,0.0,0.0821,0.0979,0.1217,0.6756064359585482,3.898807108843738,3.898807108843738,0
6091,Masio,Alessandria,1,44.869649,8.407741,0.0474,0.0259,0.0543,0.0169,0.0204,0.0,0.0214,0.0259,0.0,0.1055,0.1299,0.1688,1.4041220219145412,0.9392603610039982,0.9392603610039982,0
36004,Camposanto,Modena,8,44.790101,11.137808,0.1548,0.1461,0.1832,0.04,0.0441,0.0329,0.053,0.0552,0.0478,0.3581,0.4755,0.6556,1.6048300806965303,3.970111749583785,3.970111749583785,0
63079,Somma Vesuviana,Napoli,15,40.871615,14.436142,0.1724,0.122,0.1889,0.0478,0.051,0.0262,0.0629,0.0695,0.0392,0.3472,0.4369,0.6125,0.9797980735048929,2.483140732781056,2.483140732781056,0
60056,Pontecorvo,Frosinone,12,41.461618,13.666709,0.1556,0.1392,0.1687,0.0543,0.0594,0.0395,0.0682,0.0758,0.055,0.3644,0.4666,0.6259,1.1391849676482597,3.6977963943559287,3.6977963943559287,0
61043,Gricignano di Aversa,Caserta,15,40.980092,14.233711,0.1369,0.0938,0.145,0.0426,0.0455,0.0192,0.0548,0.0575,0.0301,0.2692,0.3367,0.4367,1.618002347949915,1.6850906108565566,1.6850906108565566,0
12012,Besnate,Varese,3,45.700165,8.768315,0.0376,0.0136,0.0441,0.0143,0.018,0.0,0.0179,0.0222,0.0,0.0807,0.0957,0.1196,1.0369531197271502,0.8453759096825926,0.8453759096825926,0
17149,Pontevico,Brescia,3,45.274374,10.092471,0.1075,0.0988,0.1155,0.0341,0.0366,0.0204,0.0422,0.0459,0.0305,0.2334,0.3067,0.4307,1.7530871985708192,1.7775281067201636,1.7775281067201636,0
98045,Pieve Fissiraga,Lodi,3,45.263268,9.458357,0.0707,0.0496,0.0782,0.0252,0.0284,0.0091,0.0316,0.0348,0.0145,0.1565,0.1973,0.2634,0.891027928964899,1.6269945380901443,1.6269945380901443,0
67047,Martinsicuro,Teramo,13,42.885144,13.915535,0.1786,0.1666,0.1913,0.0499,0.0535,0.0366,0.0631,0.0684,0.0514,0.3942,0.5226,0.7315,0.9176614825965057,1.787487119788878,1.787487119788878,0
26095,Zero Branco,Treviso,5,45.601701,12.165212,0.1224,0.1102,0.1457,0.034,0.0378,0.0304,0.043,0.0479,0.039,0.2441,0.3284,0.4706,1.3440171459667412,4.366576834749327,4.366576834749327,0
42027,Montemarciano,Ancona,11,43.638863,13.30747,0.1826,0.1647,0.2214,0.0478,0.0529,0.0388,0.062,0.0695,0.0589,0.3995,0.5293,0.7386,0.31724186411184097,2.7832601849792296,2.7832601849792296,0
28008,Bagnoli di Sopra,Padova,5,45.184841,11.883486,0.0609,0.0484,0.07,0.0272,0.0307,0.0134,0.0326,0.0362,0.0182,0.1319,0.1579,0.1943,0.9019920811556591,2.8587666908245852,2.8587666908245852,0
4211,Sant'Albano Stura,Cuneo,1,44.508934,7.722333,0.0749,0.0528,0.0853,0.0275,0.0301,0.0128,0.0343,0.0374,0.0184,0.1655,0.2003,0.2512,0.26143958818042434,2.6017759482300624,2.6017759482300624,0
24009,Asiago,Vicenza,5,45.875377,11.5107,0.1404,0.1249,0.1537,0.0388,0.0414,0.0352,0.0528,0.0549,0.045,0.2982,0.3915,0.5408,0.3258754726407844,3.2149785103045776,3.2149785103045776,0
16207,Stezzano,Bergamo,3,45.65138,9.65351,0.1154,0.0922,0.1239,0.029,0.0313,0.0139,0.0377,0.0395,0.023,0.233,0.3121,0.4239,0.03348863818081856,3.513363075967368,3.513363075967368,0
61055,Pastorano,Caserta,15,41.180816,14.198225,0.1184,0.0966,0.1295,0.0433,0.0475,0.024,0.0532,0.0581,0.0331,0.2366,0.2927,0.4094,0.7915194955242187,2.543972753816952,2.543972753816952,0
63066,San Gennaro Vesuviano,Napoli,15,40.8604,14.529168,0.1743,0.1255,0.1885,0.0495,0.0521,0.0281,0.0648,0.0707,0.0413,0.35,0.4394,0.6136,1.0031471581993638,3.0492476916656024,3.0492476916656024,0
1066,Castellamonte,Torino,1,45.381955,7.712117,0.0471,0.0227,0.0563,0.0199,0.0235,0.0,0.0246,0.0288,0.0,0.1065,0.126,0.1543,1.8000072722972604,2.3185578076462066,2.3185578076462066,0
90005,Ardara,Sassari,20,40.621761,8.810319,0.0,0.0,0.0,0.0,0.0,0.0,0.0,0.0,0.0,0.0,0.0,0.0,226.27667258974807,226.70134867835225,226.70134867835225,1
76089,Tito,Potenza,17,40.583615,15.675465,0.25,0.2113,0.2636,0.059,0.0605,0.0453,0.0793,0.0816,0.0648,0.4899,0.6757,0.9773,0.5384994973296807,2.6584522392940766,2.6584522392940766,0
67039,Sant'Omero,Teramo,13,42.786672,13.801764,0.1759,0.1527,0.193,0.054,0.0569,0.0386,0.0685,0.0726,0.0527,0.3556,0.4609,0.6155,1.0607112633288693,3.2302173079745593,3.2302173079745593,0
6018,Borghetto di Borbera,Alessandria,1,44.730892,8.945331,0.0949,0.0761,0.1059,0.0255,0.0285,0.0092,0.0335,0.0363,0.0167,0.2027,0.2738,0.3735,1.1576221608826518,3.765096868854424,3.765096868854424,0
97071,Robbiate,Lecco,3,45.691134,9.441322,0.0729,0.0558,0.0794,0.0223,0.0255,0.0,0.0291,0.0322,0.0124,0.1537,0.1968,0.2671,1.2196326089489402,3.8693987162924857,3.8693987162924857,0
22042,Carisolo,Trento,4,46.168776,10.759159,0.0558,0.0441,0.0658,0.0241,0.0276,0.0115,0.0295,0.0332,0.0164,0.1286,0.1545,0.1911,1.1269513449702473,1.7885623935520594,1.7885623935520594,0
16069,Cenate Sotto,Bergamo,3,45.698864,9.825711,0.1267,0.1018,0.1372,0.0349,0.0365,0.0217,0.0464,0.0486,0.0336,0.2812,0.3645,0.4814,0.3449270813088353,2.9956317838614823,2.9956317838614823,0
72032,Noicattaro,Bari,16,41.032287,16.987712,0.0654,0.0491,0.0735,0.0237,0.0261,0.0103,0.0301,0.0329,0.0154,0.1279,0.1599,0.2116,0.6086090823155564,1.7564564493611436,1.7564564493611436,0
24067,Monticello Conte Otto,Vicenza,5,45.59518,11.580579,0.1569,0.1381,0.1702,0.0427,0.046,0.0373,0.0568,0.0598,0.0491,0.338,0.4411,0.6076,0.16524331950789606,3.3734049586425243,3.3734049586425243,0
63080,Sorrento,Napoli,15,40.624906,14.374836,0.0974,0.0556,0.1013,0.0353,0.037,0.0112,0.0445,0.0469,0.0192,0.2053,0.2506,0.3169,0.1575770677336564,3.235563114005187,3.235563114005187,0
80025,Caulonia,Reggio di Calabria,18,38.381377,16.409007,0.1667,0.132,0.1733,0.0473,0.049,0.0309,0.0607,0.0632,0.0427,0.3261,0.432,0.5858,1.1434161498397217,1.956971336189073,1.956971336189073,0
34023,Montechiarugolo,Parma,8,44.693401,10.42248,0.1557,0.1181,0.1696,0.0499,0.0555,0.0354,0.0622,0.0707,0.0469,0.346,0.43,0.5526,0.6368807886886946,2.8401172653055538,2.8401172653055538,0
83005,Barcellona Pozzo di Gotto,Messina,19,38.148306,15.217552,0.1826,0.1437,0.2022,0.0567,0.0594,0.0376,0.0725,0.0766,0.0516,0.36,0.4516,0.5838,1.2269117525946434,3.0130931982866875,3.0130931982866875,0
84021,Licata,Agrigento,19,37.101636,13.937615,0.0589,0.0449,0.0687,0.0185,0.0215,0.0,0.0243,0.0287,0.009,0.1182,0.1522,0.2076,1.306053193385314,2.237076485915047,2.237076485915047,0
49014,Portoferraio,Livorno,9,42.811582,10.313053,0.0333,0.0,0.0413,0.0135,0.018,0.0,0.0164,0.0216,0.0,0.0717,0.0826,0.0993,1.1006645474602703,3.722166828905928,3.722166828905928,0
23017,Caldiero,Verona,5,45.414388,11.177392,0.1487,0.1308,0.1631,0.0394,0.0424,0.0358,0.0533,0.0557,0.0461,0.3229,0.4229,0.5869,1.118044169851577,3.904369650871025,3.904369650871025,0
61007,Bellona,Caserta,15,41.160016,14.232326,0.1189,0.0959,0.129,0.0433,0.0475,0.024,0.0532,0.0581,0.0331,0.2366,0.2927,0.4094,1.379547812711026,2.822444196164499,2.822444196164499,0
92068,Selargius,Cagliari,20,39.25695,9.167554,0.0,0.0,0.0,0.0,0.0,0.0,0.0,0.0,0.0,0.0,0.0,0.0,325.48214624353864,323.9421551589261,323.9421551589261,1
63043,Marigliano,Napoli,15,40.924914,14.456867,0.1764,0.1273,0.1909,0.0501,0.0526,0.0284,0.0655,0.0713,0.0416,0.3514,0.4409,0.6148,0.2364098465716652,2.957842335533597,2.957842335533597,0
17075,Gardone Val Trompia,Brescia,3,45.687914,10.183724,0.1401,0.1221,0.1503,0.0386,0.0406,0.0297,0.0516,0.0542,0.0413,0.2969,0.3814,0.5102,1.545735710922863,2.040711402419332,2.040711402419332,0
103017,Cannobio,Verbano-Cusio-Ossola,1,46.061808,8.697639,0.0432,0.0211,0.0502,0.0154,0.0184,0.0,0.0197,0.0234,0.0,0.0957,0.1167,0.1456,0.41008065468010496,3.819507112697252,3.819507112697252,0
7073,Verrès,Valle d'Aosta/Vallée d'Aoste,2,45.668718,7.690758,0.0568,0.0353,0.0673,0.0226,0.0256,0.0,0.0281,0.0316,0.0112,0.1252,0.149,0.1821,0.8994744724912269,2.7370753652398876,2.7370753652398876,0
52032,Siena,Siena,9,43.167225,11.467181,0.1416,0.1034,0.1599,0.0485,0.0529,0.0236,0.0598,0.066,0.0338,0.3049,0.3772,0.4819,0.8049643492769819,3.749824380222452,3.749824380222452,0
92011,Capoterra,Cagliari,20,39.175313,8.97195,0.0,0.0,0.0,0.0,0.0,0.0,0.0,0.0,0.0,0.0,0.0,0.0,347.1538128036234,344.6646652816696,344.6646652816696,1
109034,Porto Sant'Elpidio,Fermo,11,43.258962,13.756983,0.1813,0.1631,0.2148,0.0473,0.0517,0.0366,0.0603,0.0667,0.0546,0.3949,0.5245,0.7343,0.7927479565051879,2.827505939708455,2.827505939708455,0
43022,Loro Piceno,Macerata,11,43.16612,13.416403,0.1746,0.1443,0.1933,0.0556,0.0587,0.0403,0.0701,0.0744,0.0551,0.3568,0.4517,0.598,0.7980441358406636,2.166219151291879,2.166219151291879,0
109008,Grottazzolina,Fermo,11,43.111711,13.602981,0.1762,0.1622,0.1895,0.0529,0.0561,0.0399,0.0671,0.0718,0.0553,0.3796,0.4956,0.6699,1.279483247272207,3.724574700588406,3.724574700588406,0
34015,Fontanellato,Parma,8,44.881666,10.172179,0.1375,0.1019,0.1529,0.0419,0.0467,0.0268,0.0537,0.0592,0.0381,0.3051,0.3926,0.5108,1.4413588635278765,0.8770391043678614,0.8770391043678614,0
87045,Sant'Agata li Battiati,Catania,19,37.558273,15.080813,0.2179,0.1923,0.2457,0.0832,0.0955,0.0518,0.1021,0.1178,0.0671,0.4593,0.6005,0.8708,1.4203712153139567,2.6413533736491437,2.6413533736491437,0
23028,Colognola ai Colli,Verona,5,45.434631,11.186701,0.1525,0.1339,0.1678,0.0384,0.0412,0.0348,0.0524,0.0546,0.0452,0.3161,0.4149,0.5763,0.6933239993542774,3.806007458218038,3.806007458218038,0
111102,Villaperuccio,Sud Sardegna,20,39.111832,8.670038,0.0,0.0,0.0,0.0,0.0,0.0,0.0,0.0,0.0,0.0,0.0,0.0,372.119065862072,372.1935606774473,372.1935606774473,1
33014,Castelvetro Piacentino,Piacenza,8,45.100335,9.986716,0.0832,0.0659,0.0937,0.0331,0.036,0.017,0.0396,0.0439,0.0239,0.19,0.2352,0.306,1.4324841733584812,4.314777389255746,4.314777389255746,0
85007,Gela,Caltanissetta,19,37.066436,14.250244,0.0931,0.0824,0.1178,0.0248,0.0279,0.0125,0.0319,0.0355,0.0202,0.1911,0.2616,0.3935,0.4181786140398793,2.117561659750547,2.117561659750547,0
54054,Trevi,Perugia,10,42.877497,12.747455,0.2343,0.2114,0.2544,0.0731,0.0765,0.0597,0.0947,0.0978,0.0807,0.505,0.6399,0.8391,1.5210411951262712,1.0461239414916679,1.0461239414916679,0
63076,Saviano,Napoli,15,40.905613,14.505035,0.1784,0.1291,0.1928,0.0501,0.0526,0.0284,0.0655,0.0713,0.0416,0.3514,0.4409,0.6148,0.78261043012389,3.731716045688027,3.731716045688027,0
96026,Gaglianico,Biella,1,45.537862,8.075022,0.0405,0.0168,0.0491,0.0165,0.0199,0.0,0.0201,0.0248,0.0,0.0874,0.1047,0.1284,1.2403082770659417,2.7245576890696146,2.7245576890696146,0
21034,Gais/Gais,Bolzano/Bozen,4,46.833156,11.947484,0.0517,0.0304,0.0573,0.0178,0.0205,0.0,0.0229,0.0261,0.0,0.1062,0.1288,0.1625,0.5980380612215778,1.592069793988554,1.592069793988554,0
21012,Bronzolo/Branzoll,Bolzano/Bozen,4,46.404262,11.320055,0.0546,0.0357,0.063,0.0205,0.0242,0.0,0.026,0.0295,0.0105,0.1131,0.1353,0.1699,0.8828951174661589,1.277708580391023,1.277708580391023,0
75030,Galatone,Lecce,16,40.142922,18.070424,0.0539,0.0372,0.0618,0.0152,0.018,0.0,0.0202,0.0248,0.0,0.1001,0.1276,0.1693,1.0964350929436648,0.34013424782921714,0.34013424782921714,0
75028,Gagliano del Capo,Lecce,16,39.844218,18.369534,0.069,0.068,0.0911,0.0171,0.0199,0.0,0.0235,0.0292,0.0129,0.1514,0.1986,0.2773,0.8668439151442868,1.8324525828788263,1.8324525828788263,0
81007,Custonaci,Trapani,19,38.078163,12.675229,0.06,0.0349,0.0658,0.0178,0.0188,0.0,0.024,0.0255,0.0088,0.1265,0.1572,0.202,1.490132073056409,0.9710831610658684,0.9710831610658684,0
84017,Favara,Agrigento,19,37.316197,13.662417,0.0564,0.0359,0.0638,0.0197,0.0227,0.0,0.0258,0.0294,0.0093,0.116,0.1398,0.1752,1.2843911241198704,2.759466071897959,2.759466071897959,0
47013,Pieve a Nievole,Pistoia,9,43.879112,10.796112,0.1344,0.1209,0.146,0.0459,0.0504,0.0276,0.0557,0.061,0.0369,0.2836,0.3615,0.4796,0.784804326250646,3.0220308559984175,3.0220308559984175,0
64011,Bisaccia,Avellino,15,41.012121,15.374753,0.236,0.2144,0.2834,0.0573,0.0598,0.044,0.0759,0.0821,0.0617,0.5001,0.673,0.9544,0.9957475995604629,3.358858952147306,3.358858952147306,0
108019,Cesano Maderno,Monza e della Brianza,3,45.628189,9.14624,0.0448,0.022,0.0523,0.0174,0.0207,0.0,0.0219,0.026,0.0,0.1016,0.1232,0.1548,1.1344219213090858,2.6942395820840885,2.6942395820840885,0
16174,Predore,Bergamo,3,45.680784,10.014361,0.1333,0.1092,0.1447,0.0371,0.0386,0.0256,0.0495,0.0516,0.037,0.2903,0.3704,0.4883,1.2563643307612324,2.993599873890747,2.993599873890747,0
76042,Lauria,Potenza,17,40.047351,15.836595,0.2424,0.1968,0.2549,0.0546,0.0579,0.0388,0.0743,0.0782,0.0568,0.4738,0.6554,0.9563,0.8739734972388032,1.5155825574543615,1.5155825574543615,0
23089,Valeggio sul Mincio,Verona,5,45.353751,10.734546,0.1487,0.1307,0.1627,0.0379,0.0413,0.0337,0.0515,0.0547,0.0454,0.3147,0.4136,0.575,0.7429366780968563,1.8104359980314968,1.8104359980314968,0
63036,Grumo Nevano,Napoli,15,40.938154,14.259269,0.1525,0.1055,0.1645,0.0455,0.048,0.0227,0.059,0.0642,0.0353,0.3226,0.4095,0.5817,1.6778360637789065,2.875025752900937,2.875025752900937,0
17048,Cellatica,Brescia,3,45.584106,10.180245,0.1463,0.1318,0.1575,0.0404,0.0436,0.0322,0.0542,0.0568,0.0452,0.3149,0.4106,0.5581,0.6702431138284893,3.111390337788945,3.111390337788945,0
15032,Bresso,Milano,3,45.53668,9.18773,0.0478,0.0257,0.0553,0.0188,0.0221,0.0,0.0239,0.0277,0.0,0.1127,0.1362,0.1732,1.567879267569147,3.5335417726671663,3.5335417726671663,0
22188,Telve,Trento,4,46.071328,11.479592,0.0901,0.0814,0.1016,0.0309,0.0349,0.0259,0.0378,0.0428,0.0351,0.2029,0.2559,0.3417,0.7149279288122279,0.5472105325373714,0.5472105325373714,0
30002,Amaro,Udine,6,46.374031,13.09536,0.2511,0.2265,0.3053,0.0637,0.071,0.057,0.0872,0.0973,0.0762,0.5171,0.6785,0.9395,0.10589809053242899,3.812422768954695,3.812422768954695,0
56042,Orte,Viterbo,12,42.460598,12.385606,0.1419,0.127,0.1601,0.0495,0.054,0.0325,0.0603,0.0667,0.0438,0.3326,0.4212,0.5559,1.1185972904032335,3.069928780936168,3.069928780936168,0
87018,Grammichele,Catania,19,37.214682,14.636542,0.2241,0.1768,0.2649,0.0381,0.0415,0.0329,0.0544,0.0618,0.0487,0.4179,0.5954,0.8624,1.103336138471587,2.721370550060595,2.721370550060595,0
17073,Gambara,Brescia,3,45.255246,10.293411,0.1054,0.0955,0.1153,0.034,0.0367,0.0215,0.0417,0.0457,0.032,0.2429,0.314,0.4324,1.7687750960834627,1.4935486955826927,1.4935486955826927,0
15002,Abbiategrasso,Milano,3,45.398733,8.91623,0.0418,0.0188,0.0496,0.0168,0.0199,0.0,0.0209,0.025,0.0,0.0938,0.1142,0.1412,1.2272392051662746,2.29004529152263,2.29004529152263,0
67019,Colonnella,Teramo,13,42.872628,13.865016,0.1758,0.1699,0.1904,0.0522,0.0555,0.0383,0.0662,0.0709,0.0531,0.3742,0.4922,0.6689,0.941739830145982,3.979145880464563,3.979145880464563,0
23081,Soave,Verona,5,45.42023,11.247722,0.1497,0.1318,0.1643,0.0384,0.0412,0.0348,0.0524,0.0546,0.0452,0.3161,0.4149,0.5763,1.2412363901277121,3.8847237922429594,3.8847237922429594,0
19021,Casalmaggiore,Cremona,3,44.986386,10.41535,0.0798,0.0649,0.092,0.0343,0.0375,0.0194,0.0407,0.0455,0.0266,0.1794,0.2164,0.2708,1.027258016553972,3.8749267108867267,3.8749267108867267,0
23007,Belfiore,Verona,5,45.379623,11.208976,0.1424,0.1258,0.1556,0.0362,0.039,0.0319,0.0479,0.0515,0.0422,0.2905,0.3837,0.5333,1.25007009487429,1.9423777151060806,1.9423777151060806,0
15096,Cuggiono,Milano,3,45.506239,8.815266,0.0382,0.0142,0.0454,0.015,0.0185,0.0,0.0187,0.0228,0.0,0.0827,0.0982,0.1213,1.4524469353280989,3.4559556691968254,3.4559556691968254,0
36034,Ravarino,Modena,8,44.72117,11.098403,0.1569,0.1475,0.183,0.0453,0.0489,0.0355,0.0563,0.0604,0.0506,0.3679,0.4821,0.6674,0.24119499171034062,1.148630966505537,1.148630966505537,0
41036,Montelabbate,Pesaro e Urbino,11,43.848864,12.787955,0.1857,0.1697,0.2089,0.0509,0.0553,0.0401,0.0656,0.071,0.0575,0.409,0.537,0.7471,1.501057310760254,2.0425364208265466,2.0425364208265466,0
73015,Massafra,Taranto,16,40.588831,17.11699,0.1288,0.0896,0.1434,0.0304,0.0339,0.017,0.0399,0.0462,0.0277,0.31,0.4085,0.5476,1.1269964503341012,1.51647531008109,1.51647531008109,0
23031,Dolcè,Verona,5,45.600689,10.852482,0.1655,0.1432,0.1836,0.0442,0.0478,0.0391,0.0588,0.0634,0.052,0.3547,0.4613,0.6348,1.147045758071544,0.6949992536269282,0.6949992536269282,0
26081,Silea,Treviso,5,45.65335,12.296098,0.1211,0.1079,0.1408,0.0345,0.0384,0.0317,0.0449,0.0487,0.0397,0.2475,0.3342,0.4777,0.8293340298852009,3.5178404102086818,3.5178404102086818,0
26057,Pieve di Soligo,Treviso,5,45.899761,12.173081,0.2466,0.2222,0.3004,0.0592,0.0649,0.0528,0.0807,0.09,0.0714,0.4944,0.6521,0.9073,0.7409504858453861,3.7930190249033706,3.7930190249033706,0
16113,Ghisalba,Bergamo,3,45.594193,9.753914,0.1285,0.1032,0.1392,0.0348,0.0363,0.0213,0.0464,0.0488,0.0337,0.2846,0.368,0.4857,1.137863820510485,3.4084385182022525,3.4084385182022525,0
26041,Meduna di Livenza,Treviso,5,45.806443,12.612685,0.1352,0.1193,0.1594,0.0363,0.0403,0.0341,0.0489,0.0514,0.0424,0.2551,0.3389,0.4777,0.500346857472992,3.395738229888765,3.395738229888765,0
97016,Casatenovo,Lecco,3,45.696378,9.311646,0.0543,0.0339,0.0612,0.0199,0.0234,0.0,0.026,0.0295,0.0089,0.1284,0.1603,0.2099,0.8056753757278755,3.9112256257142914,3.9112256257142914,0
98031,Lodi,Lodi,3,45.26131,9.491678,0.071,0.05,0.0786,0.0263,0.0294,0.0104,0.0327,0.0358,0.0158,0.1596,0.1993,0.2624,1.4395935110758566,2.751298480364187,2.751298480364187,0
37002,Argelato,Bologna,8,44.64157,11.34781,0.1595,0.1488,0.1821,0.0466,0.0501,0.0371,0.058,0.0619,0.0528,0.3706,0.4845,0.6704,1.1299117092762951,4.717915747706173,4.717915747706173,0
44045,Monteprandone,Ascoli Piceno,11,42.919939,13.834816,0.1761,0.1716,0.1917,0.0512,0.0547,0.038,0.0649,0.0701,0.0533,0.3912,0.5218,0.7125,0.4967214783172676,1.6599950049966627,1.6599950049966627,0
93049,Vito d'Asio,Pordenone,6,46.227815,12.938303,0.2574,0.2316,0.3123,0.0672,0.0748,0.0595,0.0909,0.1023,0.0793,0.5325,0.6973,0.9631,1.5283479280932095,2.9328340115755367,2.9328340115755367,0
108041,Sovico,Monza e della Brianza,3,45.648556,9.264837,0.0518,0.0305,0.0587,0.0191,0.0225,0.0,0.0247,0.0284,0.0,0.1196,0.1469,0.1888,1.8074703973710975,1.7849269196129933,1.7849269196129933,0
15221,Trezzo sull'Adda,Milano,3,45.608718,9.519844,0.09,0.0714,0.0966,0.0251,0.028,0.0096,0.0327,0.0353,0.0163,0.1856,0.2432,0.3415,0.7797348987870195,3.342190265320521,3.342190265320521,0
20017,Castiglione delle Stiviere,Mantova,3,45.389677,10.488874,0.1521,0.1361,0.166,0.0389,0.0429,0.0333,0.053,0.0569,0.0478,0.3304,0.4345,0.601,1.3027893554352075,1.7907509887373743,1.7907509887373743,0
37038,Minerbio,Bologna,8,44.624199,11.490697,0.1616,0.1501,0.1827,0.0486,0.052,0.0386,0.06,0.0649,0.0543,0.3828,0.4978,0.6829,1.019437234814691,3.803237674802699,3.803237674802699,0
108017,Cavenago di Brianza,Monza e della Brianza,3,45.584917,9.416059,0.073,0.0558,0.0797,0.0234,0.0265,0.0077,0.0303,0.0333,0.0137,0.1608,0.2068,0.2817,1.4037410950136937,2.2239188810199337,2.2239188810199337,0
95041,Paulilatino,Oristano,20,40.084032,8.763937,0.0,0.0,0.0,0.0,0.0,0.0,0.0,0.0,0.0,0.0,0.0,0.0,277.0957434078266,279.5028525773997,279.5028525773997,1
13029,Brenna,Como,3,45.742978,9.187142,0.0455,0.023,0.0529,0.0174,0.0207,0.0,0.0219,0.026,0.0,0.1025,0.1245,0.157,0.7481685274451721,2.0122439436450184,2.0122439436450184,0
18060,Cura Carpignano,Pavia,3,45.212072,9.255463,0.0718,0.0514,0.0783,0.0229,0.0264,0.0,0.0295,0.0328,0.0117,0.1569,0.2052,0.2923,0.4092967552012297,2.2724007471502703,2.2724007471502703,0
1058,Carignano,Torino,1,44.906943,7.673225,0.0591,0.0387,0.0701,0.0243,0.0271,0.0083,0.0301,0.0334,0.013,0.1361,0.1633,0.2013,1.351452648052411,3.6292663688380644,3.6292663688380644,0
56045,Ronciglione,Viterbo,12,42.290242,12.213806,0.0888,0.0595,0.1033,0.0378,0.042,0.0172,0.0455,0.0513,0.0235,0.202,0.2431,0.3033,1.2141016679222987,1.6386523311029244,1.6386523311029244,0
98044,Ossago Lodigiano,Lodi,3,45.245669,9.537059,0.0731,0.0523,0.0809,0.0263,0.0294,0.0104,0.0327,0.0358,0.0158,0.1596,0.1993,0.2624,0.06878837429600675,3.5828885314262737,3.5828885314262737,0
22153,Riva del Garda,Trento,4,45.884771,10.839694,0.1254,0.1125,0.1369,0.0329,0.036,0.0265,0.0408,0.0463,0.0381,0.2565,0.338,0.4736,1.136882318674636,2.391691163867652,2.391691163867652,0
23064,Ronco all'Adige,Verona,5,45.337766,11.242452,0.1222,0.1093,0.1342,0.0349,0.0377,0.0289,0.0431,0.0482,0.0395,0.2596,0.3432,0.4806,1.0031103200877471,3.8983066544602485,3.8983066544602485,0
48015,Fiesole,Firenze,9,43.806669,11.293074,0.1341,0.1202,0.1469,0.0486,0.0532,0.0311,0.0583,0.0646,0.04,0.2898,0.3677,0.4861,1.096298197650669,2.364726185465162,2.364726185465162,0
27028,Pianiga,Venezia,5,45.456096,12.030173,0.0866,0.0774,0.0976,0.0314,0.035,0.0244,0.0381,0.0428,0.0341,0.2056,0.2607,0.3617,1.5014074068268173,4.535676735593795,4.535676735593795,0
33039,Rottofreno,Piacenza,8,45.057464,9.547763,0.0929,0.0728,0.1026,0.0298,0.0326,0.0128,0.0367,0.0395,0.0192,0.2003,0.263,0.3642,0.7885123753777199,2.537976535692603,2.537976535692603,0
47020,Serravalle Pistoiese,Pistoia,9,43.90585,10.83302,0.1475,0.1317,0.1599,0.0493,0.0535,0.0322,0.06,0.0659,0.044,0.3106,0.3943,0.5243,1.316492083039733,2.269527610080831,2.269527610080831,0
33042,Sarmato,Piacenza,8,45.059814,9.491398,0.0936,0.0738,0.1038,0.029,0.0319,0.0121,0.0361,0.0388,0.0187,0.2015,0.2675,0.3684,0.32598708246951535,3.8270634137655866,3.8270634137655866,0
15237,Vignate,Milano,3,45.496573,9.376651,0.0635,0.0444,0.0715,0.0219,0.0252,0.0,0.0282,0.0315,0.0114,0.1388,0.1736,0.2289,0.5380560967953797,3.022445484416955,3.022445484416955,0
19069,Pescarolo ed Uniti,Cremona,3,45.195148,10.187717,0.0904,0.0804,0.0975,0.0327,0.0357,0.0184,0.0393,0.0434,0.0266,0.1917,0.241,0.3311,1.3844699409531218,3.3089633465221238,3.3089633465221238,0
15040,Bussero,Milano,3,45.536676,9.372003,0.0641,0.0456,0.0719,0.0219,0.0252,0.0,0.0282,0.0315,0.0114,0.1388,0.1736,0.2289,0.5855515066140502,3.0714367852326263,3.0714367852326263,0
103053,Piedimulera,Verbano-Cusio-Ossola,1,46.024238,8.259263,0.0648,0.0434,0.0731,0.0226,0.0246,0.0081,0.0294,0.0317,0.0136,0.1489,0.183,0.2321,1.2217906961391536,2.0482450838754986,2.0482450838754986,0
97037,Garbagnate Monastero,Lecco,3,45.772926,9.302566,0.0508,0.0295,0.0578,0.0195,0.0229,0.0,0.0252,0.0288,0.0078,0.1227,0.1516,0.1959,0.8938450612409531,4.135231344730557,4.135231344730557,0
75083,Surbo,Lecce,16,40.396028,18.133422,0.0473,0.0321,0.0557,0.0124,0.0151,0.0,0.017,0.021,0.0,0.0846,0.1079,0.1433,1.5625286498036268,2.152219746366174,2.152219746366174,0
22226,Ziano di Fiemme,Trento,4,46.286517,11.565976,0.071,0.0649,0.0802,0.0264,0.0299,0.0171,0.0325,0.0361,0.0238,0.1534,0.1915,0.2593,1.2021986121398227,3.3769168602165647,3.3769168602165647,0
16084,Costa di Mezzate,Bergamo,3,45.661981,9.793957,0.1299,0.1045,0.1408,0.0333,0.035,0.0192,0.0439,0.0461,0.0309,0.272,0.3558,0.4718,0.7770248435573933,2.87675953909534,2.87675953909534,0
63002,Afragola,Napoli,15,40.926012,14.310831,0.164,0.1157,0.1789,0.0455,0.048,0.0227,0.059,0.0642,0.0353,0.3226,0.4095,0.5817,1.2848956629070247,3.021859480877487,3.021859480877487,0
15125,Locate di Triulzi,Milano,3,45.357932,9.224641,0.0545,0.0331,0.0617,0.0204,0.024,0.0,0.0261,0.0298,0.0086,0.123,0.151,0.1938,1.0826641485928232,0.16416982812492475,0.16416982812492475,0
15222,Tribiano,Milano,3,45.413371,9.378952,0.0618,0.0414,0.0703,0.0226,0.0259,0.0,0.0287,0.032,0.0118,0.1365,0.169,0.2178,0.9421259939116464,1.7787854289202152,1.7787854289202152,0
26077,San Zenone degli Ezzelini,Treviso,5,45.778944,11.840513,0.1968,0.1747,0.2231,0.051,0.0535,0.0436,0.0683,0.0743,0.0598,0.4127,0.5425,0.7541,0.8808085877585258,0.6889611347795336,0.6889611347795336,0
97075,Sirone,Lecco,3,45.77268,9.322144,0.0528,0.0319,0.0596,0.0195,0.0229,0.0,0.0252,0.0288,0.0078,0.1227,0.1516,0.1959,1.2167654665434338,2.07631447497996,2.07631447497996,0
13192,Proserpio,Como,3,45.82828,9.245542,0.0458,0.0234,0.0532,0.018,0.0213,0.0,0.0227,0.0268,0.0,0.1073,0.1299,0.1648,1.2702590719729925,2.743590118346617,2.743590118346617,0
13055,Cassina Rizzardi,Como,3,45.75055,9.0312,0.0401,0.0166,0.0476,0.0158,0.0193,0.0,0.0196,0.0241,0.0,0.0887,0.108,0.1335,1.2933376827062186,2.4315776693833535,2.4315776693833535,0
12121,Solbiate Arno,Varese,3,45.719056,8.814344,0.0379,0.0139,0.0445,0.0145,0.0182,0.0,0.0181,0.0224,0.0,0.0819,0.0976,0.1219,0.3854288739787386,4.011775532650805,4.011775532650805,0
13004,Albese con Cassano,Como,3,45.797299,9.168256,0.0428,0.0195,0.0503,0.0171,0.0204,0.0,0.0213,0.0256,0.0,0.0989,0.1205,0.1514,1.5222843609270014,2.951805790821271,2.951805790821271,0
96016,Cavaglià,Biella,1,45.407734,8.093429,0.0389,0.0139,0.0464,0.016,0.0195,0.0,0.0194,0.0241,0.0,0.0836,0.0989,0.1216,0.3637422010159203,1.5495975794978782,1.5495975794978782,0
23039,Illasi,Verona,5,45.465933,11.180021,0.1582,0.1383,0.1749,0.0409,0.0444,0.0366,0.0551,0.0583,0.0477,0.334,0.4364,0.6041,0.4922676885413336,3.5266649141965716,3.5266649141965716,0
24073,Nove,Vicenza,5,45.725675,11.680058,0.173,0.1528,0.19,0.0463,0.0494,0.0396,0.062,0.0642,0.0536,0.3668,0.4789,0.6601,1.4385412401074156,2.493295621362066,2.493295621362066,0
21037,Laces/Latsch,Bolzano/Bozen,4,46.617344,10.859539,0.0525,0.0341,0.0605,0.0187,0.0224,0.0,0.024,0.0285,0.0078,0.1165,0.1406,0.1758,1.7940241437839026,2.186724520721776,2.186724520721776,0
34042,Traversetolo,Parma,8,44.639212,10.381795,0.1571,0.1176,0.1728,0.0517,0.0575,0.0369,0.0645,0.0732,0.0485,0.3504,0.4363,0.559,1.7515662335532511,2.0667563663135247,2.0667563663135247,0
50025,Peccioli,Pisa,9,43.548027,10.720848,0.1412,0.1008,0.1589,0.046,0.0498,0.0216,0.0583,0.0629,0.0324,0.3037,0.3764,0.4813,0.8573463791405097,1.1750438112223898,1.1750438112223898,0
21092,Sesto/Sexten,Bolzano/Bozen,4,46.702743,12.350544,0.0685,0.0594,0.0765,0.0249,0.0284,0.0155,0.0312,0.0347,0.022,0.1502,0.1829,0.2485,1.606664190500149,3.7065935821963474,3.7065935821963474,0
18024,Broni,Pavia,3,45.062162,9.261191,0.0922,0.0732,0.1028,0.0264,0.0295,0.0095,0.0338,0.0365,0.0164,0.1962,0.2646,0.3648,0.9385466044947297,1.7223823994299674,1.7223823994299674,0
4142,Monticello d'Alba,Cuneo,1,44.718182,7.948204,0.0489,0.0243,0.0574,0.0206,0.0238,0.0,0.0258,0.0294,0.0076,0.1147,0.1355,0.1661,1.1459427005246414,2.188330190895853,2.188330190895853,0
75040,Martano,Lecce,16,40.203621,18.30198,0.0546,0.0439,0.0663,0.0138,0.0161,0.0,0.0185,0.0234,0.0,0.1168,0.1529,0.2113,1.2753281000558414,4.3070279716040885,4.3070279716040885,0
97038,Garlate,Lecco,3,45.80604,9.40197,0.058,0.0383,0.0655,0.0201,0.0237,0.0,0.0261,0.0297,0.0088,0.1278,0.159,0.2071,1.2838845000814971,1.2530523559370774,1.2530523559370774,0
97013,Calolziocorte,Lecco,3,45.801472,9.432979,0.0604,0.0414,0.0683,0.0201,0.0237,0.0,0.0261,0.0297,0.0088,0.1278,0.159,0.2071,1.1055024645599636,3.368641835948606,3.368641835948606,0
75020,Cavallino,Lecce,16,40.312527,18.200425,0.0498,0.0361,0.0588,0.0125,0.0151,0.0,0.017,0.0211,0.0,0.0885,0.1171,0.1591,1.0418562085074037,2.9154139578133265,2.9154139578133265,0
65114,Sala Consilina,Salerno,15,40.398221,15.596369,0.2209,0.1813,0.2291,0.0525,0.0552,0.0382,0.0709,0.0732,0.0535,0.433,0.5991,0.8749,1.4789062140021005,2.003587452755136,2.003587452755136,0
88005,Ispica,Ragusa,19,36.785832,14.907637,0.1453,0.1161,0.1759,0.028,0.0313,0.022,0.038,0.0433,0.0348,0.2936,0.4176,0.5975,1.1546722633033701,1.8092599328572738,1.8092599328572738,0
85004,Caltanissetta,Caltanissetta,19,37.489941,14.063162,0.0731,0.0545,0.0801,0.0272,0.0298,0.0118,0.0336,0.0367,0.0174,0.1495,0.1808,0.2299,0.7083917539590711,1.0805676204539516,1.0805676204539516,0
47006,Larciano,Pistoia,9,43.82504,10.856367,0.1305,0.1141,0.1371,0.0444,0.0491,0.025,0.0537,0.0592,0.0338,0.2716,0.3501,0.4664,0.9320102976896467,2.1913547391084895,2.1913547391084895,0
75059,Parabita,Lecce,16,40.051921,18.129526,0.056,0.0415,0.0657,0.0156,0.0183,0.0,0.0208,0.0255,0.0,0.108,0.1378,0.1875,0.9654654476661774,1.5203733207558638,1.5203733207558638,0
28059,Ospedaletto Euganeo,Padova,5,45.222695,11.610901,0.0673,0.0604,0.0769,0.0291,0.0325,0.0171,0.0347,0.0382,0.0235,0.1486,0.178,0.2368,1.3801185219039898,3.946869754026573,3.946869754026573,0
10010,Carasco,Genova,7,44.349756,9.34565,0.1087,0.091,0.1129,0.0352,0.0375,0.0185,0.044,0.0477,0.0277,0.2442,0.3152,0.4289,0.5269192710088144,2.580043243820914,2.580043243820914,0
24098,Sarego,Vicenza,5,45.408121,11.405559,0.1297,0.1155,0.1413,0.0354,0.0386,0.031,0.0468,0.0503,0.041,0.2773,0.3676,0.5118,1.103686697154684,2.571487956815846,2.571487956815846,0
12046,Castiglione Olona,Varese,3,45.755476,8.866883,0.0382,0.0144,0.045,0.0145,0.0182,0.0,0.0181,0.0224,0.0,0.0819,0.0976,0.1219,1.0752236526734378,3.3381519045064305,3.3381519045064305,0
38006,Comacchio,Ferrara,8,44.696379,12.180427,0.104,0.0948,0.1143,0.0358,0.0385,0.0249,0.0436,0.0478,0.0353,0.2647,0.3503,0.4884,0.8500590109814573,3.541008832417277,3.541008832417277,0
80050,Melito di Porto Salvo,Reggio di Calabria,18,37.920384,15.777857,0.2166,0.1823,0.2354,0.0524,0.0548,0.0355,0.0692,0.0728,0.05,0.418,0.5633,0.8169,1.538454099832866,1.6939813710486575,1.6939813710486575,0
35015,Castelnovo di Sotto,Reggio nell'Emilia,8,44.810863,10.563295,0.1166,0.1129,0.1249,0.0419,0.0457,0.0285,0.0521,0.0564,0.0382,0.2696,0.3462,0.472,0.6848631678155136,3.706610982203314,3.706610982203314,0
18152,Spessa,Pavia,3,45.112728,9.34943,0.089,0.0697,0.0988,0.0271,0.0302,0.0101,0.0342,0.037,0.0166,0.1929,0.2589,0.3595,0.6882681091238825,3.8212471918387267,3.8212471918387267,0
34031,Sala Baganza,Parma,8,44.71395,10.226334,0.1559,0.1152,0.1722,0.0514,0.0573,0.0362,0.0643,0.0731,0.0477,0.3487,0.437,0.5598,1.0672357954483325,4.228304146293791,4.228304146293791,0
17173,San Zeno Naviglio,Brescia,3,45.491572,10.217058,0.1486,0.1362,0.16,0.04,0.0434,0.0317,0.0536,0.0565,0.0451,0.3282,0.427,0.5785,1.0635211716731772,0.4595149908533639,0.4595149908533639,0
18149,Silvano Pietra,Pavia,3,45.04037,8.947606,0.0721,0.0525,0.0795,0.0217,0.0252,0.0,0.0287,0.0319,0.0113,0.1589,0.2079,0.2947,0.6984381808566713,2.0404568410807666,2.0404568410807666,0
36022,Mirandola,Modena,8,44.887207,11.066106,0.1425,0.1338,0.1646,0.0365,0.0395,0.0276,0.0451,0.0496,0.0398,0.3105,0.4185,0.5811,0.4790290519173953,3.8586230427927197,3.8586230427927197,0
87053,Viagrande,Catania,19,37.610166,15.096759,0.2296,0.1833,0.2819,0.0932,0.1089,0.0585,0.1135,0.1334,0.0744,0.481,0.5743,0.7683,1.1250494929886556,3.6192972876936356,3.6192972876936356,0
17117,Nave,Brescia,3,45.587727,10.289235,0.1506,0.1377,0.163,0.0407,0.0443,0.0334,0.0544,0.0574,0.0473,0.3313,0.4302,0.582,0.17514970079023576,1.2638470670511401,1.2638470670511401,0
36027,Nonantola,Modena,8,44.677608,11.043624,0.1586,0.1483,0.1774,0.0474,0.051,0.0366,0.0587,0.0635,0.0516,0.3789,0.4944,0.6705,0.47877229505832253,2.444622278728057,2.444622278728057,0
61062,Portico di Caserta,Caserta,15,41.056514,14.279428,0.1237,0.0887,0.1285,0.0442,0.0467,0.0204,0.0557,0.0581,0.0307,0.2605,0.3217,0.4121,1.2296611980334984,2.792477632099764,2.792477632099764,0
92108,Elmas,Cagliari,20,39.268086,9.049631,0.0,0.0,0.0,0.0,0.0,0.0,0.0,0.0,0.0,0.0,0.0,0.0,333.73510827911616,331.19496107459423,331.19496107459423,1
1265,Settimo Torinese,Torino,1,45.137335,7.771015,0.0474,0.0234,0.0564,0.0206,0.024,0.0,0.0255,0.0295,0.0,0.1117,0.1315,0.1613,0.8018398222857519,2.5985136720446755,2.5985136720446755,0
11002,Arcola,La Spezia,7,44.114382,9.905967,0.1311,0.1176,0.1411,0.0453,0.0487,0.0295,0.0565,0.0605,0.0397,0.2951,0.3786,0.5025,1.5170404885074402,4.028075110908359,4.028075110908359,0
73005,Faggiano,Taranto,16,40.419823,17.386605,0.0594,0.0473,0.0683,0.023,0.0255,0.0098,0.03,0.0322,0.0152,0.1303,0.1564,0.1953,0.5468810016161703,2.467352375427133,2.467352375427133,0
59009,Gaeta,Latina,12,41.218312,13.56281,0.0754,0.0556,0.0867,0.0334,0.0364,0.0148,0.0394,0.0437,0.0208,0.1613,0.1913,0.2356,1.2935280726814031,1.9640389347935432,1.9640389347935432,0
27037,Scorzè,Venezia,5,45.571354,12.108383,0.1122,0.1018,0.1299,0.034,0.0378,0.0304,0.043,0.0479,0.039,0.2441,0.3284,0.4706,1.5458609031234163,2.981740237916562,2.981740237916562,0
88010,Santa Croce Camerina,Ragusa,19,36.827897,14.525538,0.1188,0.0963,0.142,0.0259,0.0291,0.0175,0.0344,0.0383,0.0294,0.2511,0.3658,0.5301,0.5500926318545216,2.520519950071477,2.520519950071477,0
69018,Castel Frentano,Chieti,13,42.197139,14.355214,0.1379,0.1035,0.1493,0.0447,0.0491,0.0284,0.0551,0.0598,0.0377,0.265,0.338,0.4548,1.5438053982065318,2.1895297507263356,2.1895297507263356,0
18085,Magherno,Pavia,3,45.223566,9.329355,0.0747,0.0543,0.0815,0.024,0.0273,0.0,0.0306,0.0338,0.0129,0.1633,0.2136,0.3067,1.2475321093463643,2.8962999218136325,2.8962999218136325,0
4012,Barge,Cuneo,1,44.727536,7.321021,0.1338,0.101,0.1482,0.0406,0.0427,0.0271,0.0538,0.0565,0.0378,0.2912,0.3616,0.4657,1.481687754611064,2.6746342303944703,2.6746342303944703,0
42017,Fabriano,Ancona,11,43.335841,12.904619,0.1792,0.139,0.2041,0.0619,0.0656,0.0443,0.0779,0.0821,0.058,0.3754,0.475,0.6221,1.2593448230131796,3.708741774480303,3.708741774480303,0
10014,Ceranesi,Genova,7,44.51127,8.878941,0.0783,0.0585,0.0871,0.0233,0.0266,0.0,0.0302,0.0332,0.013,0.1631,0.2118,0.2973,0.6670175220396527,2.4153694831328316,2.4153694831328316,0
111009,Carbonia,Sud Sardegna,20,39.165332,8.527834,0.0,0.0,0.0,0.0,0.0,0.0,0.0,0.0,0.0,0.0,0.0,0.0,378.70567026858,378.9614628635526,378.9614628635526,1
24066,Monteviale,Vicenza,5,45.560525,11.458072,0.1559,0.1367,0.17,0.0415,0.0448,0.0366,0.0555,0.0582,0.0478,0.3304,0.4315,0.5964,1.1778792766442734,3.9640700454196147,3.9640700454196147,0
61005,Aversa,Caserta,15,40.973212,14.204928,0.1359,0.0915,0.1449,0.0426,0.0455,0.0192,0.0548,0.0575,0.0301,0.2692,0.3367,0.4367,1.4905998571812935,1.8708866166878204,1.8708866166878204,0
81001,Alcamo,Trapani,19,37.97665,12.962674,0.1265,0.1012,0.1386,0.033,0.0345,0.0182,0.0445,0.0474,0.0294,0.2724,0.3554,0.4949,0.7158557737611264,2.5744712791619877,2.5744712791619877,0
61091,Teano,Caserta,15,41.251084,14.067151,0.1149,0.0928,0.1283,0.0418,0.0473,0.0234,0.0513,0.0577,0.0322,0.2238,0.2766,0.37,0.5577282757681971,3.0945827898936007,3.0945827898936007,0
51025,Monte San Savino,Arezzo,9,43.331423,11.725351,0.1457,0.1317,0.1679,0.048,0.053,0.0301,0.0582,0.065,0.0403,0.3257,0.413,0.5474,1.0223839340995347,2.70568596940996,2.70568596940996,0
65076,Montesano sulla Marcellana,Salerno,15,40.275889,15.701375,0.2451,0.1989,0.2575,0.0539,0.0571,0.0386,0.0733,0.0769,0.0564,0.4639,0.6426,0.9385,1.5914226606480824,2.2704634261249232,2.2704634261249232,0
7044,Morgex,Valle d'Aosta/Vallée d'Aoste,2,45.758022,7.035433,0.1105,0.09,0.1269,0.033,0.0376,0.0182,0.0422,0.0493,0.028,0.2509,0.3243,0.4284,1.2173786071009252,1.2463892136738284,1.2463892136738284,0
93014,Cimolais,Pordenone,6,46.287639,12.438053,0.2104,0.1874,0.2557,0.0553,0.0588,0.048,0.0735,0.08,0.0651,0.4441,0.587,0.8161,1.1712775436974918,3.5680550806595583,3.5680550806595583,0
75063,Racale,Lecce,16,39.963119,18.093826,0.0572,0.0418,0.0665,0.0161,0.0189,0.0,0.0216,0.0263,0.0,0.112,0.1443,0.2025,0.8180500530231853,3.8964290532503987,3.8964290532503987,0
17059,Cologne,Brescia,3,45.58152,9.941172,0.1373,0.113,0.1501,0.0378,0.0394,0.0265,0.0509,0.0532,0.0386,0.3017,0.3822,0.5027,0.5124153313022562,2.091502201101679,2.091502201101679,0
23050,Monteforte d'Alpone,Verona,5,45.417254,11.283666,0.1434,0.1268,0.1567,0.037,0.0401,0.0337,0.0505,0.0534,0.0441,0.3062,0.4033,0.5601,1.5751432740707725,0.3027263842325007,0.3027263842325007,0
109013,Montappone,Fermo,11,43.136453,13.468481,0.1745,0.149,0.1927,0.0553,0.0583,0.0403,0.0698,0.0739,0.055,0.356,0.4509,0.5973,0.6964769405871781,2.412056447256851,2.412056447256851,0
19106,Tornata,Cremona,3,45.104373,10.430781,0.0757,0.0701,0.0865,0.0325,0.0358,0.0191,0.0386,0.0429,0.0272,0.1726,0.2149,0.282,0.6851227361195458,2.026767291642796,2.026767291642796,0
26040,Maserada sul Piave,Treviso,5,45.749411,12.319333,0.1609,0.1418,0.197,0.0412,0.0439,0.0368,0.0552,0.0571,0.0474,0.3182,0.4269,0.6047,0.48992955141821,3.660312325837322,3.660312325837322,0
16072,Chignolo d'Isola,Bergamo,3,45.667579,9.527651,0.0918,0.0728,0.0983,0.0267,0.0293,0.0113,0.0347,0.037,0.0188,0.2072,0.2732,0.3827,1.1298669725513475,3.5780957157454036,3.5780957157454036,0
24006,Arcugnano,Vicenza,5,45.500472,11.535699,0.1394,0.1232,0.1507,0.0372,0.0402,0.0343,0.0512,0.0537,0.044,0.2995,0.3942,0.5457,1.2342420699390788,3.9642034908088872,3.9642034908088872,0
56043,Piansano,Viterbo,12,42.517932,11.828273,0.1399,0.0976,0.1586,0.0468,0.0505,0.0211,0.0587,0.0636,0.0315,0.3024,0.3743,0.4792,1.281866853163072,3.7797609799296037,3.7797609799296037,0
63024,Castellammare di Stabia,Napoli,15,40.694305,14.480481,0.1152,0.0725,0.1207,0.0375,0.0393,0.014,0.0478,0.0502,0.0228,0.2196,0.2684,0.3408,0.9845634829896943,1.5234555265317065,1.5234555265317065,0
63077,Scisciano,Napoli,15,40.916013,14.485735,0.1781,0.1291,0.1922,0.0501,0.0526,0.0284,0.0655,0.0713,0.0416,0.3514,0.4409,0.6148,0.9006248542047484,1.667282990835465,1.667282990835465,0
93034,Prata di Pordenone,Pordenone,6,45.893311,12.596294,0.1712,0.1507,0.2078,0.047,0.0488,0.0399,0.0601,0.0648,0.0522,0.3477,0.4628,0.6495,1.371129651079958,3.9017784770305113,3.9017784770305113,0
49017,Rosignano Marittimo,Livorno,9,43.406786,10.473366,0.1268,0.0886,0.1422,0.0359,0.0388,0.009,0.046,0.0502,0.0177,0.2594,0.3278,0.4302,1.500040829072672,1.7515944727575705,1.7515944727575705,0
65025,Capaccio Paestum,Salerno,15,40.443862,15.040038,0.0915,0.0711,0.1012,0.0331,0.0358,0.0151,0.0403,0.0445,0.0237,0.178,0.2182,0.2768,1.2607307638897773,3.6388607575978744,3.6388607575978744,0
50038,Vicopisano,Pisa,9,43.699832,10.584695,0.1179,0.0995,0.1274,0.041,0.0453,0.0196,0.0508,0.0558,0.0293,0.2541,0.3305,0.4431,0.7573642844371772,0.14461530599898115,0.14461530599898115,0
40015,Gambettola,Forlì-Cesena,8,44.116946,12.338764,0.1896,0.1751,0.2065,0.0564,0.0601,0.0448,0.0716,0.0769,0.0617,0.422,0.5524,0.7433,1.4092822353989487,3.8511079781232374,3.8511079781232374,0
109024,Monte Urano,Fermo,11,43.202656,13.672885,0.1831,0.1685,0.2,0.0503,0.0543,0.0389,0.064,0.0698,0.0558,0.3995,0.5285,0.737,0.7433772649435854,3.233906278930384,3.233906278930384,0
1280,Trofarello,Torino,1,44.983646,7.745225,0.0529,0.0308,0.0625,0.0217,0.0248,0.0,0.0268,0.0306,0.009,0.1184,0.14,0.1714,1.4907229463393847,2.695381900558212,2.695381900558212,0
60079,Torrice,Frosinone,12,41.629719,13.398401,0.1638,0.1461,0.1794,0.0548,0.0586,0.0407,0.0687,0.0732,0.0567,0.361,0.4549,0.5921,0.5419279183553388,2.842025461179761,2.842025461179761,0
4105,La Morra,Cuneo,1,44.63848,7.932582,0.0524,0.0277,0.0607,0.0209,0.024,0.0,0.0262,0.0297,0.0083,0.1174,0.1393,0.1705,0.5602031649755865,2.003005120575672,2.003005120575672,0
30004,Aquileia,Udine,6,45.769614,13.369798,0.1031,0.0957,0.1122,0.0338,0.0379,0.03,0.0438,0.0475,0.0389,0.2294,0.2905,0.4048,1.3711524399734698,3.111246034478317,3.111246034478317,0
53024,Scarlino,Grosseto,9,42.907402,10.851975,0.0595,0.0155,0.072,0.0264,0.0306,0.0,0.0317,0.0363,0.0,0.1379,0.1637,0.1995,1.400946295788948,2.7257002155437946,2.7257002155437946,0
40046,Sogliano al Rubicone,Forlì-Cesena,8,44.004663,12.300541,0.1846,0.1682,0.2026,0.0582,0.0623,0.0453,0.0741,0.0791,0.0613,0.3934,0.5069,0.6774,0.7862805915562673,2.8401871833490127,2.8401871833490127,0
60068,Sant'Elia Fiumerapido,Frosinone,12,41.539107,13.866147,0.2459,0.22,0.2694,0.0699,0.0769,0.059,0.0924,0.1001,0.0832,0.5063,0.6602,0.9036,1.5636702320329974,2.8288413104454566,2.8288413104454566,0
20068,Villimpenta,Mantova,3,45.144747,11.030232,0.0861,0.0759,0.0968,0.0327,0.0359,0.0238,0.0387,0.0432,0.0324,0.1989,0.2586,0.3407,0.586862664835991,2.7114792462538846,2.7114792462538846,0
22247,Tre Ville,Trento,4,46.074324,10.7711,0.064,0.0586,0.0737,0.0274,0.0306,0.0157,0.0335,0.0368,0.0231,0.1671,0.2138,0.286,1.7073562370090498,2.728987438278845,2.728987438278845,0
30080,Pradamano,Udine,6,46.033822,13.30263,0.2034,0.1806,0.2484,0.0546,0.0584,0.0472,0.0711,0.0784,0.0635,0.4232,0.5599,0.7788,0.3604118710462091,3.1997167218208142,3.1997167218208142,0
98054,Somaglia,Lodi,3,45.14672,9.637931,0.0816,0.0602,0.0903,0.03,0.0329,0.0134,0.0365,0.0396,0.0193,0.1836,0.2342,0.3215,0.9758057532887179,4.054680842813597,4.054680842813597,0
47017,Quarrata,Pistoia,9,43.8475,10.977701,0.1336,0.119,0.1439,0.0474,0.052,0.0295,0.0572,0.0631,0.0387,0.2896,0.3669,0.4859,1.6426939901940376,2.192006981870981,2.192006981870981,0
15219,Trezzano Rosa,Milano,3,45.582777,9.486652,0.0839,0.0663,0.091,0.0255,0.0284,0.0101,0.0331,0.0357,0.0168,0.1874,0.2453,0.3448,0.3144712764647412,1.8027662502924262,1.8027662502924262,0
48002,Barberino di Mugello,Firenze,9,44.000541,11.238381,0.1954,0.1694,0.225,0.0621,0.068,0.0503,0.0801,0.0861,0.0715,0.4404,0.5572,0.7328,0.1935061186266598,3.395286355364007,3.395286355364007,0
66077,Raiano,L'Aquila,13,42.102554,13.814304,0.2587,0.2354,0.2834,0.0785,0.0863,0.0675,0.1031,0.1108,0.0914,0.5304,0.6884,0.9389,1.6867273550393247,2.4633798837412395,2.4633798837412395,0
36002,Bomporto,Modena,8,44.72977,11.038401,0.157,0.1474,0.1814,0.0455,0.0491,0.0352,0.0568,0.061,0.05,0.3682,0.4824,0.6697,0.9578120617435967,2.478042462439104,2.478042462439104,0
53002,Campagnatico,Grosseto,9,42.883729,11.273537,0.133,0.0934,0.15,0.0408,0.0452,0.012,0.0529,0.0573,0.0226,0.2879,0.3597,0.4666,1.024009741700159,4.307463224024049,4.307463224024049,0
21019,Castelrotto/Kastelruth,Bolzano/Bozen,4,46.547539,11.608297,0.0569,0.0384,0.0639,0.0199,0.0233,0.0,0.0257,0.0289,0.0103,0.1153,0.1393,0.1757,0.6504321003985224,2.59804551122699,2.59804551122699,0
65005,Altavilla Silentina,Salerno,15,40.530241,15.131031,0.1142,0.095,0.1252,0.0369,0.0394,0.0197,0.0463,0.0504,0.0294,0.2131,0.2667,0.3705,1.151283699988857,0.8798833218397853,0.8798833218397853,0
17009,Bagnolo Mella,Brescia,3,45.429079,10.18437,0.1426,0.1312,0.1545,0.0392,0.0422,0.0303,0.0521,0.0551,0.0434,0.3257,0.4256,0.5786,0.39665459234809125,3.7188377362674068,3.7188377362674068,0
43057,Visso,Macerata,11,42.931232,13.087449,0.2487,0.2221,0.2702,0.0767,0.0798,0.0632,0.0971,0.1023,0.0854,0.5179,0.6661,0.8966,0.751871011985491,0.851415539342014,0.851415539342014,0
2016,Borgosesia,Vercelli,1,45.716668,8.276857,0.043,0.0211,0.0513,0.0168,0.0196,0.0,0.0209,0.0248,0.0,0.0962,0.1162,0.1435,1.0699136157242795,1.2179459745424506,1.2179459745424506,0
75068,San Cesario di Lecce,Lecce,16,40.302961,18.159865,0.0497,0.0353,0.0585,0.0136,0.0162,0.0,0.0183,0.0226,0.0,0.0908,0.1187,0.1593,0.9411007942875366,2.412913696027503,2.412913696027503,0
9056,Savona,Savona,7,44.233424,8.252573,0.0736,0.0526,0.0836,0.0201,0.0239,0.0,0.0279,0.0314,0.0127,0.1645,0.215,0.2993,0.5570062254216954,1.6616757877950654,1.6616757877950654,0
20047,Quistello,Mantova,3,45.006579,10.98046,0.0976,0.0894,0.1078,0.0335,0.037,0.0229,0.0395,0.0445,0.033,0.227,0.2889,0.3917,0.8595838976542431,3.8162445040677504,3.8162445040677504,0
108008,Besana in Brianza,Monza e della Brianza,3,45.701804,9.288298,0.0522,0.0311,0.059,0.0187,0.0221,0.0,0.0241,0.0279,0.0,0.116,0.1415,0.1808,1.301517050076411,2.2366789932860303,2.2366789932860303,0
70078,Termoli,Campobasso,14,41.998327,14.993937,0.1118,0.082,0.1272,0.041,0.0446,0.0272,0.0513,0.0553,0.0357,0.2606,0.327,0.4333,0.82428906853591,3.6901350892561755,3.6901350892561755,0
53012,Isola del Giglio,Grosseto,9,42.353169,10.896463,0.0328,0.0,0.0417,0.015,0.0195,0.0,0.018,0.0236,0.0,0.0762,0.0873,0.1061,1.0524134749537655,2.4843604660541625,2.4843604660541625,0
1047,Caluso,Torino,1,45.304955,7.895722,0.0415,0.0165,0.0498,0.0179,0.0213,0.0,0.0219,0.0262,0.0,0.0928,0.1111,0.1343,1.0482225355655561,2.0409079494398488,2.0409079494398488,0
35028,Novellara,Reggio nell'Emilia,8,44.84297,10.727492,0.1358,0.1268,0.1474,0.0388,0.0424,0.0261,0.0489,0.0533,0.0373,0.3107,0.4111,0.5819,0.8043666457089228,1.913000317869368,1.913000317869368,0
98010,Casalpusterlengo,Lodi,3,45.179329,9.648396,0.0772,0.0565,0.0861,0.0291,0.0321,0.013,0.0356,0.0387,0.0187,0.1739,0.2187,0.2913,1.2736051922788216,1.7553030542916908,1.7553030542916908,0
56021,Civita Castellana,Viterbo,12,42.295226,12.40917,0.1182,0.1018,0.1252,0.0414,0.0464,0.0239,0.0506,0.0562,0.0326,0.247,0.3243,0.4337,0.8469979990587162,1.7174853371969026,1.7174853371969026,0
19098,Soresina,Cremona,3,45.286473,9.856965,0.0931,0.0751,0.1013,0.0317,0.0344,0.0169,0.0388,0.0421,0.0248,0.201,0.2545,0.3473,1.384799117486243,1.5405278498848962,1.5405278498848962,0
62008,Benevento,Benevento,15,41.247688,14.705941,0.2648,0.2235,0.2798,0.0614,0.0651,0.0456,0.0826,0.0859,0.0645,0.5061,0.6943,0.9993,0.49037218132573024,3.0013532360408433,3.0013532360408433,0
69050,Miglianico,Chieti,13,42.359239,14.292074,0.1263,0.097,0.1361,0.0415,0.0456,0.0252,0.0517,0.0558,0.0342,0.241,0.3025,0.3994,0.7434959129506428,2.8071827237040665,2.8071827237040665,0
1013,Avigliana,Torino,1,45.077944,7.39839,0.1011,0.0763,0.1114,0.0326,0.0348,0.0175,0.041,0.0446,0.0264,0.2288,0.2896,0.3794,1.5965913042018571,0.5325197423022529,0.5325197423022529,0
6175,Treville,Alessandria,1,45.096854,8.359536,0.0385,0.0146,0.0468,0.0156,0.0192,0.0,0.0194,0.0238,0.0,0.0871,0.1047,0.1288,1.0406640632846607,4.506287791174249,4.506287791174249,0
63014,Capri,Napoli,15,40.548775,14.228087,0.084,0.0448,0.0894,0.0307,0.0325,0.0,0.0382,0.0399,0.0135,0.1693,0.204,0.2538,1.511814104187096,2.394089220782061,2.394089220782061,0
17148,Ponte di Legno,Brescia,3,46.258603,10.508662,0.0556,0.0373,0.0655,0.0233,0.0268,0.0089,0.0286,0.0325,0.0133,0.1271,0.1517,0.1862,0.572382423844701,2.743363116844893,2.743363116844893,0
19111,Vaiano Cremasco,Cremona,3,45.371972,9.587158,0.0781,0.0601,0.0867,0.0274,0.0303,0.0122,0.0343,0.0372,0.0183,0.1742,0.2195,0.2925,0.506902779902215,0.8652174540006324,0.8652174540006324,0
67037,Roseto degli Abruzzi,Teramo,13,42.677577,14.014464,0.1685,0.1535,0.1777,0.0486,0.0518,0.0336,0.0609,0.0655,0.0461,0.3464,0.4647,0.6538,0.7511553638918659,2.300316288756357,2.300316288756357,0
90003,Alghero,Sassari,20,40.56002,8.315147,0.0,0.0,0.0,0.0,0.0,0.0,0.0,0.0,0.0,0.0,0.0,0.0,265.0887755890771,266.16619314270025,266.16619314270025,1
17187,Toscolano-Maderno,Brescia,3,45.63453,10.609521,0.1588,0.1436,0.1767,0.0428,0.0468,0.0382,0.0571,0.0601,0.051,0.3498,0.4579,0.6294,0.8340620152009167,3.1873323519988905,3.1873323519988905,0
4246,Villanova Solaro,Cuneo,1,44.729938,7.574426,0.0951,0.0717,0.1059,0.0308,0.0332,0.0156,0.0384,0.0416,0.023,0.2007,0.2507,0.3269,1.7440477079789538,1.0348217626291563,1.0348217626291563,0
7022,Courmayeur,Valle d'Aosta/Vallée d'Aoste,2,45.787425,6.973062,0.1119,0.0935,0.131,0.0334,0.0384,0.0187,0.0431,0.0507,0.029,0.2685,0.342,0.4521,1.3263994939088009,2.5839121813448624,2.5839121813448624,0
83041,Lipari,Messina,19,38.468185,14.95472,0.1838,0.1332,0.2064,0.0514,0.0543,0.0338,0.068,0.072,0.0469,0.3781,0.4743,0.617,0.7833766839007404,0.8056571105108346,0.8056571105108346,0
29040,Rosolina,Rovigo,5,45.075572,12.246084,0.0561,0.0373,0.0642,0.025,0.0284,0.0088,0.0302,0.0337,0.0132,0.121,0.1432,0.1753,0.9239817507735782,3.2942013324838575,3.2942013324838575,0
18046,Certosa di Pavia,Pavia,3,45.257015,9.148114,0.0591,0.0385,0.0664,0.0208,0.0245,0.0,0.0269,0.0305,0.0091,0.133,0.17,0.2291,1.3711959154137476,1.412206507190306,1.412206507190306,0
16202,Sorisole,Bergamo,3,45.744579,9.661195,0.0987,0.0785,0.1061,0.0278,0.0303,0.0126,0.0361,0.0382,0.0204,0.2175,0.2892,0.3993,1.7380887017917106,4.411510708600631,4.411510708600631,0
15213,Solaro,Milano,3,45.617526,9.081021,0.0426,0.0194,0.0504,0.0166,0.0198,0.0,0.0207,0.0249,0.0,0.094,0.1142,0.1417,0.6466678065475585,2.4201979715843387,2.4201979715843387,0
1063,Caselle Torinese,Torino,1,45.17749,7.646367,0.0535,0.0315,0.0633,0.022,0.0252,0.0,0.0272,0.031,0.0098,0.1207,0.1428,0.1747,1.7997204241377078,3.6826291253821224,3.6826291253821224,0
7020,Châtillon,Valle d'Aosta/Vallée d'Aoste,2,45.748786,7.612529,0.0697,0.0495,0.0803,0.0265,0.0289,0.0112,0.033,0.0359,0.0165,0.1533,0.1842,0.2305,1.1070685122741144,1.1173114533941786,1.1173114533941786,0
60027,Colfelice,Frosinone,12,41.554919,13.603407,0.2045,0.1825,0.2182,0.0575,0.0634,0.0442,0.0736,0.0807,0.0629,0.4117,0.5369,0.7363,0.735597051256378,3.1891254863571192,3.1891254863571192,0
15103,Gaggiano,Milano,3,45.406461,9.034418,0.045,0.0226,0.0528,0.0174,0.0206,0.0,0.0218,0.0258,0.0,0.099,0.1201,0.1498,0.6577744694691955,3.012120999861738,3.012120999861738,0
23053,Nogara,Verona,5,45.179012,11.063733,0.0916,0.0803,0.1024,0.0324,0.0358,0.0234,0.0384,0.0428,0.0319,0.1941,0.2543,0.3354,1.4763963009742864,2.8325466048302297,2.8325466048302297,0
82019,Camporeale,Palermo,19,37.897145,13.093842,0.1685,0.1467,0.1929,0.0393,0.0408,0.0257,0.0554,0.0583,0.04,0.3694,0.4921,0.675,0.5357093733280044,2.466900904180572,2.466900904180572,0
54003,Bettona,Perugia,10,43.013614,12.484756,0.1964,0.1793,0.2145,0.0638,0.0682,0.0506,0.0793,0.085,0.0676,0.4239,0.5371,0.7046,0.08603617381140678,2.962953087313485,2.962953087313485,0
16055,Carobbio degli Angeli,Bergamo,3,45.665182,9.829158,0.1313,0.1058,0.1426,0.0349,0.0365,0.0217,0.0464,0.0486,0.0336,0.2812,0.3645,0.4814,1.0114749114445307,2.4223694669333455,2.4223694669333455,0
17203,Visano,Brescia,3,45.318378,10.372376,0.1293,0.1182,0.1377,0.0357,0.038,0.0254,0.0453,0.0487,0.0372,0.2764,0.3633,0.5057,1.5645346224363978,2.7756178417042237,2.7756178417042237,0
110010,Trinitapoli,Barletta-Andria-Trani,16,41.358853,16.087436,0.1325,0.1063,0.1669,0.0398,0.0444,0.0296,0.0509,0.0579,0.039,0.3002,0.3861,0.5231,1.3292461286093635,0.39368432499060435,0.39368432499060435,0
38017,Ostellato,Ferrara,8,44.745678,11.943521,0.134,0.126,0.1534,0.0378,0.0405,0.0287,0.0474,0.0514,0.0404,0.3216,0.4334,0.6045,0.9936276597238333,2.3255244245299314,2.3255244245299314,0
17103,Manerbio,Brescia,3,45.355777,10.13517,0.1307,0.1205,0.1409,0.0361,0.0382,0.0244,0.0463,0.0494,0.0356,0.2763,0.3681,0.5082,1.0654831947758785,2.5481491562623084,2.5481491562623084,0
18167,Valeggio,Pavia,3,45.15066,8.859946,0.052,0.0315,0.0585,0.0189,0.0223,0.0,0.0246,0.0282,0.0,0.1217,0.1521,0.2001,1.1151803801103166,2.845627755030152,2.845627755030152,0
98014,Castiglione d'Adda,Lodi,3,45.218912,9.694111,0.0762,0.0561,0.0851,0.0286,0.0316,0.0128,0.0351,0.0382,0.0185,0.169,0.2103,0.2752,1.6830511443274416,3.8376195064390277,3.8376195064390277,0
43012,Cingoli,Macerata,11,43.373841,13.216313,0.1754,0.1595,0.1922,0.0551,0.0576,0.0406,0.0697,0.0731,0.0557,0.356,0.4564,0.6109,1.2074410408426983,1.2079766582088372,1.2079766582088372,0
55023,Orvieto,Terni,10,42.718615,12.108791,0.143,0.1207,0.1577,0.0509,0.0554,0.031,0.0617,0.0682,0.0415,0.316,0.4033,0.5235,1.113745924132716,2.406557938468265,2.406557938468265,0
61017,Carinola,Caserta,15,41.170677,14.015459,0.0981,0.076,0.1107,0.0389,0.0439,0.0186,0.0477,0.0537,0.0269,0.2014,0.2433,0.306,0.7939606647930462,1.6176416685907489,1.6176416685907489,0
74008,Francavilla Fontana,Brindisi,16,40.530162,17.582677,0.0546,0.0355,0.0606,0.019,0.0217,0.0,0.0254,0.0281,0.0112,0.1126,0.134,0.1648,1.0170845662804824,2.7124213313684606,2.7124213313684606,0
86016,Regalbuto,Enna,19,37.653547,14.639636,0.1084,0.0984,0.1227,0.041,0.0457,0.0233,0.0499,0.0551,0.0319,0.2233,0.3001,0.3913,0.841108645737549,3.2607950187809878,3.2607950187809878,0
69069,Pretoro,Chieti,13,42.217225,14.141552,0.177,0.1322,0.194,0.0543,0.0589,0.0365,0.0683,0.0744,0.0497,0.3483,0.4504,0.6059,1.3415012837643026,3.1922984078325456,3.1922984078325456,0
18072,Giussago,Pavia,3,45.284766,9.140749,0.0554,0.0345,0.0622,0.02,0.0237,0.0,0.0258,0.0294,0.0079,0.1235,0.1535,0.2008,1.0460121292271776,3.078931209295727,3.078931209295727,0
1133,Levone,Torino,1,45.318202,7.606187,0.0532,0.0306,0.063,0.023,0.0261,0.0,0.0285,0.0321,0.0115,0.1273,0.1518,0.1857,1.5200825403439688,3.129317018962182,3.129317018962182,0
17062,Corte Franca,Brescia,3,45.637417,10.006468,0.1363,0.1121,0.1485,0.0382,0.0398,0.0273,0.0514,0.0534,0.0391,0.3016,0.3808,0.5032,0.9431695839388,1.7783414876361698,1.7783414876361698,0
42023,Maiolati Spontini,Ancona,11,43.477658,13.121768,0.1767,0.1624,0.1918,0.054,0.0569,0.0406,0.0685,0.0726,0.0564,0.3805,0.4954,0.6684,0.9380491149064955,2.7463850759900628,2.7463850759900628,0
63005,Arzano,Napoli,15,40.91602,14.268018,0.1612,0.1133,0.1761,0.0455,0.048,0.0227,0.059,0.0642,0.0353,0.3226,0.4095,0.5817,1.197005920702535,2.563171280683832,2.563171280683832,0
2107,Quarona,Vercelli,1,45.757869,8.265721,0.0451,0.0234,0.0531,0.0175,0.02,0.0,0.022,0.0256,0.0,0.1023,0.1231,0.1526,0.3277273278101687,1.6436939964526853,1.6436939964526853,0
18171,Varzi,Pavia,3,44.82354,9.196904,0.0975,0.0776,0.109,0.0302,0.0329,0.0138,0.0377,0.0409,0.0213,0.2116,0.278,0.3784,0.8254722611901179,1.8242696095599835,1.8242696095599835,0
46034,Villa Basilica,Lucca,9,43.927516,10.644575,0.1513,0.1345,0.1642,0.0514,0.055,0.0357,0.064,0.0691,0.0509,0.344,0.4375,0.5841,1.23053412493078,2.5527330963564174,2.5527330963564174,0
88003,Comiso,Ragusa,19,36.950734,14.607455,0.1883,0.1495,0.2227,0.0317,0.035,0.0264,0.0446,0.0518,0.0403,0.362,0.5241,0.7624,1.0075190687821491,2.458604913677656,2.458604913677656,0
35010,Campegine,Reggio nell'Emilia,8,44.781734,10.528419,0.1254,0.1127,0.1331,0.0419,0.0457,0.0285,0.0521,0.0564,0.0382,0.2696,0.3462,0.472,1.0445833487494893,1.8884535476060575,1.8884535476060575,0
108034,Muggiò,Monza e della Brianza,3,45.593195,9.227138,0.0505,0.0287,0.0576,0.0184,0.0217,0.0,0.0234,0.0273,0.0,0.1109,0.134,0.1708,0.40425975634557243,2.8917038016195042,2.8917038016195042,0
50039,Volterra,Pisa,9,43.400337,10.860019,0.1403,0.0974,0.1591,0.047,0.0507,0.0191,0.059,0.064,0.0303,0.3029,0.3748,0.4793,1.8438488124391825,1.7429119320602104,1.7429119320602104,0
28063,Piazzola sul Brenta,Padova,5,45.541496,11.784404,0.1274,0.1137,0.139,0.0349,0.0385,0.0314,0.0456,0.0499,0.0402,0.2603,0.3462,0.486,0.33925456268536314,2.1516449332801555,2.1516449332801555,0
17056,Coccaglio,Brescia,3,45.563448,9.978272,0.1383,0.1143,0.1507,0.0388,0.0407,0.0282,0.0523,0.0544,0.0403,0.3053,0.3849,0.5115,0.47396557839953507,2.8875238300933606,2.8875238300933606,0
72036,Putignano,Bari,16,40.85183,17.121294,0.0697,0.0565,0.0741,0.0241,0.0263,0.0113,0.0309,0.0332,0.0166,0.1347,0.1608,0.2029,0.6914839270774691,2.826478013620124,2.826478013620124,0
61048,Maddaloni,Caserta,15,41.039924,14.376687,0.1419,0.1048,0.1471,0.0462,0.0485,0.0229,0.0581,0.0605,0.0335,0.2805,0.3487,0.4495,0.7713162296078896,2.917766949364607,2.917766949364607,0
108012,Brugherio,Monza e della Brianza,3,45.550749,9.301222,0.0553,0.0345,0.0624,0.0199,0.0234,0.0,0.0257,0.0293,0.0086,0.124,0.153,0.1972,1.8235360596004089,2.5209398630625657,2.5209398630625657,0
28039,Galliera Veneta,Padova,5,45.66284,11.828488,0.1688,0.1497,0.1876,0.0453,0.0482,0.0389,0.0603,0.0631,0.0521,0.366,0.4828,0.6733,0.9046758263864199,2.3508932388750905,2.3508932388750905,0
1002,Airasca,Torino,1,44.917042,7.484321,0.097,0.0733,0.1073,0.0315,0.0339,0.0163,0.0392,0.0427,0.0242,0.2118,0.266,0.3486,0.19308180431299882,1.990422161096393,1.990422161096393,0
3068,Galliate,Novara,1,45.478267,8.696903,0.0375,0.0132,0.0442,0.0147,0.0182,0.0,0.0183,0.0224,0.0,0.0809,0.0955,0.118,0.7209420280632235,2.521315425256022,2.521315425256022,0
18110,Pavia,Pavia,3,45.036855,9.137825,0.0879,0.069,0.0981,0.0242,0.0274,0.0,0.0315,0.0344,0.0141,0.1808,0.2427,0.3425,1.6499811570888987,4.188517109891234,4.188517109891234,0
33036,Ponte dell'Olio,Piacenza,8,44.867361,9.642268,0.1056,0.0809,0.1169,0.036,0.0388,0.019,0.0446,0.0488,0.0275,0.2251,0.2845,0.3852,0.5702860149637973,3.4197818263756603,3.4197818263756603,0
97056,Nibionno,Lecco,3,45.746479,9.268944,0.0506,0.0293,0.0576,0.0184,0.0217,0.0,0.0234,0.0273,0.0,0.1117,0.1353,0.1729,0.9774705952568072,1.673641971806685,1.673641971806685,0
58043,Genzano di Roma,Roma,12,41.706989,12.691118,0.1657,0.0913,0.1993,0.0535,0.0586,0.0258,0.0726,0.0768,0.0346,0.3754,0.4581,0.5738,0.40146327565661843,2.810149531997998,2.810149531997998,0
16043,Calcinate,Bergamo,3,45.619721,9.798877,0.1322,0.1067,0.1437,0.0343,0.0359,0.0206,0.0457,0.0481,0.0329,0.2822,0.3658,0.4833,0.4701154444203579,2.620847236893273,2.620847236893273,0
36008,Castelvetro di Modena,Modena,8,44.503462,10.9433,0.1631,0.1302,0.1729,0.0526,0.0578,0.0395,0.0652,0.0732,0.0527,0.3507,0.4339,0.5638,0.7369370883732718,2.7211104245914277,2.7211104245914277,0
24078,Piovene Rocchette,Vicenza,5,45.758826,11.430127,0.159,0.139,0.1731,0.0424,0.0456,0.0371,0.0564,0.0593,0.0485,0.3314,0.4323,0.5947,0.4477168754537948,1.9585576547615982,1.9585576547615982,0
4222,Sommariva del Bosco,Cuneo,1,44.768741,7.78533,0.0561,0.0342,0.0666,0.0234,0.0265,0.0,0.0292,0.0326,0.012,0.1316,0.157,0.1922,0.40640462212585987,2.2427053927603025,2.2427053927603025,0
64066,Nusco,Avellino,15,40.88695,15.084004,0.2363,0.2006,0.2465,0.056,0.0573,0.0391,0.0743,0.0756,0.0557,0.4457,0.616,0.8792,1.7577837461066765,1.6540268442266974,1.6540268442266974,0
18061,Dorno,Pavia,3,45.155085,8.951882,0.0563,0.0363,0.0631,0.0197,0.0233,0.0,0.0258,0.0294,0.0081,0.1302,0.1659,0.2219,1.3080793907841495,0.7840797075238224,0.7840797075238224,0
42044,Sassoferrato,Ancona,11,43.432655,12.857263,0.1742,0.1339,0.1968,0.0583,0.0615,0.041,0.0729,0.0774,0.0547,0.3567,0.4564,0.6023,1.1209608607325972,1.464172430416475,1.464172430416475,0
90026,Codrongianos,Sassari,20,40.657261,8.679816,0.0,0.0,0.0,0.0,0.0,0.0,0.0,0.0,0.0,0.0,0.0,0.0,232.92841200429154,233.37922545122032,233.37922545122032,1
70071,San Polo Matese,Campobasso,14,41.459324,14.493428,0.2681,0.2332,0.2843,0.0662,0.0687,0.0524,0.087,0.0899,0.0713,0.537,0.7333,1.0328,0.8227757518121919,2.3802615142690198,2.3802615142690198,0
67030,Mosciano Sant'Angelo,Teramo,13,42.746847,13.888296,0.1748,0.159,0.1897,0.053,0.056,0.0375,0.0672,0.0714,0.0515,0.3606,0.4684,0.6386,1.1743295802595788,1.8073638509132728,1.8073638509132728,0
63026,Cercola,Napoli,15,40.857682,14.355158,0.1706,0.1197,0.1883,0.0469,0.0501,0.0252,0.0617,0.0684,0.0382,0.3443,0.4343,0.6116,0.8809322671523382,2.7478784221838994,2.7478784221838994,0
26009,Casale sul Sile,Treviso,5,45.597766,12.325734,0.1032,0.0948,0.1147,0.0314,0.035,0.0255,0.0382,0.0427,0.0345,0.2068,0.2616,0.3621,0.9169789436210873,3.2405294294686198,3.2405294294686198,0
28089,Teolo,Padova,5,45.365421,11.688606,0.0804,0.0743,0.0963,0.0312,0.0344,0.0223,0.0376,0.0416,0.0313,0.1947,0.2459,0.3293,1.7458776546587016,2.7853173343197386,2.7853173343197386,0
88001,Acate,Ragusa,19,37.02504,14.492981,0.1789,0.1427,0.2107,0.0313,0.0344,0.0239,0.0422,0.0479,0.038,0.3384,0.4972,0.7278,1.2523948289985727,0.75673335717934,0.75673335717934,0
78015,Belvedere Marittimo,Cosenza,18,39.617973,15.861853,0.1402,0.1184,0.1537,0.0446,0.0489,0.0282,0.0564,0.0616,0.0383,0.2847,0.3742,0.5315,1.3193478930526517,3.2322826164875726,3.2322826164875726,0
1043,Busano,Torino,1,45.329438,7.655732,0.0515,0.0283,0.0608,0.0213,0.0247,0.0,0.0264,0.0303,0.0091,0.1162,0.1372,0.1685,1.2727029578470983,1.7030638223789945,1.7030638223789945,0
97049,Missaglia,Lecco,3,45.708717,9.335754,0.0567,0.0369,0.0639,0.0199,0.0234,0.0,0.026,0.0295,0.0089,0.1284,0.1603,0.2099,0.8544867293277353,0.9121123946168019,0.9121123946168019,0
83068,Piraino,Messina,19,38.161243,14.861943,0.181,0.1416,0.1991,0.0586,0.0614,0.0396,0.0757,0.0795,0.0539,0.3818,0.478,0.6229,1.1479877253389006,3.195052135320696,3.195052135320696,0
16098,Filago,Bergamo,3,45.637578,9.556352,0.1012,0.0805,0.109,0.0274,0.03,0.0122,0.0357,0.0379,0.0199,0.2155,0.2866,0.3966,1.7421547564235298,1.9635131047429304,1.9635131047429304,0
89011,Lentini,Siracusa,19,37.284685,14.998778,0.2706,0.2161,0.3248,0.0497,0.0535,0.0435,0.069,0.0792,0.0605,0.5218,0.725,1.0364,1.4980806393840396,1.2926946458956012,1.2926946458956012,0
17201,Villanuova sul Clisi,Brescia,3,45.60168,10.453872,0.1591,0.1442,0.1723,0.041,0.0454,0.0357,0.0555,0.0599,0.0517,0.3555,0.4645,0.6319,1.198562252935108,3.671601568311604,3.671601568311604,0
24076,Pedemonte,Vicenza,5,45.503234,10.91872,0.1643,0.1423,0.1821,0.0436,0.0472,0.0386,0.0581,0.0626,0.0513,0.3522,0.4584,0.6308,0.6145222552873298,0.833253482434644,0.833253482434644,0
17142,Pian Camuno,Brescia,3,45.843752,10.157887,0.1018,0.0859,0.1104,0.0332,0.0354,0.021,0.0416,0.0449,0.0307,0.227,0.2934,0.3955,0.4541047357371496,3.9963034594729008,3.9963034594729008,0
81004,Campobello di Mazara,Trapani,19,37.635838,12.744338,0.0889,0.0656,0.102,0.0208,0.0223,0.0,0.0298,0.0322,0.0143,0.1858,0.2451,0.3397,0.7560233526215094,1.033134094182749,1.033134094182749,0
83108,Torrenova,Messina,19,38.089846,14.678879,0.1692,0.1504,0.184,0.055,0.0571,0.0368,0.0702,0.0735,0.0512,0.3658,0.4741,0.6307,0.6893715771056467,2.1534351399729617,2.1534351399729617,0
65013,Baronissi,Salerno,15,40.746938,14.769987,0.1186,0.0873,0.1241,0.04,0.0422,0.0178,0.0511,0.0534,0.0274,0.232,0.2831,0.3555,0.8966286175033926,3.6091448144961378,3.6091448144961378,0
3066,Fontaneto d'Agogna,Novara,1,45.643469,8.480828,0.038,0.0147,0.0455,0.0145,0.018,0.0,0.0181,0.0222,0.0,0.081,0.0961,0.12,0.8154457467558254,1.661000885507397,1.661000885507397,0
4082,Dronero,Cuneo,1,44.465942,7.367256,0.1385,0.1045,0.1545,0.0404,0.0425,0.0273,0.0544,0.057,0.0382,0.2941,0.3652,0.4702,0.7961466003574135,3.1436509802764783,3.1436509802764783,0
77029,Tursi,Matera,17,40.245213,16.469687,0.095,0.0785,0.1035,0.0369,0.0385,0.022,0.0454,0.0482,0.0306,0.1938,0.2343,0.2948,0.6919443635946095,3.6407282805782626,3.6407282805782626,0
110001,Andria,Barletta-Andria-Trani,16,41.227646,16.295435,0.1709,0.1387,0.2127,0.0381,0.0424,0.03,0.0506,0.0574,0.0415,0.374,0.5072,0.711,1.63205196578793,2.8898876564786917,2.8898876564786917,0
12081,Grantola,Varese,3,45.949179,8.774329,0.0392,0.0168,0.0462,0.0147,0.0181,0.0,0.0186,0.0225,0.0,0.0858,0.1041,0.1294,1.0194109291813833,2.673831510529814,2.673831510529814,0
1034,Brandizzo,Torino,1,45.176606,7.838004,0.0445,0.0197,0.0535,0.0193,0.0227,0.0,0.0238,0.0279,0.0,0.1026,0.1212,0.1475,0.8476128197318351,3.406412466811734,3.406412466811734,0
12004,Arcisate,Varese,3,45.860392,8.859618,0.0384,0.0148,0.0451,0.0145,0.0181,0.0,0.0181,0.0225,0.0,0.0827,0.0989,0.1234,0.5600755576656644,3.6158511112853113,3.6158511112853113,0
15167,Pantigliate,Milano,3,45.439548,9.352631,0.0595,0.0389,0.068,0.0222,0.0255,0.0,0.0284,0.0317,0.0116,0.1374,0.1709,0.2221,0.07403114789372976,2.848800960096189,2.848800960096189,0
17177,Seniga,Brescia,3,45.242674,10.177973,0.0984,0.0895,0.1071,0.0334,0.0361,0.0195,0.0405,0.0447,0.029,0.2131,0.282,0.3994,1.4406046962404788,2.4966721071426377,2.4966721071426377,0
24025,Cartigliano,Vicenza,5,45.713054,11.694064,0.173,0.1528,0.19,0.0463,0.0494,0.0396,0.062,0.0642,0.0536,0.3668,0.4789,0.6601,0.7249027454223884,1.3140033426833493,1.3140033426833493,0
43004,Belforte del Chienti,Macerata,11,43.162552,13.245376,0.1762,0.1338,0.1973,0.0583,0.0625,0.0411,0.0729,0.0781,0.0547,0.3573,0.4562,0.6047,0.9886198776372058,4.106567611154621,4.106567611154621,0
41026,Mercatino Conca,Pesaro e Urbino,11,43.870162,12.491148,0.1764,0.1619,0.1914,0.0542,0.0575,0.0399,0.0685,0.073,0.0557,0.3785,0.4928,0.6648,1.2273753079086498,3.333321118967177,3.333321118967177,0
97026,Costa Masnaga,Lecco,3,45.767002,9.278316,0.0498,0.0283,0.0569,0.0184,0.0217,0.0,0.0234,0.0273,0.0,0.1117,0.1353,0.1729,1.065514777032708,1.395639666283057,1.395639666283057,0
35040,Scandiano,Reggio nell'Emilia,8,44.599345,10.687838,0.1623,0.1293,0.172,0.0512,0.0566,0.0378,0.0638,0.072,0.0507,0.3492,0.4327,0.5611,1.0270141456834148,0.6393167688868779,0.6393167688868779,0
19035,Crema,Cremona,3,45.362828,9.687457,0.0929,0.0745,0.1007,0.0307,0.0332,0.0159,0.0383,0.041,0.0239,0.2102,0.2708,0.3772,1.7099390954714022,4.053070597470522,4.053070597470522,0
11028,Sesta Godano,La Spezia,7,44.293966,9.675716,0.1511,0.135,0.1651,0.0434,0.0464,0.0281,0.0548,0.0583,0.0385,0.2922,0.3746,0.4981,1.3919212245590176,3.704752700165964,3.704752700165964,0
3121,Pombia,Novara,1,45.65083,8.632293,0.0374,0.0135,0.0439,0.0142,0.0179,0.0,0.0178,0.022,0.0,0.0798,0.0942,0.1177,1.54296647608398,1.4840745070945156,1.4840745070945156,0
76098,Viggiano,Potenza,17,40.340711,15.900773,0.2497,0.2032,0.2617,0.0557,0.058,0.041,0.0742,0.0774,0.0583,0.4605,0.6368,0.9281,0.12608433637003222,2.7200792001514182,2.7200792001514182,0
19099,Sospiro,Cremona,3,45.108571,10.157675,0.0803,0.0652,0.0914,0.0332,0.0363,0.018,0.0395,0.0439,0.0251,0.1806,0.2206,0.2826,1.6001004755066113,2.3211836779927975,2.3211836779927975,0
36019,Maranello,Modena,8,44.525522,10.866361,0.1627,0.1288,0.1731,0.0528,0.0582,0.0394,0.0656,0.0739,0.0524,0.353,0.4363,0.5591,1.7267594589603372,4.037194120317659,4.037194120317659,0
108039,Seregno,Monza e della Brianza,3,45.649723,9.205392,0.0475,0.0254,0.0548,0.0181,0.0214,0.0,0.0229,0.0269,0.0,0.1085,0.1314,0.1671,1.4772612502896085,1.082993101608217,1.082993101608217,0
91005,Bari Sardo,Nuoro,20,39.842053,9.644147,0.0,0.0,0.0,0.0,0.0,0.0,0.0,0.0,0.0,0.0,0.0,0.0,241.76201107325392,239.9675642009142,239.9675642009142,1
51016,Civitella in Val di Chiana,Arezzo,9,43.402527,11.735586,0.143,0.1286,0.1603,0.05,0.0547,0.0337,0.06,0.067,0.045,0.3311,0.4182,0.5495,0.7449090321105993,4.335664523130828,4.335664523130828,0
110003,Bisceglie,Barletta-Andria-Trani,16,41.240274,16.501011,0.1347,0.1095,0.1629,0.0339,0.0369,0.0227,0.0427,0.049,0.0338,0.3088,0.4341,0.6232,1.2726237410815533,2.104654077342398,2.104654077342398,0
28058,Noventa Padovana,Padova,5,45.414232,11.9508,0.0795,0.0719,0.0921,0.0305,0.034,0.0219,0.0369,0.0409,0.0311,0.1898,0.2395,0.3169,1.0444060197899985,3.1407612291477,3.1407612291477,0
22049,Castelnuovo,Trento,4,46.052859,11.493282,0.0973,0.0892,0.1077,0.0309,0.0349,0.0259,0.0378,0.0428,0.0351,0.2029,0.2559,0.3417,1.6298875327426523,2.5891572379453507,2.5891572379453507,0
4210,San Michele Mondovì,Cuneo,1,44.377031,7.911036,0.0682,0.0423,0.0774,0.0249,0.0278,0.0106,0.0315,0.0349,0.0158,0.1562,0.1921,0.2451,0.6789430162742768,3.1854957764648617,3.1854957764648617,0
61052,Mondragone,Caserta,15,41.114112,13.893519,0.0878,0.0632,0.0989,0.0358,0.0396,0.0147,0.0432,0.0488,0.0218,0.1776,0.2125,0.2623,1.0952276060562876,2.313078271099672,2.313078271099672,0
14037,Livigno,Sondrio,3,46.537801,10.136316,0.1239,0.1055,0.1404,0.037,0.0387,0.0244,0.0491,0.0531,0.0359,0.2759,0.3532,0.469,1.7010681568712738,1.9787431610707202,1.9787431610707202,0
4045,Casalgrasso,Cuneo,1,44.819641,7.624625,0.0699,0.0504,0.0802,0.0269,0.0297,0.0116,0.0335,0.0367,0.017,0.1592,0.193,0.2441,1.4596005106504204,2.8928251558199376,2.8928251558199376,0
17186,Torbole Casaglia,Brescia,3,45.50531,10.102464,0.1451,0.1256,0.1547,0.0392,0.0414,0.029,0.0526,0.0547,0.0412,0.3043,0.3902,0.5203,1.0398443804451816,4.099879474490899,4.099879474490899,0
1128,Lanzo Torinese,Torino,1,45.27335,7.477411,0.0682,0.0486,0.0785,0.0276,0.0301,0.0123,0.0344,0.0373,0.0179,0.166,0.2032,0.2594,0.8293931767959611,3.0029184801996895,3.0029184801996895,0
100004,Poggio a Caiano,Prato,9,43.816089,11.05465,0.1302,0.1136,0.137,0.0457,0.0505,0.027,0.055,0.0608,0.0357,0.2761,0.3543,0.4707,0.4633001588321299,1.386432485362274,1.386432485362274,0
37034,Loiano,Bologna,8,44.266157,11.325534,0.1704,0.1314,0.193,0.0613,0.0671,0.0453,0.0767,0.0837,0.0575,0.3828,0.4801,0.6114,1.369058623169414,0.15211400412215617,0.15211400412215617,0
24043,Gambellara,Vicenza,5,45.462509,11.33984,0.1517,0.1334,0.1665,0.0387,0.0415,0.0353,0.0529,0.055,0.0455,0.3167,0.4155,0.5765,1.8154987679983852,1.6126832809131841,1.6126832809131841,0
69041,Gissi,Chieti,13,42.021227,14.545748,0.102,0.083,0.1163,0.0408,0.0452,0.0274,0.0499,0.0548,0.0352,0.2061,0.2594,0.3329,1.513242303715055,2.5800168195655977,2.5800168195655977,0
78093,Parenti,Cosenza,18,39.162192,16.410498,0.2763,0.241,0.3026,0.073,0.0746,0.0528,0.0963,0.1001,0.072,0.5582,0.7576,1.0513,1.0498937814316625,3.0190420492740344,3.0190420492740344,0
3049,Cerano,Novara,1,45.410966,8.780039,0.0388,0.0151,0.0463,0.0157,0.019,0.0,0.0195,0.0236,0.0,0.0863,0.1039,0.1278,0.9383006694487349,2.544404293784561,2.544404293784561,0
24029,Chiampo,Vicenza,5,45.544573,11.280896,0.1619,0.1411,0.1788,0.0433,0.0465,0.038,0.0578,0.0615,0.0503,0.3474,0.4527,0.6238,1.724307435102716,2.239374238361485,2.239374238361485,0
109022,Monterubbiano,Fermo,11,43.084754,13.719887,0.183,0.1707,0.1944,0.0522,0.0556,0.0394,0.0662,0.0713,0.0551,0.3875,0.512,0.6963,0.6822043914655666,2.725897649754471,2.725897649754471,0
87005,Aci Sant'Antonio,Catania,19,37.606392,15.126895,0.2285,0.1896,0.2772,0.0932,0.1089,0.0585,0.1135,0.1334,0.0744,0.481,0.5743,0.7683,1.101445382280112,1.804305552545884,1.804305552545884,0
109007,Francavilla d'Ete,Fermo,11,43.187355,13.540682,0.175,0.1611,0.1901,0.0533,0.0564,0.0402,0.0676,0.072,0.0557,0.3758,0.4894,0.6602,1.5516376804753313,2.013266899854279,2.013266899854279,0
23040,Isola della Scala,Verona,5,45.273105,11.006889,0.1136,0.101,0.1254,0.035,0.0374,0.0282,0.0429,0.0474,0.0391,0.248,0.325,0.4555,1.739705263100758,1.5485102008322893,1.5485102008322893,0
64008,Avellino,Avellino,15,40.996545,15.140569,0.2707,0.2404,0.2867,0.0617,0.0635,0.0468,0.0834,0.0854,0.0652,0.5328,0.7368,1.041,1.3060089062878815,2.680196289202802,2.680196289202802,0
16080,Colzate,Bergamo,3,45.816027,9.855865,0.0996,0.0794,0.1078,0.0297,0.032,0.0148,0.0374,0.0397,0.0225,0.2084,0.2686,0.3769,1.2771376101903196,2.7155335041079427,2.7155335041079427,0
87042,San Gregorio di Catania,Catania,19,37.565254,15.111788,0.2159,0.1902,0.2434,0.0819,0.0944,0.0514,0.1009,0.1168,0.0669,0.4576,0.5987,0.8597,1.0083224021797041,1.7316707484537746,1.7316707484537746,0
93027,Montereale Valcellina,Pordenone,6,46.160509,12.662136,0.2551,0.2304,0.3102,0.0666,0.074,0.059,0.0903,0.1011,0.0788,0.5304,0.6951,0.9627,1.0028898870008844,4.576790418041756,4.576790418041756,0
52016,Monteriggioni,Siena,9,43.390059,11.223389,0.14,0.1049,0.1565,0.0463,0.0508,0.0215,0.0577,0.063,0.0321,0.301,0.3742,0.4793,1.4710802250468087,2.584781847640074,2.584781847640074,0
28038,Fontaniva,Padova,5,45.637629,11.752198,0.161,0.1424,0.1768,0.0413,0.044,0.0368,0.056,0.0582,0.048,0.3314,0.4366,0.6067,0.24253061819556104,3.184477141919374,3.184477141919374,0
56024,Fabrica di Roma,Viterbo,12,42.335126,12.299767,0.0966,0.0777,0.1117,0.0401,0.045,0.0206,0.0488,0.0545,0.0281,0.2146,0.2577,0.3267,0.8949668654756774,3.09393141144437,3.09393141144437,0
23077,Sant'Ambrogio di Valpolicella,Verona,5,45.522113,10.834443,0.1649,0.1428,0.1828,0.0436,0.0473,0.0387,0.0581,0.0627,0.0513,0.3522,0.4585,0.6309,0.329176421093895,2.7880009393111083,2.7880009393111083,0
58060,Monte Compatri,Roma,12,41.808918,12.737784,0.1686,0.0968,0.2003,0.0573,0.0621,0.0308,0.075,0.0793,0.0406,0.3786,0.46,0.5757,0.9823861019322885,3.071017143896274,3.071017143896274,0
63001,Acerra,Napoli,15,40.946053,14.375008,0.1688,0.1208,0.1822,0.0472,0.0498,0.0247,0.0612,0.0669,0.0375,0.3348,0.4232,0.5994,0.502773092118742,3.1560546643429053,3.1560546643429053,0
65130,Sant'Egidio del Monte Albino,Salerno,15,40.733842,14.597044,0.1229,0.0822,0.1292,0.0397,0.042,0.017,0.051,0.0534,0.027,0.2384,0.2926,0.372,1.3068593451186508,1.701599301112165,1.701599301112165,0
17028,Breno,Brescia,3,45.956324,10.30404,0.0769,0.0659,0.0866,0.03,0.0327,0.0173,0.0366,0.0397,0.0255,0.1812,0.2307,0.3114,0.8189837139423537,3.3450231443095144,3.3450231443095144,0
61057,Piedimonte Matese,Caserta,15,41.350819,14.368032,0.242,0.199,0.2527,0.0576,0.06,0.0403,0.0752,0.0783,0.0575,0.4451,0.6152,0.8957,1.1662882497524873,2.5266402808113444,2.5266402808113444,0
30116,Tarcento,Udine,6,46.215273,13.221658,0.2561,0.2291,0.3106,0.0674,0.0754,0.0598,0.091,0.1033,0.0796,0.535,0.7001,0.9614,1.1027250025847248,3.1491676276065865,3.1491676276065865,0
61082,Santa Maria a Vico,Caserta,15,41.026857,14.465186,0.1626,0.123,0.1705,0.0502,0.0522,0.0288,0.0641,0.0669,0.0398,0.3274,0.4115,0.5569,0.5799018244109572,2.1812654630775365,2.1812654630775365,0
15130,Magenta,Milano,3,45.465393,8.883843,0.0397,0.0163,0.0476,0.0158,0.0191,0.0,0.0196,0.0237,0.0,0.0868,0.1047,0.1288,0.9689310833208942,3.2368822081585833,3.2368822081585833,0
18020,Bosnasco,Pavia,3,45.064363,9.358477,0.0937,0.0745,0.1044,0.0283,0.0312,0.0113,0.0354,0.0381,0.0181,0.2015,0.2695,0.3701,1.158535313008575,3.1865331974904545,3.1865331974904545,0
79039,Curinga,Catanzaro,18,38.826185,16.3134,0.2684,0.2304,0.2933,0.07,0.0713,0.0503,0.0932,0.0964,0.069,0.5367,0.7328,1.0287,0.6917194506725798,2.532837579277511,2.532837579277511,0
84003,Aragona,Agrigento,19,37.403199,13.617948,0.0608,0.0385,0.0676,0.0205,0.0233,0.0,0.0268,0.0301,0.0103,0.1201,0.1451,0.1811,1.3589062935408456,2.045288952062406,2.045288952062406,0
87038,Randazzo,Catania,19,37.877934,14.946248,0.1838,0.1561,0.2037,0.0681,0.0738,0.04,0.0834,0.0908,0.054,0.3747,0.4683,0.6039,0.677065957255301,0.42373983954681793,0.42373983954681793,0
72033,Palo del Colle,Bari,16,41.057532,16.700782,0.0824,0.0686,0.1015,0.03,0.0328,0.0172,0.037,0.0407,0.0251,0.193,0.2689,0.3681,0.709175223802138,3.69999572306968,3.69999572306968,0
87017,Giarre,Catania,19,37.726857,15.187688,0.2121,0.162,0.2614,0.0897,0.1035,0.0551,0.109,0.1269,0.07,0.4566,0.5413,0.6723,1.496847121844329,0.771200929738242,0.771200929738242,0
48012,Certaldo,Firenze,9,43.547853,11.041199,0.1386,0.1058,0.1547,0.0446,0.0495,0.0215,0.0556,0.061,0.0321,0.2887,0.359,0.4704,1.2394551465834194,4.0260435264805565,4.0260435264805565,0
5031,Castelnuovo Don Bosco,Asti,1,45.040849,7.963128,0.042,0.0171,0.0507,0.0177,0.0211,0.0,0.0216,0.026,0.0,0.092,0.1096,0.1324,0.6811600212675643,2.1297438699979274,2.1297438699979274,0
18109,Parona,Pavia,3,45.282602,8.750845,0.0418,0.0191,0.0496,0.016,0.0192,0.0,0.0199,0.0239,0.0,0.0891,0.1087,0.1337,1.5523558194065987,2.3023867258548387,2.3023867258548387,0
65122,San Marzano sul Sarno,Salerno,15,40.775215,14.587362,0.1415,0.0985,0.1509,0.0428,0.0454,0.0204,0.0555,0.0585,0.0319,0.2785,0.3481,0.4514,0.8344937241550672,2.838726068742444,2.838726068742444,0
83033,Gioiosa Marea,Messina,19,38.173269,14.895164,0.1913,0.1447,0.2116,0.0586,0.0614,0.0396,0.0757,0.0795,0.0539,0.3818,0.478,0.6229,1.3014210574873661,1.0146587907560922,1.0146587907560922,0
4232,Trinità,Cuneo,1,44.508277,7.757897,0.0711,0.0486,0.0811,0.0275,0.0301,0.0128,0.0343,0.0374,0.0184,0.1655,0.2003,0.2512,0.6677264421342238,2.253613224811695,2.253613224811695,0
65021,Camerota,Salerno,15,40.032501,15.372765,0.0928,0.0713,0.1014,0.0324,0.0351,0.0151,0.0396,0.0435,0.023,0.1785,0.2204,0.2818,1.0920521844160045,1.8528919763760952,1.8528919763760952,0
16172,Pontirolo Nuovo,Bergamo,3,45.569175,9.569345,0.1024,0.0815,0.1102,0.0279,0.0304,0.0127,0.0361,0.0383,0.0205,0.2171,0.2889,0.399,0.4292053723668533,0.41639706916687597,0.41639706916687597,0
16031,Bonate Sotto,Bergamo,3,45.666784,9.561388,0.0976,0.0776,0.1048,0.0267,0.0293,0.0113,0.0347,0.037,0.0188,0.2072,0.2732,0.3827,0.6039086915161129,0.5200538716824267,0.5200538716824267,0
87031,Nicolosi,Catania,19,37.614711,15.026349,0.2265,0.1809,0.2783,0.093,0.1085,0.058,0.1131,0.1328,0.0737,0.4771,0.5696,0.7569,1.0913614434224517,3.020955967056471,3.020955967056471,0
62009,Bonea,Benevento,15,41.075206,14.618001,0.198,0.1637,0.2067,0.0555,0.0564,0.0358,0.0719,0.0734,0.0504,0.3794,0.4964,0.7032,1.0039967833088912,0.46807693231943165,0.46807693231943165,0
86014,Piazza Armerina,Enna,19,37.385946,14.367174,0.0937,0.0876,0.1188,0.0309,0.0341,0.0177,0.0376,0.0415,0.0265,0.2036,0.276,0.3988,0.988283336457005,0.5303739968038184,0.5303739968038184,0
63073,Sant'Antimo,Napoli,15,40.945711,14.231429,0.1486,0.1017,0.1599,0.0437,0.0464,0.0206,0.057,0.0612,0.0329,0.3075,0.3915,0.5514,1.2956842817698806,2.065556209733106,2.065556209733106,0
79069,Maida,Catanzaro,18,38.858841,16.364824,0.2686,0.2305,0.2934,0.0694,0.0706,0.0499,0.0925,0.0955,0.0684,0.5317,0.7206,1.0122,0.3671207527428328,1.7295920519005161,1.7295920519005161,0
1266,Settimo Vittone,Torino,1,45.54976,7.832216,0.0462,0.0226,0.0555,0.0191,0.0225,0.0,0.0237,0.0278,0.0,0.1033,0.1228,0.1504,1.4338338202095677,2.453386366882069,2.453386366882069,0
44002,Acquaviva Picena,Ascoli Piceno,11,42.944936,13.815114,0.1767,0.171,0.1914,0.0512,0.0547,0.038,0.0649,0.0701,0.0533,0.3912,0.5218,0.7125,1.5058806241796068,2.1720192093765167,2.1720192093765167,0
26006,Caerano di San Marco,Treviso,5,45.78591,12.001038,0.2169,0.1948,0.2596,0.0533,0.0564,0.0462,0.0721,0.0787,0.0635,0.4445,0.5876,0.823,0.5699056075238621,1.9568800411964387,1.9568800411964387,0
60048,Patrica,Frosinone,12,41.592217,13.243998,0.1352,0.119,0.147,0.0449,0.0487,0.0284,0.0552,0.0594,0.0389,0.2835,0.3686,0.4893,1.2498747309164677,2.4970053517369073,2.4970053517369073,0
16125,Lenna,Bergamo,3,45.943983,9.678696,0.0614,0.041,0.0701,0.0238,0.027,0.0079,0.03,0.0334,0.0133,0.1498,0.1853,0.2427,1.8653528880888723,2.230953632865843,2.230953632865843,0
26061,Possagno,Treviso,5,45.854879,11.88157,0.2144,0.1909,0.2509,0.0552,0.0595,0.0482,0.0747,0.0829,0.0661,0.4566,0.6015,0.8355,1.11522496704732,4.092851652792499,4.092851652792499,0
1027,Bollengo,Torino,1,45.470859,7.94202,0.0416,0.0173,0.0505,0.0175,0.0209,0.0,0.0214,0.0259,0.0,0.0906,0.1088,0.1324,0.875042336414111,1.7465773859426732,1.7465773859426732,0
60074,Sora,Frosinone,12,41.720336,13.613958,0.2396,0.2142,0.2623,0.0726,0.0786,0.0625,0.0954,0.1011,0.0856,0.5123,0.6617,0.8969,1.0492053799651908,1.988447747030144,1.988447747030144,0
1086,Ciriè,Torino,1,45.235277,7.600308,0.0567,0.0355,0.0673,0.0236,0.0265,0.0077,0.0292,0.0327,0.0121,0.1308,0.1564,0.1921,1.0680432803046658,0.6293548143593267,0.6293548143593267,0
58118,Ciampino,Roma,12,41.800289,12.600471,0.1645,0.0914,0.198,0.0547,0.0593,0.0266,0.0732,0.0774,0.0354,0.3763,0.4586,0.5742,1.5940649378921634,2.8984687530608433,2.8984687530608433,0
90006,Arzachena,Sassari,20,41.079898,9.387612,0.0,0.0,0.0,0.0,0.0,0.0,0.0,0.0,0.0,0.0,0.0,0.0,146.9247340963802,147.31076310682215,147.31076310682215,1
16193,Sarnico,Bergamo,3,45.670143,9.963513,0.1343,0.1099,0.1464,0.0371,0.0386,0.0256,0.0495,0.0516,0.037,0.2903,0.3704,0.4883,1.2139619180227335,3.1198045540894332,3.1198045540894332,0
25016,Cortina d'Ampezzo,Belluno,5,46.538333,12.137351,0.0798,0.0745,0.0879,0.0274,0.031,0.0197,0.034,0.0377,0.0278,0.1751,0.2184,0.2948,1.2160276511309167,3.051663323296452,3.051663323296452,0
9012,Borghetto Santo Spirito,Savona,7,44.114446,8.235328,0.1119,0.085,0.1255,0.0218,0.0253,0.0079,0.0313,0.0343,0.0166,0.2192,0.2966,0.4198,0.7811055574314419,3.4147055715682293,3.4147055715682293,0
77021,Policoro,Matera,17,40.21046,16.676376,0.0821,0.0655,0.0913,0.0331,0.0348,0.0173,0.0399,0.0425,0.0246,0.1651,0.1966,0.2416,1.414068019922296,3.2440576674354773,3.2440576674354773,0
13222,Tavernerio,Como,3,45.802426,9.146436,0.0428,0.0195,0.0503,0.0163,0.0197,0.0,0.0202,0.0246,0.0,0.0919,0.1122,0.1396,1.2003123690522361,2.9082161383894123,2.9082161383894123,0
108010,Bovisio-Masciago,Monza e della Brianza,3,45.6109,9.151857,0.0451,0.0224,0.0527,0.0174,0.0207,0.0,0.0219,0.026,0.0,0.1016,0.1232,0.1548,1.434639060033637,1.9042692465354374,1.9042692465354374,0
10034,Mezzanego,Genova,7,44.392008,9.407722,0.1205,0.1043,0.1265,0.0392,0.0425,0.0239,0.0507,0.0543,0.0346,0.2826,0.3585,0.4791,1.3846585890271992,3.6893889098987387,3.6893889098987387,0
73017,Montemesola,Taranto,16,40.56302,17.339228,0.0679,0.0593,0.0734,0.0242,0.0265,0.0112,0.0318,0.0342,0.0175,0.1585,0.2001,0.2677,0.29511316221549855,3.5912004259176147,3.5912004259176147,0
26042,Miane,Treviso,5,45.944321,12.093856,0.2479,0.2242,0.3033,0.062,0.0688,0.0553,0.0856,0.0949,0.0746,0.5146,0.6773,0.9451,0.6591927981204275,4.0935507556696065,4.0935507556696065,0
26001,Altivole,Treviso,5,45.754003,11.955362,0.2082,0.1857,0.2442,0.0533,0.0564,0.0462,0.0721,0.0787,0.0635,0.4445,0.5876,0.823,1.2244969919639923,4.245917953941204,4.245917953941204,0
111048,Nurri,Sud Sardegna,20,39.712048,9.229841,0.0,0.0,0.0,0.0,0.0,0.0,0.0,0.0,0.0,0.0,0.0,0.0,280.76072126783913,280.8271253555948,280.8271253555948,1
1044,Bussoleno,Torino,1,45.139271,7.147717,0.1343,0.1017,0.1484,0.0397,0.0417,0.0266,0.0531,0.0557,0.0375,0.2912,0.3618,0.4662,0.43550071410047614,4.493982374873203,4.493982374873203,0
1042,Burolo,Torino,1,45.48116,7.93392,0.042,0.0178,0.0509,0.0175,0.0209,0.0,0.0214,0.0259,0.0,0.0906,0.1088,0.1324,1.2424030172790277,2.6675626256535847,2.6675626256535847,0
10016,Cicagna,Genova,7,44.409323,9.235533,0.0933,0.0756,0.1021,0.0311,0.0337,0.0144,0.0383,0.0414,0.0212,0.2022,0.2642,0.3611,1.0723798175386419,1.5680749445675128,1.5680749445675128,0
26027,Follina,Treviso,5,45.953073,12.118137,0.2502,0.2261,0.3056,0.0628,0.0697,0.0559,0.0866,0.096,0.0754,0.519,0.6826,0.9515,0.8560638137737463,2.798537194132844,2.798537194132844,0
37051,San Benedetto Val di Sambro,Bologna,8,44.215259,11.232914,0.168,0.1365,0.1906,0.0612,0.0669,0.0447,0.0765,0.0833,0.0592,0.3778,0.4759,0.6057,0.91770682806049,2.852860512280308,2.852860512280308,0
15142,Melzo,Milano,3,45.498585,9.424251,0.0715,0.054,0.0787,0.0237,0.0268,0.008,0.0305,0.0335,0.0139,0.1591,0.2027,0.2748,1.2155513272248277,2.032121600868221,2.032121600868221,0
17145,Polpenazze del Garda,Brescia,3,45.551185,10.504875,0.1589,0.1445,0.175,0.042,0.0462,0.0371,0.0569,0.0604,0.0517,0.3531,0.4615,0.6331,1.4962453659144688,1.1410373308054778,1.1410373308054778,0
72031,Noci,Bari,16,40.79468,17.123557,0.0744,0.067,0.0786,0.026,0.0284,0.0135,0.0336,0.036,0.0194,0.1612,0.199,0.2615,1.3922240550894776,2.022146871081857,2.022146871081857,0
58059,Mentana,Roma,12,42.035022,12.642272,0.1243,0.0991,0.1361,0.0462,0.0502,0.025,0.0559,0.0609,0.0333,0.2562,0.3223,0.4281,0.8910445832709619,3.0500909444602344,3.0500909444602344,0
16199,Serina,Bergamo,3,45.871941,9.729336,0.0776,0.0589,0.0857,0.0266,0.0295,0.0115,0.0336,0.0365,0.0175,0.1755,0.2229,0.3019,0.5132682244812606,3.5936154343718703,3.5936154343718703,0
23023,Cavaion Veronese,Verona,5,45.540293,10.770187,0.1651,0.1431,0.1827,0.044,0.0479,0.0391,0.0585,0.0634,0.0517,0.3538,0.4602,0.6334,0.9953117278088486,1.9284609062693898,1.9284609062693898,0
16120,Grumello del Monte,Bergamo,3,45.637181,9.876759,0.1345,0.1092,0.1466,0.036,0.0374,0.0233,0.0482,0.0506,0.0357,0.2913,0.3744,0.4926,0.8706849661148451,3.286257736187246,3.286257736187246,0
48026,Marradi,Firenze,9,44.075738,11.612896,0.2089,0.1738,0.237,0.0712,0.0762,0.0535,0.09,0.0963,0.0711,0.4452,0.547,0.6972,1.6301545875634995,0.6633837047466188,0.6633837047466188,0
47005,Lamporecchio,Pistoia,9,43.81638,10.896283,0.1283,0.1116,0.1342,0.0447,0.0495,0.0256,0.0541,0.0596,0.0343,0.2727,0.3511,0.4674,1.4298805445283946,3.567925113885025,3.567925113885025,0
98028,Graffignana,Lodi,3,45.209188,9.452577,0.0778,0.0572,0.0853,0.026,0.0291,0.0095,0.0325,0.0356,0.0151,0.1673,0.2153,0.2995,0.806821011686198,1.0217543236866427,1.0217543236866427,0
17113,Montichiari,Brescia,3,45.415181,10.390675,0.1515,0.1382,0.1631,0.0386,0.0418,0.0308,0.0505,0.0545,0.0452,0.3284,0.4318,0.5965,0.8247736737957289,4.075774388065679,4.075774388065679,0
65158,Bellizzi,Salerno,15,40.62018,14.948453,0.1055,0.0851,0.1157,0.0371,0.0394,0.0176,0.0464,0.05,0.0269,0.2043,0.25,0.3213,1.032326060513571,1.1994098946224594,1.1994098946224594,0
34013,Felino,Parma,8,44.696587,10.237205,0.1563,0.1157,0.1728,0.0514,0.0573,0.0362,0.0643,0.0731,0.0477,0.3487,0.437,0.5598,1.682047019723622,2.2468463080159555,2.2468463080159555,0
3122,Prato Sesia,Novara,1,45.646849,8.372939,0.039,0.0162,0.0471,0.0152,0.0186,0.0,0.0188,0.0231,0.0,0.0846,0.1015,0.1258,1.3717050868492375,3.6670188862443656,3.6670188862443656,0
18159,Torre d'Isola,Pavia,3,45.217464,9.076149,0.0603,0.04,0.0677,0.0207,0.0244,0.0,0.027,0.0305,0.0092,0.1369,0.1761,0.2407,1.2008507790545093,2.4200330410652455,2.4200330410652455,0
65050,Eboli,Salerno,15,40.617515,15.056944,0.117,0.0989,0.1285,0.0389,0.0416,0.0221,0.0493,0.0531,0.032,0.2283,0.3004,0.4171,0.7165477474231255,1.713117368721661,1.713117368721661,0
35037,San Martino in Rio,Reggio nell'Emilia,8,44.732802,10.783988,0.157,0.1466,0.1677,0.0442,0.0478,0.0325,0.0557,0.0594,0.0459,0.3661,0.4804,0.6668,0.5622635122714902,4.348516782984177,4.348516782984177,0
38005,Codigoro,Ferrara,8,44.831581,12.109524,0.0789,0.0731,0.0838,0.0315,0.0346,0.0189,0.0376,0.0411,0.0275,0.1951,0.2527,0.3415,1.0463792044356672,3.2123760687450638,3.2123760687450638,0
24070,Mussolente,Vicenza,5,45.778952,11.801272,0.1921,0.1703,0.2154,0.0494,0.0517,0.0419,0.0656,0.07,0.0574,0.3917,0.5132,0.7105,0.3854355614473693,3.3102845046245495,3.3102845046245495,0
63034,Giugliano in Campania,Napoli,15,40.928687,14.200699,0.1516,0.1043,0.1653,0.0437,0.0464,0.0206,0.057,0.0612,0.0329,0.3075,0.3915,0.5514,0.9006590871750803,1.9987727491782459,1.9987727491782459,0
48050,Vinci,Firenze,9,43.787397,10.927106,0.1269,0.1098,0.1324,0.0447,0.0495,0.0256,0.0541,0.0596,0.0343,0.2727,0.3511,0.4674,1.6855276019227199,2.171195065567601,2.171195065567601,0
11031,Vezzano Ligure,La Spezia,7,44.146775,9.876327,0.1347,0.1225,0.1487,0.0423,0.0458,0.0264,0.053,0.057,0.0361,0.2797,0.3581,0.4773,1.4153266739753654,2.1407283301429345,2.1407283301429345,0
76063,Potenza,Potenza,17,40.518319,15.82096,0.2282,0.2044,0.2405,0.0593,0.0598,0.0457,0.0792,0.0801,0.0652,0.4803,0.6551,0.9345,0.8618351048072346,3.3770392338769546,3.3770392338769546,0
69057,Orsogna,Chieti,13,42.218939,14.279112,0.1526,0.1121,0.1657,0.047,0.0513,0.0299,0.058,0.0634,0.0396,0.2952,0.3795,0.5181,1.2929733659131608,2.801419644161628,2.801419644161628,0
66036,Civitella Roveto,L'Aquila,13,41.916026,13.426898,0.2066,0.1863,0.2148,0.0674,0.0735,0.0554,0.0843,0.0923,0.0756,0.4447,0.5705,0.766,0.7786090372353751,2.1453945521258073,2.1453945521258073,0
23046,Marano di Valpolicella,Verona,5,45.556047,10.915684,0.1656,0.1432,0.1838,0.0443,0.0478,0.039,0.0589,0.0634,0.0522,0.3552,0.462,0.6357,1.11485334919462,0.7999259156045184,0.7999259156045184,0
72029,Molfetta,Bari,16,41.199246,16.596828,0.1069,0.0872,0.1277,0.0306,0.0336,0.0175,0.0378,0.0425,0.0267,0.2241,0.3145,0.4491,1.0196893770727409,2.008999105818963,2.008999105818963,0
13036,Cadorago,Como,3,45.724609,9.038219,0.0403,0.0168,0.0478,0.016,0.0194,0.0,0.0199,0.0243,0.0,0.0901,0.11,0.1361,0.9977765171480885,3.090760542060034,3.090760542060034,0
30105,San Vito al Torre,Udine,6,45.895798,13.370587,0.1479,0.132,0.1806,0.0421,0.0446,0.0371,0.0554,0.0571,0.0475,0.3039,0.4056,0.5724,1.4897692914758243,2.9734990514713857,2.9734990514713857,0
97059,Olginate,Lecco,3,45.800938,9.413279,0.058,0.0383,0.0655,0.0201,0.0237,0.0,0.0261,0.0297,0.0088,0.1278,0.159,0.2071,0.3967505550764089,1.8647348902111085,1.8647348902111085,0
12123,Somma Lombardo,Varese,3,45.683621,8.707087,0.0374,0.0134,0.0439,0.0142,0.0179,0.0,0.0178,0.022,0.0,0.0803,0.0951,0.1189,0.7637493942782467,1.1086086560628106,1.1086086560628106,0
12016,Bodio Lomnago,Varese,3,45.791229,8.751004,0.038,0.0147,0.0447,0.0144,0.018,0.0,0.018,0.0222,0.0,0.0818,0.0976,0.1218,1.0432439607454447,1.3703426754206618,1.3703426754206618,0
16131,Madone,Bergamo,3,45.649957,9.547963,0.0938,0.0745,0.1005,0.0267,0.0293,0.0113,0.0347,0.037,0.0188,0.2072,0.2732,0.3827,1.0209216495238078,2.686588259074817,2.686588259074817,0
12140,Vizzola Ticino,Varese,3,45.625599,8.696243,0.0374,0.0132,0.0438,0.0142,0.0179,0.0,0.0179,0.022,0.0,0.0799,0.0944,0.118,1.5859980780346072,1.8449470676216417,1.8449470676216417,0
10053,San Colombano Certenoli,Genova,7,44.399253,9.328805,0.1087,0.0916,0.1157,0.0361,0.0386,0.0197,0.0456,0.0491,0.0294,0.2496,0.3178,0.4241,1.3723107447985263,3.9218392013837207,3.9218392013837207,0
84001,Agrigento,Agrigento,19,37.312299,13.57465,0.0561,0.0349,0.0633,0.0192,0.0219,0.0,0.0252,0.0287,0.0087,0.1154,0.1396,0.1755,0.3350436304763804,3.4381623096133667,3.4381623096133667,0
90047,Olbia,Sassari,20,40.923266,9.502744,0.0,0.0,0.0,0.0,0.0,0.0,0.0,0.0,0.0,0.0,0.0,0.0,152.6924144711368,155.06031541253924,155.06031541253924,1
28092,Torreglia,Padova,5,45.335667,11.73364,0.0771,0.0691,0.0878,0.0303,0.0334,0.0196,0.0364,0.0396,0.0275,0.1718,0.2212,0.2919,0.34229567754244994,2.658211790434479,2.658211790434479,0
95025,Marrubiu,Oristano,20,39.752143,8.637228,0.0,0.0,0.0,0.0,0.0,0.0,0.0,0.0,0.0,0.0,0.0,0.0,318.88415607853983,321.4290864773387,321.4290864773387,1
77008,Ferrandina,Matera,17,40.501218,16.454683,0.1451,0.1062,0.1541,0.0401,0.0454,0.0302,0.053,0.0587,0.0402,0.3068,0.3919,0.517,1.0169934259941378,0.9021042913689143,0.9021042913689143,0
31016,Ronchi dei Legionari,Gorizia,6,45.827808,13.501845,0.1427,0.1267,0.1694,0.0408,0.0434,0.0364,0.0543,0.0566,0.0469,0.3023,0.401,0.5611,0.5563783065979921,1.5808415548589367,1.5808415548589367,0
4059,Cavallermaggiore,Cuneo,1,44.709839,7.686329,0.0705,0.0504,0.081,0.0284,0.031,0.0133,0.0353,0.0384,0.0192,0.1722,0.2111,0.2692,1.1771918255408647,4.227293948161742,4.227293948161742,0
4244,Villafalletto,Cuneo,1,44.543734,7.540129,0.1128,0.0841,0.1252,0.0357,0.0376,0.0213,0.0466,0.0498,0.0312,0.2576,0.3239,0.422,1.3652162305697264,1.6909841333790523,1.6909841333790523,0
98040,Montanaso Lombardo,Lodi,3,45.33577,9.468656,0.0676,0.0475,0.0759,0.0247,0.0279,0.0088,0.031,0.0342,0.0141,0.1499,0.1856,0.2435,1.0344331919672671,3.751694801785104,3.751694801785104,0
17130,Paderno Franciacorta,Brescia,3,45.589187,10.076411,0.1418,0.1207,0.1543,0.0395,0.0419,0.0296,0.0534,0.0553,0.042,0.307,0.3884,0.5184,1.4936775151535984,1.3076110345928738,1.3076110345928738,0
28082,Sant'Angelo di Piove di Sacco,Padova,5,45.345315,12.007022,0.0686,0.0587,0.0763,0.0279,0.0309,0.0156,0.0336,0.0367,0.0216,0.1432,0.1751,0.2216,1.1561122454812678,2.4043803424573476,2.4043803424573476,0
99020,Verucchio,Rimini,8,43.983611,12.421163,0.1811,0.1688,0.1907,0.0541,0.0579,0.0404,0.0682,0.0736,0.0565,0.3914,0.515,0.699,1.1044553646197428,3.0211942217097354,3.0211942217097354,0
83064,Pace del Mela,Messina,19,38.179625,15.305332,0.1616,0.1344,0.177,0.0541,0.0575,0.0351,0.068,0.0725,0.047,0.3372,0.437,0.6097,0.7756827524495498,3.01992069021905,3.01992069021905,0
61024,Castel di Sasso,Caserta,15,41.192288,14.280644,0.1302,0.1093,0.1403,0.0452,0.0489,0.0265,0.0556,0.06,0.0358,0.2544,0.3328,0.4709,0.7908303173700649,1.3515700400368391,1.3515700400368391,0
60046,Paliano,Frosinone,12,41.806023,13.058068,0.1533,0.1327,0.1659,0.0536,0.0572,0.0346,0.066,0.0712,0.0456,0.3317,0.42,0.5423,1.4855993002858139,4.114613015880714,4.114613015880714,0
21027,Curon Venosta/Graun im Vinschgau,Bolzano/Bozen,4,46.803738,10.555045,0.1032,0.0843,0.1172,0.0238,0.0267,0.01,0.033,0.036,0.0183,0.2139,0.285,0.393,1.1929882902604496,2.3824005893440456,2.3824005893440456,0
1315,Volvera,Torino,1,44.956464,7.511052,0.0857,0.0647,0.0958,0.0315,0.0339,0.0163,0.0392,0.0427,0.0242,0.2118,0.266,0.3486,0.4214193530952889,3.5611099227478995,3.5611099227478995,0
78057,Frascineto,Cosenza,18,39.836404,16.261987,0.229,0.1898,0.2461,0.0547,0.0559,0.0373,0.0724,0.0737,0.0536,0.4199,0.5827,0.8527,1.5855547385986506,3.3615030845041414,3.3615030845041414,0
6167,Stazzano,Alessandria,1,44.727394,8.867728,0.0927,0.0742,0.1031,0.024,0.0272,0.0,0.032,0.0348,0.015,0.1974,0.269,0.3691,1.1162905173011366,3.122321053352984,3.122321053352984,0
3100,Momo,Novara,1,45.574889,8.556139,0.0372,0.0127,0.0435,0.0142,0.0179,0.0,0.0178,0.0219,0.0,0.0793,0.0934,0.1167,1.3859659292480655,1.501879018421318,1.501879018421318,0
67002,Ancarano,Teramo,13,42.836048,13.739392,0.1762,0.1532,0.1935,0.0549,0.0577,0.0395,0.0697,0.0735,0.0537,0.3581,0.4532,0.6041,0.9956114288067713,2.6100957291408324,2.6100957291408324,0
43002,Apiro,Macerata,11,43.392256,13.131157,0.1746,0.1516,0.1928,0.0558,0.0584,0.0405,0.0702,0.074,0.0551,0.3562,0.4514,0.5982,1.4897718368310835,1.8793308169512988,1.8793308169512988,0
97074,Santa Maria Hoè,Lecco,3,45.744389,9.375011,0.0596,0.0406,0.0674,0.0209,0.0243,0.0,0.0272,0.0306,0.0102,0.136,0.1714,0.2281,1.5397710692110902,4.595672033546771,4.595672033546771,0
37037,Medicina,Bologna,8,44.476674,11.638338,0.1883,0.1763,0.1999,0.0573,0.0602,0.0456,0.073,0.077,0.0611,0.4018,0.5164,0.6821,0.8217838135085924,3.5061108696726135,3.5061108696726135,0
27022,Meolo,Venezia,5,45.619429,12.453057,0.0987,0.0911,0.1065,0.0325,0.0362,0.028,0.0395,0.0448,0.037,0.2184,0.2765,0.3913,1.695396254179829,3.986927144294102,3.986927144294102,0
42046,Serra de' Conti,Ancona,11,43.54331,13.037191,0.177,0.1627,0.1916,0.0547,0.0573,0.0406,0.0692,0.0728,0.0559,0.3677,0.4681,0.6244,0.8327002464265354,3.488456885815799,3.488456885815799,0
28006,Arre,Padova,5,45.216319,11.930495,0.0608,0.0478,0.0696,0.027,0.0303,0.0133,0.0324,0.0358,0.0182,0.1325,0.1587,0.1972,0.5426320319300464,0.9472696630588695,0.9472696630588695,0
23095,Villa Bartolomea,Verona,5,45.158717,11.353377,0.0757,0.0701,0.0829,0.0308,0.0343,0.02,0.0366,0.0402,0.0279,0.1744,0.2181,0.2944,1.7177178050916575,1.4954399907680784,1.4954399907680784,0
34032,Salsomaggiore Terme,Parma,8,44.814762,9.979576,0.1533,0.1146,0.1698,0.0461,0.0515,0.0304,0.0588,0.0665,0.0433,0.3371,0.4271,0.5507,1.2331523936772373,2.4633383512148574,2.4633383512148574,0
2062,Ghislarengo,Vercelli,1,45.528823,8.386128,0.0377,0.0128,0.044,0.0146,0.0183,0.0,0.0182,0.0225,0.0,0.0802,0.0946,0.1177,1.61420185051039,3.3352908298037973,3.3352908298037973,0
26093,Volpago del Montello,Treviso,5,45.778058,12.119815,0.2141,0.1922,0.2615,0.0529,0.0559,0.0456,0.071,0.0769,0.0625,0.4396,0.5832,0.8155,0.7445335011805039,1.1258288032444685,1.1258288032444685,0
16158,Parre,Bergamo,3,45.874587,9.890855,0.0848,0.0656,0.0933,0.0288,0.0315,0.0142,0.0359,0.0386,0.0208,0.1866,0.2359,0.3155,1.0492416036115435,1.7091176575824747,1.7091176575824747,0
26022,Cordignano,Treviso,5,45.94897,12.41602,0.2347,0.2106,0.2856,0.0582,0.0626,0.0513,0.078,0.0868,0.0694,0.4748,0.6261,0.8671,1.1950361434892867,2.120759362219346,2.120759362219346,0
3098,Miasino,Novara,1,45.801972,8.429724,0.0425,0.0207,0.0501,0.016,0.0188,0.0,0.0199,0.0238,0.0,0.0928,0.1128,0.1393,0.77067664905809,3.7150920850181115,3.7150920850181115,0
103050,Omegna,Verbano-Cusio-Ossola,1,45.879774,8.408022,0.0476,0.0259,0.0548,0.0172,0.0196,0.0,0.022,0.025,0.0,0.1045,0.1259,0.1568,1.4209227721466893,1.2047990339455104,1.2047990339455104,0
67014,Castilenti,Teramo,13,42.533705,13.917011,0.1778,0.1373,0.1952,0.0563,0.06,0.0386,0.0711,0.076,0.0529,0.3575,0.4631,0.6106,0.7335282376323874,2.195227989570801,2.195227989570801,0
32004,San Dorligo della Valle-Dolina,Trieste,6,45.612602,13.853506,0.1161,0.0978,0.1236,0.0323,0.0363,0.029,0.0438,0.049,0.0398,0.2671,0.3495,0.475,0.8609638779867909,2.5560372316400453,2.5560372316400453,0
56023,Corchiano,Viterbo,12,42.344926,12.355668,0.1168,0.0989,0.1253,0.0413,0.0463,0.0228,0.0502,0.0559,0.0311,0.2305,0.296,0.3976,0.6700585586948808,2.447962235851087,2.447962235851087,0
16060,Casnigo,Bergamo,3,45.815986,9.868556,0.1005,0.0801,0.1089,0.0297,0.032,0.0148,0.0374,0.0397,0.0225,0.2084,0.2686,0.3769,0.635095302655447,3.9617330897935963,3.9617330897935963,0
12120,Sesto Calende,Varese,3,45.723955,8.634362,0.0377,0.0143,0.0446,0.0144,0.018,0.0,0.018,0.0221,0.0,0.0821,0.0983,0.1229,1.2903936145012282,1.8627713797451884,1.8627713797451884,0
96007,Brusnengo,Biella,1,45.593865,8.251924,0.0395,0.0165,0.0479,0.0153,0.0187,0.0,0.0189,0.0233,0.0,0.0837,0.0998,0.1237,0.579281310281772,3.969915935687946,3.969915935687946,0
97078,Suello,Lecco,3,45.816781,9.311543,0.0488,0.0271,0.056,0.019,0.0224,0.0,0.0242,0.0282,0.0,0.1168,0.1425,0.182,1.673816085902503,2.6322348080311673,2.6322348080311673,0
20054,Sabbioneta,Mantova,3,44.998436,10.488587,0.0764,0.0664,0.0894,0.0336,0.037,0.0198,0.0396,0.0445,0.027,0.1715,0.2077,0.2626,0.8828389443926422,3.7976433607141087,3.7976433607141087,0
4152,Novello,Cuneo,1,44.587706,7.927116,0.0556,0.0309,0.0642,0.0211,0.0243,0.0,0.0266,0.0301,0.0089,0.1202,0.1435,0.1755,1.8378722709115436,2.6294780582608697,2.6294780582608697,0
3025,Borgo Ticino,Novara,1,45.689268,8.60183,0.0376,0.0142,0.0446,0.0142,0.0179,0.0,0.0179,0.022,0.0,0.0806,0.0956,0.1195,1.6397958356813054,2.9761778803428625,2.9761778803428625,0
108016,Carnate,Monza e della Brianza,3,45.647281,9.379087,0.0623,0.0438,0.0699,0.0205,0.0239,0.0,0.0267,0.0302,0.0099,0.1331,0.1676,0.2216,1.4626758799440265,4.176520384679482,4.176520384679482,0
65132,San Valentino Torio,Salerno,15,40.793011,14.598039,0.1521,0.1077,0.1624,0.0428,0.0454,0.0204,0.0555,0.0585,0.0319,0.2785,0.3481,0.4514,1.3989263422323852,2.2030890116236495,2.2030890116236495,0
92066,Sarroch,Cagliari,20,39.067234,9.009445,0.0,0.0,0.0,0.0,0.0,0.0,0.0,0.0,0.0,0.0,0.0,0.0,352.928461767856,355.1244499108866,355.1244499108866,1
60052,Piedimonte San Germano,Frosinone,12,41.498319,13.752311,0.1954,0.1774,0.2062,0.057,0.0632,0.043,0.0724,0.0805,0.0595,0.3999,0.5045,0.693,1.3252985285551293,1.6145901383468384,1.6145901383468384,0
90071,Thiesi,Sassari,20,40.524859,8.716419,0.0,0.0,0.0,0.0,0.0,0.0,0.0,0.0,0.0,0.0,0.0,0.0,241.25678484208896,241.68359114550316,241.68359114550316,1
90075,Tula,Sassari,20,40.732465,8.983921,0.0,0.0,0.0,0.0,0.0,0.0,0.0,0.0,0.0,0.0,0.0,0.0,204.5648643152564,204.9737421302557,204.9737421302557,1
82043,Isola delle Femmine,Palermo,19,38.198295,13.247344,0.1499,0.1311,0.1587,0.0366,0.0376,0.0222,0.0511,0.0524,0.0359,0.3208,0.4275,0.5794,0.43815361092613136,1.9016582902869115,1.9016582902869115,0
111035,Iglesias,Sud Sardegna,20,39.31254,8.534111,0.0,0.0,0.0,0.0,0.0,0.0,0.0,0.0,0.0,0.0,0.0,0.0,362.79553150171574,365.18131754929277,365.18131754929277,1
67032,Notaresco,Teramo,13,42.654145,13.894698,0.1758,0.1467,0.1928,0.0545,0.0578,0.0374,0.0691,0.0735,0.0517,0.3557,0.4548,0.6011,1.1930057410997912,2.2377170521553325,2.2377170521553325,0
20046,Quingentole,Mantova,3,45.039077,11.045796,0.0892,0.0792,0.0956,0.0325,0.0361,0.0223,0.0383,0.0428,0.0316,0.2007,0.2577,0.3369,1.4324403304037936,4.11992559549529,4.11992559549529,0
109017,Montegiorgio,Fermo,11,43.132253,13.536383,0.1748,0.159,0.1917,0.0542,0.0573,0.0403,0.0686,0.0727,0.0554,0.3663,0.4651,0.6222,1.1359097272875935,2.4906881633993687,2.4906881633993687,0
64072,Pietradefusi,Avellino,15,41.044191,14.883407,0.2524,0.2106,0.2655,0.0613,0.063,0.0438,0.0825,0.0836,0.0609,0.4736,0.6522,0.9305,0.5814414211435193,1.9764944528877235,1.9764944528877235,0
21093,Silandro/Schlanders,Bolzano/Bozen,4,46.628069,10.773476,0.0582,0.0412,0.0667,0.0196,0.0239,0.0,0.0256,0.0304,0.0105,0.1294,0.1589,0.2019,1.5093511642323303,4.207991323296796,4.207991323296796,0
99005,Misano Adriatico,Rimini,8,43.977495,12.698695,0.1838,0.1657,0.2189,0.048,0.0532,0.0383,0.0625,0.0701,0.0584,0.4003,0.53,0.7392,0.8511726222577353,3.0663357194186074,3.0663357194186074,0
11001,Ameglia,La Spezia,7,44.065929,9.95741,0.1261,0.1124,0.1347,0.0416,0.0453,0.0256,0.0521,0.0563,0.0351,0.2747,0.3528,0.4711,1.0647636728594063,2.5344514152075983,2.5344514152075983,0
17077,Gavardo,Brescia,3,45.584627,10.438237,0.1592,0.1415,0.1708,0.041,0.0454,0.0357,0.0555,0.0599,0.0517,0.3555,0.4645,0.6319,1.1298859247321862,2.255611038917614,2.255611038917614,0
22183,Storo,Trento,4,45.849075,10.579914,0.1243,0.1124,0.134,0.0344,0.0371,0.0268,0.0436,0.0482,0.0387,0.2811,0.3718,0.5178,1.6730082068742453,3.1520139976596924,3.1520139976596924,0
69033,Fossacesia,Chieti,13,42.244633,14.482904,0.0956,0.0752,0.1049,0.0376,0.0411,0.0218,0.0457,0.0504,0.0298,0.1921,0.2325,0.2945,0.806607736069885,2.737665275006879,2.737665275006879,0
98048,San Martino in Strada,Lodi,3,45.271532,9.528032,0.0718,0.0512,0.0797,0.0263,0.0294,0.0104,0.0327,0.0358,0.0158,0.1596,0.1993,0.2624,1.124274949808091,1.4628093878951822,1.4628093878951822,0
16132,Mapello,Bergamo,3,45.708965,9.547513,0.0863,0.0683,0.0929,0.0257,0.0285,0.0102,0.0334,0.0359,0.0172,0.193,0.2524,0.3557,1.3868917095864137,1.6678306788515316,1.6678306788515316,0
20041,Piubega,Mantova,3,45.227309,10.534508,0.1088,0.098,0.1189,0.0348,0.0373,0.025,0.0434,0.047,0.0365,0.2521,0.3285,0.4564,0.7345833382349244,3.5463207088567508,3.5463207088567508,0
19046,Gadesco-Pieve Delmona,Cremona,3,45.167703,10.114948,0.0803,0.0695,0.0917,0.0325,0.0354,0.0178,0.039,0.043,0.0255,0.1876,0.2325,0.3095,0.6720549191583797,3.6794254453504602,3.6794254453504602,0
17045,Castrezzato,Brescia,3,45.512505,9.977855,0.1379,0.1144,0.1502,0.0388,0.0408,0.0282,0.0523,0.0544,0.0404,0.3049,0.3845,0.5138,0.868203585210413,3.208577752320535,3.208577752320535,0
27014,Fiesso d'Artico,Venezia,5,45.417348,12.033181,0.0768,0.0698,0.0859,0.0293,0.0327,0.0196,0.0355,0.039,0.0278,0.1727,0.2209,0.295,1.2296777505251415,3.8786614429398276,3.8786614429398276,0
34012,Corniglio,Parma,8,44.4759,10.088926,0.19,0.1685,0.2042,0.0599,0.0663,0.0454,0.0768,0.084,0.0622,0.4037,0.5043,0.6655,0.65937041501174,3.6728243305239388,3.6728243305239388,0
96050,Pray,Biella,1,45.676196,8.208714,0.0425,0.0203,0.0511,0.0168,0.0198,0.0,0.0208,0.025,0.0,0.0946,0.1143,0.1409,0.6362696352736371,1.1625380140602013,1.1625380140602013,0
83079,San Marco d'Alunzio,Messina,19,38.073514,14.699355,0.1762,0.1578,0.1922,0.055,0.0571,0.0368,0.0702,0.0735,0.0512,0.3658,0.4741,0.6307,0.6817131823196253,0.7668794402155347,0.7668794402155347,0
12118,Samarate,Varese,3,45.628182,8.784305,0.0379,0.0137,0.0444,0.0144,0.0181,0.0,0.018,0.0222,0.0,0.0807,0.0956,0.1194,1.3365251334143802,1.9608516342624165,1.9608516342624165,0
18180,Villanterio,Pavia,3,45.219467,9.364356,0.0751,0.0547,0.0819,0.025,0.0283,0.0083,0.0316,0.0347,0.014,0.1665,0.2165,0.3085,0.37271799599151595,1.4812063049650537,1.4812063049650537,0
63051,Ottaviano,Napoli,15,40.849818,14.490127,0.1703,0.121,0.1857,0.0464,0.0494,0.0245,0.0606,0.0668,0.0375,0.3358,0.4247,0.6024,0.9482428990578882,2.344109128967369,2.344109128967369,0
20055,San Benedetto Po,Mantova,3,45.041924,10.928295,0.0894,0.0793,0.096,0.0327,0.0362,0.022,0.0384,0.0431,0.0314,0.2013,0.2582,0.3385,1.415503733322395,2.501646488920247,2.501646488920247,0
4095,Garessio,Cuneo,1,44.202931,8.019253,0.0941,0.07,0.1072,0.0249,0.0278,0.0113,0.033,0.036,0.0183,0.1909,0.247,0.3408,1.5912210623481735,3.3335289703708857,3.3335289703708857,0
13154,Montano Lucino,Como,3,45.790331,9.027521,0.0398,0.0162,0.0472,0.0156,0.0192,0.0,0.0194,0.0238,0.0,0.0875,0.1062,0.1314,1.3720685715036247,2.816368724267703,2.816368724267703,0
88011,Scicli,Ragusa,19,36.79357,14.706964,0.1418,0.1142,0.1708,0.0269,0.0301,0.0197,0.0365,0.0404,0.0323,0.2745,0.3951,0.5688,1.0832745675554916,3.4554176217895196,3.4554176217895196,0
23009,Bonavigo,Verona,5,45.257573,11.279332,0.0959,0.0857,0.1077,0.0334,0.036,0.0251,0.0399,0.0443,0.0347,0.2229,0.286,0.3982,0.9240629750099992,1.4374681944010186,1.4374681944010186,0
15122,Liscate,Milano,3,45.481549,9.409012,0.0666,0.048,0.0744,0.0239,0.027,0.0083,0.0306,0.0336,0.014,0.1549,0.1949,0.2608,0.24952931117454968,2.9167848470804705,2.9167848470804705,0
3040,Casalino,Novara,1,45.102415,8.248872,0.038,0.0133,0.0463,0.0154,0.0191,0.0,0.019,0.0235,0.0,0.0819,0.0955,0.1166,1.5668115367011572,2.0246834624964842,2.0246834624964842,0
63025,Castello di Cisterna,Napoli,15,40.915112,14.406233,0.1728,0.1236,0.1877,0.0487,0.0513,0.0266,0.0635,0.0693,0.0395,0.3441,0.4332,0.6089,1.0689840736821217,2.1365954535446368,2.1365954535446368,0
58122,Fonte Nuova,Roma,12,41.996254,12.623621,0.13,0.0928,0.1446,0.0475,0.0516,0.0246,0.0576,0.063,0.0327,0.2774,0.3385,0.4268,1.5344191356984407,1.8589058680793287,1.8589058680793287,0
1299,Vigone,Torino,1,44.843067,7.494438,0.1034,0.0776,0.114,0.0327,0.035,0.0175,0.0411,0.0447,0.0262,0.2259,0.2857,0.3742,0.5564077505542627,0.9789866690757218,0.9789866690757218,0
28067,Ponso,Padova,5,45.195057,11.588255,0.0673,0.0611,0.0766,0.0297,0.0331,0.0182,0.0354,0.0389,0.0251,0.1543,0.1953,0.2633,0.5085006213451996,3.079057419011303,3.079057419011303,0
1160,Montalto Dora,Torino,1,45.490759,7.862818,0.0439,0.0195,0.053,0.0186,0.0221,0.0,0.023,0.0273,0.0,0.0988,0.1177,0.1436,1.2224831993474745,1.5292337794672775,1.5292337794672775,0
58023,Castel Madama,Roma,12,41.976936,12.86919,0.1532,0.134,0.1687,0.0546,0.0582,0.0349,0.0671,0.0724,0.0465,0.3429,0.4311,0.5597,1.2973504076383138,1.8868808827814902,1.8868808827814902,0
43054,Treia,Macerata,11,43.310556,13.311475,0.1748,0.1577,0.1919,0.0551,0.0576,0.0405,0.0696,0.0731,0.0556,0.3554,0.4509,0.6071,1.123248924398637,4.095724617542271,4.095724617542271,0
43041,Pollenza,Macerata,11,43.267775,13.347792,0.1741,0.1486,0.1928,0.0549,0.0576,0.0404,0.0694,0.0731,0.0556,0.3546,0.4498,0.6042,1.5847053562468008,1.9831028874242356,1.9831028874242356,0
101010,Crotone,Crotone,18,39.187389,16.878282,0.2042,0.1581,0.2087,0.0529,0.054,0.0365,0.0693,0.0707,0.051,0.3766,0.494,0.6611,1.0704819972870712,3.0538065727026065,3.0538065727026065,0
37013,Castel d'Aiano,Bologna,8,44.275859,10.999408,0.1605,0.1249,0.18,0.0578,0.0632,0.041,0.0721,0.0787,0.0555,0.362,0.4565,0.5815,0.6224226132030256,3.115125751535605,3.115125751535605,0
54011,Citerna,Perugia,10,43.498407,12.115516,0.2157,0.1963,0.244,0.0649,0.0689,0.0535,0.0857,0.088,0.0726,0.4725,0.5998,0.7887,0.6117933407580083,2.4351654056445344,2.4351654056445344,0
23076,San Pietro in Cariano,Verona,5,45.520913,10.886377,0.165,0.1428,0.1829,0.0436,0.0473,0.0387,0.0581,0.0627,0.0513,0.3522,0.4585,0.6309,0.9563346807206178,3.99390857478026,3.99390857478026,0
64099,Serino,Avellino,15,40.856714,14.870566,0.1729,0.1445,0.1796,0.0515,0.0529,0.0327,0.0665,0.0692,0.0461,0.3579,0.4607,0.6397,1.4209480284983211,2.3814357248990734,2.3814357248990734,0
69056,Mozzagrogna,Chieti,13,42.212756,14.444745,0.104,0.0818,0.114,0.0397,0.0439,0.0239,0.0491,0.0537,0.0324,0.2156,0.2658,0.3452,0.7721706082741613,2.291711292891065,2.291711292891065,0
24019,Caltrano,Vicenza,5,45.770615,11.460801,0.1573,0.1382,0.1711,0.0432,0.0464,0.0376,0.0572,0.0601,0.0494,0.3371,0.4394,0.6036,0.5758228195684503,2.8280508620172227,2.8280508620172227,0
50020,Montescudaio,Pisa,9,43.326278,10.626995,0.1314,0.0922,0.1479,0.0391,0.0426,0.0105,0.0513,0.0553,0.0221,0.2846,0.3564,0.463,0.15668498600026065,3.759592527926112,3.759592527926112,0
33048,Ziano Piacentino,Piacenza,8,45.001462,9.40156,0.0965,0.0768,0.1076,0.0294,0.0322,0.0125,0.0366,0.0393,0.0195,0.2068,0.2748,0.375,1.106036015035312,1.9288445792779205,1.9288445792779205,0
20058,San Giovanni del Dosso,Mantova,3,44.966893,11.081617,0.1101,0.1021,0.1258,0.0347,0.0379,0.025,0.0415,0.0465,0.0363,0.2593,0.3439,0.48,0.8885884137147572,1.1091089198191701,1.1091089198191701,0
14050,Piuro,Sondrio,3,46.330143,9.420908,0.0527,0.0336,0.0609,0.0199,0.0231,0.0,0.0256,0.029,0.0101,0.1238,0.1493,0.1857,1.5806754543996906,2.8794624181837682,2.8794624181837682,0
14051,Poggiridenti,Sondrio,3,46.174795,9.92605,0.0965,0.0775,0.1099,0.0268,0.0306,0.0116,0.0347,0.0386,0.0192,0.2117,0.2812,0.3894,1.6044936075347642,3.695241410150968,3.695241410150968,0
33040,San Giorgio Piacentino,Piacenza,8,44.954163,9.736869,0.1017,0.0784,0.1128,0.0347,0.0374,0.0176,0.0425,0.0466,0.0256,0.2171,0.2747,0.373,1.1998609042653965,2.6976222479029626,2.6976222479029626,0
97006,Barzanò,Lecco,3,45.733474,9.312813,0.0527,0.0318,0.0595,0.0199,0.0234,0.0,0.026,0.0295,0.0089,0.1284,0.1603,0.2099,1.3582273816658113,3.921356374917398,3.921356374917398,0
34039,Tizzano Val Parma,Parma,8,44.520544,10.199199,0.1624,0.1317,0.1833,0.0562,0.0616,0.0392,0.0705,0.0775,0.0539,0.3595,0.4533,0.5779,0.6366622039304765,2.1416502304017535,2.1416502304017535,0
24005,Altissimo,Vicenza,5,45.614739,11.251258,0.1644,0.1429,0.1818,0.044,0.0471,0.0384,0.0585,0.0623,0.0511,0.3504,0.4561,0.6275,1.4614102361771406,2.8767730543906813,2.8767730543906813,0
97068,Pescate,Lecco,3,45.833482,9.393945,0.0544,0.0339,0.0614,0.0201,0.0237,0.0,0.0261,0.0297,0.0088,0.1278,0.159,0.2071,1.6250773651496495,2.3755024165670893,2.3755024165670893,0
109029,Ortezzano,Fermo,11,43.030052,13.605986,0.1757,0.1591,0.1928,0.0546,0.0576,0.0401,0.069,0.0733,0.0549,0.3592,0.4637,0.616,1.1571096877727922,2.3898786253587065,2.3898786253587065,0
28056,Montagnana,Padova,5,45.233321,11.465778,0.0785,0.0706,0.0882,0.0309,0.0342,0.0203,0.0368,0.0403,0.0284,0.1805,0.2265,0.3073,1.3168592565715616,3.981561643114887,3.981561643114887,0
14040,Mazzo di Valtellina,Sondrio,3,46.2586,10.256656,0.0751,0.0588,0.0859,0.0263,0.0304,0.0122,0.0332,0.0377,0.0186,0.1701,0.2116,0.2756,0.8301840491593515,2.396106915267729,2.396106915267729,0
4019,Bene Vagienna,Cuneo,1,44.543336,7.828335,0.0611,0.0374,0.071,0.0248,0.0277,0.0098,0.0311,0.0344,0.0145,0.1448,0.1727,0.2128,1.1307006501663892,2.4660621912776803,2.4660621912776803,0
54052,Todi,Perugia,10,42.782443,12.406255,0.1565,0.1409,0.1772,0.0548,0.0593,0.0383,0.067,0.0736,0.0518,0.3519,0.4408,0.5727,1.1179979828355853,0.7501355338322881,0.7501355338322881,0
27017,Fossò,Venezia,5,45.38565,12.048577,0.0725,0.0652,0.0797,0.0282,0.0314,0.017,0.0341,0.0373,0.0236,0.1539,0.1869,0.2576,0.6573163593662329,2.4001532444532554,2.4001532444532554,0
81006,Castelvetrano,Trapani,19,37.682851,12.795534,0.1023,0.0789,0.1179,0.0245,0.0261,0.0105,0.0343,0.0366,0.0189,0.2217,0.2941,0.4093,0.85429347696611,0.28614127699993963,0.28614127699993963,0
24063,Monte di Malo,Vicenza,5,45.660464,11.362566,0.1639,0.1428,0.1805,0.0438,0.0469,0.0382,0.0582,0.0619,0.0507,0.3475,0.4525,0.6231,1.7876815407307085,1.877527396964165,1.877527396964165,0
83049,Milazzo,Messina,19,38.220805,15.241513,0.1584,0.1263,0.1732,0.0523,0.0551,0.0332,0.0652,0.0693,0.044,0.3048,0.3909,0.5072,0.5139777610964813,2.9932534090832443,2.9932534090832443,0
68024,Montesilvano,Pescara,13,42.513603,14.15162,0.1453,0.1222,0.157,0.0445,0.0482,0.0287,0.0558,0.0593,0.0385,0.2841,0.3646,0.5131,0.49558795086283125,2.869733756542923,2.869733756542923,0
24051,Longare,Vicenza,5,45.474634,11.611049,0.1246,0.1109,0.1344,0.0345,0.038,0.03,0.0438,0.0489,0.0395,0.2559,0.3376,0.4721,0.24752013890450808,3.0980857135947835,3.0980857135947835,0
108013,Burago di Molgora,Monza e della Brianza,3,45.59666,9.377706,0.0637,0.0453,0.0712,0.021,0.0244,0.0,0.0274,0.0307,0.0105,0.137,0.1726,0.2302,1.0404295937796748,3.729563640637551,3.729563640637551,0
99027,Talamello,Rimini,8,43.90499,12.285898,0.1829,0.1445,0.203,0.0586,0.0621,0.0434,0.0742,0.0782,0.058,0.3729,0.4678,0.6145,1.5443871946767642,3.795043790795831,3.795043790795831,0
46009,Castelnuovo di Garfagnana,Lucca,9,44.110022,10.411786,0.2011,0.1743,0.233,0.0601,0.0662,0.0506,0.0784,0.0852,0.072,0.4457,0.5635,0.7407,1.4263697060935294,2.4042622385468873,2.4042622385468873,0
58065,Monterotondo,Roma,12,42.051799,12.618397,0.117,0.0965,0.129,0.0462,0.0502,0.025,0.0559,0.0609,0.0333,0.2562,0.3223,0.4281,1.1443035965985378,2.289296842017906,2.289296842017906,0
17057,Collebeato,Brescia,3,45.581315,10.210271,0.1469,0.1361,0.1587,0.0404,0.0436,0.0322,0.0542,0.0568,0.0452,0.3149,0.4106,0.5581,1.001348404920071,1.046696125179941,1.046696125179941,0
97048,Merate,Lecco,3,45.698679,9.411648,0.0667,0.049,0.0739,0.0216,0.0249,0.0,0.0282,0.0314,0.0114,0.1456,0.1843,0.2498,1.1365785356210243,1.9834454706086762,1.9834454706086762,0
35022,Gattatico,Reggio nell'Emilia,8,44.795684,10.444557,0.1321,0.1062,0.1434,0.0428,0.047,0.029,0.0533,0.0582,0.0389,0.2805,0.3571,0.4644,0.7687071599802767,1.9661182751812463,1.9661182751812463,0
65151,Tramonti,Salerno,15,40.699733,14.641537,0.1086,0.0723,0.1137,0.0376,0.0393,0.0143,0.0473,0.0497,0.023,0.2102,0.2547,0.319,0.20262863801540776,4.0871271908206595,4.0871271908206595,0
2061,Gattinara,Vercelli,1,45.614242,8.371138,0.0385,0.0149,0.0461,0.0152,0.0186,0.0,0.0188,0.0231,0.0,0.0846,0.1015,0.1258,1.3962351017006287,2.9190999534974926,2.9190999534974926,0
15159,Opera,Milano,3,45.373069,9.211149,0.0534,0.0319,0.0605,0.0204,0.024,0.0,0.0261,0.0298,0.0086,0.123,0.151,0.1938,0.38331861621283353,2.127030021327531,2.127030021327531,0
29004,Badia Polesine,Rovigo,5,45.094056,11.493462,0.0729,0.0684,0.0783,0.0298,0.0333,0.0179,0.0353,0.039,0.0252,0.1527,0.1892,0.2501,1.2578361031970537,3.165997516326983,3.165997516326983,0
39009,Cotignola,Ravenna,8,44.383843,11.940217,0.1878,0.1767,0.2006,0.0581,0.0611,0.0464,0.0739,0.0777,0.0619,0.4049,0.5177,0.6894,1.6932966324137009,1.6290157335272417,1.6290157335272417,0
47009,Monsummano Terme,Pistoia,9,43.870744,10.814016,0.1347,0.1213,0.1467,0.0459,0.0504,0.0276,0.0557,0.061,0.0369,0.2836,0.3615,0.4796,1.2897938543735739,3.6162311715012962,3.6162311715012962,0
44054,Offida,Ascoli Piceno,11,42.934821,13.691044,0.176,0.1592,0.1932,0.0549,0.0577,0.0399,0.0694,0.0735,0.0544,0.3573,0.4555,0.6094,0.47844265005717296,0.4292562856323417,0.4292562856323417,0
40049,Tredozio,Forlì-Cesena,8,44.081042,11.744208,0.2105,0.158,0.239,0.0723,0.0771,0.0531,0.0913,0.0975,0.0678,0.4513,0.5538,0.7041,1.2208319196928292,1.245651540197253,1.245651540197253,0
1187,Pertusio,Torino,1,45.356788,7.638501,0.0513,0.0281,0.0605,0.0213,0.0247,0.0,0.0264,0.0303,0.0091,0.1162,0.1372,0.1685,0.9347072146949535,2.7885652112057304,2.7885652112057304,0
67028,Montorio al Vomano,Teramo,13,42.582706,13.632519,0.2014,0.1776,0.2242,0.0665,0.0731,0.0495,0.0837,0.0923,0.0659,0.4282,0.5458,0.7155,0.9217121018893378,0.7762508670494113,0.7762508670494113,0
1176,Ozegna,Torino,1,45.34929,7.742524,0.0459,0.0213,0.055,0.0199,0.0234,0.0,0.0246,0.0287,0.0,0.1067,0.1262,0.1546,1.6516612436821523,1.309236200068793,1.309236200068793,0
19002,Agnadello,Cremona,3,45.444374,9.557056,0.0847,0.0671,0.0925,0.0277,0.0304,0.0125,0.035,0.0376,0.019,0.1864,0.2396,0.3295,0.5799100195099931,3.3218876808317295,3.3218876808317295,0
15179,Pregnana Milanese,Milano,3,45.515849,9.008012,0.0414,0.0182,0.0494,0.0166,0.0198,0.0,0.0206,0.0248,0.0,0.0922,0.1119,0.1377,0.9774665890749384,1.8134186710604312,1.8134186710604312,0
48011,Cerreto Guidi,Firenze,9,43.758922,10.879013,0.1243,0.1047,0.1289,0.0435,0.0482,0.023,0.0529,0.0583,0.0318,0.2669,0.3404,0.4554,0.9955310505711736,2.1634813688263015,2.1634813688263015,0
43029,Montefano,Macerata,11,43.411159,13.438376,0.1834,0.1674,0.2077,0.0507,0.0548,0.0401,0.0648,0.0704,0.0572,0.4048,0.5312,0.7389,1.3821796080385493,3.261980039502454,3.261980039502454,0
10009,Campomorone,Genova,7,44.507337,8.89011,0.0759,0.0558,0.0837,0.0233,0.0266,0.0,0.0302,0.0332,0.013,0.1631,0.2118,0.2973,1.4950689154783168,3.149287990716421,3.149287990716421,0
57052,Poggio Catino,Rieti,12,42.294999,12.691922,0.1552,0.1402,0.1767,0.0517,0.0558,0.0367,0.0637,0.0694,0.0492,0.3466,0.4367,0.5697,0.6942253382494366,2.0247491837153633,2.0247491837153633,0
15085,Corbetta,Milano,3,45.465937,8.92009,0.0402,0.0169,0.0482,0.0163,0.0196,0.0,0.0203,0.0244,0.0,0.0901,0.1097,0.1345,0.15358404507592266,2.3863006297233507,2.3863006297233507,0
76060,Pietragalla,Potenza,17,40.747522,15.880648,0.1527,0.1256,0.174,0.0469,0.0496,0.0353,0.0589,0.0632,0.0488,0.3166,0.3995,0.5216,1.0651758658331232,2.1251486222595846,2.1251486222595846,0
16178,Ranica,Bergamo,3,45.726338,9.714663,0.1108,0.0885,0.1188,0.0299,0.0321,0.015,0.0386,0.0406,0.0244,0.2374,0.3179,0.4299,1.2441941787443451,1.734419948030391,1.734419948030391,0
24064,Montegalda,Vicenza,5,45.443775,11.673211,0.1055,0.0958,0.1164,0.0331,0.0364,0.0267,0.0401,0.0458,0.0373,0.2287,0.2962,0.415,0.7968626333317962,4.492688117273788,4.492688117273788,0
80092,Stilo,Reggio di Calabria,18,38.476612,16.467263,0.1728,0.1367,0.1791,0.0479,0.0494,0.0313,0.0615,0.0638,0.0432,0.3281,0.4344,0.5889,0.7253684405004477,2.9459998576770556,2.9459998576770556,0
52009,Chianciano Terme,Siena,9,43.058255,11.828429,0.1456,0.1225,0.1567,0.0505,0.0549,0.0309,0.0613,0.0675,0.0414,0.3222,0.41,0.5323,1.1342490124653493,2.679710027832675,2.679710027832675,0
41057,Sant'Angelo in Vado,Pesaro e Urbino,11,43.663161,12.405361,0.1842,0.1517,0.2087,0.061,0.0648,0.0444,0.0772,0.0814,0.0581,0.3805,0.4792,0.6272,1.5953194668017694,2.9985579755335556,2.9985579755335556,0
13010,Appiano Gentile,Como,3,45.734637,8.979101,0.0393,0.0156,0.0466,0.0153,0.0188,0.0,0.019,0.0233,0.0,0.0856,0.103,0.1276,1.080262781939544,1.8599722237290144,1.8599722237290144,0
57001,Accumoli,Rieti,12,42.694141,13.247683,0.2575,0.2345,0.2832,0.078,0.0858,0.067,0.1032,0.1101,0.0908,0.5319,0.6899,0.9404,0.9123091355552392,3.470812591781722,3.470812591781722,0
41066,Urbania,Pesaro e Urbino,11,43.668257,12.524113,0.1746,0.1361,0.1968,0.0578,0.061,0.0407,0.0728,0.0769,0.0547,0.3579,0.4572,0.6033,1.22833344110748,1.4218157946490977,1.4218157946490977,0
111065,San Sperate,Sud Sardegna,20,39.358739,9.006741,0.0,0.0,0.0,0.0,0.0,0.0,0.0,0.0,0.0,0.0,0.0,0.0,330.1487334296375,326.6413524344574,326.6413524344574,1
76043,Lavello,Potenza,17,41.045625,15.790762,0.1932,0.157,0.2394,0.0457,0.052,0.0356,0.0604,0.0713,0.0515,0.4232,0.5588,0.7681,0.2720964362360576,2.8584320083999573,2.8584320083999573,0
65052,Fisciano,Salerno,15,40.772812,14.799443,0.1317,0.1004,0.1377,0.0437,0.0456,0.0223,0.0554,0.0575,0.0326,0.2629,0.3244,0.4134,0.8526733634394537,1.3283951052788407,1.3283951052788407,0
83080,San Pier Niceto,Messina,19,38.158918,15.351874,0.1768,0.1521,0.1934,0.0541,0.0575,0.0351,0.068,0.0725,0.047,0.3372,0.437,0.6097,1.2167973639651417,2.654991568368452,2.654991568368452,0
41014,Fermignano,Pesaro e Urbino,11,43.676758,12.645373,0.1738,0.1441,0.1938,0.0558,0.0586,0.0401,0.0704,0.0743,0.0547,0.357,0.4522,0.5988,0.6232736416890248,1.7821796355713322,1.7821796355713322,0
65134,Sapri,Salerno,15,40.075078,15.629775,0.1508,0.1264,0.16,0.0433,0.045,0.0272,0.0555,0.0575,0.038,0.3021,0.406,0.5942,1.0017458442337932,2.076545952940061,2.076545952940061,0
52006,Castelnuovo Berardenga,Siena,9,43.346341,11.503334,0.1233,0.1021,0.1324,0.0443,0.0496,0.0237,0.0537,0.0596,0.0331,0.2652,0.3378,0.4513,0.9800146279195194,2.5392271033749,2.5392271033749,0
16129,Lurano,Bergamo,3,45.565677,9.640155,0.1134,0.0906,0.1217,0.0303,0.0325,0.0154,0.0392,0.0414,0.0254,0.2451,0.327,0.4392,1.1923351804405562,0.9232808188045577,0.9232808188045577,0
79060,Gizzeria,Catanzaro,18,38.979987,16.203296,0.2577,0.2209,0.2823,0.065,0.0666,0.0458,0.0863,0.09,0.0629,0.5062,0.6803,0.9665,1.1775161294481082,2.9186745053451504,2.9186745053451504,0
37017,Castello d'Argile,Bologna,8,44.681321,11.296169,0.1581,0.1482,0.1846,0.0468,0.0503,0.037,0.0577,0.0622,0.0526,0.37,0.4836,0.6703,0.6572029792951731,2.5468838598357024,2.5468838598357024,0
72010,Bitetto,Bari,16,41.041408,16.748699,0.0779,0.0676,0.0934,0.0286,0.0312,0.0156,0.0354,0.0387,0.0225,0.1773,0.2289,0.3088,0.4671975206426079,1.1698999288089438,1.1698999288089438,0
19096,Solarolo Rainerio,Cremona,3,45.081572,10.35628,0.0746,0.0639,0.0872,0.0326,0.0359,0.0187,0.0387,0.043,0.0263,0.1703,0.2074,0.2771,1.488577699871229,2.6529066788466396,2.6529066788466396,0
65100,Positano,Salerno,15,40.628658,14.485495,0.0945,0.0562,0.0989,0.0354,0.0372,0.0114,0.0442,0.0465,0.0194,0.1942,0.234,0.2918,0.8464229138646113,0.8432942909605845,0.8432942909605845,0
87019,Gravina di Catania,Catania,19,37.560369,15.061763,0.2179,0.1923,0.2457,0.0832,0.0955,0.0518,0.1021,0.1178,0.0671,0.4593,0.6005,0.8708,0.7168137611448838,1.4765637293510219,1.4765637293510219,0
23042,Lavagno,Verona,5,45.447398,11.134941,0.1573,0.1375,0.1738,0.0415,0.0451,0.0371,0.0558,0.0596,0.0485,0.3388,0.4424,0.6113,0.8957552138621852,1.7353752064723655,1.7353752064723655,0
4130,Mondovì,Cuneo,1,44.390028,7.820472,0.0731,0.0482,0.0825,0.0262,0.0289,0.0118,0.0329,0.0362,0.0171,0.1606,0.1947,0.2446,0.14705907101526824,1.067845871817351,1.067845871817351,0
18068,Gambolò,Pavia,3,45.25903,8.85906,0.0453,0.0234,0.0527,0.0176,0.0208,0.0,0.0224,0.0263,0.0,0.105,0.1278,0.1628,0.9319186229214871,2.4817981992326525,2.4817981992326525,0
2142,Stroppiana,Vercelli,1,45.230246,8.453732,0.0374,0.0134,0.0455,0.0149,0.0185,0.0,0.0186,0.0228,0.0,0.0815,0.0955,0.1174,0.6069823421956074,0.13289295624652206,0.13289295624652206,0
108054,Lentate sul Seveso,Monza e della Brianza,3,45.678405,9.11817,0.0429,0.0196,0.0505,0.0171,0.0203,0.0,0.0215,0.0256,0.0,0.0996,0.121,0.1518,1.4519086770162966,2.8602827011002963,2.8602827011002963,0
68006,Cappelle sul Tavo,Pescara,13,42.464742,14.101977,0.1629,0.1277,0.1776,0.0498,0.0535,0.0324,0.0623,0.0672,0.0442,0.3284,0.4261,0.5708,1.0906388771279725,2.0844142910229935,2.0844142910229935,0
25056,Sospirolo,Belluno,5,46.142372,12.074176,0.2096,0.1871,0.2553,0.0536,0.0568,0.0463,0.0717,0.0777,0.0632,0.4406,0.5837,0.8142,1.0911981384648177,3.2441600099579646,3.2441600099579646,0
58074,Palestrina,Roma,12,41.838966,12.891249,0.1691,0.1185,0.1941,0.0564,0.0615,0.0329,0.0726,0.0776,0.0437,0.3617,0.4417,0.5561,1.4226023403989152,0.8374650063354606,0.8374650063354606,0
18005,Arena Po,Pavia,3,45.096606,9.362846,0.0911,0.0719,0.1012,0.0271,0.0302,0.0101,0.0342,0.037,0.0166,0.1929,0.2589,0.3595,1.4973717379967724,3.0734848261479075,3.0734848261479075,0
77012,Grottole,Matera,17,40.60102,16.37928,0.1635,0.1162,0.178,0.0427,0.0495,0.0331,0.0575,0.0659,0.0449,0.3587,0.4551,0.594,1.286884237126779,0.9414329175048024,0.9414329175048024,0
51011,Castiglion Fibocchi,Arezzo,9,43.527965,11.763176,0.1439,0.127,0.1553,0.0509,0.0555,0.0349,0.0612,0.0678,0.0462,0.318,0.402,0.528,0.878092562208251,0.7299282279948487,0.7299282279948487,0
19109,Trescore Cremasco,Cremona,3,45.401573,9.624958,0.0878,0.07,0.0957,0.0296,0.0321,0.0146,0.0373,0.0396,0.0223,0.2086,0.27,0.3783,1.6116571630536185,3.4925231958424443,3.4925231958424443,0
63070,San Sebastiano al Vesuvio,Napoli,15,40.843565,14.36995,0.1698,0.1192,0.1875,0.0455,0.049,0.024,0.0601,0.067,0.037,0.3419,0.4322,0.611,0.9021503913238397,2.655344232039781,2.655344232039781,0
13131,Locate Varesino,Como,3,45.688851,8.930679,0.0388,0.0149,0.0459,0.0149,0.0186,0.0,0.0186,0.0229,0.0,0.0838,0.1003,0.1244,0.3210388898727364,2.154661914296947,2.154661914296947,0
6165,Spigno Monferrato,Alessandria,1,44.543141,8.333946,0.0499,0.0264,0.0564,0.0185,0.0219,0.0,0.0235,0.0274,0.0,0.1104,0.1329,0.1668,1.2596958460560157,4.366492336701352,4.366492336701352,0
12057,Crosio della Valle,Varese,3,45.759974,8.770432,0.0378,0.0141,0.0444,0.0143,0.018,0.0,0.0179,0.0222,0.0,0.0811,0.0964,0.1205,1.3872459714717842,1.9256072334643888,1.9256072334643888,0
2104,Prarolo,Vercelli,1,45.282293,8.478118,0.0369,0.0126,0.0447,0.0147,0.0183,0.0,0.0183,0.0225,0.0,0.0798,0.0928,0.114,0.4403346008296747,3.3127668150652996,3.3127668150652996,0
20064,Sustinente,Mantova,3,45.069272,11.019604,0.0868,0.0768,0.094,0.0325,0.0361,0.0223,0.0383,0.0428,0.0316,0.2007,0.2577,0.3369,1.1591015590328935,1.2321831735312336,1.2321831735312336,0
47002,Agliana,Pistoia,9,43.903816,11.003396,0.1428,0.129,0.1561,0.0505,0.0547,0.0335,0.0616,0.0676,0.0459,0.3169,0.4017,0.5344,1.5298587029183985,1.3529198790541417,1.3529198790541417,0
40008,Cesenatico,Forlì-Cesena,8,44.199928,12.396969,0.1796,0.163,0.2145,0.0519,0.0559,0.0403,0.0659,0.0712,0.0584,0.4122,0.5399,0.744,1.3064052733855531,3.3400978323174915,3.3400978323174915,0
14009,Bormio,Sondrio,3,46.469244,10.372216,0.1058,0.088,0.12,0.0298,0.0329,0.0158,0.0383,0.0426,0.025,0.2207,0.2867,0.3905,1.7694116746441197,2.700841132456964,2.700841132456964,0
30043,Gemona del Friuli,Udine,6,46.277007,13.140105,0.2616,0.2349,0.3173,0.0679,0.076,0.0601,0.092,0.1041,0.0802,0.5394,0.7059,0.973,1.5170227665609708,1.522365507250436,1.522365507250436,0
15243,Vittuone,Milano,3,45.487969,8.952442,0.0404,0.0171,0.0484,0.016,0.0193,0.0,0.0198,0.024,0.0,0.0879,0.1062,0.1306,0.5408860556767137,2.85444347801124,2.85444347801124,0
64084,San Michele di Serino,Avellino,15,40.877296,14.856309,0.184,0.1524,0.1909,0.0515,0.0529,0.0327,0.0665,0.0692,0.0461,0.3579,0.4607,0.6397,0.30811511896663696,2.494140678123668,2.494140678123668,0
97023,Colico,Lecco,3,46.116215,9.314998,0.0412,0.0183,0.0494,0.0168,0.02,0.0,0.0206,0.025,0.0,0.0931,0.1126,0.1385,1.3889588222030957,0.32601424249268385,0.32601424249268385,0
63042,Mariglianella,Napoli,15,40.929513,14.435833,0.1746,0.1255,0.1893,0.0487,0.0513,0.0266,0.0635,0.0693,0.0395,0.3441,0.4332,0.6089,0.6827125728455489,2.1381487674646027,2.1381487674646027,0
74002,Carovigno,Brindisi,16,40.707185,17.656848,0.0503,0.0289,0.0563,0.0167,0.0193,0.0,0.0222,0.0254,0.008,0.1,0.1205,0.1488,0.9445167706092389,1.226213569596048,1.226213569596048,0
48037,Rufina,Firenze,9,43.826668,11.490078,0.1712,0.1498,0.1909,0.0549,0.0588,0.0382,0.068,0.0735,0.0536,0.3529,0.4477,0.5966,0.6772969712659263,1.4364434827842578,1.4364434827842578,0
1269,Strambino,Torino,1,45.381457,7.88572,0.0418,0.017,0.0504,0.0181,0.0215,0.0,0.0221,0.0265,0.0,0.0935,0.1118,0.1357,1.255698723667231,3.191964392782394,3.191964392782394,0
56039,Nepi,Viterbo,12,42.242824,12.34557,0.0869,0.0676,0.101,0.0378,0.0422,0.0184,0.0449,0.051,0.0252,0.1915,0.2279,0.2929,1.4750512289299407,1.5705239117059016,1.5705239117059016,0
75088,Tricase,Lecce,16,39.93042,18.355332,0.0651,0.0635,0.0853,0.0165,0.0193,0.0,0.0225,0.0284,0.0123,0.1472,0.1934,0.2697,1.0381031629579505,2.674183119230026,2.674183119230026,0
46013,Forte dei Marmi,Lucca,9,43.959589,10.169939,0.1271,0.1135,0.1352,0.0396,0.0434,0.023,0.0495,0.054,0.0323,0.2625,0.3405,0.4574,1.091920635420978,2.8026499470514086,2.8026499470514086,0
75087,Trepuzzi,Lecce,16,40.405472,18.07062,0.0473,0.0303,0.0548,0.013,0.0158,0.0,0.0178,0.0218,0.0,0.0846,0.1061,0.1375,0.8662783642268378,2.318444682973402,2.318444682973402,0
102047,Vibo Valentia,Vibo Valentia,18,38.626656,16.098693,0.2692,0.2312,0.2948,0.0684,0.0699,0.0494,0.092,0.0951,0.068,0.537,0.7352,1.0347,0.40473332711196747,2.7966827358517996,2.7966827358517996,0
12085,Jerago con Orago,Varese,3,45.708033,8.793964,0.0377,0.0137,0.0443,0.0143,0.018,0.0,0.0179,0.0222,0.0,0.0807,0.0957,0.1196,1.031341110617965,3.0399879529225915,3.0399879529225915,0
17102,Manerba del Garda,Brescia,3,45.556043,10.562593,0.1598,0.1441,0.1773,0.0432,0.0475,0.0382,0.0574,0.0607,0.0516,0.3522,0.4604,0.6323,1.5025259957360948,0.8426865031075723,0.8426865031075723,0
46011,Coreglia Antelminelli,Lucca,9,44.063653,10.525509,0.1989,0.1727,0.231,0.058,0.0633,0.0474,0.0753,0.0814,0.0679,0.4358,0.5524,0.7271,1.3461579680232256,3.443966428806745,3.443966428806745,0
93017,Cordenons,Pordenone,6,46.003731,12.718653,0.2081,0.1855,0.2534,0.0544,0.0577,0.0467,0.0708,0.0771,0.063,0.4198,0.5554,0.773,0.9022386079274477,3.1921960039462522,3.1921960039462522,0
6113,Murisengo,Alessandria,1,45.083776,8.137233,0.0385,0.0135,0.0469,0.0163,0.0199,0.0,0.0199,0.0245,0.0,0.0853,0.1005,0.1221,1.6445090196978074,3.4994908765632804,3.4994908765632804,0
96031,Massazza,Biella,1,45.491362,8.164524,0.0389,0.0144,0.0467,0.0156,0.0192,0.0,0.0191,0.0238,0.0,0.0829,0.0982,0.1211,1.0244465763028998,3.339522112198715,3.339522112198715,0
47016,Ponte Buggianese,Pistoia,9,43.840935,10.747548,0.1293,0.1131,0.1353,0.0453,0.0497,0.027,0.0551,0.0603,0.0363,0.2816,0.3599,0.4779,1.2068100979749752,3.620617805766212,3.620617805766212,0
61083,Santa Maria Capua Vetere,Caserta,15,41.079922,14.256397,0.119,0.0859,0.1246,0.0443,0.0467,0.021,0.0554,0.0577,0.0305,0.2479,0.3024,0.3819,1.2012810032056447,3.327347338311375,3.327347338311375,0
71004,Apricena,Foggia,16,41.783938,15.443744,0.2074,0.1427,0.2537,0.0573,0.06,0.0394,0.0754,0.0825,0.0532,0.4389,0.5685,0.7729,0.8892940876160043,1.999316435323894,1.999316435323894,0
11027,Sarzana,La Spezia,7,44.111872,9.958746,0.1333,0.1206,0.1458,0.0453,0.0487,0.0295,0.0565,0.0605,0.0397,0.2951,0.3786,0.5025,1.3208168429318343,3.1797374728027967,3.1797374728027967,0
19026,Castelverde,Cremona,3,45.188771,9.99557,0.0809,0.066,0.0917,0.0321,0.0351,0.0171,0.0386,0.0425,0.0244,0.1838,0.228,0.2993,1.1241310604663364,2.4391884562486608,2.4391884562486608,0
52011,Chiusi,Siena,9,43.016047,11.947524,0.1464,0.1279,0.1609,0.0509,0.0553,0.0315,0.0616,0.068,0.0423,0.327,0.4152,0.5409,1.6641337903675513,3.51705315112014,3.51705315112014,0
34030,Roccabianca,Parma,8,45.009369,10.219378,0.0918,0.0713,0.1024,0.0356,0.0385,0.0198,0.0431,0.0476,0.0275,0.2024,0.2485,0.3187,1.5312868000954332,3.1140520882972096,3.1140520882972096,0
80052,Monasterace,Reggio di Calabria,18,38.453679,16.552009,0.1385,0.1098,0.1458,0.0419,0.044,0.0259,0.0542,0.0563,0.0364,0.2658,0.339,0.4536,0.269962407189913,1.3436767704784307,1.3436767704784307,0
1168,None,Torino,1,44.933143,7.540121,0.0795,0.0596,0.0903,0.0285,0.0311,0.0132,0.0354,0.0385,0.0193,0.1751,0.2158,0.2779,0.9081371386432262,2.086833146608847,2.086833146608847,0
9052,Quiliano,Savona,7,44.292536,8.412652,0.0568,0.0341,0.0639,0.0187,0.0219,0.0,0.0248,0.0283,0.0079,0.1288,0.1645,0.221,0.8345941850584371,2.993083261661145,2.993083261661145,0
96012,Candelo,Biella,1,45.546208,8.112599,0.0405,0.0171,0.0492,0.0163,0.0196,0.0,0.02,0.0246,0.0,0.0881,0.1063,0.1305,0.7278205546732359,3.6609309052588124,3.6609309052588124,0
63021,Casavatore,Napoli,15,40.899211,14.27663,0.1648,0.1159,0.1813,0.0457,0.0489,0.0238,0.06,0.0667,0.0369,0.34,0.4301,0.6096,0.8468827381672461,2.050703614118316,2.050703614118316,0
72038,Ruvo di Puglia,Bari,16,41.114087,16.486397,0.1501,0.1223,0.1821,0.0349,0.0381,0.0233,0.0444,0.0515,0.035,0.3377,0.4803,0.6805,0.5671683318455459,2.3472459580139504,2.3472459580139504,0
68030,Pianella,Pescara,13,42.396011,14.04627,0.1754,0.1305,0.1923,0.0555,0.0597,0.0375,0.07,0.0756,0.0512,0.3546,0.4571,0.6106,0.18400562953462324,2.123399808573342,2.123399808573342,0
52012,Colle di Val d'Elsa,Siena,9,43.422646,11.126394,0.1409,0.1023,0.1585,0.0468,0.0511,0.0212,0.0582,0.0637,0.032,0.3029,0.3761,0.4819,0.8296959127534138,2.900744921331903,2.900744921331903,0
52002,Asciano,Siena,9,43.234857,11.55946,0.1356,0.1115,0.149,0.0483,0.0527,0.026,0.059,0.0649,0.0362,0.3001,0.3748,0.495,1.5701331792418787,2.0600398357673684,2.0600398357673684,0
3120,Pogno,Novara,1,45.759039,8.383426,0.0421,0.0202,0.0501,0.016,0.0188,0.0,0.0199,0.0238,0.0,0.0928,0.1128,0.1393,0.8440243712465427,3.317851463073979,3.317851463073979,0
3051,Colazza,Novara,1,45.792573,8.500326,0.0403,0.0185,0.0482,0.0153,0.0185,0.0,0.0192,0.0231,0.0,0.089,0.1084,0.1338,0.9103594488455242,2.8342098343387288,2.8342098343387288,0
79138,Soveria Mannelli,Catanzaro,18,39.08289,16.371898,0.276,0.2408,0.3022,0.0728,0.0744,0.0527,0.0962,0.0999,0.0718,0.5575,0.7572,1.0512,0.13429197445613839,2.2049682241311563,2.2049682241311563,0
13202,Rovello Porro,Como,3,45.654152,9.041161,0.0411,0.0178,0.0488,0.0163,0.0196,0.0,0.0203,0.0246,0.0,0.092,0.1121,0.139,1.0836258697674424,2.1196071240907073,2.1196071240907073,0
8055,Sanremo,Imperia,7,43.819825,7.774883,0.149,0.1143,0.1716,0.0276,0.0334,0.0199,0.0402,0.0483,0.0332,0.3127,0.4107,0.5671,1.5780226037174836,4.375972795065305,4.375972795065305,0
110007,San Ferdinando di Puglia,Barletta-Andria-Trani,16,41.302632,16.070465,0.1542,0.1244,0.188,0.0401,0.0452,0.0312,0.0521,0.06,0.0418,0.3389,0.4495,0.6233,0.16760404412579644,1.780478573462069,1.780478573462069,0
20035,Moglia,Mantova,3,44.937174,10.913395,0.1201,0.1129,0.137,0.0351,0.0384,0.0238,0.0419,0.0471,0.0342,0.2615,0.3483,0.4948,0.8290380975019047,4.503500234880666,4.503500234880666,0
12072,Gavirate,Varese,3,45.842826,8.717671,0.0385,0.0157,0.0455,0.0146,0.0181,0.0,0.0183,0.0224,0.0,0.0842,0.1017,0.1267,0.3883986067749853,3.3511704408241005,3.3511704408241005,0
35021,Fabbrico,Reggio nell'Emilia,8,44.872091,10.810062,0.1356,0.1271,0.152,0.0391,0.0427,0.027,0.0491,0.0537,0.039,0.3255,0.4394,0.6203,0.6664501182099144,1.9334515905058762,1.9334515905058762,0
21072,Renon/Ritten,Bolzano/Bozen,4,46.562935,11.441435,0.0514,0.0302,0.0584,0.0187,0.0222,0.0,0.024,0.0276,0.0,0.1071,0.1292,0.1626,1.1647575498743592,1.984781125500358,1.984781125500358,0
16150,Orio al Serio,Bergamo,3,45.676227,9.692956,0.1172,0.0938,0.1261,0.0313,0.0333,0.0166,0.0406,0.0429,0.0274,0.2566,0.3402,0.4532,1.379761284882478,1.0418271325033381,1.0418271325033381,0
23068,Salizzole,Verona,5,45.24279,11.084444,0.1043,0.094,0.117,0.0347,0.0372,0.0278,0.0423,0.0468,0.0384,0.2435,0.3181,0.4466,0.7972566801839324,2.1423997061901265,2.1423997061901265,0
22167,San Michele all'Adige,Trento,4,46.192907,11.133577,0.0586,0.0467,0.0676,0.0238,0.0272,0.0115,0.0293,0.0327,0.0163,0.1254,0.1501,0.1873,0.8651016482268261,3.3303021859806496,3.3303021859806496,0
88002,Chiaramonte Gulfi,Ragusa,19,37.031342,14.701285,0.2459,0.196,0.2895,0.0391,0.0419,0.0351,0.0565,0.0657,0.0511,0.4569,0.657,0.9518,1.096808731284941,2.8435128722330387,2.8435128722330387,0
4144,Morozzo,Cuneo,1,44.423932,7.713335,0.0854,0.0613,0.0958,0.0279,0.0305,0.0134,0.035,0.038,0.0193,0.1709,0.2079,0.2619,1.1306509358641659,4.449988907449587,4.449988907449587,0
15181,Rescaldina,Milano,3,45.615974,8.948931,0.0391,0.0153,0.0465,0.0154,0.0188,0.0,0.0191,0.0233,0.0,0.0853,0.1022,0.1262,1.5440763663068249,3.59922649510317,3.59922649510317,0
33002,Alseno,Piacenza,8,44.898364,9.961374,0.1386,0.1085,0.156,0.0428,0.0478,0.0269,0.0553,0.0614,0.0389,0.3198,0.4112,0.5335,0.5091399067057458,1.7460965947688951,1.7460965947688951,0
4148,Neive,Cuneo,1,44.72605,8.115186,0.0452,0.0203,0.0526,0.0181,0.0217,0.0,0.0225,0.0268,0.0,0.1007,0.1212,0.1499,1.3900739101390156,3.385808178016528,3.385808178016528,0
66042,Fagnano Alto,L'Aquila,13,42.25418,13.597459,0.26,0.237,0.2839,0.0788,0.0869,0.0678,0.1037,0.1113,0.0917,0.5316,0.6892,0.9389,1.420590983570905,3.7607077300731158,3.7607077300731158,0
6191,Cassano Spinola,Alessandria,1,44.766166,8.863175,0.0923,0.0739,0.1026,0.024,0.0272,0.0,0.032,0.0348,0.015,0.1974,0.269,0.3691,0.9193912060682331,3.112625805696272,3.112625805696272,0
41029,Mondolfo,Pesaro e Urbino,11,43.750769,13.096891,0.1839,0.1659,0.2199,0.0487,0.0537,0.0391,0.0632,0.0703,0.0588,0.404,0.534,0.7414,1.7338919680449203,3.065114567615145,3.065114567615145,0
13170,Orsenigo,Como,3,45.777379,9.181741,0.0445,0.0215,0.0519,0.0174,0.0207,0.0,0.0219,0.026,0.0,0.1025,0.1245,0.157,0.3650196549472459,2.578030657073151,2.578030657073151,0
16038,Brembate di Sopra,Bergamo,3,45.716763,9.579416,0.0972,0.0773,0.1045,0.0257,0.0285,0.0102,0.0334,0.0359,0.0172,0.193,0.2524,0.3557,1.655179136881715,2.6181721501163873,2.6181721501163873,0
93026,Meduno,Pordenone,6,46.216779,12.785867,0.2575,0.2325,0.313,0.0669,0.0744,0.0592,0.0907,0.1016,0.079,0.532,0.6972,0.9652,1.0759913299495365,2.6384684230812057,2.6384684230812057,0
14015,Castione Andevenno,Sondrio,3,46.172794,9.800247,0.0757,0.0589,0.0857,0.0248,0.0284,0.0098,0.0321,0.0359,0.0166,0.1779,0.2275,0.3104,1.0222840232719412,1.7081967671464635,1.7081967671464635,0
35016,Castelnovo ne' Monti,Reggio nell'Emilia,8,44.435562,10.403295,0.163,0.1335,0.1844,0.0567,0.0621,0.0397,0.0709,0.0779,0.0544,0.3595,0.4531,0.5775,1.1663375712715536,1.260535051594821,1.260535051594821,0
17015,Berlingo,Brescia,3,45.50298,10.043665,0.1399,0.1183,0.1521,0.0392,0.0414,0.029,0.0526,0.0547,0.0412,0.3043,0.3902,0.5203,0.8616960794923368,3.534122703835338,3.534122703835338,0
25053,Sedico,Belluno,5,46.11098,12.097154,0.2249,0.2014,0.2737,0.0566,0.0605,0.0496,0.0762,0.0843,0.0676,0.4687,0.6192,0.8599,1.5553253220446974,3.2844375362955507,3.2844375362955507,0
21062,Parcines/Partschins,Bolzano/Bozen,4,46.683848,11.07352,0.0438,0.0217,0.0514,0.0166,0.0198,0.0,0.0209,0.0249,0.0,0.0962,0.1167,0.1446,1.1043881202810175,3.2210889796833166,3.2210889796833166,0
21040,Laives/Leifers,Bolzano/Bozen,4,46.422819,11.334771,0.0538,0.0344,0.062,0.0205,0.0242,0.0,0.026,0.0295,0.0105,0.1131,0.1353,0.1699,1.747601338072587,1.9160639574566019,1.9160639574566019,0
43025,Mogliano,Macerata,11,43.186461,13.48097,0.1745,0.1559,0.192,0.0545,0.0575,0.0404,0.0689,0.0729,0.0556,0.3554,0.4569,0.6089,1.088742728009247,1.0292822076624493,1.0292822076624493,0
20034,Medole,Mantova,3,45.324254,10.514405,0.14,0.1256,0.1526,0.0377,0.0404,0.0308,0.0501,0.0543,0.045,0.3103,0.4092,0.5686,1.6204771798520252,2.8246895390637405,2.8246895390637405,0
1109,Front,Torino,1,45.280852,7.663618,0.0501,0.0268,0.0594,0.0215,0.0247,0.0,0.0266,0.0303,0.0092,0.1177,0.1389,0.1699,1.8184694537652792,1.4938423471797295,1.4938423471797295,0
41007,Cagli,Pesaro e Urbino,11,43.545737,12.651788,0.1778,0.138,0.2018,0.0593,0.0629,0.042,0.0749,0.0788,0.0559,0.3643,0.464,0.6102,1.3576299541178816,1.9391807022242475,1.9391807022242475,0
15224,Truccazzano,Milano,3,45.483874,9.468553,0.0747,0.0573,0.0821,0.0258,0.0287,0.0105,0.033,0.0358,0.0167,0.1752,0.2255,0.3092,0.5081375132564674,4.044394379922652,4.044394379922652,0
75039,Maglie,Lecce,16,40.118463,18.298853,0.0574,0.0492,0.0723,0.0144,0.0168,0.0,0.0192,0.0244,0.0,0.1205,0.1578,0.2188,1.3682363706709033,3.6013332382109073,3.6013332382109073,0
42006,Camerano,Ancona,11,43.531268,13.551574,0.18,0.162,0.2188,0.0443,0.0495,0.036,0.0583,0.0653,0.0556,0.386,0.5155,0.7254,1.2633839168978485,0.9102525514966687,0.9102525514966687,0
53006,Castiglione della Pescaia,Grosseto,9,42.76393,10.879092,0.05,0.0122,0.0605,0.0232,0.0278,0.0,0.0279,0.0329,0.0,0.1197,0.1407,0.1711,0.8376307704299373,2.712758914091325,2.712758914091325,0
75090,Ugento,Lecce,16,39.926319,18.157428,0.0586,0.0459,0.0698,0.0161,0.0188,0.0,0.0215,0.0265,0.0,0.1225,0.1576,0.2144,0.8782135268228639,3.1624747232967145,3.1624747232967145,0
37024,Crevalcore,Bologna,8,44.72057,11.149804,0.1569,0.1475,0.1841,0.045,0.0488,0.0357,0.0567,0.0599,0.0511,0.37,0.4846,0.6664,0.7457186797044949,2.398535852760659,2.398535852760659,0
27021,Martellago,Venezia,5,45.546645,12.157678,0.1012,0.093,0.112,0.0319,0.0356,0.026,0.0388,0.0438,0.0357,0.2143,0.2728,0.3888,0.4347514060433766,3.259341450901989,3.259341450901989,0
108043,Triuggio,Monza e della Brianza,3,45.661364,9.267441,0.0535,0.0326,0.0601,0.0191,0.0225,0.0,0.0247,0.0284,0.0,0.1196,0.1469,0.1888,1.3898139365744755,0.7636939581739164,0.7636939581739164,0
78012,Aprigliano,Cosenza,18,39.241693,16.341796,0.2764,0.2417,0.3032,0.0725,0.0744,0.0525,0.0958,0.0998,0.0716,0.5579,0.7575,1.0512,1.2349380670768282,1.7125375056204926,1.7125375056204926,0
2049,Crescentino,Vercelli,1,45.190454,8.099929,0.0382,0.0131,0.0465,0.0158,0.0194,0.0,0.0193,0.0239,0.0,0.0822,0.0954,0.1155,1.540734581154974,2.6454268919561383,2.6454268919561383,0
16011,Arcene,Bergamo,3,45.575577,9.614054,0.1082,0.0863,0.1162,0.0303,0.0325,0.0154,0.0392,0.0414,0.0254,0.2451,0.327,0.4392,1.5476580832252034,2.6091414350758164,2.6091414350758164,0
108029,Macherio,Monza e della Brianza,3,45.640116,9.269371,0.054,0.0332,0.0608,0.0191,0.0225,0.0,0.0247,0.0284,0.0,0.1196,0.1469,0.1888,1.3226516472341847,2.4428856245149078,2.4428856245149078,0
17162,Roccafranca,Brescia,3,45.4643,9.914056,0.1317,0.1085,0.1427,0.0373,0.0389,0.0255,0.0497,0.0518,0.0374,0.2954,0.3738,0.4973,1.2871458267092049,2.5708903582654523,2.5708903582654523,0
35006,Brescello,Reggio nell'Emilia,8,44.901224,10.515728,0.087,0.0798,0.0984,0.0367,0.0398,0.0224,0.0443,0.049,0.0306,0.198,0.2463,0.3297,1.4615504604742195,1.3637902203006615,1.3637902203006615,0
29046,Taglio di Po,Rovigo,5,45.005777,12.210798,0.0583,0.043,0.0675,0.0255,0.0289,0.0096,0.0308,0.0343,0.0142,0.1237,0.1468,0.1793,1.5103590293617162,2.601064951433574,2.601064951433574,0
3079,Grignasco,Novara,1,45.684099,8.337853,0.0401,0.018,0.0487,0.0156,0.0188,0.0,0.0193,0.0235,0.0,0.0878,0.1063,0.1313,1.008742320748863,1.1083671827272645,1.1083671827272645,0
51033,San Giovanni Valdarno,Arezzo,9,43.56493,11.530595,0.1244,0.1094,0.1314,0.0453,0.0504,0.0272,0.0541,0.0601,0.0364,0.2694,0.3496,0.4666,0.19074171194500822,3.0825690425678216,3.0825690425678216,0
33010,Caorso,Piacenza,8,45.0496,9.874375,0.0903,0.0694,0.0999,0.0343,0.037,0.0176,0.0417,0.0459,0.0252,0.2089,0.2621,0.3459,1.3865513755449372,2.401909581855292,2.401909581855292,0
43015,Corridonia,Macerata,11,43.248458,13.509212,0.1756,0.1616,0.1888,0.0537,0.0566,0.0405,0.068,0.0722,0.056,0.3743,0.4861,0.6512,1.2749999546038602,2.611204431039401,2.611204431039401,0
7049,Pollein,Valle d'Aosta/Vallée d'Aoste,2,45.727967,7.352221,0.0901,0.0677,0.0993,0.0306,0.0339,0.0152,0.0381,0.0428,0.0226,0.2028,0.2601,0.351,1.3173419439874579,1.864930407921915,1.864930407921915,0
1309,Vinovo,Torino,1,44.94839,7.633929,0.0645,0.045,0.075,0.026,0.0288,0.0105,0.0323,0.0354,0.0155,0.1503,0.1805,0.2264,1.065947803240716,0.9677680949482222,0.9677680949482222,0
93010,Casarsa della Delizia,Pordenone,6,45.955937,12.842693,0.1606,0.1414,0.1945,0.0457,0.0476,0.0391,0.0585,0.0611,0.0504,0.3223,0.4276,0.5986,0.7113497644561365,2.5340809540056157,2.5340809540056157,0
42043,Santa Maria Nuova,Ancona,11,43.49406,13.311672,0.1841,0.1684,0.2063,0.0519,0.0557,0.0405,0.0663,0.0714,0.0574,0.4072,0.5366,0.7462,0.8957268461898227,3.322334133702959,3.322334133702959,0
18095,Montebello della Battaglia,Pavia,3,45.000959,9.103454,0.0882,0.0693,0.0984,0.0254,0.0284,0.0087,0.0329,0.0356,0.0156,0.1923,0.259,0.3587,1.0425734431873463,0.6883591444678909,0.6883591444678909,0
3036,Carpignano Sesia,Novara,1,45.534635,8.418519,0.0375,0.0127,0.0437,0.0144,0.0181,0.0,0.018,0.0222,0.0,0.0793,0.0933,0.1163,1.492202085202963,1.1708482123515513,1.1708482123515513,0
6011,Balzola,Alessandria,1,45.183005,8.402652,0.0375,0.0135,0.0457,0.0151,0.0187,0.0,0.0187,0.023,0.0,0.0818,0.0959,0.1177,0.24153436225229488,1.9653334897557417,1.9653334897557417,0
2133,Santhià,Vercelli,1,45.366259,8.172627,0.0375,0.0127,0.0449,0.0153,0.0189,0.0,0.0188,0.0233,0.0,0.0808,0.0947,0.1161,1.5323941395769023,1.8082720540451567,1.8082720540451567,0
2007,Asigliano Vercellese,Vercelli,1,45.261578,8.408501,0.0367,0.0123,0.0446,0.0147,0.0183,0.0,0.0182,0.0225,0.0,0.0789,0.0913,0.1119,1.555892385197484,3.805114448597245,3.805114448597245,0
2090,Palazzolo Vercellese,Vercelli,1,45.186255,8.232632,0.037,0.0119,0.0451,0.0152,0.0189,0.0,0.0187,0.0233,0.0,0.0805,0.0931,0.1135,1.0863899483892996,2.2160237534641674,2.2160237534641674,0
16183,Romano di Lombardia,Bergamo,3,45.518376,9.755087,0.1247,0.1003,0.1349,0.0347,0.0364,0.0213,0.046,0.0484,0.0333,0.2803,0.363,0.4798,0.894511061690481,3.2867820433712547,3.2867820433712547,0
14027,Dubino,Sondrio,3,46.153343,9.461512,0.0457,0.0238,0.0541,0.0185,0.0218,0.0,0.0231,0.0272,0.0,0.1073,0.1284,0.1597,1.6815570193217604,1.8433321220921526,1.8433321220921526,0
49012,Piombino,Livorno,9,42.923166,10.526819,0.0435,0.0,0.0541,0.0208,0.0255,0.0,0.0253,0.0305,0.0,0.1087,0.1278,0.1559,1.133690864973992,3.937972207615423,3.937972207615423,0
65056,Giffoni Valle Piana,Salerno,15,40.718112,14.942347,0.1217,0.101,0.1314,0.0415,0.044,0.0224,0.0526,0.0556,0.0323,0.241,0.3042,0.4206,1.0294226520127145,0.8512490749207181,0.8512490749207181,0
16209,Suisio,Bergamo,3,45.655902,9.500154,0.0876,0.0694,0.094,0.0244,0.0274,0.0088,0.0318,0.0345,0.0154,0.178,0.2331,0.3251,1.5413560316394508,1.9576390969655797,1.9576390969655797,0
29038,Pontecchio Polesine,Rovigo,5,45.019111,11.811926,0.0666,0.0631,0.0757,0.029,0.0325,0.0158,0.0346,0.0381,0.0228,0.1451,0.1823,0.2427,1.549577586851628,2.061399933486888,2.061399933486888,0
3006,Armeno,Novara,1,45.822457,8.439199,0.0434,0.0217,0.0509,0.0158,0.0186,0.0,0.0198,0.0236,0.0,0.0933,0.1135,0.1404,1.047057066677226,3.9029608793222286,3.9029608793222286,0
40020,Mercato Saraceno,Forlì-Cesena,8,43.956744,12.195766,0.196,0.1535,0.2198,0.0654,0.0696,0.0499,0.083,0.0884,0.0643,0.4225,0.5229,0.6714,0.6668903498108149,3.665847027463852,3.665847027463852,0
14044,Montagna in Valtellina,Sondrio,3,46.178495,9.90295,0.0944,0.0759,0.1073,0.026,0.0297,0.0109,0.0337,0.0376,0.0183,0.2014,0.2641,0.3676,0.7897408693519091,1.920308800274848,1.920308800274848,0
69035,Francavilla al Mare,Chieti,13,42.420643,14.28701,0.1156,0.0917,0.1247,0.0399,0.0439,0.0242,0.0497,0.0538,0.0328,0.2257,0.2813,0.3672,0.9499252608185624,2.2052948542141766,2.2052948542141766,0
13053,Casnate con Bernate,Como,3,45.760483,9.074278,0.0408,0.0173,0.0483,0.0158,0.0193,0.0,0.0196,0.0241,0.0,0.0887,0.108,0.1335,0.9619927178901778,2.5039997562127305,2.5039997562127305,0
35018,Canossa,Reggio nell'Emilia,8,44.55356,10.411914,0.1579,0.1184,0.1749,0.0543,0.0598,0.0384,0.0675,0.0757,0.0503,0.3517,0.4414,0.5638,1.468478302148288,1.2632706018176953,1.2632706018176953,0
59028,Sezze,Latina,12,41.498414,13.059217,0.0796,0.058,0.0935,0.0365,0.0395,0.0169,0.0435,0.0481,0.024,0.1776,0.2113,0.2585,1.6984327194048872,3.7643352788879527,3.7643352788879527,0
108005,Barlassina,Monza e della Brianza,3,45.656416,9.130101,0.0444,0.0216,0.052,0.0171,0.0203,0.0,0.0215,0.0256,0.0,0.0996,0.121,0.1518,0.7510137364938932,0.16713047394700037,0.16713047394700037,0
3058,Cureggio,Novara,1,45.674869,8.459727,0.0382,0.0152,0.0459,0.0147,0.0181,0.0,0.0184,0.0224,0.0,0.0833,0.0999,0.1244,1.725188106410206,2.9976053358997077,2.9976053358997077,0
63008,Boscoreale,Napoli,15,40.77404,14.477432,0.1523,0.105,0.1645,0.0433,0.0459,0.0206,0.0565,0.0609,0.0329,0.3031,0.3856,0.5372,1.2297863767072574,0.8162741502728253,0.8162741502728253,0
19102,Spino d'Adda,Cremona,3,45.398872,9.492255,0.0725,0.0542,0.0802,0.0258,0.0288,0.0105,0.0327,0.0356,0.0163,0.167,0.2108,0.2824,0.9189545831806343,2.6674232781411606,2.6674232781411606,0
86012,Nicosia,Enna,19,37.747452,14.397271,0.1277,0.1072,0.1358,0.04,0.0428,0.0244,0.0512,0.0539,0.0339,0.2471,0.3087,0.4088,1.0115769433896953,3.230014485039034,3.230014485039034,0
12125,Taino,Varese,3,45.764344,8.615061,0.0382,0.0154,0.0456,0.0146,0.0181,0.0,0.0183,0.0223,0.0,0.0841,0.1014,0.1264,1.1828621249908495,2.6211665831214206,2.6211665831214206,0
15082,Colturano,Milano,3,45.37977,9.337852,0.0584,0.0374,0.0667,0.023,0.0263,0.0,0.029,0.0324,0.0121,0.1379,0.1706,0.2203,1.0889713867918387,3.6092841980698154,3.6092841980698154,0
43006,Caldarola,Macerata,11,43.138534,13.224835,0.178,0.1352,0.2,0.0597,0.0643,0.0427,0.0749,0.0799,0.056,0.3637,0.4649,0.6138,0.1500707971161974,1.076606453136106,1.076606453136106,0
4143,Moretta,Cuneo,1,44.763839,7.537125,0.1007,0.0759,0.1117,0.0333,0.0355,0.0182,0.0421,0.0457,0.0272,0.233,0.2944,0.3854,0.9766231567037318,4.498304074038608,4.498304074038608,0
17160,Remedello,Brescia,3,45.279498,10.371743,0.117,0.1065,0.1247,0.0357,0.038,0.0254,0.0453,0.0487,0.0372,0.2764,0.3633,0.5057,1.4581443575626671,1.771492116757021,1.771492116757021,0
5097,San Damiano d'Asti,Asti,1,44.833445,8.063534,0.0435,0.0187,0.0516,0.0182,0.0217,0.0,0.0224,0.0267,0.0,0.0983,0.1178,0.1442,0.9407599192980219,2.411919811911476,2.411919811911476,0
54009,Castiglione del Lago,Perugia,10,43.127141,12.04525,0.1528,0.1385,0.1763,0.0532,0.0579,0.0365,0.0647,0.0717,0.0494,0.3487,0.4387,0.5713,0.5050050050655577,0.7072490065317795,0.7072490065317795,0
15206,Senago,Milano,3,45.576272,9.124548,0.0444,0.0215,0.0521,0.0178,0.0211,0.0,0.0224,0.0264,0.0,0.1035,0.1252,0.1574,1.2854558027556577,2.7173207165946933,2.7173207165946933,0
54025,Lisciano Niccone,Perugia,10,43.246844,12.14305,0.1694,0.1534,0.183,0.0563,0.0607,0.0408,0.0692,0.0756,0.0549,0.3582,0.4493,0.5825,0.9332921416678412,3.5887959555698323,3.5887959555698323,0
91095,Tortolì,Nuoro,20,39.926604,9.659155,0.0,0.0,0.0,0.0,0.0,0.0,0.0,0.0,0.0,0.0,0.0,0.0,233.9558878307039,231.51076989187877,231.51076989187877,1
87003,Aci Catena,Catania,19,37.60257,15.14196,0.2255,0.1877,0.2729,0.0932,0.1089,0.0585,0.1135,0.1334,0.0744,0.481,0.5743,0.7683,0.5052321696271508,2.796385210619732,2.796385210619732,0
12040,Cassano Magnago,Varese,3,45.675221,8.825584,0.0379,0.0139,0.0445,0.0146,0.0182,0.0,0.0182,0.0225,0.0,0.0819,0.0975,0.1217,1.1706180480780815,2.965474323958258,2.965474323958258,0
2150,Tronzano Vercellese,Vercelli,1,45.341258,8.173027,0.0372,0.0123,0.0448,0.0152,0.0189,0.0,0.0187,0.0233,0.0,0.0806,0.0935,0.1137,1.7925046751316396,3.01914102127642,3.01914102127642,0
1041,Buriasco,Torino,1,44.87364,7.41032,0.1222,0.0915,0.1344,0.0352,0.0372,0.0202,0.0454,0.0488,0.0302,0.2564,0.3234,0.4219,0.6499029016411254,1.586378352913218,1.586378352913218,0
111057,Portoscuso,Sud Sardegna,20,39.207031,8.380931,0.0,0.0,0.0,0.0,0.0,0.0,0.0,0.0,0.0,0.0,0.0,0.0,382.82296474850557,385.24041567148237,385.24041567148237,1
74007,Fasano,Brindisi,16,40.834432,17.358399,0.0583,0.0399,0.0643,0.02,0.0225,0.0,0.0266,0.0291,0.0124,0.1185,0.141,0.1726,0.9829841229722107,3.8337257283843313,3.8337257283843313,0
1189,Pianezza,Torino,1,45.105847,7.543418,0.0665,0.0473,0.0767,0.027,0.0296,0.0115,0.0336,0.0366,0.0171,0.1598,0.1943,0.2468,1.0455925178558274,2.020166746874193,2.020166746874193,0
37035,Malalbergo,Bologna,8,44.718674,11.532212,0.1569,0.1474,0.1849,0.0432,0.0469,0.0354,0.0558,0.0582,0.0509,0.3671,0.4838,0.6646,1.3164917065197344,1.2370152689758285,1.2370152689758285,0
65115,Salento,Salerno,15,40.248604,15.190058,0.09,0.0691,0.0992,0.0321,0.035,0.0148,0.0392,0.0433,0.0231,0.1748,0.2148,0.2726,0.6110218817323468,2.6419005485166225,2.6419005485166225,0
39013,Massa Lombarda,Ravenna,8,44.447386,11.826091,0.183,0.1708,0.1914,0.0584,0.0615,0.0465,0.0745,0.0783,0.062,0.4052,0.518,0.6858,1.6227962064785124,3.21011034232627,3.21011034232627,0
15059,Cassano d'Adda,Milano,3,45.526333,9.521491,0.0882,0.0699,0.0952,0.0258,0.0286,0.0104,0.0332,0.0358,0.0169,0.183,0.239,0.3338,0.33328713488645634,2.707606704863267,2.707606704863267,0
10055,Sant'Olcese,Genova,7,44.490864,8.97054,0.0831,0.0634,0.0925,0.0265,0.0294,0.0101,0.0337,0.0364,0.0163,0.1865,0.2445,0.3458,1.1904522284505472,3.934373384893951,3.934373384893951,0
6169,Tagliolo Monferrato,Alessandria,1,44.638346,8.665851,0.0744,0.0551,0.0824,0.0199,0.0239,0.0,0.027,0.0305,0.0095,0.1566,0.2084,0.3038,1.26200610876312,2.5650372589379073,2.5650372589379073,0
6021,Bosco Marengo,Alessandria,1,44.825551,8.677248,0.074,0.0553,0.0824,0.02,0.0238,0.0,0.0273,0.0307,0.0099,0.1626,0.2164,0.3141,1.154545144450195,2.6661507306990764,2.6661507306990764,0
62057,San Bartolomeo in Galdo,Benevento,15,41.409682,15.015391,0.1587,0.142,0.1899,0.0503,0.0539,0.0381,0.0622,0.0678,0.0508,0.3344,0.4215,0.5533,1.788787377105879,1.9214986603957607,1.9214986603957607,0
1146,Mathi,Torino,1,45.255172,7.541984,0.0611,0.0406,0.0722,0.0257,0.0284,0.0102,0.0319,0.0351,0.0151,0.1473,0.1769,0.2213,1.1224205207290492,2.490109314112853,2.490109314112853,0
2148,Trino,Vercelli,1,45.19394,8.296987,0.0369,0.012,0.045,0.0151,0.0187,0.0,0.0186,0.0231,0.0,0.0807,0.0938,0.1148,1.37066959865622,3.0616982345532975,3.0616982345532975,0
35039,Sant'Ilario d'Enza,Reggio nell'Emilia,8,44.760505,10.449892,0.1392,0.1104,0.1509,0.0462,0.051,0.0324,0.0574,0.064,0.0432,0.3196,0.3988,0.5168,1.0051973419175677,2.2688995667183436,2.2688995667183436,0
44036,Montefiore dell'Aso,Ascoli Piceno,11,43.051895,13.75279,0.1829,0.1701,0.196,0.0513,0.0549,0.0386,0.0651,0.0705,0.0545,0.4014,0.5299,0.7268,0.8617356266252935,2.2669303989599774,2.2669303989599774,0
87011,Caltagirone,Catania,19,37.237201,14.513202,0.1683,0.1348,0.2018,0.0342,0.037,0.0254,0.0441,0.0493,0.0383,0.3304,0.4782,0.6943,1.1026110010065902,2.5104809914275394,2.5104809914275394,0
75082,Surano,Lecce,16,40.028322,18.345131,0.0619,0.0609,0.0817,0.0154,0.018,0.0,0.0205,0.0261,0.0098,0.1287,0.1688,0.2325,1.6294907564664018,2.6296650380890236,2.6296650380890236,0
16157,Palosco,Bergamo,3,45.587549,9.835698,0.1341,0.1086,0.146,0.0365,0.0379,0.0242,0.049,0.0514,0.0365,0.2947,0.3772,0.4958,1.1964999901524633,1.9145732754386398,1.9145732754386398,0
58015,Campagnano di Roma,Roma,12,42.141078,12.383669,0.082,0.0627,0.0962,0.0373,0.0416,0.0179,0.0442,0.0503,0.0246,0.1869,0.2219,0.2833,1.1376122173427872,3.3428597974723564,3.3428597974723564,0
58064,Monte Porzio Catone,Roma,12,41.816426,12.715341,0.168,0.0952,0.2001,0.056,0.0609,0.029,0.0742,0.0783,0.0383,0.377,0.4589,0.5745,0.8427707541671642,3.8016237289376944,3.8016237289376944,0
38014,Mesola,Ferrara,8,44.920782,12.229224,0.0614,0.0517,0.0716,0.0271,0.0305,0.0123,0.0326,0.0361,0.0179,0.133,0.1594,0.1981,0.43312636461241627,1.3282342088508399,1.3282342088508399,0
20065,Suzzara,Mantova,3,44.991873,10.74309,0.0911,0.0807,0.0963,0.0337,0.0369,0.021,0.0395,0.0447,0.0298,0.1974,0.2634,0.3495,0.7355972112972086,1.5892544311447587,1.5892544311447587,0
16142,Mozzanica,Bergamo,3,45.476076,9.689258,0.1122,0.0903,0.1204,0.0322,0.0343,0.0178,0.0413,0.044,0.028,0.2488,0.3299,0.4414,0.7416346934084145,2.8767981571335204,2.8767981571335204,0
87033,Paternò,Catania,19,37.56707,14.905352,0.1813,0.1578,0.1992,0.0611,0.0684,0.0361,0.0746,0.083,0.0475,0.3609,0.4848,0.6753,1.3600662125329201,3.6243925290579537,3.6243925290579537,0
63084,Torre del Greco,Napoli,15,40.787921,14.368281,0.1591,0.1107,0.1759,0.0431,0.0464,0.021,0.0573,0.0629,0.0339,0.3257,0.4149,0.5945,1.075805153801958,2.305035375572225,2.305035375572225,0
67004,Atri,Teramo,13,42.580137,13.976412,0.1739,0.1415,0.1904,0.0533,0.0567,0.0359,0.0675,0.072,0.0497,0.3496,0.4503,0.5971,1.315537319625035,1.28859578065223,1.28859578065223,0
16203,Sotto il Monte Giovanni XXIII,Bergamo,3,45.705467,9.503737,0.0803,0.0633,0.0876,0.0236,0.0266,0.0077,0.0307,0.0336,0.0141,0.1673,0.2172,0.2974,0.3464835312948709,2.562645536254173,2.562645536254173,0
1260,Scalenghe,Torino,1,44.891741,7.492521,0.0985,0.0744,0.109,0.0321,0.0344,0.0169,0.04,0.0437,0.0252,0.2189,0.276,0.3616,0.9419614110055583,0.7840573672658024,0.7840573672658024,0
58115,Lariano,Roma,12,41.725114,12.831276,0.1666,0.0953,0.1985,0.0556,0.0609,0.0293,0.0738,0.0781,0.0387,0.3755,0.4578,0.5736,0.6808159740292116,1.498047811541231,1.498047811541231,0
36021,Medolla,Modena,8,44.846673,11.0676,0.15,0.1413,0.1759,0.0383,0.0419,0.0304,0.0491,0.0528,0.0441,0.3446,0.4601,0.6368,0.43095549275475803,3.2841892888476147,3.2841892888476147,0
76091,Tramutola,Potenza,17,40.31661,15.791071,0.2607,0.2131,0.2753,0.0572,0.0603,0.0426,0.0778,0.0816,0.0608,0.4964,0.686,1.0026,0.6731237998047378,0.9287206905444249,0.9287206905444249,0
13102,Fino Mornasco,Como,3,45.742876,9.047639,0.0401,0.0166,0.0476,0.0158,0.0193,0.0,0.0196,0.0241,0.0,0.0887,0.108,0.1335,1.0718266113510575,1.3449450811492651,1.3449450811492651,0
4165,Pianfei,Cuneo,1,44.372031,7.711435,0.0913,0.0658,0.1013,0.0311,0.0334,0.0168,0.0392,0.0425,0.0247,0.2055,0.2552,0.3295,0.7931000099199089,4.062218243018382,4.062218243018382,0
30078,Povoletto,Udine,6,46.118179,13.298797,0.2351,0.2103,0.2865,0.0627,0.0689,0.0562,0.0839,0.0949,0.0742,0.4994,0.6557,0.9027,0.4664274789858476,3.3602167423627565,3.3602167423627565,0
1193,Piobesi Torinese,Torino,1,44.932943,7.610123,0.0697,0.0505,0.0797,0.026,0.0288,0.0105,0.0323,0.0354,0.0155,0.1503,0.1805,0.2264,1.6257781145861743,2.2613522386933695,2.2613522386933695,0
43024,Matelica,Macerata,11,43.25656,13.010514,0.1797,0.1389,0.2047,0.0626,0.0662,0.0447,0.0781,0.0828,0.0581,0.3757,0.476,0.6228,0.6873538654058435,2.5241382169192277,2.5241382169192277,0
8019,Chiusanico,Imperia,7,43.972565,7.99088,0.1564,0.12,0.1807,0.0281,0.0334,0.0198,0.0403,0.0484,0.0334,0.3179,0.4176,0.5761,0.8701466850975248,2.0758796033374187,2.0758796033374187,0
33027,Monticelli d'Ongina,Piacenza,8,45.089511,9.933165,0.0834,0.0657,0.0937,0.0331,0.036,0.017,0.0396,0.0439,0.0239,0.19,0.2352,0.306,1.610206555660319,2.2505395274675752,2.2505395274675752,0
89014,Pachino,Siracusa,19,36.715209,15.091477,0.1128,0.0915,0.1356,0.0246,0.0278,0.0167,0.0329,0.0369,0.0276,0.2277,0.3292,0.4733,0.7932173758069516,1.7555365532513967,1.7555365532513967,0
99023,Novafeltria,Rimini,8,43.895727,12.290398,0.1801,0.1456,0.1994,0.0587,0.0622,0.0425,0.074,0.0781,0.0566,0.3667,0.4615,0.608,1.3668986970306807,2.962796664936809,2.962796664936809,0
60026,Cervaro,Frosinone,12,41.481158,13.905113,0.229,0.2051,0.2467,0.0621,0.0697,0.0497,0.0799,0.0899,0.0699,0.4493,0.5812,0.8028,1.0362530781477652,1.6421369073662222,1.6421369073662222,0
15044,Cambiago,Milano,3,45.572544,9.426842,0.0731,0.0558,0.0798,0.0234,0.0265,0.0077,0.0303,0.0333,0.0137,0.1608,0.2068,0.2817,1.0663904033735245,0.7532317903536417,0.7532317903536417,0
17044,Casto,Brescia,3,45.69455,10.321243,0.1448,0.1338,0.1554,0.0391,0.0421,0.0322,0.0521,0.0555,0.0456,0.3196,0.4166,0.5655,1.0726220620456688,2.623079883464348,2.623079883464348,0
42030,Monte San Vito,Ancona,11,43.600562,13.26817,0.1839,0.1658,0.2184,0.0492,0.054,0.0393,0.0635,0.0699,0.0587,0.4047,0.5346,0.7379,1.2766649352010357,2.401555935666464,2.401555935666464,0
24120,Zermeghedo,Vicenza,5,45.474991,11.369496,0.1476,0.1301,0.161,0.0387,0.0415,0.0353,0.0529,0.055,0.0455,0.3167,0.4155,0.5765,1.5814842497031303,2.0039866377952804,2.0039866377952804,0
51018,Foiano della Chiana,Arezzo,9,43.252454,11.81876,0.15,0.136,0.1747,0.0512,0.0559,0.0341,0.0623,0.0692,0.0466,0.3437,0.4346,0.57,0.5085328130499903,3.4679246364124143,3.4679246364124143,0
16067,Cazzano Sant'Andrea,Bergamo,3,45.812733,9.884704,0.1005,0.0801,0.1089,0.0307,0.033,0.0163,0.0385,0.0411,0.0245,0.2128,0.2733,0.3812,1.4388113445105697,3.3141325183433654,3.3141325183433654,0
64006,Atripalda,Avellino,15,40.920812,14.833499,0.2026,0.1664,0.2096,0.0544,0.0559,0.0356,0.0719,0.0744,0.0508,0.401,0.5102,0.7029,0.2582706768931293,2.3299261240656803,2.3299261240656803,0
13034,Bulgarograsso,Como,3,45.747076,9.006438,0.0396,0.0159,0.047,0.0153,0.0188,0.0,0.019,0.0233,0.0,0.0856,0.103,0.1276,0.9273244652412947,2.8357694905901645,2.8357694905901645,0
17174,Sarezzo,Brescia,3,45.66187,10.195876,0.1423,0.1253,0.1529,0.0397,0.0425,0.0313,0.0534,0.0559,0.0438,0.3079,0.3952,0.5362,0.6963568835017776,2.594324185756294,2.594324185756294,0
20031,Marcaria,Mantova,3,45.120575,10.532783,0.0802,0.0713,0.0877,0.0325,0.0357,0.0197,0.0386,0.0428,0.0279,0.1735,0.2193,0.2923,1.3647292368809352,3.0223482791445617,3.0223482791445617,0
16030,Bonate Sopra,Bergamo,3,45.68338,9.559751,0.095,0.0755,0.1018,0.0267,0.0293,0.0113,0.0347,0.037,0.0188,0.2072,0.2732,0.3827,0.8398147911139445,1.3671129432969682,1.3671129432969682,0
1191,Pinerolo,Torino,1,44.887309,7.331945,0.1319,0.0992,0.1456,0.0378,0.0396,0.0236,0.0499,0.0528,0.0342,0.2792,0.3497,0.4528,1.5988517131658793,2.480382734529818,2.480382734529818,0
17061,Concesio,Brescia,3,45.605184,10.216967,0.1474,0.1379,0.1592,0.0404,0.0436,0.0322,0.0542,0.0568,0.0452,0.3149,0.4106,0.5581,1.5692904220012203,1.9636467621431741,1.9636467621431741,0
18086,Marcignago,Pavia,3,45.253065,9.079349,0.0563,0.0358,0.0631,0.0198,0.0235,0.0,0.0257,0.0293,0.0077,0.1256,0.1581,0.2095,0.4188417921684313,1.1963820233615783,1.1963820233615783,0
13064,Cermenate,Como,3,45.70008,9.080088,0.0415,0.0182,0.0491,0.016,0.0194,0.0,0.0199,0.0243,0.0,0.0901,0.11,0.1361,1.0030577165753525,2.6472741981032892,2.6472741981032892,0
26063,Preganziol,Treviso,5,45.60253,12.235314,0.1132,0.1016,0.1297,0.0331,0.037,0.0289,0.0405,0.0462,0.0379,0.2308,0.3033,0.4353,0.546801029797156,4.26502513600448,4.26502513600448,0
30067,Ovaro,Udine,6,46.482943,12.865389,0.1947,0.1736,0.2366,0.0503,0.0527,0.0428,0.0655,0.0701,0.0575,0.3953,0.5254,0.7358,1.069188875232846,3.0824722478199846,3.0824722478199846,0
27013,Eraclea,Venezia,5,45.577034,12.673818,0.0736,0.0665,0.082,0.0279,0.0311,0.0172,0.0339,0.0372,0.0241,0.1562,0.193,0.2596,1.0172764885688241,3.5331738338022345,3.5331738338022345,0
17144,Polaveno,Brescia,3,45.661484,10.123964,0.1378,0.1159,0.1497,0.0394,0.0417,0.0301,0.053,0.0552,0.042,0.3043,0.3885,0.5168,1.3135757735864069,2.7864175451471134,2.7864175451471134,0
15026,Boffalora sopra Ticino,Milano,3,45.467278,8.830608,0.0389,0.0153,0.0465,0.0158,0.0191,0.0,0.0196,0.0237,0.0,0.0868,0.1047,0.1288,0.8199573675893918,4.209220658525497,4.209220658525497,0
17020,Borgo San Giacomo,Brescia,3,45.346975,9.968467,0.1134,0.0953,0.1219,0.0337,0.0361,0.0197,0.0423,0.0457,0.0296,0.2425,0.3096,0.4196,1.3339486051050413,3.815344390183541,3.815344390183541,0
17122,Offlaga,Brescia,3,45.386133,10.117457,0.1343,0.1246,0.1449,0.0376,0.0395,0.0269,0.0494,0.052,0.0386,0.2973,0.3935,0.5378,1.2782325386417264,3.3547506793165534,3.3547506793165534,0
21083,San Martino in Passiria/St. Martin in Passeier,Bolzano/Bozen,4,46.783939,11.226799,0.0416,0.0192,0.0486,0.0152,0.0184,0.0,0.0192,0.023,0.0,0.0892,0.1094,0.1358,1.1840572195301495,2.3099930612433655,2.3099930612433655,0
1261,Scarmagno,Torino,1,45.384456,7.841119,0.0432,0.0184,0.0521,0.0181,0.0215,0.0,0.0221,0.0265,0.0,0.0935,0.1118,0.1357,0.6332053137724054,3.6997049129375275,3.6997049129375275,0
93029,Pasiano di Pordenone,Pordenone,6,45.849754,12.626509,0.1467,0.1296,0.1772,0.0408,0.0443,0.0369,0.055,0.0566,0.0471,0.2986,0.3986,0.561,1.2235288356803644,2.0273098792471123,2.0273098792471123,0
61002,Alife,Caserta,15,41.32612,14.334026,0.2217,0.1834,0.2309,0.0576,0.06,0.0403,0.0752,0.0783,0.0575,0.4451,0.6152,0.8957,0.3512119713562079,2.5022088444537562,2.5022088444537562,0
81012,Mazara del Vallo,Trapani,19,37.653729,12.588691,0.0593,0.0352,0.0672,0.0168,0.0178,0.0,0.0235,0.0255,0.0085,0.1347,0.1722,0.23,0.651142282388693,3.436312848007013,3.436312848007013,0
14045,Morbegno,Sondrio,3,46.132419,9.569474,0.0503,0.0301,0.0588,0.0204,0.0239,0.0,0.0258,0.0297,0.0093,0.1208,0.1452,0.1802,0.5652057124965404,3.7161247784398883,3.7161247784398883,0
42013,Cerreto d'Esi,Ancona,11,43.316789,12.987124,0.176,0.1336,0.1997,0.0585,0.0619,0.041,0.0729,0.0777,0.0546,0.3565,0.4557,0.6021,1.1885749418925247,3.08294202618979,3.08294202618979,0
48010,Castelfiorentino,Firenze,9,43.605607,10.971248,0.1363,0.1074,0.1524,0.0443,0.0492,0.022,0.0554,0.0607,0.0326,0.2889,0.3597,0.4718,1.1229002019890983,3.693416009399505,3.693416009399505,0
59008,Formia,Latina,12,41.259308,13.608021,0.0817,0.0609,0.0938,0.0345,0.0376,0.0156,0.0407,0.0455,0.0219,0.1674,0.1994,0.2462,1.048148030339543,3.205548856809836,3.205548856809836,0
93037,Sacile,Pordenone,6,45.95386,12.503368,0.221,0.1975,0.2692,0.0563,0.0596,0.0489,0.0748,0.0819,0.0663,0.4515,0.5964,0.828,1.3883091341202694,3.2836672056131295,3.2836672056131295,0
87030,Motta Sant'Anastasia,Catania,19,37.513391,14.967072,0.1911,0.1704,0.2201,0.059,0.0656,0.0358,0.0723,0.0798,0.0483,0.4127,0.5156,0.729,0.8968307380303444,3.7146832904064144,3.7146832904064144,0
22062,Cles,Trento,4,46.365262,11.033245,0.0496,0.0297,0.0588,0.0201,0.024,0.0,0.0252,0.0292,0.0093,0.1078,0.1281,0.1583,0.6498024930009344,0.5802951440493579,0.5802951440493579,0
5017,Canelli,Asti,1,44.719278,8.287138,0.0472,0.0245,0.0538,0.0175,0.0211,0.0,0.022,0.0264,0.0,0.1033,0.1258,0.1602,1.369869056296393,0.4309612293467915,0.4309612293467915,0
16187,Rovetta,Bergamo,3,45.892989,9.983457,0.0814,0.0626,0.0903,0.0296,0.0322,0.0153,0.0367,0.0395,0.0224,0.19,0.2393,0.3176,1.0813669149140246,1.2987880009049908,1.2987880009049908,0
27044,Cavallino-Treporti,Venezia,5,45.479217,12.515257,0.0697,0.0598,0.0777,0.0269,0.0301,0.0153,0.0328,0.036,0.0214,0.1476,0.1826,0.2475,1.7023159007867306,2.506116426037233,2.506116426037233,0
86009,Enna,Enna,19,37.566757,14.280747,0.0868,0.0707,0.0945,0.0334,0.036,0.0173,0.0401,0.0442,0.0248,0.1816,0.2274,0.2976,0.5152235238449577,3.499909046309274,3.499909046309274,0
22009,Baselga di Pinè,Trento,4,46.131281,11.256837,0.0665,0.0589,0.0747,0.0272,0.0308,0.0179,0.0333,0.037,0.0248,0.1507,0.1852,0.2475,1.4521451005480612,1.8751467564616051,1.8751467564616051,0
98043,Ospedaletto Lodigiano,Lodi,3,45.168767,9.578661,0.0806,0.0596,0.089,0.0284,0.0314,0.0121,0.0349,0.038,0.0178,0.1754,0.2233,0.3049,0.9145465450525317,1.574776370747912,1.574776370747912,0
6141,Quargnento,Alessandria,1,44.944966,8.487386,0.0474,0.026,0.0544,0.0169,0.0204,0.0,0.0216,0.0259,0.0,0.1073,0.132,0.1716,1.0847558650541047,1.9724865907404114,1.9724865907404114,0
14033,Grosio,Sondrio,3,46.29893,10.274516,0.0795,0.0634,0.0912,0.028,0.0318,0.0139,0.0356,0.0397,0.0214,0.1941,0.2452,0.3336,0.8758949902083855,3.8930301553197,3.8930301553197,0
4046,Castagnito,Cuneo,1,44.755443,8.031335,0.0455,0.0204,0.0534,0.0192,0.0227,0.0,0.0239,0.0279,0.0,0.1051,0.125,0.1535,1.2769373233341994,3.6398989227901106,3.6398989227901106,0
51015,Chiusi della Verna,Arezzo,9,43.695024,11.938632,0.206,0.1781,0.2314,0.0651,0.0696,0.0543,0.0847,0.088,0.0733,0.4502,0.5679,0.7437,0.8096416174302826,4.086566752099952,4.086566752099952,0
30107,Sauris,Udine,6,46.465366,12.708717,0.172,0.152,0.2087,0.0455,0.0475,0.0391,0.0589,0.0635,0.0514,0.3476,0.4639,0.653,1.1933807478135972,2.5871094796859486,2.5871094796859486,0
71056,Torremaggiore,Foggia,16,41.687477,15.292956,0.2056,0.1426,0.2505,0.0575,0.0592,0.0402,0.0754,0.0816,0.0542,0.4331,0.5609,0.7634,1.678318980538938,1.927119500498947,1.927119500498947,0
48022,Impruneta,Firenze,9,43.685345,11.254664,0.1236,0.1082,0.1304,0.0434,0.0486,0.0234,0.0522,0.0582,0.0325,0.2651,0.3458,0.464,0.6726024135848689,3.5701299746208597,3.5701299746208597,0
3032,Cameri,Novara,1,45.499674,8.660451,0.0373,0.0129,0.0438,0.0145,0.018,0.0,0.0181,0.0221,0.0,0.0795,0.0935,0.1157,0.5210474914274206,2.186937079124155,2.186937079124155,0
51014,Chitignano,Arezzo,9,43.662352,11.881338,0.1933,0.168,0.2169,0.0622,0.0664,0.0505,0.0798,0.0837,0.0683,0.4253,0.5384,0.7069,1.3783023122516205,2.492612025219081,2.492612025219081,0
73009,Laterza,Taranto,16,40.629524,16.799689,0.1451,0.1191,0.1591,0.0365,0.0421,0.026,0.0493,0.0569,0.0364,0.3298,0.4262,0.5621,1.6830277006806815,1.8997164788210101,1.8997164788210101,0
44071,Spinetoli,Ascoli Piceno,11,42.889126,13.772983,0.1761,0.1625,0.1905,0.0542,0.0571,0.0395,0.0686,0.0727,0.0537,0.3658,0.4668,0.6292,1.0187280276286328,1.215631551517985,1.215631551517985,0
67035,Pineto,Teramo,13,42.607771,14.067103,0.1591,0.1419,0.1711,0.0507,0.0541,0.0339,0.064,0.0684,0.0462,0.3417,0.4403,0.6031,1.2226861478031716,4.610456259142523,4.610456259142523,0
98027,Galgagnano,Lodi,3,45.357971,9.445355,0.0658,0.0455,0.0741,0.0244,0.0275,0.0086,0.0307,0.0339,0.014,0.1482,0.1827,0.2382,0.5682585177268894,1.322944724426759,1.322944724426759,0
73008,Grottaglie,Taranto,16,40.536193,17.434221,0.0602,0.0448,0.0662,0.0214,0.024,0.0082,0.0284,0.0307,0.0138,0.1256,0.1506,0.185,0.8543263535488063,2.2808131197233004,2.2808131197233004,0
29007,Bosaro,Rovigo,5,45.0008,11.766536,0.0729,0.0693,0.0786,0.029,0.0325,0.0158,0.0346,0.0381,0.0228,0.1451,0.1823,0.2427,0.6091685909842762,3.9068969968499685,3.9068969968499685,0
54057,Valfabbrica,Perugia,10,43.158897,12.600896,0.2323,0.211,0.2536,0.0727,0.0766,0.0616,0.0957,0.0986,0.0828,0.5087,0.6438,0.8432,1.002893890477653,2.5269611189186842,2.5269611189186842,0
35032,Reggiolo,Reggio nell'Emilia,8,44.918534,10.804211,0.1207,0.1129,0.1352,0.037,0.04,0.0247,0.0453,0.0502,0.0358,0.2921,0.3939,0.5573,0.34587174160241074,1.6383198429774295,1.6383198429774295,0
15007,Arconate,Milano,3,45.540664,8.848162,0.0385,0.0145,0.0458,0.0152,0.0186,0.0,0.0188,0.023,0.0,0.0837,0.0998,0.1233,1.0823415244468884,0.904419612322812,0.904419612322812,0
91012,Bortigali,Nuoro,20,40.282855,8.836225,0.0,0.0,0.0,0.0,0.0,0.0,0.0,0.0,0.0,0.0,0.0,0.0,255.0955214933174,257.58094716029626,257.58094716029626,1
18164,Tromello,Pavia,3,45.20913,8.871731,0.0503,0.0294,0.057,0.0182,0.0215,0.0,0.0234,0.0272,0.0,0.1126,0.1378,0.1778,1.5909698502946243,1.7550707846140947,1.7550707846140947,0
51001,Anghiari,Arezzo,9,43.540966,12.054582,0.2112,0.1909,0.2366,0.0634,0.0675,0.0517,0.0836,0.0853,0.07,0.4558,0.579,0.7619,1.1249461863833718,2.1779628699997495,2.1779628699997495,0
58073,Olevano Romano,Roma,12,41.860621,13.03309,0.1542,0.1349,0.1695,0.0552,0.0588,0.0359,0.0679,0.0731,0.0477,0.3442,0.4322,0.5604,1.4381042178603884,2.977300674724931,2.977300674724931,0
26035,Istrana,Treviso,5,45.678616,12.099794,0.169,0.151,0.2051,0.0426,0.0446,0.0374,0.0568,0.0596,0.049,0.3439,0.4614,0.6544,0.8566107779297869,3.6215321616440836,3.6215321616440836,0
73002,Carosino,Taranto,16,40.465824,17.397605,0.06,0.0486,0.0687,0.0229,0.0254,0.0098,0.03,0.0322,0.0153,0.1319,0.159,0.2036,1.6795521014036157,3.3608523858001167,3.3608523858001167,0
64032,Flumeri,Avellino,15,41.077821,15.147747,0.2638,0.2408,0.2853,0.0608,0.0624,0.0471,0.0812,0.0855,0.0655,0.541,0.7469,1.0676,0.7462297818705195,0.5501218828721834,0.5501218828721834,0
72016,Cassano delle Murge,Bari,16,40.89101,16.768619,0.0788,0.0674,0.0904,0.0294,0.0317,0.0166,0.0364,0.0392,0.0232,0.1688,0.207,0.2715,1.174739136762155,3.2066024268968496,3.2066024268968496,0
21115,Vipiteno/Sterzing,Bolzano/Bozen,4,46.896324,11.43194,0.0402,0.0177,0.0467,0.0134,0.0165,0.0,0.0175,0.0206,0.0,0.0851,0.1044,0.1312,1.4680021942682269,2.8883122810706445,2.8883122810706445,0
79131,Settingiano,Catanzaro,18,38.911388,16.513903,0.2631,0.2202,0.2875,0.0676,0.0687,0.0485,0.0904,0.093,0.0665,0.518,0.6918,0.9761,0.8587293851603351,2.199590111187503,2.199590111187503,0
4212,Santa Vittoria d'Alba,Cuneo,1,44.698641,7.937334,0.0505,0.0262,0.0591,0.0206,0.0238,0.0,0.0258,0.0294,0.0076,0.1147,0.1355,0.1661,0.594993028668331,0.9067930481509923,0.9067930481509923,0
82044,Lascari,Palermo,19,38.000053,13.941459,0.1816,0.1629,0.1947,0.0488,0.0502,0.0339,0.0656,0.068,0.0507,0.3866,0.4949,0.6607,1.1666085845984249,1.9796880701269215,1.9796880701269215,0
61021,Casapulla,Caserta,15,41.075314,14.289728,0.1272,0.0918,0.1319,0.0443,0.0467,0.021,0.0554,0.0577,0.0305,0.2479,0.3024,0.3819,1.6223238446506585,0.8613016233368095,0.8613016233368095,0
43003,Appignano,Macerata,11,43.363732,13.346596,0.1768,0.1625,0.1904,0.0532,0.0563,0.0406,0.0675,0.072,0.0566,0.3846,0.5017,0.6774,1.2716888093731684,2.443393209252374,2.443393209252374,0
69091,Torino di Sangro,Chieti,13,42.18814,14.540819,0.093,0.0741,0.1034,0.0371,0.0403,0.0223,0.0447,0.0494,0.0301,0.1831,0.2196,0.2735,0.9598028281936589,3.351005593788984,3.351005593788984,0
4192,Roccavione,Cuneo,1,44.314628,7.482432,0.144,0.1072,0.1607,0.0387,0.0412,0.0263,0.0534,0.0563,0.0376,0.3013,0.3783,0.4904,0.7224128360862568,2.0806128140905593,2.0806128140905593,0
63032,Frattamaggiore,Napoli,15,40.941426,14.272209,0.1562,0.1091,0.1687,0.0455,0.048,0.0227,0.059,0.0642,0.0353,0.3226,0.4095,0.5817,0.49481153969966196,1.7019206429373799,1.7019206429373799,0
15247,Zibido San Giacomo,Milano,3,45.36,9.106028,0.0498,0.0284,0.057,0.0186,0.022,0.0,0.0236,0.0275,0.0,0.1099,0.1328,0.1694,1.1514706620975197,2.694902432707732,2.694902432707732,0
111066,San Vito,Sud Sardegna,20,39.443245,9.540751,0.0,0.0,0.0,0.0,0.0,0.0,0.0,0.0,0.0,0.0,0.0,0.0,282.3699282555108,284.24976458673007,284.24976458673007,1
12080,Gornate Olona,Varese,3,45.739598,8.859798,0.0383,0.0144,0.045,0.0145,0.0182,0.0,0.0181,0.0224,0.0,0.0819,0.0976,0.1219,1.3346520955973329,2.469371712207047,2.469371712207047,0
12128,Travedona-Monate,Varese,3,45.805066,8.674199,0.0383,0.0156,0.0455,0.0144,0.018,0.0,0.0181,0.0222,0.0,0.0824,0.0989,0.1237,1.3643634472465096,2.563422268656302,2.563422268656302,0
84011,Canicattì,Agrigento,19,37.358942,13.850364,0.0604,0.0421,0.0691,0.0214,0.0245,0.0,0.0275,0.0313,0.0116,0.1241,0.1514,0.1914,1.074568794415407,3.297346994091547,3.297346994091547,0
17152,Pralboino,Brescia,3,45.267999,10.217413,0.1061,0.0961,0.1167,0.035,0.0374,0.0229,0.044,0.0475,0.0339,0.2665,0.3505,0.4904,0.474280293793164,2.6206197959699797,2.6206197959699797,0
74011,Oria,Brindisi,16,40.497327,17.64131,0.0529,0.0327,0.0587,0.0181,0.0207,0.0,0.024,0.0269,0.0096,0.1063,0.1273,0.1568,1.3365941146532048,1.5614558792544506,1.5614558792544506,0
4202,Salmour,Cuneo,1,44.578037,7.791833,0.0625,0.0393,0.0727,0.0245,0.0274,0.0092,0.0306,0.0339,0.0139,0.141,0.1682,0.2067,1.3950517315372506,2.628261800518068,2.628261800518068,0
85020,Sutera,Caltanissetta,19,37.525228,13.731316,0.0681,0.0436,0.0741,0.0254,0.0277,0.0099,0.032,0.0347,0.015,0.1406,0.1695,0.2108,0.7213934542076701,1.6061753263411012,1.6061753263411012,0
26014,Cavaso del Tomba,Treviso,5,45.8584,11.90898,0.2199,0.1966,0.2599,0.0552,0.0595,0.0482,0.0747,0.0829,0.0661,0.4566,0.6015,0.8355,1.0228387882916112,1.847859692271478,1.847859692271478,0
23037,Gazzo Veronese,Verona,5,45.130336,11.096079,0.0836,0.074,0.094,0.0321,0.0356,0.0222,0.0378,0.0422,0.0307,0.1875,0.2445,0.3196,1.5889834776209781,2.5959378549100527,2.5959378549100527,0
51020,Loro Ciuffenna,Arezzo,9,43.592286,11.633007,0.1305,0.1149,0.1391,0.047,0.052,0.0296,0.0561,0.0624,0.0387,0.2769,0.3564,0.4725,1.219284077565221,2.566543968912868,2.566543968912868,0
70032,Limosano,Campobasso,14,41.67633,14.622428,0.2215,0.1684,0.2464,0.0596,0.0625,0.0455,0.0785,0.0809,0.0606,0.4612,0.5932,0.7994,1.5047997137654243,0.7376181474452301,0.7376181474452301,0
6142,Quattordio,Alessandria,1,44.89635,8.404941,0.0458,0.0238,0.053,0.0169,0.0204,0.0,0.0214,0.0259,0.0,0.1055,0.1299,0.1688,1.0632521688478447,2.271164218031079,2.271164218031079,0
3047,Cavallirio,Novara,1,45.663368,8.394526,0.039,0.0164,0.0472,0.0151,0.0184,0.0,0.0188,0.0229,0.0,0.0854,0.1029,0.1276,0.7623892244038915,2.811872907989195,2.811872907989195,0
63087,Villaricca,Napoli,15,40.921611,14.189828,0.1516,0.1043,0.1653,0.0437,0.0464,0.0206,0.057,0.0612,0.0329,0.3075,0.3915,0.5514,0.6210070285594028,3.39103506759939,3.39103506759939,0
41025,Mercatello sul Metauro,Pesaro e Urbino,11,43.647355,12.336648,0.1956,0.1833,0.2204,0.0655,0.0691,0.0506,0.0833,0.0876,0.0706,0.448,0.5756,0.7658,1.0015702908124118,3.0837559486878567,3.0837559486878567,0
27001,Annone Veneto,Venezia,5,45.79551,12.68422,0.1164,0.105,0.1309,0.0352,0.0391,0.0329,0.0458,0.0494,0.0403,0.2394,0.3082,0.4336,1.4524615376135734,2.5016467341234074,2.5016467341234074,0
24013,Bolzano Vicentino,Vicenza,5,45.60071,11.622101,0.1556,0.137,0.1687,0.0424,0.0457,0.0371,0.0564,0.0592,0.0486,0.3348,0.4377,0.6028,1.5616299596672163,2.5744263329861186,2.5744263329861186,0
103042,Masera,Verbano-Cusio-Ossola,1,46.139979,8.323415,0.0773,0.0566,0.0838,0.0232,0.0252,0.0093,0.0308,0.033,0.0155,0.1646,0.2074,0.2686,0.9107803886908789,2.7521880823187503,2.7521880823187503,0
97028,Cremella,Lecco,3,45.74168,9.299885,0.0527,0.0318,0.0595,0.0184,0.0217,0.0,0.0234,0.0273,0.0,0.1117,0.1353,0.1729,0.3489953016823552,4.2589679393969115,4.2589679393969115,0
6173,Ticineto,Alessandria,1,45.098026,8.555658,0.0431,0.0209,0.0511,0.0162,0.0195,0.0,0.0204,0.0246,0.0,0.0956,0.1165,0.1454,1.236159555073865,2.78358957732474,2.78358957732474,0
37027,Gaggio Montano,Bologna,8,44.196956,10.932908,0.1775,0.1645,0.1994,0.0594,0.0654,0.0435,0.0751,0.0819,0.0585,0.3879,0.4808,0.6323,1.0697035313259475,2.760983765656026,2.760983765656026,0
22002,Albiano,Trento,4,46.144906,11.193479,0.0633,0.0538,0.0716,0.0255,0.0288,0.0145,0.0313,0.0347,0.0198,0.136,0.1646,0.2043,1.2500283201287004,2.268513902236624,2.268513902236624,0
1308,Villastellone,Torino,1,44.918612,7.744347,0.0546,0.033,0.0648,0.0224,0.0254,0.0,0.0277,0.0313,0.0101,0.1237,0.1468,0.1791,0.9041086179146833,3.9886018961153002,3.9886018961153002,0
108025,Lazzate,Monza e della Brianza,3,45.672326,9.08522,0.0418,0.0185,0.0494,0.0163,0.0196,0.0,0.0203,0.0246,0.0,0.092,0.1121,0.139,0.8490343341091326,3.4590222620180406,3.4590222620180406,0
15114,Inzago,Milano,3,45.540475,9.482052,0.0831,0.0656,0.0905,0.0258,0.0286,0.0104,0.0332,0.0358,0.0169,0.183,0.239,0.3338,0.9032184649860552,2.9977405957192484,2.9977405957192484,0
3073,Ghemme,Novara,1,45.598346,8.420904,0.038,0.0143,0.0453,0.0145,0.0181,0.0,0.0182,0.0223,0.0,0.0806,0.0953,0.1188,0.8677116016866967,2.1784881218353833,2.1784881218353833,0
1199,Pont-Canavese,Torino,1,45.420526,7.596855,0.0526,0.0295,0.0623,0.0228,0.026,0.0,0.0281,0.032,0.0113,0.1251,0.1488,0.1816,1.3132811623060372,2.9518779226629,2.9518779226629,0
94052,Venafro,Isernia,14,41.483425,14.045112,0.2503,0.2233,0.2686,0.0661,0.0738,0.0551,0.0875,0.0969,0.0783,0.4946,0.6466,0.8851,1.0624720971399286,2.328298101589432,2.328298101589432,0
93018,Cordovado,Pordenone,6,45.845777,12.880665,0.1182,0.1066,0.1322,0.0358,0.0397,0.0336,0.0473,0.0504,0.0412,0.2419,0.3089,0.4319,1.5336775572056955,4.220358569385788,4.220358569385788,0
12030,Cantello,Varese,3,45.819946,8.894712,0.0384,0.0146,0.0452,0.0147,0.0184,0.0,0.0184,0.0227,0.0,0.0833,0.0998,0.1244,0.7110783170776734,2.712913530588991,2.712913530588991,0
16071,Cerete,Bergamo,3,45.854348,10.011019,0.0927,0.0729,0.1006,0.0316,0.0337,0.0176,0.0394,0.0424,0.0262,0.2158,0.2759,0.3826,1.0963797389602945,4.226660270021955,4.226660270021955,0
16194,Scanzorosciate,Bergamo,3,45.710782,9.735055,0.1176,0.0941,0.1267,0.0299,0.0321,0.015,0.0386,0.0406,0.0244,0.2374,0.3179,0.4299,0.4055066736359664,4.329096039929368,4.329096039929368,0
21067,Prato allo Stelvio/Prad am Stilfserjoch,Bolzano/Bozen,4,46.603767,10.581909,0.0969,0.0794,0.1102,0.0262,0.0295,0.0122,0.0349,0.0382,0.0204,0.2116,0.2771,0.3809,0.2664241353610519,0.5936871041734153,0.5936871041734153,0
60043,Isola del Liri,Frosinone,12,41.679248,13.573077,0.2276,0.2007,0.2429,0.0654,0.0711,0.0545,0.0832,0.0903,0.0744,0.4482,0.5762,0.7756,1.2970697285558057,1.8760780208686276,1.8760780208686276,0
29015,Ceregnano,Rovigo,5,45.049471,11.870854,0.0628,0.0554,0.0722,0.0277,0.0313,0.0137,0.0331,0.0367,0.0191,0.1342,0.161,0.2004,1.5168866817458229,2.842531202479651,2.842531202479651,0
72035,Polignano a Mare,Bari,16,40.996118,17.219586,0.059,0.0385,0.0645,0.0212,0.0237,0.0077,0.0276,0.0302,0.0131,0.117,0.1391,0.171,1.4853497305200263,3.3240049850882674,3.3240049850882674,0
101012,Cutro,Crotone,18,39.035445,16.979263,0.1869,0.1441,0.1922,0.0494,0.0503,0.0334,0.0648,0.066,0.047,0.3613,0.482,0.6498,1.5546251269506333,2.0404351534985468,2.0404351534985468,0
24099,Schiavon,Vicenza,5,45.697709,11.644283,0.1685,0.1486,0.1842,0.0452,0.0485,0.039,0.0608,0.0631,0.0523,0.3571,0.465,0.6391,1.1337709466147032,2.9630694341568438,2.9630694341568438,0
19010,Camisano,Cremona,3,45.443275,9.74576,0.1164,0.0942,0.1256,0.0315,0.0338,0.0169,0.0397,0.0426,0.0259,0.2294,0.3038,0.4133,1.3355302393774897,3.6267848000479646,3.6267848000479646,0
18143,Santa Maria della Versa,Pavia,3,44.986177,9.300198,0.0956,0.0762,0.1068,0.0285,0.0313,0.0117,0.0359,0.0386,0.0188,0.2054,0.2743,0.3743,1.0797106535719634,3.6490728822070824,3.6490728822070824,0
98049,San Rocco al Porto,Lodi,3,45.081966,9.697165,0.0876,0.0659,0.0963,0.0311,0.034,0.0143,0.0378,0.0411,0.0204,0.1957,0.2506,0.3493,1.1334660180859157,3.1941011363657115,3.1941011363657115,0
50035,Santa Maria a Monte,Pisa,9,43.698064,10.692998,0.1192,0.0992,0.1341,0.0426,0.047,0.0209,0.0523,0.0574,0.0306,0.2575,0.3344,0.4422,1.0430113721872516,3.459652419282294,3.459652419282294,0
63037,Ischia,Napoli,15,40.734205,13.947125,0.1584,0.1089,0.1774,0.0358,0.038,0.0152,0.049,0.0531,0.0276,0.3238,0.4205,0.6044,1.0270598815383614,0.5539403333022129,0.5539403333022129,0
23002,Albaredo d'Adige,Verona,5,45.317046,11.274488,0.1129,0.1014,0.1251,0.0344,0.0371,0.0277,0.0421,0.0471,0.0387,0.2488,0.3277,0.4598,0.8094966593490341,1.5595731765737053,1.5595731765737053,0
48018,Firenzuola,Firenze,9,44.119079,11.379227,0.1985,0.1813,0.2248,0.0675,0.073,0.0503,0.0855,0.0923,0.0676,0.4292,0.5324,0.6992,0.883407984142776,2.4862493254019413,2.4862493254019413,0
40009,Civitella di Romagna,Forlì-Cesena,8,44.007171,11.941346,0.2104,0.1571,0.2388,0.0717,0.0764,0.0529,0.0908,0.0969,0.0676,0.4514,0.554,0.7039,0.8391856335681195,2.921794299289146,2.921794299289146,0
86003,Assoro,Enna,19,37.627905,14.423886,0.096,0.0805,0.1039,0.0367,0.0393,0.0202,0.0449,0.049,0.0287,0.2008,0.2508,0.3401,1.323327572255124,1.2491305493778817,1.2491305493778817,0
83039,Librizzi,Messina,19,38.096866,14.95834,0.1981,0.1514,0.2193,0.0626,0.0657,0.0433,0.0803,0.0848,0.0585,0.4011,0.5009,0.651,1.0097795168052008,2.6870009116061495,2.6870009116061495,0
16066,Cavernago,Bergamo,3,45.625097,9.76164,0.1295,0.1041,0.1403,0.0343,0.0359,0.0206,0.0457,0.0481,0.0329,0.2822,0.3658,0.4833,1.4041852422846897,1.7162150967471963,1.7162150967471963,0
56052,Tuscania,Viterbo,12,42.420214,11.870261,0.1387,0.0973,0.1566,0.0433,0.0471,0.0182,0.0555,0.0596,0.029,0.2982,0.3708,0.477,0.5368131232098898,0.7328519254526207,0.7328519254526207,0
16006,Almenno San Bartolomeo,Bergamo,3,45.742681,9.582251,0.0897,0.0711,0.0962,0.0257,0.0285,0.0102,0.0334,0.0359,0.0172,0.193,0.2524,0.3557,1.1708258589378076,3.757266798927431,3.757266798927431,0
83007,Brolo,Messina,19,38.155362,14.829575,0.177,0.1448,0.1943,0.056,0.0583,0.0371,0.0714,0.0749,0.0508,0.3532,0.4475,0.5856,1.0380138980053832,2.503613946787286,2.503613946787286,0
41049,Piobbico,Pesaro e Urbino,11,43.589272,12.50943,0.1836,0.1506,0.2084,0.061,0.0647,0.0443,0.0772,0.0813,0.0581,0.3786,0.4778,0.6254,1.181845618386607,1.860980372824733,1.860980372824733,0
42035,Ostra,Ancona,11,43.612527,13.158061,0.1847,0.1676,0.2121,0.0503,0.0548,0.04,0.0649,0.0705,0.0582,0.4112,0.5419,0.7428,1.5179503521546127,2.85905358075613,2.85905358075613,0
42008,Castelbellino,Ancona,11,43.486758,13.144668,0.1775,0.1631,0.1913,0.054,0.0569,0.0406,0.0685,0.0726,0.0564,0.3805,0.4954,0.6684,0.7808190486941933,0.27835316135464505,0.27835316135464505,0
28027,Casale di Scodosia,Padova,5,45.187494,11.468636,0.0723,0.0671,0.0805,0.0303,0.0338,0.0191,0.036,0.0396,0.0265,0.1626,0.2081,0.2739,1.281157945347719,4.319721116524304,4.319721116524304,0
65102,Praiano,Salerno,15,40.611107,14.53134,0.0891,0.0554,0.0956,0.0355,0.0372,0.0117,0.0441,0.0465,0.0196,0.1916,0.2302,0.2864,1.04191624321834,2.5471408653947085,2.5471408653947085,0
64115,Vallesaccarda,Avellino,15,41.06276,15.251783,0.2464,0.2271,0.2887,0.0575,0.0599,0.0442,0.076,0.0821,0.0618,0.4977,0.6701,0.9485,1.277212976482033,3.3548639898963453,3.3548639898963453,0
28094,Tribano,Padova,5,45.21001,11.832142,0.0627,0.0516,0.0719,0.0275,0.0309,0.0142,0.0329,0.0364,0.0193,0.1349,0.1621,0.2003,1.6149377139345547,3.360898591657376,3.360898591657376,0
21113,Villabassa/Niederdorf,Bolzano/Bozen,4,46.739482,12.170006,0.0609,0.0463,0.0683,0.0218,0.0251,0.0101,0.0278,0.0312,0.0152,0.1304,0.1596,0.2017,1.8188405799120546,1.7249541739610348,1.7249541739610348,0
38018,Poggio Renatico,Ferrara,8,44.765974,11.490111,0.1534,0.1447,0.1811,0.0404,0.0442,0.0335,0.0534,0.0557,0.0483,0.3582,0.4753,0.6556,0.6166102826378085,3.2846176556752673,3.2846176556752673,0
76065,Rapone,Potenza,17,40.846719,15.501158,0.2368,0.2194,0.2532,0.0565,0.0584,0.0437,0.0753,0.0796,0.0609,0.4983,0.6857,0.9829,0.9059309213806216,3.8645316801945104,3.8645316801945104,0
71028,Lucera,Foggia,16,41.508273,15.337646,0.1544,0.116,0.1921,0.0496,0.0525,0.0356,0.0629,0.0675,0.0468,0.3312,0.4206,0.5642,1.5202042979598536,2.8046420520347617,2.8046420520347617,0
92003,Assemini,Cagliari,20,39.291538,9.001542,0.0,0.0,0.0,0.0,0.0,0.0,0.0,0.0,0.0,0.0,0.0,0.0,335.7247552217491,332.6584776642493,332.6584776642493,1
7031,Gressan,Valle d'Aosta/Vallée d'Aoste,2,45.719173,7.285097,0.0961,0.0728,0.1067,0.0314,0.035,0.0161,0.0392,0.0449,0.0242,0.2154,0.2777,0.3773,0.6989986413884098,2.4241824359769013,2.4241824359769013,0
97045,Malgrate,Lecco,3,45.8526,9.375298,0.053,0.0322,0.0598,0.0194,0.023,0.0,0.0249,0.0288,0.0,0.1202,0.1472,0.1885,1.2425346914560813,3.445369653102836,3.445369653102836,0
4009,Bagnolo Piemonte,Cuneo,1,44.760336,7.31392,0.1343,0.1016,0.1488,0.0403,0.0424,0.0268,0.0534,0.0562,0.0374,0.2906,0.361,0.4652,1.5869145125603992,2.8872401575327373,2.8872401575327373,0
78053,Figline Vegliaturo,Cosenza,18,39.225192,16.330296,0.2759,0.2409,0.3028,0.0725,0.0744,0.0525,0.0958,0.0998,0.0716,0.5579,0.7575,1.0512,0.4957488439776184,2.607204899402822,2.607204899402822,0
16078,Colere,Bergamo,3,45.974292,10.082757,0.0704,0.0528,0.0796,0.0273,0.0303,0.0135,0.0334,0.0367,0.0188,0.1566,0.1905,0.2435,1.6803956358553678,3.75165397055856,3.75165397055856,0
6075,Frugarolo,Alessandria,1,44.837151,8.681548,0.074,0.0553,0.0824,0.02,0.0238,0.0,0.0273,0.0307,0.0099,0.1626,0.2164,0.3141,0.7560923319092749,1.7520236929486657,1.7520236929486657,0
3052,Comignago,Novara,1,45.714871,8.564029,0.0381,0.0152,0.0456,0.0146,0.0181,0.0,0.0183,0.0223,0.0,0.0838,0.1009,0.1256,0.885647550144967,2.5063976286088736,2.5063976286088736,0
48035,Reggello,Firenze,9,43.683088,11.536896,0.1335,0.1183,0.1442,0.0483,0.053,0.0307,0.0578,0.0641,0.0395,0.2861,0.3629,0.4806,0.9755784012891703,2.5517384153265477,2.5517384153265477,0
16047,Calvenzano,Bergamo,3,45.494981,9.601286,0.1007,0.0805,0.1085,0.0279,0.0306,0.0127,0.0356,0.038,0.0198,0.2006,0.2602,0.3663,0.9288942431849871,4.123714070883195,4.123714070883195,0
21107,Val di Vizze/Pfitsch,Bolzano/Bozen,4,46.948993,11.577499,0.0407,0.0183,0.0471,0.0131,0.0162,0.0,0.0172,0.0201,0.0,0.0851,0.1047,0.1317,1.5593728884362674,2.7727933886218765,2.7727933886218765,0
27041,Torre di Mosto,Venezia,5,45.690543,12.71042,0.0937,0.0826,0.1006,0.0311,0.0346,0.0244,0.0376,0.0418,0.0329,0.1945,0.2471,0.3245,1.4660503738905135,1.1752927574381662,1.1752927574381662,0
97025,Cortenova,Lecco,3,45.999922,9.383165,0.0444,0.0217,0.0523,0.018,0.0213,0.0,0.0223,0.0265,0.0,0.1021,0.1231,0.1539,1.481209166220061,2.080875162592705,2.080875162592705,0
4085,Envie,Cuneo,1,44.682235,7.371123,0.133,0.1001,0.1474,0.0393,0.0414,0.0257,0.0523,0.0551,0.0363,0.2867,0.3571,0.4611,1.073694840262253,0.4817591358457501,0.4817591358457501,0
30037,Fagagna,Udine,6,46.11344,13.084572,0.2173,0.1941,0.2673,0.0611,0.0664,0.0545,0.0806,0.0914,0.072,0.4794,0.6295,0.8675,1.3389736190251589,3.788915464369951,3.788915464369951,0
96076,Verrone,Biella,1,45.503662,8.119023,0.0397,0.0157,0.0481,0.0159,0.0194,0.0,0.0195,0.0241,0.0,0.0849,0.1013,0.1247,1.091610373725714,3.0284371697192976,3.0284371697192976,0
1015,Bairo,Torino,1,45.386587,7.755447,0.0461,0.0215,0.0553,0.0199,0.0235,0.0,0.0246,0.0288,0.0,0.1065,0.126,0.1543,0.9818321640601336,3.467319367220502,3.467319367220502,0
65118,San Cipriano Picentino,Salerno,15,40.720003,14.870013,0.1176,0.0937,0.1257,0.0408,0.0432,0.0199,0.052,0.0545,0.0298,0.233,0.2859,0.3701,1.118512748796972,0.9466663403148474,0.9466663403148474,0
33008,Calendasco,Piacenza,8,45.087265,9.596063,0.0899,0.0692,0.0985,0.0304,0.0333,0.0135,0.0372,0.0402,0.0198,0.1983,0.2557,0.3576,0.9662806460432145,1.7523344868078417,1.7523344868078417,0
75065,Salice Salentino,Lecce,16,40.385662,17.963748,0.0489,0.0302,0.0557,0.0146,0.0173,0.0,0.0196,0.0234,0.0,0.087,0.1069,0.1336,1.042008408650014,1.5607641551136568,1.5607641551136568,0
13111,Grandola ed Uniti,Como,3,46.050863,9.189892,0.0396,0.0163,0.0475,0.0157,0.0191,0.0,0.0193,0.0237,0.0,0.0873,0.1055,0.1303,0.930958937086319,1.9828596166829964,1.9828596166829964,0
82027,Cefalù,Palermo,19,38.034957,14.024456,0.1742,0.1552,0.1864,0.0476,0.0492,0.0322,0.063,0.0658,0.0475,0.3709,0.4785,0.6408,1.2897842128626755,3.0368703704001563,3.0368703704001563,0
68025,Moscufo,Pescara,13,42.428144,14.054309,0.173,0.1305,0.1895,0.0541,0.058,0.0362,0.0683,0.0734,0.0497,0.3497,0.4508,0.602,1.153845718943479,2.5484958491940732,2.5484958491940732,0
13238,Veniano,Como,3,45.71558,8.983074,0.0394,0.0157,0.0467,0.0154,0.019,0.0,0.0192,0.0235,0.0,0.0863,0.1041,0.1288,0.958024059242989,1.6181819050780106,1.6181819050780106,0
63075,San Vitaliano,Napoli,15,40.927213,14.480134,0.1781,0.1291,0.1922,0.0501,0.0526,0.0284,0.0655,0.0713,0.0416,0.3514,0.4409,0.6148,0.6905853983576702,0.48862664661436217,0.48862664661436217,0
24084,Recoaro Terme,Vicenza,5,45.705171,11.224935,0.1607,0.1401,0.1776,0.0431,0.0462,0.0378,0.0574,0.061,0.0497,0.3433,0.4477,0.6164,0.9683321450558003,2.7192444855866005,2.7192444855866005,0
1101,Favria,Torino,1,45.331154,7.690617,0.0484,0.0245,0.0574,0.0213,0.0247,0.0,0.0264,0.0303,0.0091,0.1162,0.1372,0.1685,1.1929547174516344,3.69019705893265,3.69019705893265,0
18034,Casorate Primo,Pavia,3,45.312366,9.016846,0.0491,0.0278,0.0561,0.0185,0.0218,0.0,0.0235,0.0273,0.0,0.1102,0.1337,0.1718,0.5837253118245734,1.1871706355686122,1.1871706355686122,0
23092,Veronella,Verona,5,45.324969,11.322261,0.114,0.1025,0.1263,0.0344,0.0371,0.0277,0.0421,0.0471,0.0387,0.2488,0.3277,0.4598,1.212816364809883,3.949588861531283,3.949588861531283,0
15019,Bernate Ticino,Milano,3,45.479342,8.818039,0.0384,0.0145,0.0457,0.015,0.0185,0.0,0.0187,0.0228,0.0,0.0827,0.0982,0.1213,1.4471612202380737,3.7931330496036892,3.7931330496036892,0
67008,Campli,Teramo,13,42.726231,13.686284,0.1806,0.1397,0.199,0.0576,0.0612,0.0403,0.0727,0.0772,0.0549,0.3605,0.4659,0.6135,1.261800375570153,1.3062158875424192,1.3062158875424192,0
42018,Falconara Marittima,Ancona,11,43.629397,13.396676,0.1809,0.163,0.2203,0.0447,0.0498,0.0366,0.0585,0.0656,0.0561,0.3856,0.5147,0.724,1.098558559020971,2.7653223113140175,2.7653223113140175,0
13028,Bregnano,Como,3,45.698661,9.060961,0.0407,0.0173,0.0483,0.016,0.0194,0.0,0.0199,0.0243,0.0,0.0901,0.11,0.1361,1.743549271674061,0.7502971468427155,0.7502971468427155,0
48030,Montespertoli,Firenze,9,43.64355,11.075141,0.1166,0.0994,0.1303,0.0433,0.0482,0.0217,0.0526,0.0581,0.0311,0.2583,0.3331,0.4462,1.3620818837751167,1.8671174369537198,1.8671174369537198,0
23054,Nogarole Rocca,Verona,5,45.291882,10.883788,0.1243,0.1101,0.1357,0.0365,0.039,0.0314,0.0474,0.0513,0.0421,0.2857,0.3777,0.5254,1.387444124978952,2.855925541057569,2.855925541057569,0
21028,Dobbiaco/Toblach,Bolzano/Bozen,4,46.735636,12.223958,0.0624,0.0491,0.07,0.0225,0.0259,0.0114,0.0286,0.032,0.0167,0.1344,0.165,0.2087,1.1342926805128948,3.3347062381250474,3.3347062381250474,0
63020,Casandrino,Napoli,15,40.935864,14.248805,0.1582,0.1106,0.1729,0.0437,0.0464,0.0206,0.057,0.0612,0.0329,0.3075,0.3915,0.5514,1.1464734387762605,3.42510659860784,3.42510659860784,0
109023,Monte San Pietrangeli,Fermo,11,43.189355,13.575383,0.1773,0.167,0.1879,0.0533,0.0564,0.0402,0.0676,0.072,0.0557,0.3758,0.4894,0.6602,1.4720381753287988,1.9329848992122864,1.9329848992122864,0
20001,Acquanegra sul Chiese,Mantova,3,45.162475,10.43468,0.0869,0.0779,0.0985,0.0327,0.0358,0.0198,0.039,0.0432,0.0289,0.1883,0.2441,0.3342,1.348980817067403,2.1159821587297807,2.1159821587297807,0
30013,Buja,Udine,6,46.206677,13.118557,0.2537,0.2269,0.3076,0.0648,0.0718,0.0579,0.0868,0.0983,0.0765,0.5125,0.6713,0.9215,1.0869221067862236,2.753177389081748,2.753177389081748,0
22136,Peio,Trento,4,46.362886,10.673244,0.0528,0.0337,0.0619,0.0218,0.0254,0.0,0.0271,0.0313,0.0111,0.122,0.1456,0.1795,1.075893442906754,1.1985878317757805,1.1985878317757805,0
1181,Pavone Canavese,Torino,1,45.437559,7.851715,0.0431,0.0186,0.0522,0.0183,0.0217,0.0,0.0224,0.0268,0.0,0.0954,0.1138,0.1384,1.263084745827514,2.223429966174317,2.223429966174317,0
109033,Porto San Giorgio,Fermo,11,43.182656,13.793386,0.1807,0.1623,0.2124,0.0484,0.0526,0.0373,0.0616,0.0678,0.0545,0.3995,0.5295,0.7323,1.3275736449427358,3.2458387197804535,3.2458387197804535,0
48052,Figline e Incisa Valdarno,Firenze,9,43.630795,11.462946,0.1258,0.1104,0.1317,0.045,0.0501,0.0265,0.0539,0.0598,0.0356,0.2691,0.3495,0.4668,1.5091730078281693,3.087955683751956,3.087955683751956,0
19113,Vescovato,Cremona,3,45.175073,10.164574,0.0835,0.0768,0.0943,0.0327,0.0357,0.0184,0.0393,0.0434,0.0266,0.1917,0.241,0.3311,1.0607505462218356,1.6518890478171455,1.6518890478171455,0
20024,Gazoldo degli Ippoliti,Mantova,3,45.200277,10.579383,0.0969,0.0875,0.1079,0.0337,0.0365,0.0236,0.0409,0.045,0.0341,0.2272,0.2901,0.4,1.5504307276031468,0.4738103785028579,0.4738103785028579,0
7065,Saint-Vincent,Valle d'Aosta/Vallée d'Aoste,2,45.750386,7.647884,0.0669,0.0462,0.0775,0.0265,0.0289,0.0112,0.033,0.0359,0.0165,0.1533,0.1842,0.2305,1.393041827268276,3.1221814088763082,3.1221814088763082,0
75014,Carmiano,Lecce,16,40.344826,18.043021,0.0488,0.0313,0.0564,0.0142,0.017,0.0,0.0191,0.0232,0.0,0.0875,0.1094,0.1399,1.1557542248143935,2.9443504837843677,2.9443504837843677,0
26002,Arcade,Treviso,5,45.785053,12.219408,0.2032,0.1812,0.2484,0.0516,0.0538,0.0442,0.0684,0.0735,0.0601,0.4221,0.5616,0.7867,1.394252105580326,2.142559452116377,2.142559452116377,0
76100,Paterno,Potenza,17,40.378311,15.732769,0.2587,0.2118,0.2732,0.0567,0.0596,0.0424,0.077,0.0804,0.0602,0.4877,0.6738,0.9844,1.302589002879013,2.1928267906121337,2.1928267906121337,0
17053,Cigole,Brescia,3,45.308636,10.189375,0.1172,0.1068,0.1272,0.035,0.0374,0.0229,0.044,0.0475,0.0339,0.2665,0.3505,0.4904,0.4176521230302314,4.346027353962815,4.346027353962815,0
6171,Terruggia,Alessandria,1,45.082255,8.443238,0.04,0.0173,0.0485,0.0159,0.0193,0.0,0.0198,0.0241,0.0,0.0903,0.11,0.1356,0.6473587644295948,2.4711005794000473,2.4711005794000473,0
22147,Predazzo,Trento,4,46.312361,11.602694,0.071,0.0651,0.08,0.0261,0.0296,0.0166,0.0323,0.0358,0.0234,0.1517,0.1937,0.2596,1.5974166211654037,1.3430570327838858,1.3430570327838858,0
51012,Castiglion Fiorentino,Arezzo,9,43.341715,11.92378,0.1567,0.1413,0.1768,0.053,0.0574,0.0369,0.0648,0.0714,0.0501,0.3504,0.4402,0.5722,0.9501448936496056,2.522717583062413,2.522717583062413,0
72039,Sammichele di Bari,Bari,16,40.887987,16.949456,0.072,0.0605,0.0783,0.0272,0.0294,0.0144,0.0342,0.0366,0.0201,0.151,0.1849,0.2371,1.2761084334643782,2.3304408095220825,2.3304408095220825,0
16042,Brusaporto,Bergamo,3,45.670846,9.761354,0.126,0.101,0.1363,0.0333,0.035,0.0192,0.0439,0.0461,0.0309,0.272,0.3558,0.4718,0.7983392945232594,1.5732136568060773,1.5732136568060773,0
61013,Capodrise,Caserta,15,41.04414,14.303337,0.1295,0.0921,0.1341,0.0442,0.0467,0.0204,0.0557,0.0581,0.0307,0.2605,0.3217,0.4121,0.3568838122288437,2.3801787575117035,2.3801787575117035,0
27010,Cona,Venezia,5,45.180071,12.078695,0.0583,0.0408,0.0664,0.0258,0.0291,0.0107,0.031,0.0344,0.0152,0.1251,0.1489,0.1826,0.1830077100331593,0.7577455666930343,0.7577455666930343,0
97044,Lomagna,Lecco,3,45.667978,9.376047,0.0614,0.0427,0.0691,0.0205,0.0239,0.0,0.0267,0.0302,0.0099,0.1331,0.1676,0.2216,1.3302478837920626,3.429204772718856,3.429204772718856,0
25039,Pieve di Cadore,Belluno,5,46.428709,12.375297,0.1322,0.1167,0.1557,0.0394,0.0425,0.0358,0.0531,0.055,0.0457,0.2931,0.392,0.5533,0.9231448185406654,3.2100868192108405,3.2100868192108405,0
23006,Bardolino,Verona,5,45.54756,10.724214,0.1646,0.1432,0.182,0.0438,0.0478,0.0391,0.0582,0.0632,0.0516,0.3517,0.4598,0.6323,0.9121055403517201,1.8054243858168206,1.8054243858168206,0
19001,Acquanegra Cremonese,Cremona,3,45.168436,9.890147,0.079,0.0607,0.0892,0.0311,0.0341,0.0156,0.0376,0.041,0.022,0.1769,0.2187,0.2843,1.058113464758025,2.1123676334858725,2.1123676334858725,0
73029,Statte,Taranto,16,40.563225,17.209799,0.0994,0.0701,0.108,0.0261,0.0286,0.013,0.0343,0.037,0.02,0.1969,0.257,0.3466,0.5663292283958924,3.7303496870168997,3.7303496870168997,0
58039,Frascati,Roma,12,41.808245,12.680368,0.1673,0.0939,0.1998,0.056,0.0609,0.029,0.0742,0.0783,0.0383,0.377,0.4589,0.5745,1.3630425970048994,2.705136581681037,2.705136581681037,0
63074,Sant'Antonio Abate,Napoli,15,40.723709,14.546538,0.1187,0.077,0.1247,0.0397,0.0421,0.017,0.0514,0.0542,0.0272,0.2465,0.3045,0.391,1.246013094302591,0.7175359846800082,0.7175359846800082,0
10015,Chiavari,Genova,7,44.316449,9.323338,0.0997,0.0825,0.104,0.0313,0.034,0.0145,0.0384,0.0418,0.0213,0.2078,0.2716,0.3774,0.8529338472644654,2.870610299113186,2.870610299113186,0
16235,Viadanica,Bergamo,3,45.684342,9.962284,0.1323,0.1079,0.1439,0.0371,0.0386,0.0256,0.0495,0.0516,0.037,0.2903,0.3704,0.4883,0.7467142804999573,2.829312983085168,2.829312983085168,0
27031,Quarto d'Altino,Venezia,5,45.580451,12.3705,0.0947,0.0854,0.1021,0.0314,0.035,0.0255,0.0382,0.0427,0.0345,0.2068,0.2616,0.3621,1.571271452687237,2.462448727499225,2.462448727499225,0
26007,Cappella Maggiore,Treviso,5,45.96954,12.361669,0.2438,0.2192,0.2968,0.0632,0.07,0.0564,0.0865,0.0963,0.0756,0.5166,0.6788,0.9406,1.6012876505584885,2.584208291015125,2.584208291015125,0
8063,Vallecrosia,Imperia,7,43.788827,7.643411,0.1341,0.1026,0.1533,0.0251,0.0301,0.0159,0.0366,0.042,0.0274,0.2743,0.3624,0.5031,1.3668493641432884,2.880091404706896,2.880091404706896,0
21077,San Candido/Innichen,Bolzano/Bozen,4,46.732863,12.282416,0.0641,0.052,0.0718,0.0225,0.0259,0.0114,0.0286,0.032,0.0167,0.1344,0.165,0.2087,0.9987049774629316,3.2961970895259456,3.2961970895259456,0
46003,Barga,Lucca,9,44.073918,10.484263,0.1974,0.1716,0.229,0.0613,0.0675,0.0521,0.0796,0.0868,0.0735,0.4494,0.5677,0.7457,0.9724736609783959,2.9249920339571287,2.9249920339571287,0
13046,Carimate,Como,3,45.702976,9.110641,0.0426,0.0193,0.0501,0.0168,0.0201,0.0,0.021,0.0253,0.0,0.0971,0.1183,0.1484,1.2829882677007034,1.9696363768719627,1.9696363768719627,0
79142,Squillace,Catanzaro,18,38.779485,16.512205,0.2261,0.1914,0.241,0.0618,0.0628,0.0441,0.0813,0.0842,0.0603,0.4588,0.6144,0.8487,0.3737808334478889,2.0287753140186813,2.0287753140186813,0
64050,Mirabella Eclano,Avellino,15,41.044919,14.998744,0.2651,0.2271,0.2802,0.0623,0.0643,0.0464,0.0834,0.0858,0.0643,0.5182,0.7178,1.0178,0.8720008819552852,2.837862087976948,2.837862087976948,0
12091,Lozza,Varese,3,45.775675,8.857734,0.0382,0.0144,0.0449,0.0145,0.0182,0.0,0.0181,0.0224,0.0,0.0822,0.0981,0.1224,1.487412589006347,3.4060692676676947,3.4060692676676947,0
50008,Cascina,Pisa,9,43.676674,10.549224,0.1164,0.0985,0.1303,0.0398,0.044,0.019,0.0497,0.0545,0.0287,0.2558,0.3307,0.4441,1.1965281970914303,4.300147443515122,4.300147443515122,0
79081,Montepaone,Catanzaro,18,38.721458,16.498972,0.2137,0.1774,0.2258,0.059,0.0598,0.0416,0.0775,0.0799,0.0575,0.4337,0.5739,0.7898,1.3897522827323205,2.476325717981336,2.476325717981336,0
16171,Pontida,Bergamo,3,45.732311,9.498642,0.0778,0.0605,0.0849,0.0236,0.0266,0.0077,0.0307,0.0336,0.0141,0.1673,0.2172,0.2974,0.9307875534506836,2.1531195579972175,2.1531195579972175,0
96035,Mongrando,Biella,1,45.527732,8.010583,0.0419,0.0182,0.0508,0.0172,0.0205,0.0,0.021,0.0255,0.0,0.0902,0.1086,0.1325,1.4019909374384987,2.2210276520876264,2.2210276520876264,0
19050,Grontardo,Cremona,3,45.201873,10.150773,0.0867,0.0793,0.0968,0.0327,0.0357,0.0184,0.0393,0.0434,0.0266,0.1917,0.241,0.3311,1.3276433059613275,1.7114531648717246,1.7114531648717246,0
91024,Fonni,Nuoro,20,40.118804,9.251971,0.0,0.0,0.0,0.0,0.0,0.0,0.0,0.0,0.0,0.0,0.0,0.0,242.67238102884122,245.03489347350296,245.03489347350296,1
21106,Valdaora/Olang,Bolzano/Bozen,4,46.759829,12.030987,0.0562,0.0372,0.0623,0.0193,0.0224,0.0,0.0249,0.0281,0.0099,0.1157,0.1402,0.1768,1.3170111548254342,1.8564812403133821,1.8564812403133821,0
28095,Urbana,Padova,5,45.194131,11.445349,0.0744,0.0684,0.0823,0.0309,0.0342,0.0203,0.0368,0.0403,0.0284,0.1805,0.2265,0.3073,0.601966047110542,2.8818380084621653,2.8818380084621653,0
84018,Grotte,Agrigento,19,37.402853,13.70067,0.0611,0.0396,0.0679,0.0208,0.0237,0.0,0.0271,0.0305,0.0107,0.1204,0.1453,0.181,0.9144537157907773,3.1397365610967363,3.1397365610967363,0
65032,Castelnuovo Cilento,Salerno,15,40.219535,15.177151,0.0872,0.0664,0.0965,0.0312,0.0342,0.014,0.0382,0.042,0.022,0.1683,0.2061,0.2607,1.2035232772000393,1.68844158535962,1.68844158535962,0
29024,Fratta Polesine,Rovigo,5,45.029282,11.64501,0.0736,0.069,0.0783,0.0301,0.0336,0.0179,0.0358,0.0393,0.026,0.1629,0.2103,0.2882,1.235856691500024,1.2596605636973246,1.2596605636973246,0
21029,Egna/Neumarkt,Bolzano/Bozen,4,46.316916,11.27257,0.0562,0.0392,0.0649,0.0223,0.0257,0.0091,0.0277,0.0311,0.0136,0.1192,0.1426,0.1774,0.7511580942136153,2.461685577067143,2.461685577067143,0
17138,San Paolo,Brescia,3,45.370576,10.026767,0.1229,0.1062,0.1318,0.0361,0.038,0.0238,0.0469,0.0497,0.0347,0.275,0.3532,0.4759,1.674349258517796,2.839045151984988,2.839045151984988,0
80069,Rosarno,Reggio di Calabria,18,38.487283,15.976495,0.2677,0.2298,0.2928,0.0671,0.0684,0.0479,0.0903,0.0933,0.0663,0.5326,0.7281,1.0288,1.193658328297712,2.164393800986727,2.164393800986727,0
75080,Sternatia,Lecce,16,40.222125,18.225226,0.0527,0.0397,0.0625,0.0137,0.0163,0.0,0.0184,0.0229,0.0,0.0974,0.1276,0.1733,1.3966348500975247,2.640984126883441,2.640984126883441,0
100002,Carmignano,Prato,9,43.814065,11.01903,0.1298,0.1132,0.1364,0.0452,0.05,0.0262,0.0545,0.0601,0.035,0.2742,0.3525,0.4689,0.5275337817567747,2.618508417225485,2.618508417225485,0
17192,Urago d'Oglio,Brescia,3,45.515978,9.869661,0.1333,0.1087,0.1451,0.0365,0.0379,0.0241,0.0487,0.0511,0.0362,0.2926,0.3741,0.4919,0.7265248864504142,2.330354930152834,2.330354930152834,0
22005,Andalo,Trento,4,46.166136,11.003402,0.0585,0.0471,0.0671,0.0246,0.0279,0.0125,0.0301,0.0336,0.0176,0.1301,0.1569,0.1957,0.9059485327986448,3.981082268461905,3.981082268461905,0
2042,Cigliano,Vercelli,1,45.308356,8.021025,0.0393,0.0143,0.0472,0.0164,0.0198,0.0,0.0199,0.0244,0.0,0.085,0.1004,0.1215,0.3670246060573657,0.34632439210570015,0.34632439210570015,0
30083,Premariacco,Udine,6,46.060687,13.394778,0.2259,0.2021,0.2743,0.061,0.0665,0.0547,0.0825,0.0927,0.073,0.4954,0.6521,0.9057,1.242024199162501,3.7039846929586777,3.7039846929586777,0
80029,Condofuri,Reggio di Calabria,18,38.004659,15.857397,0.2431,0.2019,0.2617,0.06,0.0612,0.0421,0.0817,0.0844,0.0594,0.4972,0.6682,0.9538,1.1845666284527039,2.827774054703708,2.827774054703708,0
22092,Giovo,Trento,4,46.185824,11.146814,0.0592,0.0476,0.0682,0.0253,0.0285,0.0137,0.031,0.0342,0.0189,0.1334,0.1608,0.1995,1.1375878546273581,4.687594620438124,4.687594620438124,0
30121,Tolmezzo,Udine,6,46.429503,13.056167,0.2316,0.2078,0.2807,0.0586,0.064,0.0523,0.0789,0.0884,0.0704,0.4816,0.6343,0.8778,1.1866351614305872,0.5317030335235307,0.5317030335235307,0
34035,Solignano,Parma,8,44.613057,9.97548,0.1628,0.1337,0.1835,0.0548,0.0599,0.0382,0.0692,0.0762,0.053,0.3594,0.4527,0.5776,0.27023601236358774,2.2580576673279396,2.2580576673279396,0
10008,Campo Ligure,Genova,7,44.537644,8.698153,0.0662,0.0455,0.0726,0.0209,0.0246,0.0,0.0277,0.0311,0.0106,0.1498,0.1943,0.267,1.4867466157560947,2.527794950545275,2.527794950545275,0
44023,Grottammare,Ascoli Piceno,11,42.990497,13.86876,0.1806,0.1654,0.2007,0.0479,0.0518,0.0357,0.0606,0.0664,0.0508,0.39,0.5217,0.7251,1.3948676251727383,3.5563184359027225,3.5563184359027225,0
30072,Pasian di Prato,Udine,6,46.048513,13.187597,0.1946,0.1723,0.2395,0.0532,0.0571,0.0459,0.0688,0.0756,0.0612,0.4034,0.5332,0.7419,0.6958112500210766,2.2372511292114954,2.2372511292114954,0
16063,Castel Rozzone,Bergamo,3,45.552277,9.619855,0.1125,0.0899,0.1206,0.0303,0.0325,0.0154,0.0392,0.0414,0.0254,0.2451,0.327,0.4392,1.342727581144749,3.0653306805856197,3.0653306805856197,0
111087,Soleminis,Sud Sardegna,20,39.347963,9.181708,0.0,0.0,0.0,0.0,0.0,0.0,0.0,0.0,0.0,0.0,0.0,0.0,317.0753471630643,315.00979796147567,315.00979796147567,1
79072,Marcellinara,Catanzaro,18,38.928093,16.493077,0.2678,0.2268,0.2933,0.0694,0.0705,0.0499,0.0927,0.0954,0.0684,0.531,0.713,1.0075,1.0701087899244335,2.365083924037924,2.365083924037924,0
3097,Mezzomerico,Novara,1,45.618687,8.605518,0.0373,0.013,0.0436,0.0142,0.0179,0.0,0.0178,0.022,0.0,0.0798,0.0942,0.1177,1.4652574784400882,3.661662033226909,3.661662033226909,0
91070,Ottana,Nuoro,20,40.233499,9.044599,0.0,0.0,0.0,0.0,0.0,0.0,0.0,0.0,0.0,0.0,0.0,0.0,244.62588118689783,246.89648569672022,246.89648569672022,1
26075,Santa Lucia di Piave,Treviso,5,45.849186,12.284264,0.2156,0.1925,0.2629,0.0541,0.0573,0.0469,0.0723,0.0784,0.0638,0.4439,0.5883,0.8201,0.897983961462931,2.6483743732541236,2.6483743732541236,0
46021,Montecarlo,Lucca,9,43.851186,10.667621,0.1309,0.1152,0.1376,0.0447,0.0491,0.0265,0.0545,0.0596,0.0358,0.2797,0.3584,0.4763,0.9713525563371956,2.2077948205609346,2.2077948205609346,0
22180,Spormaggiore,Trento,4,46.217752,11.048268,0.0561,0.0422,0.0649,0.0234,0.0269,0.0108,0.0288,0.0324,0.0156,0.1235,0.1474,0.183,1.4166156843058009,1.3854458406542607,1.3854458406542607,0
63090,Santa Maria la Carità,Napoli,15,40.721003,14.51282,0.1207,0.0779,0.1275,0.0397,0.0421,0.017,0.0514,0.0542,0.0272,0.2465,0.3045,0.391,0.4800410760991833,3.797708857369204,3.797708857369204,0
63055,Poggiomarino,Napoli,15,40.803111,14.539037,0.1567,0.1101,0.1686,0.0431,0.0456,0.0204,0.056,0.0596,0.0324,0.2905,0.3657,0.4788,0.24932921695669485,2.6929375389928207,2.6929375389928207,0
71063,Ordona,Foggia,16,41.315529,15.627355,0.1544,0.1272,0.187,0.0446,0.0495,0.0348,0.056,0.0633,0.0466,0.3358,0.4393,0.6,1.4395060588903243,0.7645914828202948,0.7645914828202948,0
29044,San Martino di Venezze,Rovigo,5,45.131203,11.868523,0.0609,0.0488,0.07,0.0273,0.0308,0.0132,0.0326,0.0363,0.0181,0.1317,0.1575,0.1936,1.4488285726143166,1.120731690743625,1.120731690743625,0
28088,Stanghella,Padova,5,45.134624,11.756048,0.0627,0.0535,0.072,0.0278,0.0313,0.0141,0.0331,0.0368,0.0193,0.1341,0.1607,0.1996,1.0822713374546886,4.107465562623647,4.107465562623647,0
56058,Vignanello,Viterbo,12,42.383826,12.276766,0.1094,0.0878,0.1239,0.0428,0.0475,0.0233,0.0522,0.0576,0.0315,0.2388,0.2907,0.3804,0.5984196263456909,0.8188085978778776,0.8188085978778776,0
16088,Credaro,Bergamo,3,45.660582,9.93106,0.134,0.1092,0.146,0.0362,0.0376,0.0238,0.0482,0.0503,0.0355,0.2863,0.3686,0.4856,1.0633474029415888,2.907676533301488,2.907676533301488,0
16152,Osio Sopra,Bergamo,3,45.630787,9.591063,0.1071,0.0854,0.1151,0.0274,0.03,0.0122,0.0357,0.0379,0.0199,0.2155,0.2866,0.3966,0.7656917661654055,3.311774935494598,3.311774935494598,0
16073,Chiuduno,Bergamo,3,45.650819,9.848016,0.1323,0.1069,0.1439,0.036,0.0374,0.0233,0.0482,0.0506,0.0357,0.2913,0.3744,0.4926,1.0364006607551661,2.306458035323399,2.306458035323399,0
91063,Orosei,Nuoro,20,40.37918,9.695014,0.0,0.0,0.0,0.0,0.0,0.0,0.0,0.0,0.0,0.0,0.0,0.0,191.286922480714,191.63044494554273,191.63044494554273,1
26020,Colle Umberto,Treviso,5,45.940984,12.340972,0.2419,0.2174,0.2945,0.0598,0.0657,0.0535,0.0812,0.0908,0.072,0.4938,0.6504,0.8992,1.0663586785450645,1.2809650009207076,1.2809650009207076,0
16214,Torre Boldone,Bergamo,3,45.716272,9.708189,0.1147,0.0917,0.1231,0.0299,0.0321,0.015,0.0386,0.0406,0.0244,0.2374,0.3179,0.4299,0.3346773363575069,1.4498185555659757,1.4498185555659757,0
39001,Alfonsine,Ravenna,8,44.505385,12.04118,0.1619,0.1495,0.1829,0.047,0.0502,0.0366,0.0582,0.0623,0.0522,0.3716,0.4859,0.673,1.0131626072107638,3.438481137748252,3.438481137748252,0
61060,Pignataro Maggiore,Caserta,15,41.190816,14.172324,0.1153,0.0932,0.1265,0.0416,0.0462,0.0217,0.0512,0.0566,0.0307,0.2221,0.2723,0.3605,0.4991263071618665,2.1621073288639177,2.1621073288639177,0
85013,Niscemi,Caltanissetta,19,37.14645,14.39418,0.1461,0.118,0.172,0.0291,0.0321,0.0182,0.0369,0.0405,0.0299,0.2577,0.3824,0.561,1.262905162067881,3.6154002593109658,3.6154002593109658,0
85011,Montedoro,Caltanissetta,19,37.453508,13.816238,0.0641,0.0433,0.0708,0.0231,0.0258,0.0078,0.0293,0.0325,0.013,0.1287,0.1559,0.1943,1.378615878267358,2.486911492433533,2.486911492433533,0
47012,Pescia,Pistoia,9,43.90171,10.689781,0.1426,0.1288,0.1561,0.0482,0.0523,0.0311,0.0588,0.0643,0.0421,0.3034,0.3868,0.5122,1.0878046692353989,2.7854534377193634,2.7854534377193634,0
13068,Cirimido,Como,3,45.699775,9.012539,0.0398,0.0163,0.0473,0.0154,0.019,0.0,0.0192,0.0235,0.0,0.0863,0.1041,0.1288,1.2509294734993626,3.047508864619062,3.047508864619062,0
15169,Paullo,Milano,3,45.416787,9.398241,0.0645,0.0448,0.0728,0.0226,0.0259,0.0,0.0287,0.032,0.0118,0.1365,0.169,0.2178,1.5343088645263996,3.93278490707638,3.93278490707638,0
17066,Dello,Brescia,3,45.41811,10.075203,0.1382,0.1208,0.147,0.0383,0.04,0.0276,0.0509,0.0532,0.0391,0.2969,0.3822,0.5198,0.8123272113247013,2.0549373767579913,2.0549373767579913,0
99016,San Clemente,Rimini,8,43.932205,12.625693,0.1847,0.1683,0.2094,0.0507,0.0553,0.0398,0.0656,0.0708,0.0573,0.4099,0.5376,0.7435,1.505426231570137,3.496301716600297,3.496301716600297,0
22035,Calliano,Trento,4,45.933851,11.093758,0.1081,0.098,0.1217,0.0332,0.0367,0.0288,0.0421,0.0473,0.0385,0.2524,0.3317,0.4646,1.5917318418570978,4.032718404649723,4.032718404649723,0
65140,Serre,Salerno,15,40.582511,15.185554,0.1309,0.1134,0.1427,0.0402,0.043,0.0256,0.0516,0.0551,0.0356,0.2555,0.3439,0.4907,1.3820423370782007,2.0982518873938742,2.0982518873938742,0
95021,Ghilarza,Oristano,20,40.119652,8.834927,0.0,0.0,0.0,0.0,0.0,0.0,0.0,0.0,0.0,0.0,0.0,0.0,269.00144618910343,271.3762840267978,271.3762840267978,1
34046,Varsi,Parma,8,44.662157,9.846676,0.16,0.1307,0.1795,0.0522,0.0573,0.0356,0.0664,0.0733,0.05,0.3555,0.4502,0.577,1.6220711620460784,2.2441483193325626,2.2441483193325626,0
94050,Sesto Campano,Isernia,14,41.42042,14.077819,0.2164,0.1818,0.2351,0.0592,0.0667,0.0458,0.0767,0.0864,0.065,0.4459,0.5752,0.8106,1.787736680180738,2.0122824731173177,2.0122824731173177,0
74017,San Vito dei Normanni,Brindisi,16,40.656248,17.703752,0.0498,0.0289,0.0559,0.0161,0.0189,0.0,0.0214,0.0247,0.0,0.0959,0.1162,0.1436,1.4244306759947445,0.5403850274906428,0.5403850274906428,0
30131,Venzone,Udine,6,46.333676,13.1394,0.2592,0.2335,0.3149,0.0668,0.0747,0.0592,0.0909,0.1022,0.0792,0.5346,0.7002,0.9678,1.5413031933895416,1.238277646062857,1.238277646062857,0
72001,Acquaviva delle Fonti,Bari,16,40.897829,16.842487,0.0757,0.068,0.0834,0.0283,0.0306,0.0154,0.0353,0.0379,0.0216,0.1607,0.195,0.2553,1.0624595063181057,2.720553326707087,2.720553326707087,0
4010,Baldissero d'Alba,Cuneo,1,44.759519,7.914349,0.0488,0.0247,0.0576,0.0203,0.0236,0.0,0.0254,0.029,0.0,0.1119,0.1323,0.1622,1.3463046598874702,1.6406655737227391,1.6406655737227391,0
1296,Vialfrè,Torino,1,45.381019,7.817828,0.044,0.0192,0.0531,0.019,0.0224,0.0,0.0233,0.0276,0.0,0.0994,0.1181,0.144,0.8060286397129212,3.1818670688235544,3.1818670688235544,0
98004,Borghetto Lodigiano,Lodi,3,45.213268,9.499683,0.0771,0.0562,0.0849,0.0269,0.03,0.0107,0.0333,0.0364,0.0162,0.1671,0.2122,0.2854,1.6717926005367,2.1891046525825075,2.1891046525825075,0
78155,Zumpano,Cosenza,18,39.310894,16.292094,0.2756,0.2406,0.3023,0.0713,0.0733,0.0513,0.0944,0.0986,0.0703,0.5497,0.7486,1.0439,1.4546490362789213,3.170187354229695,3.170187354229695,0
14057,Samolaco,Sondrio,3,46.24616,9.395079,0.0459,0.0244,0.0542,0.018,0.021,0.0,0.0226,0.0265,0.0,0.1074,0.1284,0.1598,1.3780464666729642,3.102986326317438,3.102986326317438,0
12105,Morazzone,Varese,3,45.764961,8.8315,0.0381,0.0142,0.0447,0.0145,0.0182,0.0,0.0181,0.0224,0.0,0.0819,0.0976,0.1219,0.9881048205689665,2.2708841291278623,2.2708841291278623,0
1222,Roletto,Torino,1,44.924691,7.331324,0.1285,0.0963,0.1413,0.0373,0.0391,0.023,0.0491,0.0521,0.0335,0.2761,0.3465,0.4489,1.3882932143855622,1.7728473041110528,1.7728473041110528,0
103002,Anzola d'Ossola,Verbano-Cusio-Ossola,1,45.988976,8.344519,0.0569,0.0353,0.0648,0.0197,0.022,0.0,0.0256,0.0284,0.0094,0.127,0.1552,0.1941,1.543221804495177,3.4208854020595645,3.4208854020595645,0
24068,Montorso Vicentino,Vicenza,5,45.489834,11.362271,0.1532,0.1346,0.1681,0.0387,0.0415,0.0353,0.0529,0.055,0.0455,0.3167,0.4155,0.5765,0.9362733169629118,2.8120877382101357,2.8120877382101357,0
22182,Stenico,Trento,4,46.052168,10.854089,0.0739,0.0662,0.0853,0.0274,0.0307,0.0163,0.0336,0.037,0.0237,0.1706,0.2165,0.2901,1.492128002173768,2.822020941897145,2.822020941897145,0
3109,Oleggio Castello,Novara,1,45.748872,8.527127,0.0389,0.0166,0.0467,0.0146,0.0181,0.0,0.0183,0.0223,0.0,0.0838,0.1009,0.1256,0.3982131751852374,3.2947081459104193,3.2947081459104193,0
13043,Capiago Intimiano,Como,3,45.770802,9.130032,0.0422,0.0189,0.0497,0.0165,0.0198,0.0,0.0206,0.0249,0.0,0.0945,0.1153,0.144,0.48976534234218316,1.7255441271418106,1.7255441271418106,0
17136,Passirano,Brescia,3,45.599487,10.064918,0.14,0.1165,0.1525,0.0395,0.0419,0.0296,0.0534,0.0553,0.042,0.307,0.3884,0.5184,0.781384673843094,1.4568734374001113,1.4568734374001113,0
30024,Chiopris-Viscone,Udine,6,45.931403,13.38111,0.1715,0.1531,0.2103,0.0469,0.0492,0.0401,0.0606,0.0652,0.0526,0.3531,0.47,0.661,0.6114023263514172,3.916707009699928,3.916707009699928,0
54037,Panicale,Perugia,10,43.029059,12.098364,0.1519,0.1379,0.176,0.053,0.0577,0.0361,0.0645,0.0713,0.0489,0.3473,0.4374,0.5708,0.1759129699087481,2.6653132054074318,2.6653132054074318,0
4037,Canale,Cuneo,1,44.798544,7.997334,0.0451,0.0202,0.0534,0.0189,0.0225,0.0,0.0235,0.0276,0.0,0.1027,0.1223,0.1499,1.2143450358555674,1.172538860185367,1.172538860185367,0
77003,Bernalda,Matera,17,40.412918,16.691097,0.1018,0.0785,0.1106,0.0346,0.0369,0.0218,0.0431,0.0462,0.0299,0.1982,0.2512,0.3243,0.9499121109782198,3.152448618587133,3.152448618587133,0
79048,Feroleto Antico,Catanzaro,18,38.961095,16.388327,0.2747,0.2376,0.3007,0.0718,0.0731,0.0518,0.0952,0.0986,0.0707,0.5491,0.7486,1.0455,0.43620048463906946,1.8632578988820714,1.8632578988820714,0
33006,Borgonovo Val Tidone,Piacenza,8,45.014362,9.443461,0.0959,0.0762,0.1068,0.0302,0.0329,0.0132,0.0373,0.04,0.0201,0.2074,0.2738,0.3746,0.8927209172867651,1.9888263247283098,1.9888263247283098,0
17121,Odolo,Brescia,3,45.64685,10.388448,0.1543,0.1358,0.1651,0.0403,0.0445,0.0349,0.0537,0.0583,0.0503,0.348,0.453,0.6145,1.5066248177784929,3.380439254300411,3.380439254300411,0
80002,Agnana Calabra,Reggio di Calabria,18,38.302674,16.222904,0.2121,0.1752,0.2237,0.0546,0.0556,0.0377,0.0717,0.0741,0.0529,0.4018,0.5288,0.7296,1.4091506825427702,0.2628729817386757,0.2628729817386757,0
14063,Talamona,Sondrio,3,46.138492,9.612944,0.0531,0.0341,0.0619,0.0204,0.0239,0.0,0.0258,0.0297,0.0093,0.1208,0.1452,0.1802,1.1965734966542185,2.1440798418273137,2.1440798418273137,0
12023,Brunello,Varese,3,45.765371,8.797365,0.0379,0.0141,0.0445,0.0143,0.018,0.0,0.0179,0.0222,0.0,0.0811,0.0964,0.1205,1.601354609652587,4.1895853474263465,4.1895853474263465,0
28101,Villa del Conte,Padova,5,45.586598,11.859005,0.137,0.1223,0.1522,0.0363,0.04,0.0342,0.0506,0.0528,0.0433,0.2908,0.3868,0.5435,1.139511393743912,1.7968628377917761,1.7968628377917761,0
20037,Motteggiana,Mantova,3,45.03494,10.764023,0.0863,0.0761,0.0912,0.0329,0.0362,0.0211,0.0386,0.0435,0.0291,0.1844,0.2404,0.3207,1.112081389990928,4.078763780680574,4.078763780680574,0
97030,Dervio,Lecco,3,46.076574,9.304528,0.0413,0.0184,0.0495,0.0169,0.0202,0.0,0.0208,0.0252,0.0,0.0939,0.1136,0.1401,0.7338028301401097,2.0424045768417693,2.0424045768417693,0
26062,Povegliano,Treviso,5,45.759192,12.2085,0.1929,0.1723,0.2368,0.0516,0.0538,0.0442,0.0684,0.0735,0.0601,0.4221,0.5616,0.7867,0.7257386487151981,2.2340148023205337,2.2340148023205337,0
16168,Ponte Nossa,Bergamo,3,45.866062,9.882974,0.0895,0.0701,0.0974,0.0288,0.0315,0.0142,0.0359,0.0386,0.0208,0.1866,0.2359,0.3155,1.5363116676877526,2.963743423229958,2.963743423229958,0
16040,Brignano Gera d'Adda,Bergamo,3,45.545519,9.648953,0.117,0.0938,0.126,0.0304,0.0326,0.0155,0.039,0.0413,0.025,0.2377,0.318,0.4298,1.4080504602708408,2.607252643226018,2.607252643226018,0
64041,Lacedonia,Avellino,15,41.051222,15.423854,0.2195,0.1935,0.262,0.0536,0.0576,0.0402,0.0692,0.078,0.0576,0.448,0.5925,0.8314,0.42847934199097315,2.2728572728432987,2.2728572728432987,0
31006,Fogliano Redipuglia,Gorizia,6,45.856486,13.492933,0.152,0.135,0.1836,0.0408,0.0434,0.0364,0.0543,0.0566,0.0469,0.3023,0.401,0.5611,1.0441334452753914,2.420428292250533,2.420428292250533,0
1070,Cavour,Torino,1,44.785499,7.373841,0.1293,0.0969,0.1425,0.0387,0.0405,0.0248,0.0512,0.0541,0.0354,0.2838,0.3543,0.458,1.4135364418531426,1.5475389220429114,1.5475389220429114,0
42032,Numana,Ancona,11,43.510344,13.622637,0.1783,0.1602,0.2164,0.0421,0.0473,0.0341,0.0561,0.0622,0.0526,0.3736,0.502,0.7106,1.5354402142818102,2.7956534875967907,2.7956534875967907,0
96020,Cossato,Biella,1,45.569912,8.179988,0.0401,0.017,0.0488,0.0158,0.0192,0.0,0.0194,0.0239,0.0,0.0858,0.1029,0.127,1.6636731654397283,3.285360603850979,3.285360603850979,0
16013,Arzago d'Adda,Bergamo,3,45.481513,9.561678,0.0899,0.0716,0.0971,0.0279,0.0306,0.0127,0.0356,0.038,0.0198,0.2006,0.2602,0.3663,1.4565236293345174,1.6809108158917214,1.6809108158917214,0
15230,Vaprio d'Adda,Milano,3,45.576576,9.529174,0.0902,0.0715,0.0968,0.0255,0.0284,0.0101,0.0331,0.0357,0.0168,0.1874,0.2453,0.3448,1.8619082901129802,3.8990348488722035,3.8990348488722035,0
16247,Costa Serina,Bergamo,3,45.83242,9.741937,0.0878,0.069,0.0952,0.0284,0.0308,0.0132,0.036,0.0384,0.0202,0.2012,0.2607,0.3659,1.5281635974438297,2.5334034520373625,2.5334034520373625,0
96042,Pettinengo,Biella,1,45.613064,8.104221,0.0422,0.0196,0.0512,0.0169,0.02,0.0,0.0208,0.0251,0.0,0.0927,0.1121,0.1376,0.10706050165715163,3.3148758440561936,3.3148758440561936,0
62053,Ponte,Benevento,15,41.214732,14.696327,0.263,0.2209,0.2777,0.0614,0.0651,0.0456,0.0826,0.0859,0.0645,0.5061,0.6943,0.9993,1.2897187236238252,1.882160007780531,1.882160007780531,0
27011,Concordia Sagittaria,Venezia,5,45.756104,12.844956,0.0969,0.0869,0.1042,0.0316,0.0351,0.0254,0.0382,0.0427,0.0338,0.1973,0.2504,0.3277,0.8097606259099792,2.5523206062066612,2.5523206062066612,0
21056,Naturno/Naturns,Bolzano/Bozen,4,46.649886,11.004195,0.046,0.0248,0.0537,0.017,0.02,0.0,0.0214,0.0256,0.0,0.1005,0.1215,0.151,1.5571914193499683,2.0298334985793267,2.0298334985793267,0
86018,Troina,Enna,19,37.785354,14.598475,0.1392,0.1221,0.1495,0.0475,0.0513,0.0293,0.058,0.0627,0.0393,0.2749,0.3519,0.4819,0.7816879065074255,3.1421795777425405,3.1421795777425405,0
16234,Vertova,Bergamo,3,45.810219,9.853507,0.0996,0.0794,0.1078,0.0297,0.032,0.0148,0.0374,0.0397,0.0225,0.2084,0.2686,0.3769,1.331337914857137,2.9471002582842454,2.9471002582842454,0
66025,Carsoli,L'Aquila,13,42.098927,13.084888,0.1712,0.1513,0.1833,0.0581,0.0625,0.0443,0.0719,0.0773,0.0582,0.3628,0.454,0.5893,1.2971988915606725,1.644076457181064,1.644076457181064,0
1231,Salassa,Torino,1,45.358526,7.689238,0.0483,0.0243,0.0574,0.0213,0.0247,0.0,0.0264,0.0303,0.0091,0.1162,0.1372,0.1685,1.3290382864139394,3.6194111017554644,3.6194111017554644,0
15016,Bellinzago Lombardo,Milano,3,45.542075,9.445951,0.0776,0.0601,0.085,0.0237,0.0268,0.008,0.0305,0.0335,0.0139,0.1591,0.2027,0.2748,1.5742247100639712,3.52126051853055,3.52126051853055,0
110006,Minervino Murge,Barletta-Andria-Trani,16,41.085052,16.077776,0.191,0.1547,0.2381,0.042,0.0486,0.0337,0.0582,0.0687,0.0486,0.4229,0.5599,0.7728,1.2702430531732942,2.2765570895318517,2.2765570895318517,0
17058,Collio,Brescia,3,45.809312,10.332872,0.1195,0.113,0.1291,0.0358,0.038,0.0268,0.0463,0.0499,0.038,0.2712,0.3583,0.4918,0.3436837655374922,1.8573692061054852,1.8573692061054852,0
1141,Lusigliè,Torino,1,45.318401,7.766652,0.0459,0.0214,0.0547,0.0199,0.0234,0.0,0.0247,0.0287,0.0,0.1076,0.1273,0.1557,0.8376865503976897,4.14213254238389,4.14213254238389,0
103028,Domodossola,Verbano-Cusio-Ossola,1,46.115245,8.292046,0.0773,0.0566,0.0843,0.0232,0.0252,0.0093,0.0308,0.033,0.0155,0.1646,0.2074,0.2686,1.0092614080891302,1.6949007983291209,1.6949007983291209,0
1248,San Maurizio Canavese,Torino,1,45.216676,7.631241,0.0549,0.0332,0.065,0.024,0.0269,0.008,0.0296,0.0331,0.0126,0.133,0.1595,0.1965,1.0886086162389246,4.167189607349292,4.167189607349292,0
3022,Bolzano Novarese,Novara,1,45.762786,8.445175,0.0408,0.0189,0.0488,0.0153,0.0185,0.0,0.0192,0.0231,0.0,0.089,0.1084,0.1338,1.096181673704406,4.14831619465606,4.14831619465606,0
75077,Specchia,Lecce,16,39.93712,18.297631,0.062,0.0585,0.0794,0.0162,0.019,0.0,0.0218,0.0274,0.0112,0.1352,0.1772,0.2434,0.3542978441389633,1.9758982061250496,1.9758982061250496,0
97043,Lierna,Lecco,3,45.959202,9.302478,0.0439,0.021,0.0517,0.0175,0.0208,0.0,0.0217,0.026,0.0,0.1,0.1212,0.152,1.5176884288172727,2.4998984655314564,2.4998984655314564,0
1170,Oglianico,Torino,1,45.342554,7.693717,0.0483,0.0243,0.0574,0.0213,0.0247,0.0,0.0264,0.0303,0.0091,0.1162,0.1372,0.1685,1.2310603189572524,3.7461996885558184,3.7461996885558184,0
12109,Origgio,Varese,3,45.597693,9.018061,0.0409,0.0177,0.0488,0.0159,0.0193,0.0,0.0197,0.024,0.0,0.0885,0.1072,0.1321,1.2856268194290335,2.8531864776696585,2.8531864776696585,0
13089,Domaso,Como,3,46.15099,9.328142,0.042,0.0191,0.0502,0.0168,0.0199,0.0,0.0207,0.025,0.0,0.0939,0.1134,0.1395,0.903124718334045,2.419373326922884,2.419373326922884,0
83081,San Piero Patti,Messina,19,38.05215,14.967069,0.2002,0.1556,0.2213,0.0626,0.0657,0.0433,0.0803,0.0848,0.0585,0.4011,0.5009,0.651,1.4979911004400122,3.3515652449435387,3.3515652449435387,0
43009,Castelraimondo,Macerata,11,43.208151,13.053671,0.183,0.1447,0.2086,0.0627,0.0666,0.0449,0.0781,0.0833,0.0582,0.3763,0.4764,0.6244,1.2889896670454106,3.8564005867237277,3.8564005867237277,0
4099,Govone,Cuneo,1,44.804445,8.094036,0.0435,0.0188,0.0515,0.0182,0.0217,0.0,0.0224,0.0267,0.0,0.0983,0.1178,0.1442,0.2905413826797554,3.388357203623374,3.388357203623374,0
73007,Ginosa,Taranto,16,40.579751,16.756208,0.1564,0.1087,0.17,0.0373,0.0438,0.027,0.0514,0.059,0.038,0.3508,0.4491,0.5891,0.02861270500439531,2.9579688165079343,2.9579688165079343,0
35011,Carpineti,Reggio nell'Emilia,8,44.455961,10.519698,0.1588,0.1202,0.1763,0.0553,0.0608,0.0391,0.0687,0.0765,0.0515,0.3531,0.4437,0.5662,0.8082408896080672,3.44425001968711,3.44425001968711,0
75052,Nardò,Lecce,16,40.176261,18.030637,0.0536,0.0351,0.0606,0.0152,0.018,0.0,0.0203,0.0247,0.0,0.0957,0.1208,0.1574,0.7097493799090188,3.3575132356315036,3.3575132356315036,0
48036,Rignano sull'Arno,Firenze,9,43.72105,11.451427,0.1335,0.1181,0.1437,0.0487,0.0533,0.0312,0.0583,0.0647,0.04,0.2905,0.3679,0.4869,0.9273271980381967,3.667300556124596,3.667300556124596,0
95059,Simaxis,Oristano,20,39.930347,8.692127,0.0,0.0,0.0,0.0,0.0,0.0,0.0,0.0,0.0,0.0,0.0,0.0,295.38009745233956,297.7451326569847,297.7451326569847,1
4133,Montà,Cuneo,1,44.813644,7.957233,0.0463,0.0219,0.0549,0.02,0.0233,0.0,0.0249,0.0287,0.0,0.1094,0.1295,0.1586,1.1422279617183706,3.8251198194928535,3.8251198194928535,0
1274,Torre Canavese,Torino,1,45.392056,7.759818,0.0461,0.0215,0.0553,0.0199,0.0235,0.0,0.0246,0.0288,0.0,0.1065,0.126,0.1543,0.873996424514469,3.7876120182050674,3.7876120182050674,0
14019,Chiesa in Valmalenco,Sondrio,3,46.265097,9.848647,0.1049,0.0867,0.1191,0.0299,0.0327,0.0153,0.0391,0.0428,0.0254,0.2476,0.3241,0.4378,0.5560589221811615,3.9244972288045514,3.9244972288045514,0
2031,Caresanablot,Vercelli,1,45.357613,8.388842,0.0364,0.0115,0.0437,0.0145,0.0182,0.0,0.018,0.0223,0.0,0.078,0.0906,0.1114,0.71467555308038,3.018441611147872,3.018441611147872,0
15191,San Colombano al Lambro,Milano,3,45.181716,9.488578,0.0799,0.0594,0.0879,0.0277,0.0307,0.0111,0.0343,0.0373,0.017,0.1776,0.2297,0.3236,0.48656315287731866,3.9337891392630437,3.9337891392630437,0
91051,Nuoro,Nuoro,20,40.127683,9.342323,0.0,0.0,0.0,0.0,0.0,0.0,0.0,0.0,0.0,0.0,0.0,0.0,235.2643315950099,237.54214921081714,237.54214921081714,1
19052,Gussola,Cremona,3,45.011263,10.350137,0.0806,0.0641,0.0922,0.0343,0.0375,0.0194,0.0407,0.0455,0.0266,0.1794,0.2164,0.2708,0.4340786049875224,3.958730683925472,3.958730683925472,0
12044,Castelseprio,Varese,3,45.715977,8.862656,0.0383,0.0143,0.045,0.0146,0.0182,0.0,0.0182,0.0225,0.0,0.0819,0.0975,0.1217,1.4311434669284633,3.1748176428539434,3.1748176428539434,0
26094,Zenson di Piave,Treviso,5,45.678973,12.492099,0.108,0.0988,0.1212,0.0337,0.0375,0.0303,0.0419,0.0469,0.0385,0.2299,0.2959,0.4194,1.0982931281481934,0.362816626421941,0.362816626421941,0
19056,Malagnino,Cremona,3,45.134771,10.114774,0.0796,0.0667,0.0909,0.0325,0.0356,0.0175,0.0389,0.043,0.0247,0.1797,0.2209,0.2828,0.8120037995957367,2.6774108156429124,2.6774108156429124,0
37012,Casalfiumanese,Bologna,8,44.296864,11.624022,0.2081,0.1573,0.2357,0.0678,0.0728,0.0511,0.0866,0.0931,0.066,0.4449,0.5474,0.6975,0.7953717013121901,3.396546287061353,3.396546287061353,0
18088,Mede,Pavia,3,45.097858,8.735944,0.0512,0.0307,0.0579,0.018,0.0213,0.0,0.0233,0.0271,0.0,0.115,0.1419,0.1843,1.5577741508717737,1.503984286031039,1.503984286031039,0
16133,Martinengo,Bergamo,3,45.570368,9.767376,0.1307,0.1054,0.1418,0.0348,0.0363,0.0213,0.0464,0.0488,0.0337,0.2846,0.368,0.4857,0.8378484843183611,1.6326435759084412,1.6326435759084412,0
6115,Occimiano,Alessandria,1,45.060255,8.50764,0.0423,0.0198,0.0504,0.0162,0.0195,0.0,0.0204,0.0246,0.0,0.0956,0.1165,0.1454,1.42123698380912,4.017411600466558,4.017411600466558,0
64025,Cervinara,Avellino,15,41.021928,14.613291,0.1964,0.1563,0.2028,0.0546,0.056,0.0345,0.0716,0.0741,0.0488,0.3884,0.4925,0.6688,0.7841280367982132,0.923725719965943,0.923725719965943,0
96003,Benna,Biella,1,45.513662,8.126623,0.0397,0.0157,0.0481,0.0159,0.0194,0.0,0.0195,0.0241,0.0,0.0849,0.1013,0.1247,1.3924720317881474,1.8432460024772632,1.8432460024772632,0
91044,Macomer,Nuoro,20,40.26519,8.781387,0.0,0.0,0.0,0.0,0.0,0.0,0.0,0.0,0.0,0.0,0.0,0.0,260.6510292876115,263.16596018954993,263.16596018954993,1
1244,San Giorgio Canavese,Torino,1,45.334155,7.796819,0.0448,0.02,0.0537,0.0189,0.0223,0.0,0.0231,0.0274,0.0,0.099,0.1177,0.1434,1.1470670462284915,1.9341073499379706,1.9341073499379706,0
17026,Brandico,Brescia,3,45.454178,10.052666,0.139,0.1183,0.1498,0.0383,0.04,0.0276,0.0509,0.0532,0.0391,0.2969,0.3822,0.5198,1.7953235976314756,3.050135578893176,3.050135578893176,0
15108,Gorgonzola,Milano,3,45.531574,9.404651,0.0679,0.0499,0.0754,0.0237,0.0268,0.008,0.0305,0.0335,0.0139,0.1591,0.2027,0.2748,1.0230900135008836,3.0132127478063744,3.0132127478063744,0
22199,Tione di Trento,Trento,4,46.036304,10.726909,0.0732,0.0652,0.0812,0.0274,0.0306,0.0157,0.0335,0.0368,0.0231,0.1671,0.2138,0.286,0.6900663588478061,3.9069407699014165,3.9069407699014165,0
4058,Cavallerleone,Cuneo,1,44.740139,7.663928,0.0689,0.0489,0.0794,0.0279,0.0306,0.0127,0.0347,0.0379,0.0185,0.168,0.2054,0.2615,1.1816674629917496,1.8072818456290543,1.8072818456290543,0
87056,Mazzarrone,Catania,19,37.083393,14.561674,0.2129,0.1687,0.2472,0.0347,0.0377,0.0294,0.0503,0.0571,0.0449,0.3993,0.583,0.8528,0.7127638439739978,1.148787477134048,1.148787477134048,0
15200,Santo Stefano Ticino,Milano,3,45.487263,8.918626,0.0398,0.0165,0.0478,0.016,0.0193,0.0,0.0198,0.024,0.0,0.0879,0.1062,0.1306,0.27680082311448856,1.7421201045530497,1.7421201045530497,0
108020,Cogliate,Monza e della Brianza,3,45.64548,9.080732,0.0421,0.0188,0.0497,0.0163,0.0196,0.0,0.0203,0.0246,0.0,0.092,0.1121,0.139,0.7402254684878187,2.4703496328313204,2.4703496328313204,0
1025,Bibiana,Torino,1,44.798937,7.288219,0.134,0.1013,0.1484,0.0403,0.0424,0.0268,0.0534,0.0562,0.0374,0.2906,0.361,0.4652,1.4758031679844987,2.785704051760633,2.785704051760633,0
3037,Casalbeltrame,Novara,1,45.438064,8.466532,0.0368,0.0121,0.0434,0.0143,0.018,0.0,0.0179,0.0221,0.0,0.078,0.0911,0.1127,1.0018275545387358,3.5529617793097032,3.5529617793097032,0
1119,Grosso,Torino,1,45.257502,7.557907,0.0583,0.0374,0.0693,0.0257,0.0284,0.0102,0.0319,0.0351,0.0151,0.1473,0.1769,0.2213,1.1256200006661672,3.9745347293070923,3.9745347293070923,0
20011,Casaloldo,Mantova,3,45.254777,10.474379,0.1137,0.103,0.1235,0.0345,0.0371,0.0238,0.0428,0.0466,0.0351,0.2491,0.3236,0.4485,0.5352416787464356,4.009213206031968,4.009213206031968,0
66102,Trasacco,L'Aquila,13,41.958441,13.536102,0.2472,0.2244,0.2762,0.0752,0.082,0.0649,0.0988,0.1053,0.0896,0.5223,0.676,0.9166,0.9999825782844023,3.541398868481212,3.541398868481212,0
24102,Sossano,Vicenza,5,45.358777,11.510029,0.1009,0.0916,0.1135,0.0334,0.0365,0.0264,0.0404,0.0458,0.0372,0.2331,0.3034,0.4266,1.0400205867015415,1.5796702988858549,1.5796702988858549,0
18062,Ferrera Erbognone,Pavia,3,45.115059,8.864347,0.0554,0.0353,0.062,0.0196,0.0232,0.0,0.0258,0.0294,0.0083,0.1321,0.169,0.2272,0.6587049066161629,3.4217517081923936,3.4217517081923936,0
93031,Polcenigo,Pordenone,6,46.0307,12.501626,0.2461,0.2216,0.2994,0.0633,0.07,0.0566,0.0862,0.0961,0.0755,0.5124,0.673,0.9306,1.2445848621485462,2.028918320000033,2.028918320000033,0
1171,Orbassano,Torino,1,45.007263,7.536919,0.0762,0.0568,0.0865,0.028,0.0306,0.0127,0.0348,0.0378,0.0185,0.1698,0.2083,0.2665,0.7242350357847431,2.807679597899531,2.807679597899531,0
23003,Angiari,Verona,5,45.218142,11.283908,0.0849,0.0778,0.0988,0.0321,0.0352,0.0228,0.0382,0.0422,0.0314,0.198,0.256,0.341,1.1312052702081519,0.9746028045592452,0.9746028045592452,0
17172,San Gervasio Bresciano,Brescia,3,45.307376,10.148671,0.1159,0.1062,0.1254,0.0346,0.037,0.0217,0.0432,0.0468,0.0322,0.2473,0.3292,0.461,1.5010973334197726,2.147507404369631,2.147507404369631,0
58018,Capena,Roma,12,42.14015,12.540201,0.1199,0.1038,0.1274,0.0427,0.0475,0.0248,0.052,0.0574,0.0337,0.2577,0.3378,0.4515,1.775500261986799,1.2241166566314543,1.2241166566314543,0
1099,Druento,Torino,1,45.134748,7.576618,0.0612,0.0412,0.0719,0.0244,0.0272,0.0083,0.0301,0.0336,0.013,0.1357,0.1632,0.2017,1.0967626273480635,3.662538688980253,3.662538688980253,0
52035,Torrita di Siena,Siena,9,43.16676,11.771647,0.146,0.1282,0.1618,0.0501,0.0545,0.0307,0.0607,0.067,0.0416,0.3309,0.4196,0.549,0.6843166365882178,0.7825947143547524,0.7825947143547524,0
41043,Pergola,Pesaro e Urbino,11,43.56321,12.836317,0.1738,0.1448,0.1934,0.0553,0.058,0.0404,0.0699,0.0735,0.0553,0.3563,0.4518,0.6043,0.4034115925059655,4.261186505741402,4.261186505741402,0
54034,Nocera Umbra,Perugia,10,43.113619,12.788608,0.2348,0.2127,0.2538,0.0734,0.0765,0.0613,0.0956,0.0976,0.0824,0.5066,0.6419,0.8416,0.5049294694437242,2.817198060793423,2.817198060793423,0
63045,Melito di Napoli,Napoli,15,40.920511,14.230029,0.1551,0.1076,0.1693,0.0437,0.0464,0.0206,0.057,0.0612,0.0329,0.3075,0.3915,0.5514,1.317160528273271,1.89079227708158,1.89079227708158,0
4073,Cortemilia,Cuneo,1,44.579471,8.193302,0.0484,0.0233,0.0551,0.0185,0.0219,0.0,0.0234,0.0273,0.0,0.1078,0.13,0.1619,1.1652436354017908,3.931037290263746,3.931037290263746,0
5067,Monale,Asti,1,44.93605,8.071859,0.0409,0.0162,0.0493,0.0176,0.0212,0.0,0.0216,0.0261,0.0,0.0941,0.1125,0.1366,1.4746668467484545,3.281016418429035,3.281016418429035,0
81008,Erice,Trapani,19,38.03823,12.587182,0.0545,0.0302,0.0584,0.0167,0.0177,0.0,0.0225,0.024,0.0,0.1201,0.149,0.1917,0.9289640593568772,2.0909429251926976,2.0909429251926976,0
21066,Postal/Burgstall,Bolzano/Bozen,4,46.607583,11.193324,0.0451,0.0227,0.0531,0.017,0.0203,0.0,0.0213,0.0255,0.0,0.0961,0.1164,0.144,0.9167758921029926,3.0441439966993262,3.0441439966993262,0
21004,Appiano sulla strada del vino/Eppan an der Weinstraße,Bolzano/Bozen,4,46.461908,11.260867,0.0509,0.03,0.059,0.0192,0.0229,0.0,0.0242,0.0281,0.0,0.1057,0.1267,0.158,0.7024526015092272,1.7972811472114172,1.7972811472114172,0
69032,Filetto,Chieti,13,42.228224,14.245095,0.1632,0.1191,0.1779,0.0509,0.0553,0.0332,0.0634,0.0693,0.0449,0.3287,0.4225,0.5786,1.2718679080124295,1.431829676888965,1.431829676888965,0
37042,Monte San Pietro,Bologna,8,44.428404,11.15122,0.1617,0.1269,0.1739,0.0551,0.0605,0.0408,0.0683,0.0762,0.0534,0.3574,0.4401,0.5622,1.5308569035841444,3.78312534723335,3.78312534723335,0
21015,Caldaro sulla strada del vino/Kaltern an der Weinstraße,Bolzano/Bozen,4,46.413259,11.246202,0.0517,0.0314,0.06,0.02,0.0238,0.0,0.0253,0.0291,0.0094,0.1096,0.131,0.1638,1.4588649942307699,0.13364358929258238,0.13364358929258238,0
24017,Brogliano,Vicenza,5,45.588786,11.364543,0.1629,0.142,0.1795,0.0428,0.046,0.0376,0.0572,0.0606,0.0495,0.343,0.4473,0.6177,1.6091568606780267,3.000754534120142,3.000754534120142,0
3115,Pella,Novara,1,45.801625,8.384779,0.044,0.0224,0.0516,0.016,0.0188,0.0,0.0199,0.0238,0.0,0.0928,0.1128,0.1393,1.0886507854829688,3.4939169544236788,3.4939169544236788,0
35005,Boretto,Reggio nell'Emilia,8,44.90187,10.554287,0.0908,0.0863,0.1019,0.0367,0.0398,0.0224,0.0443,0.049,0.0306,0.198,0.2463,0.3297,1.0931321833444476,2.9987568076330953,2.9987568076330953,0
2137,Serravalle Sesia,Vercelli,1,45.685568,8.310924,0.0407,0.0186,0.0493,0.0156,0.0188,0.0,0.0193,0.0235,0.0,0.0878,0.1063,0.1313,1.2768010928562936,3.757140869004907,3.757140869004907,0
9003,Albissola Marina,Savona,7,44.327279,8.503102,0.0538,0.0302,0.0595,0.0188,0.0222,0.0,0.0243,0.028,0.0,0.1173,0.1433,0.1826,0.7688469142511211,2.7363865466018398,2.7363865466018398,0
61046,Lusciano,Caserta,15,40.970012,14.190427,0.1359,0.0915,0.1449,0.0426,0.0455,0.0192,0.0548,0.0575,0.0301,0.2692,0.3367,0.4367,0.520773865971258,3.4599081094147044,3.4599081094147044,0
4049,Castelletto Stura,Cuneo,1,44.441789,7.638649,0.0967,0.0717,0.1079,0.0336,0.0356,0.0191,0.0431,0.0464,0.0283,0.2329,0.2928,0.3817,0.7488942609955078,3.5451428717424727,3.5451428717424727,0
63064,Ercolano,Napoli,15,40.805361,14.347104,0.1651,0.1152,0.1828,0.0431,0.0464,0.021,0.0573,0.0629,0.0339,0.3257,0.4149,0.5945,0.44416731614518395,2.6274103275290948,2.6274103275290948,0
71058,Troia,Foggia,16,41.363128,15.312347,0.1445,0.1211,0.1724,0.0468,0.0509,0.0354,0.0587,0.0639,0.0467,0.302,0.3841,0.5132,1.3693092746558833,2.718095206126768,2.718095206126768,0
24021,Camisano Vicentino,Vicenza,5,45.522021,11.713344,0.1252,0.1118,0.1359,0.0355,0.039,0.0323,0.0475,0.0509,0.0413,0.2723,0.3613,0.5036,1.4364877772346676,0.5737439387617002,0.5737439387617002,0
10046,Rapallo,Genova,7,44.351147,9.229671,0.0872,0.0716,0.0963,0.0302,0.0329,0.0135,0.0371,0.04,0.0197,0.1922,0.2572,0.346,0.2219389718331651,0.9356103292354768,0.9356103292354768,0
62074,Telese Terme,Benevento,15,41.216414,14.527,0.2284,0.1886,0.2367,0.0585,0.0611,0.0408,0.0772,0.08,0.0583,0.4624,0.6369,0.9245,1.5059131454944412,3.359792876377361,3.359792876377361,0
22095,Grigno,Trento,4,46.017035,11.635942,0.1222,0.1104,0.1366,0.0353,0.0394,0.0333,0.0484,0.0512,0.0414,0.263,0.3495,0.4897,1.3552019669485302,1.6858008714783121,1.6858008714783121,0
43010,Castelsantangelo sul Nera,Macerata,11,42.894492,13.15393,0.2466,0.2246,0.2738,0.0765,0.0823,0.0642,0.0982,0.1059,0.0879,0.5172,0.6719,0.9154,1.0630947164050513,1.255250184129707,1.255250184129707,0
17114,Montirone,Brescia,3,45.44638,10.228771,0.1488,0.1332,0.1591,0.0392,0.0422,0.0303,0.0521,0.0551,0.0434,0.3257,0.4256,0.5786,1.2089354101343812,1.5899958431088292,1.5899958431088292,0
67006,Bellante,Teramo,13,42.741847,13.810195,0.1765,0.1472,0.1938,0.0547,0.0577,0.0384,0.0694,0.0735,0.0527,0.3587,0.4539,0.6001,1.0029767304351644,2.4037682931557605,2.4037682931557605,0
30070,Palmanova,Udine,6,45.905464,13.309932,0.1475,0.1313,0.1796,0.0399,0.0434,0.0361,0.0526,0.0554,0.0456,0.2805,0.374,0.5273,1.4056711008400398,4.562074946400422,4.562074946400422,0
73006,Fragagnano,Taranto,16,40.431924,17.472207,0.059,0.0409,0.0644,0.0204,0.0232,0.0,0.0271,0.0297,0.0126,0.1185,0.1409,0.1721,1.2173666564667303,3.323540257278612,3.323540257278612,0
12106,Mornago,Varese,3,45.747541,8.752299,0.0377,0.0139,0.0442,0.0143,0.018,0.0,0.0179,0.0222,0.0,0.0811,0.0964,0.1205,0.885332670056344,1.723448898702591,1.723448898702591,0
38023,Voghiera,Ferrara,8,44.759074,11.751132,0.1469,0.1385,0.1713,0.0385,0.0416,0.0307,0.0492,0.0527,0.0438,0.3384,0.4516,0.6268,0.5954662779144608,2.7043789003845964,2.7043789003845964,0
72041,Santeramo in Colle,Bari,16,40.793027,16.755286,0.0911,0.0801,0.1,0.0326,0.0352,0.0202,0.0402,0.0438,0.028,0.2009,0.248,0.3155,1.5655768911714703,3.295509588292271,3.295509588292271,0
16087,Covo,Bergamo,3,45.500322,9.770107,0.1254,0.1013,0.1358,0.0342,0.036,0.0204,0.0447,0.0471,0.0318,0.2689,0.3511,0.4652,1.1589878689871453,3.054313139272191,3.054313139272191,0
63012,Calvizzano,Napoli,15,40.905696,14.19329,0.1574,0.1095,0.1736,0.0443,0.0474,0.0223,0.0585,0.0646,0.0353,0.3339,0.4238,0.6046,0.07069617602261584,3.7251340056256654,3.7251340056256654,0
63030,Crispano,Napoli,15,40.952512,14.28993,0.1596,0.1124,0.1726,0.0455,0.048,0.0227,0.059,0.0642,0.0353,0.3226,0.4095,0.5817,1.3231853337236004,2.3434333925632425,2.3434333925632425,0
27023,Mira,Venezia,5,45.437774,12.132805,0.077,0.0704,0.0863,0.0287,0.032,0.0186,0.0348,0.0382,0.0261,0.1644,0.2137,0.2849,0.7623534721196009,1.2965970466192704,1.2965970466192704,0
15178,Pozzuolo Martesana,Milano,3,45.513975,9.456252,0.0769,0.0594,0.0843,0.0237,0.0268,0.008,0.0305,0.0335,0.0139,0.1591,0.2027,0.2748,1.2793953358863526,3.247243380847232,3.247243380847232,0
21038,Lagundo/Algund,Bolzano/Bozen,4,46.682519,11.123069,0.0437,0.0213,0.0514,0.0166,0.0198,0.0,0.0209,0.0249,0.0,0.0962,0.1167,0.1446,1.637418144150112,4.184958285102138,4.184958285102138,0
97009,Bosisio Parini,Lecco,3,45.80228,9.290743,0.0498,0.0283,0.0569,0.018,0.0213,0.0,0.0227,0.0268,0.0,0.1073,0.1299,0.1648,0.872652589510738,3.198112295499209,3.198112295499209,0
30001,Aiello del Friuli,Udine,6,45.872922,13.363628,0.1394,0.1244,0.1681,0.0421,0.0446,0.0371,0.0554,0.0571,0.0475,0.3039,0.4056,0.5724,0.6821733561085905,2.3541157796990273,2.3541157796990273,0
75092,Veglie,Lecce,16,40.335126,17.965219,0.0499,0.0309,0.0565,0.0149,0.0176,0.0,0.0199,0.0239,0.0,0.0886,0.1095,0.1374,0.8925326112375621,1.9975028189228687,1.9975028189228687,0
75002,Alessano,Lecce,16,39.889678,18.331208,0.0641,0.0626,0.0832,0.0165,0.0193,0.0,0.0223,0.0278,0.0115,0.1374,0.18,0.2474,1.5554003427475906,2.5169925831754063,2.5169925831754063,0
72040,Sannicandro di Bari,Bari,16,41.00052,16.797697,0.0751,0.0665,0.0873,0.0278,0.0303,0.0153,0.0345,0.0375,0.0217,0.1663,0.2076,0.2706,0.7017064743033291,1.6286363633755085,1.6286363633755085,0
58057,Marino,Roma,12,41.769788,12.658608,0.1663,0.0919,0.1997,0.057,0.061,0.0283,0.0746,0.0789,0.0371,0.3783,0.4599,0.5751,0.8346254248874145,3.302572688947642,3.302572688947642,0
58029,Cerveteri,Roma,12,41.99836,12.098851,0.0581,0.0307,0.0711,0.0272,0.0314,0.0,0.032,0.0368,0.0083,0.1297,0.1523,0.183,0.8697077671283286,3.410558860196233,3.410558860196233,0
33018,Cortemaggiore,Piacenza,8,44.996353,9.931072,0.1064,0.0871,0.1171,0.0369,0.0394,0.02,0.0463,0.0504,0.0293,0.2437,0.3181,0.4345,0.8904152235295537,3.3658363540212632,3.3658363540212632,0
29042,Salara,Rovigo,5,44.982537,11.427149,0.0935,0.0846,0.1003,0.033,0.0363,0.0231,0.0392,0.0436,0.0336,0.2313,0.3004,0.4102,0.9402631131270226,2.3920048547234956,2.3920048547234956,0
43042,Porto Recanati,Macerata,11,43.435082,13.663008,0.1791,0.161,0.217,0.0437,0.0488,0.035,0.0575,0.0641,0.0541,0.3829,0.5125,0.7225,0.8077291137666691,3.728461597750946,3.728461597750946,0
49020,Suvereto,Livorno,9,43.079015,10.678681,0.0672,0.0262,0.0788,0.03,0.0337,0.0,0.0361,0.0401,0.0,0.167,0.2011,0.2508,1.4910930088570258,2.4675317505646004,2.4675317505646004,0
39017,Sant'Agata sul Santerno,Ravenna,8,44.44217,11.860124,0.1829,0.1701,0.1922,0.0566,0.0595,0.045,0.0717,0.0757,0.0609,0.4005,0.5142,0.6851,1.3696028362384862,3.0474355276779987,3.0474355276779987,0
83104,Venetico,Messina,19,38.219944,15.366707,0.1585,0.1349,0.1744,0.0522,0.056,0.0336,0.0658,0.0711,0.0453,0.3433,0.4546,0.6564,0.2717846510305666,3.1882296467293743,3.1882296467293743,0
44063,Ripatransone,Ascoli Piceno,11,42.996178,13.761796,0.1772,0.1712,0.1914,0.0522,0.0556,0.0389,0.0662,0.0712,0.0542,0.3796,0.5006,0.6827,1.4567365143908122,1.2901469328664223,1.2901469328664223,0
36010,Concordia sulla Secchia,Modena,8,44.913174,10.983297,0.1296,0.1216,0.1485,0.0368,0.0399,0.0264,0.0455,0.0502,0.0388,0.3113,0.423,0.5912,1.1723940238670216,3.697865898079609,3.697865898079609,0
30023,Cervignano del Friuli,Udine,6,45.822834,13.336382,0.1214,0.1086,0.1378,0.037,0.0409,0.0343,0.0485,0.0521,0.0428,0.2595,0.3431,0.485,1.3695304685632512,1.7387139185508114,1.7387139185508114,0
1255,Sant'Ambrogio di Torino,Torino,1,45.099445,7.362315,0.1156,0.0865,0.1266,0.0355,0.0375,0.0208,0.0463,0.0494,0.0311,0.2631,0.3318,0.432,1.1821127880323885,4.228270433633619,4.228270433633619,0
20010,Casalmoro,Mantova,3,45.259577,10.404478,0.1118,0.101,0.1194,0.0345,0.0371,0.0238,0.0428,0.0466,0.0351,0.2491,0.3236,0.4485,1.6569787104715308,4.162966474102538,4.162966474102538,0
50031,San Giuliano Terme,Pisa,9,43.762996,10.44104,0.1214,0.1063,0.1288,0.0391,0.0432,0.0188,0.0485,0.0535,0.0281,0.2591,0.3402,0.4582,0.07204184555783182,2.0186402313603935,2.0186402313603935,0
62048,Paolisi,Benevento,15,41.037084,14.578152,0.1833,0.1457,0.1894,0.0523,0.0541,0.0319,0.0677,0.0706,0.0444,0.3525,0.462,0.6067,1.4265637803419402,3.1640915024234677,3.1640915024234677,0
79137,Soverato,Catanzaro,18,38.687717,16.550044,0.1981,0.1601,0.2071,0.0534,0.0544,0.0364,0.0695,0.0717,0.0506,0.3815,0.4943,0.6837,1.400212789866925,1.2269889414951711,1.2269889414951711,0
23060,Povegliano Veronese,Verona,5,45.348398,10.882438,0.1428,0.1256,0.1559,0.0383,0.0412,0.0344,0.0517,0.0545,0.0452,0.3138,0.4124,0.5714,1.1855650450194766,2.6129681655618655,2.6129681655618655,0
76048,Melfi,Potenza,17,40.996127,15.655654,0.1919,0.16,0.2295,0.0483,0.0535,0.0363,0.0614,0.0723,0.0523,0.4171,0.555,0.7575,0.9309470368336852,3.0821720753255826,3.0821720753255826,0
20062,Serravalle a Po,Mantova,3,45.072885,11.100535,0.0861,0.0762,0.0924,0.0323,0.0358,0.0223,0.0381,0.0425,0.0316,0.1981,0.2546,0.3335,1.6761681625809248,2.1543381138589095,2.1543381138589095,0
17068,Edolo,Brescia,3,46.179375,10.330757,0.0587,0.0414,0.0694,0.025,0.0283,0.0106,0.0308,0.0346,0.0154,0.142,0.1713,0.2145,1.6075620717987553,2.1353331308754546,2.1353331308754546,0
19003,Annicco,Cremona,3,45.244572,9.879466,0.0842,0.0666,0.0934,0.0312,0.034,0.0159,0.0378,0.0411,0.0229,0.1844,0.2303,0.307,0.9799115859055167,1.7479237264475884,1.7479237264475884,0
43026,Montecassiano,Macerata,11,43.363832,13.435709,0.1832,0.1707,0.1966,0.052,0.0556,0.0404,0.0659,0.0712,0.057,0.4054,0.534,0.7307,1.2393466379275797,2.8476424197729044,2.8476424197729044,0
16101,Fontanella,Bergamo,3,45.469877,9.801961,0.1256,0.1018,0.136,0.0342,0.036,0.0204,0.0447,0.0471,0.0318,0.2689,0.3511,0.4652,0.9229525692256568,1.9789516738475768,1.9789516738475768,0
35023,Gualtieri,Reggio nell'Emilia,8,44.905013,10.630226,0.0961,0.0889,0.101,0.0365,0.0396,0.0228,0.0441,0.0488,0.0313,0.2082,0.2747,0.3825,1.2907478154329872,3.6212768062858487,3.6212768062858487,0
17119,Nuvolento,Brescia,3,45.545784,10.386772,0.1584,0.139,0.1692,0.041,0.0452,0.0347,0.0545,0.0588,0.0501,0.3522,0.458,0.6212,1.2258259979515802,3.797524867046228,3.797524867046228,0
80057,Palmi,Reggio di Calabria,18,38.357449,15.846565,0.2598,0.2217,0.2832,0.0648,0.0659,0.0456,0.087,0.09,0.0633,0.5192,0.7012,0.9965,1.171687426679291,0.30974229394193914,0.30974229394193914,0
66053,Magliano de' Marsi,L'Aquila,13,42.091529,13.363794,0.2433,0.2197,0.2701,0.0722,0.0783,0.0613,0.0951,0.0999,0.0838,0.5028,0.649,0.88,0.37711820061359586,1.1906707113028738,1.1906707113028738,0
74010,Mesagne,Brindisi,16,40.558829,17.808313,0.0493,0.0276,0.0548,0.0152,0.0178,0.0,0.02,0.0236,0.0,0.0894,0.1093,0.1352,0.8649485918048305,2.9328593126424702,2.9328593126424702,0
8011,Camporosso,Imperia,7,43.815101,7.628418,0.1369,0.1049,0.1567,0.0245,0.0292,0.0147,0.0356,0.04,0.0254,0.2586,0.3419,0.4751,0.8200901787917652,4.401859302541586,4.401859302541586,0
6030,Carbonara Scrivia,Alessandria,1,44.8494,8.869654,0.0882,0.0697,0.0983,0.0229,0.0263,0.0,0.0307,0.0336,0.0136,0.1867,0.2539,0.3535,1.767060860140766,3.589405152657311,3.589405152657311,0
21080,San Leonardo in Passiria/St. Leonhard in Passeier,Bolzano/Bozen,4,46.811893,11.247136,0.0408,0.0184,0.0476,0.0146,0.0177,0.0,0.0186,0.0222,0.0,0.0874,0.1069,0.1332,0.6038609295746669,1.7814718234210791,1.7814718234210791,0
12096,Malnate,Varese,3,45.800092,8.878168,0.0383,0.0144,0.045,0.0147,0.0184,0.0,0.0184,0.0227,0.0,0.0833,0.0998,0.1244,1.4709087309680504,3.115089835456904,3.115089835456904,0
108002,Aicurzio,Monza e della Brianza,3,45.639977,9.414949,0.0711,0.0538,0.0778,0.0229,0.0261,0.0,0.0298,0.0328,0.0132,0.159,0.2047,0.2788,1.1349003298748945,2.682980429725343,2.682980429725343,0
5121,Montiglio Monferrato,Asti,1,45.06447,8.098861,0.039,0.014,0.0474,0.0163,0.0199,0.0,0.0199,0.0245,0.0,0.0853,0.1005,0.1221,0.4794005978147002,1.5071651799732724,1.5071651799732724,0
97054,Monticello Brianza,Lecco,3,45.70878,9.314141,0.0543,0.0339,0.0612,0.0199,0.0234,0.0,0.026,0.0295,0.0089,0.1284,0.1603,0.2099,1.3555617041248706,3.1641524444269185,3.1641524444269185,0
64049,Mercogliano,Avellino,15,40.920162,14.738605,0.1955,0.1548,0.2044,0.0537,0.0554,0.0344,0.071,0.074,0.0492,0.3849,0.5012,0.6563,1.4309910793184786,1.3271513675422566,1.3271513675422566,0
2002,Alagna Valsesia,Vercelli,1,45.851211,7.937177,0.066,0.0445,0.0758,0.0243,0.026,0.0088,0.031,0.033,0.0144,0.1481,0.1788,0.2251,0.5498650244991757,3.577516959594162,3.577516959594162,0
55017,Montecastrilli,Terni,10,42.652434,12.488567,0.1576,0.1415,0.1777,0.0538,0.0583,0.0376,0.066,0.0724,0.0506,0.351,0.44,0.572,0.19380057490192915,3.1578932306747034,3.1578932306747034,0
16139,Montello,Bergamo,3,45.672082,9.805657,0.1278,0.1027,0.1385,0.0333,0.035,0.0192,0.0439,0.0461,0.0309,0.272,0.3558,0.4718,1.155986099694719,3.626880723137833,3.626880723137833,0
76057,Palazzo San Gervasio,Potenza,17,40.931324,15.980767,0.1584,0.1314,0.1938,0.0414,0.0466,0.032,0.0529,0.0597,0.0437,0.3185,0.4175,0.566,1.2505396920989433,3.736398157916592,3.736398157916592,0
6151,Sale,Alessandria,1,44.980656,8.809348,0.0682,0.0486,0.0753,0.0203,0.0239,0.0,0.0271,0.0305,0.0099,0.1482,0.1927,0.266,0.8103227412796468,2.399794413148773,2.399794413148773,0
17169,Sale Marasino,Brescia,3,45.715453,10.111139,0.1298,0.1073,0.1401,0.0367,0.0385,0.026,0.0484,0.0509,0.0367,0.2792,0.354,0.4762,1.1041795391681144,3.1412210653290686,3.1412210653290686,0
4128,Monasterolo di Savigliano,Cuneo,1,44.686338,7.619528,0.0821,0.0611,0.0932,0.0284,0.031,0.0133,0.0353,0.0384,0.0192,0.1722,0.2111,0.2692,0.42742571930834133,3.749922268235896,3.749922268235896,0
27003,Campolongo Maggiore,Venezia,5,45.330536,12.048313,0.0643,0.0547,0.0738,0.0274,0.0304,0.0147,0.0329,0.0361,0.02,0.1397,0.1726,0.2174,1.050247801072062,2.368151009007583,2.368151009007583,0
96015,Castelletto Cervo,Biella,1,45.516218,8.226654,0.0387,0.0143,0.0462,0.0154,0.0189,0.0,0.0189,0.0235,0.0,0.083,0.0986,0.1219,0.23819462724794696,1.474707430170964,1.474707430170964,0
90070,Tempio Pausania,Sassari,20,40.897382,9.103516,0.0,0.0,0.0,0.0,0.0,0.0,0.0,0.0,0.0,0.0,0.0,0.0,181.90017036121375,182.31099307064108,182.31099307064108,1
31008,Gradisca d'Isonzo,Gorizia,6,45.889551,13.500329,0.1701,0.1521,0.2117,0.0458,0.0484,0.0395,0.06,0.0641,0.0521,0.352,0.4661,0.6516,0.419646014740801,1.2973582688160792,1.2973582688160792,0
17016,Berzo Demo,Brescia,3,46.093418,10.336266,0.0594,0.0447,0.0701,0.0256,0.0289,0.012,0.0311,0.0349,0.0168,0.1391,0.167,0.2071,1.3622506356025983,1.4328742672597468,1.4328742672597468,0
41005,Belforte all'Isauro,Pesaro e Urbino,11,43.716553,12.376048,0.1791,0.1401,0.2025,0.0593,0.063,0.0419,0.0749,0.079,0.0559,0.3673,0.4661,0.6126,1.4983031565495064,1.6607746931114125,1.6607746931114125,0
97079,Taceno,Lecco,3,46.024486,9.36394,0.0438,0.021,0.0518,0.018,0.0213,0.0,0.0223,0.0265,0.0,0.1021,0.1231,0.1539,0.5970343481356172,3.3380222154689236,3.3380222154689236,0
60044,Monte San Giovanni Campano,Frosinone,12,41.64062,13.513704,0.1848,0.1668,0.1947,0.0579,0.0629,0.0455,0.0732,0.0786,0.0626,0.3837,0.4872,0.6426,1.6697110009987168,2.6793954322374303,2.6793954322374303,0
16057,Carvico,Bergamo,3,45.703779,9.482249,0.0756,0.0584,0.0823,0.0236,0.0266,0.0077,0.0307,0.0336,0.0141,0.1673,0.2172,0.2974,0.5635282069613466,1.6870179348851004,1.6870179348851004,0
70031,Larino,Campobasso,14,41.805567,14.921098,0.1963,0.1374,0.2347,0.0526,0.0545,0.0368,0.069,0.0711,0.0494,0.3969,0.516,0.7063,1.0758966737013536,3.3565641845481373,3.3565641845481373,0
89015,Palazzolo Acreide,Siracusa,19,37.061913,14.90391,0.2737,0.2181,0.3295,0.0478,0.0533,0.0425,0.0662,0.0778,0.0595,0.5325,0.7354,1.0484,0.3311329180879477,2.919257999873468,2.919257999873468,0
52033,Sinalunga,Siena,9,43.212124,11.736483,0.1457,0.1296,0.1643,0.0491,0.0537,0.0293,0.0595,0.066,0.0396,0.3251,0.4139,0.543,0.6265295404123022,3.5192508825688535,3.5192508825688535,0
1060,Casalborgone,Torino,1,45.130451,7.940426,0.0412,0.0163,0.05,0.0175,0.0209,0.0,0.0213,0.0258,0.0,0.0902,0.1075,0.1298,1.3810029031663082,3.8556518489938028,3.8556518489938028,0
71014,Casalvecchio di Puglia,Foggia,16,41.593832,15.110539,0.1963,0.1396,0.2359,0.0551,0.0569,0.0395,0.0721,0.0748,0.0531,0.4021,0.5182,0.7039,0.8273551113779156,2.870645049961211,2.870645049961211,0
97062,Paderno d'Adda,Lecco,3,45.681458,9.44456,0.0729,0.0558,0.0794,0.0223,0.0255,0.0,0.0291,0.0322,0.0124,0.1537,0.1968,0.2671,0.7603356797116908,3.5058182834976592,3.5058182834976592,0
17123,Ome,Brescia,3,45.627283,10.121365,0.141,0.1202,0.1533,0.0394,0.0417,0.0301,0.053,0.0552,0.042,0.3043,0.3885,0.5168,0.7605568962992638,1.8163095987682318,1.8163095987682318,0
43038,Pieve Torina,Macerata,11,43.043287,13.048911,0.2269,0.2035,0.245,0.0715,0.0751,0.056,0.0903,0.0952,0.0767,0.4711,0.6057,0.8092,1.530247535408685,3.5735906278727194,3.5735906278727194,0
30068,Pagnacco,Udine,6,46.12428,13.186975,0.2295,0.2057,0.2817,0.0618,0.0675,0.0553,0.0819,0.093,0.0729,0.4882,0.641,0.8826,1.1463799594040525,1.9834900792972043,1.9834900792972043,0
41047,Piandimeleto,Pesaro e Urbino,11,43.724158,12.411048,0.1771,0.1374,0.2,0.0593,0.063,0.0419,0.0749,0.079,0.0559,0.3673,0.4661,0.6126,1.0330572052393348,3.1717497644692907,3.1717497644692907,0
90011,Bonnanaro,Sassari,20,40.533359,8.76442,0.0,0.0,0.0,0.0,0.0,0.0,0.0,0.0,0.0,0.0,0.0,0.0,237.1221757098012,237.54225488430916,237.54225488430916,1
30075,Pocenia,Udine,6,45.835515,13.100829,0.1052,0.0971,0.1135,0.0347,0.0385,0.0316,0.0445,0.0483,0.0394,0.2288,0.2868,0.392,0.46014988838971577,3.4165511096494354,3.4165511096494354,0
12063,Cuvio,Varese,3,45.896177,8.734129,0.039,0.0165,0.046,0.0146,0.0181,0.0,0.0183,0.0224,0.0,0.0841,0.1015,0.1266,1.0991572986788818,2.364566171893943,2.364566171893943,0
82036,Gangi,Palermo,19,37.795627,14.20672,0.1477,0.1294,0.1584,0.0422,0.0442,0.0264,0.0549,0.0572,0.0374,0.2951,0.3854,0.5331,0.7810185258084354,2.8464555106023144,2.8464555106023144,0
16032,Borgo di Terzo,Bergamo,3,45.721786,9.894848,0.1259,0.1016,0.1364,0.0346,0.0362,0.0214,0.0453,0.0476,0.0323,0.2673,0.3501,0.4635,1.518945389252567,2.3629103742365767,2.3629103742365767,0
38022,Vigarano Mainarda,Ferrara,8,44.843422,11.494436,0.1401,0.1322,0.1621,0.0363,0.0391,0.0282,0.0453,0.0492,0.0397,0.3096,0.4168,0.5802,0.9656070310828968,3.6975346126397177,3.6975346126397177,0
29047,Trecenta,Rovigo,5,45.030944,11.460521,0.0835,0.0754,0.0879,0.0316,0.035,0.0207,0.0375,0.0413,0.0301,0.195,0.2517,0.3374,0.5181198870565686,2.687876614521681,2.687876614521681,0
18052,Confienza,Pavia,3,45.332162,8.556336,0.0372,0.0131,0.0447,0.0149,0.0183,0.0,0.0186,0.0226,0.0,0.0814,0.0956,0.1178,0.44207273041445694,3.319468960066618,3.319468960066618,0
17018,Bienno,Brescia,3,45.935562,10.294791,0.0819,0.0709,0.0913,0.0297,0.0324,0.0166,0.0362,0.0393,0.0242,0.1774,0.223,0.2946,0.6922862276920752,3.9824787565856172,3.9824787565856172,0
16149,Onore,Bergamo,3,45.891169,10.009936,0.0874,0.0683,0.0957,0.0296,0.0322,0.0153,0.0367,0.0395,0.0224,0.19,0.2393,0.3176,0.9509963876245865,3.86974332809822,3.86974332809822,0
13009,Anzano del Parco,Como,3,45.768478,9.195442,0.0445,0.0215,0.0519,0.0174,0.0207,0.0,0.0219,0.026,0.0,0.1025,0.1245,0.157,1.4746696492628013,1.0666097088434014,1.0666097088434014,0
62003,Apice,Benevento,15,41.118424,14.914866,0.2676,0.2295,0.2832,0.0629,0.0654,0.0469,0.0842,0.0868,0.065,0.5172,0.7185,1.0193,0.23862324208350122,3.551669322504964,3.551669322504964,0
30019,Cassacco,Udine,6,46.173595,13.187934,0.2443,0.2186,0.2977,0.0652,0.0724,0.0582,0.0876,0.0992,0.077,0.5173,0.6775,0.9296,0.5400062061210235,1.9273474960095636,1.9273474960095636,0
23087,Tregnago,Verona,5,45.513977,11.165641,0.1625,0.1413,0.1799,0.0431,0.0465,0.038,0.0576,0.0616,0.0503,0.3481,0.4537,0.6244,1.5233938027206086,3.0404437088620373,3.0404437088620373,0
22050,Cavalese,Trento,4,46.291187,11.460468,0.0642,0.0541,0.0739,0.0255,0.0289,0.0152,0.0314,0.0348,0.021,0.1421,0.1785,0.2264,1.3218048533089535,2.7256373925687623,2.7256373925687623,0
16135,Misano di Gera d'Adda,Bergamo,3,45.468775,9.621057,0.0977,0.0782,0.1052,0.0301,0.0325,0.0152,0.0383,0.0405,0.0237,0.2249,0.2985,0.4087,1.420111966931678,2.6098827970731375,2.6098827970731375,0
63003,Agerola,Napoli,15,40.637707,14.538839,0.0975,0.0597,0.1019,0.0355,0.0372,0.0117,0.0441,0.0465,0.0196,0.1916,0.2302,0.2864,0.7189184016074406,1.0296021042067198,1.0296021042067198,0
31002,Cormons,Gorizia,6,45.957791,13.470954,0.1937,0.1738,0.2385,0.0508,0.0536,0.0435,0.0666,0.0725,0.0584,0.3975,0.5254,0.7331,0.5302455326355544,3.2779969210310433,3.2779969210310433,0
28097,Vescovana,Padova,5,45.134514,11.708435,0.0635,0.0562,0.073,0.0283,0.0318,0.015,0.0337,0.0373,0.0207,0.1373,0.1661,0.2077,0.16643814273161472,1.928315041927105,1.928315041927105,0
30077,Porpetto,Udine,6,45.858174,13.217853,0.1156,0.1048,0.1297,0.035,0.039,0.0322,0.0458,0.0491,0.0399,0.2348,0.2966,0.4136,0.7893701513974816,3.0957859532062013,3.0957859532062013,0
51027,Ortignano Raggiolo,Arezzo,9,43.672777,11.715607,0.1532,0.1374,0.1657,0.053,0.0573,0.0362,0.0644,0.0706,0.0488,0.3174,0.4006,0.5315,0.9940993053601976,2.5124245269291547,2.5124245269291547,0
35002,Bagnolo in Piano,Reggio nell'Emilia,8,44.762967,10.673293,0.152,0.1406,0.1542,0.0444,0.0481,0.0315,0.0556,0.0596,0.0428,0.338,0.4487,0.618,0.9759973492966394,1.2802648811064234,1.2802648811064234,0
29013,Castelnovo Bariano,Rovigo,5,45.027827,11.287445,0.089,0.0793,0.0942,0.0324,0.0358,0.0224,0.0383,0.0426,0.0319,0.2116,0.2691,0.3579,0.21862278746326388,1.9607612751885621,1.9607612751885621,0
18160,Torrevecchia Pia,Pavia,3,45.283242,9.29665,0.065,0.0437,0.0726,0.023,0.0265,0.0,0.0293,0.0327,0.0118,0.1484,0.19,0.2596,1.2830066531177104,2.4526932870755886,2.4526932870755886,0
3083,Landiona,Novara,1,45.496357,8.42308,0.0373,0.0125,0.0436,0.0143,0.018,0.0,0.0179,0.0221,0.0,0.0784,0.0918,0.1145,1.3144250076066162,2.1524114192882426,2.1524114192882426,0
108049,Villasanta,Monza e della Brianza,3,45.603981,9.300571,0.0572,0.0372,0.0646,0.0195,0.023,0.0,0.0252,0.0289,0.0081,0.1223,0.1508,0.1945,1.4176487357854495,2.6729960395054544,2.6729960395054544,0
63048,Mugnano di Napoli,Napoli,15,40.9093,14.206835,0.1601,0.1119,0.1765,0.0437,0.0464,0.0206,0.057,0.0612,0.0329,0.3075,0.3915,0.5514,1.4354075158333512,2.8958678439432197,2.8958678439432197,0
23030,Costermano sul Garda,Verona,5,45.585664,10.739974,0.1649,0.1434,0.1825,0.0438,0.0477,0.0391,0.0581,0.0631,0.0516,0.3516,0.46,0.6323,1.1287319492084689,4.176305030171512,4.176305030171512,0
63033,Frattaminore,Napoli,15,40.95574,14.270948,0.1562,0.1091,0.1687,0.0455,0.048,0.0227,0.059,0.0642,0.0353,0.3226,0.4095,0.5817,1.1298530543415417,3.018164008612437,3.018164008612437,0
2128,Saluggia,Vercelli,1,45.237554,8.011026,0.0391,0.014,0.0473,0.0163,0.0198,0.0,0.0199,0.0245,0.0,0.0849,0.0994,0.1203,1.7233673226355763,2.9571461681322786,2.9571461681322786,0
94023,Isernia,Isernia,14,41.649468,14.208148,0.2679,0.2415,0.2865,0.0719,0.078,0.0579,0.0924,0.1016,0.0793,0.539,0.6972,0.9731,0.8076933662242469,2.7421885796254637,2.7421885796254637,0
5013,Calamandrana,Asti,1,44.737016,8.334154,0.0478,0.0255,0.0543,0.0175,0.0212,0.0,0.0222,0.0266,0.0,0.1087,0.1335,0.1747,1.0130362943810614,2.627261364906431,2.627261364906431,0
17089,Limone sul Garda,Brescia,3,45.814119,10.791579,0.1426,0.1274,0.1555,0.037,0.0402,0.0332,0.0511,0.0541,0.0449,0.3146,0.4158,0.5776,1.0490644773387903,2.767164432054153,2.767164432054153,0
72022,Giovinazzo,Bari,16,41.187501,16.671666,0.087,0.0757,0.1061,0.0289,0.0317,0.0154,0.0358,0.0394,0.0231,0.188,0.2627,0.3621,0.9517264777435385,0.9575872769757477,0.9575872769757477,0
15226,Turbigo,Milano,3,45.52915,8.736666,0.0377,0.0134,0.0443,0.0145,0.0181,0.0,0.0181,0.0222,0.0,0.0802,0.0947,0.1175,1.2726503192430445,3.0326830105358975,3.0326830105358975,0
93047,Travesio,Pordenone,6,46.196536,12.870994,0.254,0.2286,0.3082,0.066,0.0733,0.0586,0.0892,0.1001,0.0781,0.5241,0.6867,0.9485,0.8480080537558219,3.643924013664759,3.643924013664759,0
71001,Accadia,Foggia,16,41.158824,15.33145,0.2106,0.1806,0.2519,0.0522,0.0559,0.0391,0.0666,0.0753,0.056,0.4335,0.5765,0.7987,1.4042190730813782,2.3993916931760833,2.3993916931760833,0
30127,Tricesimo,Udine,6,46.160562,13.212536,0.2394,0.2144,0.2925,0.0652,0.0724,0.0582,0.0876,0.0992,0.077,0.5173,0.6775,0.9296,0.732092490926315,2.953806799859776,2.953806799859776,0
60025,Ceprano,Frosinone,12,41.540418,13.512205,0.1608,0.1414,0.1682,0.051,0.0553,0.0366,0.0634,0.069,0.0514,0.3362,0.4272,0.5667,1.5581672747202286,2.511946959108573,2.511946959108573,0
99001,Bellaria-Igea Marina,Rimini,8,44.142108,12.469694,0.1829,0.1646,0.217,0.0509,0.0554,0.0394,0.0665,0.0707,0.0577,0.4088,0.5371,0.7404,0.5080303803983957,2.996924820621936,2.996924820621936,0
16238,Villa d'Adda,Bergamo,3,45.71398,9.461649,0.0711,0.0538,0.0778,0.0236,0.0266,0.0077,0.0307,0.0336,0.0141,0.1673,0.2172,0.2974,1.726851301758935,2.6410946269223023,2.6410946269223023,0
37015,Castel di Casio,Bologna,8,44.162956,11.035811,0.1903,0.1693,0.2065,0.0608,0.0671,0.046,0.0772,0.0843,0.0624,0.4028,0.5049,0.6664,0.45676288965963796,1.783714152382901,1.783714152382901,0
28028,Casalserugo,Padova,5,45.316226,11.913545,0.0681,0.0601,0.0765,0.0285,0.0316,0.0166,0.0343,0.0374,0.023,0.1481,0.1779,0.2342,1.2465091534251826,1.7889913717266885,1.7889913717266885,0
17050,Ceto,Brescia,3,46.002595,10.351963,0.0703,0.06,0.0797,0.0281,0.0311,0.0152,0.0342,0.0376,0.0218,0.1611,0.1989,0.2558,1.0569480454899893,2.7685335340539172,2.7685335340539172,0
87041,San Giovanni la Punta,Catania,19,37.577407,15.094215,0.2258,0.1968,0.2683,0.0819,0.0944,0.0514,0.1009,0.1168,0.0669,0.4576,0.5987,0.8597,0.2797273360983782,3.523517117094083,3.523517117094083,0
17101,Malonno,Brescia,3,46.122581,10.319212,0.0591,0.0425,0.0698,0.0251,0.0284,0.011,0.0306,0.0344,0.0157,0.1373,0.1648,0.204,1.058396846174623,2.3560390953536157,2.3560390953536157,0
66032,Celano,L'Aquila,13,42.084324,13.546207,0.2593,0.2362,0.2842,0.0782,0.0861,0.0678,0.1029,0.1104,0.0917,0.5319,0.6899,0.9403,1.524931333635952,1.2698886026060585,1.2698886026060585,0
12005,Arsago Seprio,Varese,3,45.688158,8.731452,0.0375,0.0135,0.0439,0.0142,0.0179,0.0,0.0178,0.022,0.0,0.0803,0.0951,0.1189,1.0206876590693927,3.542666380199606,3.542666380199606,0
108052,Caponago,Monza e della Brianza,3,45.565438,9.375441,0.0642,0.0458,0.0718,0.0215,0.0248,0.0,0.0278,0.0311,0.011,0.139,0.1746,0.2328,0.5250166195937723,2.5581319650779215,2.5581319650779215,0
15248,Villa Cortese,Milano,3,45.566752,8.888903,0.0386,0.0148,0.046,0.0152,0.0186,0.0,0.0188,0.023,0.0,0.0837,0.0998,0.1233,0.556917316265494,4.495458472846483,4.495458472846483,0
69059,Paglieta,Chieti,13,42.163039,14.497318,0.0978,0.078,0.1089,0.0387,0.0426,0.0236,0.0473,0.052,0.0318,0.2,0.2426,0.3075,1.1690881572278442,2.0320368930234207,2.0320368930234207,0
22129,Novaledo,Trento,4,46.022818,11.366434,0.0888,0.0837,0.1041,0.0307,0.0346,0.0251,0.0375,0.0426,0.0341,0.2012,0.2543,0.3409,0.8975946354051716,3.704988958493666,3.704988958493666,0
37025,Dozza,Bologna,8,44.359391,11.628879,0.2051,0.1589,0.2312,0.0651,0.0701,0.0502,0.0834,0.0899,0.0653,0.4365,0.5383,0.6881,1.447326636446196,3.177577721282857,3.177577721282857,0
51022,Marciano della Chiana,Arezzo,9,43.305227,11.786366,0.1496,0.1354,0.1736,0.0498,0.0546,0.0326,0.0603,0.0674,0.0443,0.3375,0.4279,0.5636,0.41038424117497946,2.4753740703762,2.4753740703762,0
75036,Lequile,Lecce,16,40.305826,18.140223,0.0495,0.0346,0.0583,0.0136,0.0162,0.0,0.0183,0.0226,0.0,0.0908,0.1187,0.1593,0.3867341554796276,1.9934705111781048,1.9934705111781048,0
18099,Monticelli Pavese,Pavia,3,45.110731,9.515049,0.0898,0.0697,0.0988,0.0287,0.0316,0.0118,0.0354,0.0383,0.018,0.1902,0.2473,0.3485,0.8532048906252947,1.4691455133770452,1.4691455133770452,0
72034,Poggiorsini,Bari,16,40.917126,16.254774,0.1357,0.1124,0.1651,0.038,0.0419,0.029,0.0483,0.0546,0.0387,0.2919,0.3863,0.532,1.435604023948484,2.358699668843061,2.358699668843061,0
61077,San Marcellino,Caserta,15,40.986454,14.175332,0.1246,0.0823,0.131,0.0408,0.0437,0.0175,0.0525,0.0551,0.0276,0.2508,0.3105,0.4001,0.9279224150876094,2.568935525608658,2.568935525608658,0
29050,Villanova del Ghebbo,Rovigo,5,45.059183,11.639009,0.0723,0.068,0.0775,0.0292,0.0328,0.0168,0.0348,0.0384,0.0238,0.1464,0.1869,0.2437,1.5743283953403675,1.8585398920230871,1.8585398920230871,0
98041,Mulazzano,Lodi,3,45.373492,9.397993,0.0617,0.0407,0.0703,0.023,0.0263,0.0,0.029,0.0324,0.0121,0.1379,0.1706,0.2203,1.6456519336402538,3.659672915393826,3.659672915393826,0
36038,San Possidonio,Modena,8,44.892089,10.996136,0.1371,0.1287,0.1574,0.0367,0.0397,0.0271,0.0453,0.05,0.0396,0.3126,0.423,0.5874,1.6353511079568777,3.37262714875048,3.37262714875048,0
18173,Vellezzo Bellini,Pavia,3,45.270665,9.099249,0.0558,0.0352,0.0626,0.0198,0.0235,0.0,0.0257,0.0293,0.0077,0.1256,0.1581,0.2095,0.8852958847578616,2.073217254463952,2.073217254463952,0
54005,Campello sul Clitunno,Perugia,10,42.822868,12.776263,0.2355,0.2106,0.2541,0.0755,0.0786,0.0615,0.0955,0.0997,0.0826,0.5102,0.6479,0.852,1.642158263402123,3.7264991325030787,3.7264991325030787,0
16111,Gazzaniga,Bergamo,3,45.796642,9.834955,0.1056,0.0845,0.1137,0.0315,0.0336,0.0171,0.04,0.0427,0.0264,0.2361,0.3131,0.4244,1.2291602802415194,1.9013905348165177,1.9013905348165177,0
25029,Limana,Belluno,5,46.102814,12.186303,0.2427,0.2182,0.2952,0.0622,0.069,0.0556,0.0855,0.095,0.0747,0.5133,0.6752,0.9378,1.5833023093876053,2.9233806326107157,2.9233806326107157,0
48031,Palazzuolo sul Senio,Firenze,9,44.112297,11.54774,0.2086,0.1668,0.2365,0.0705,0.0755,0.0533,0.0893,0.0956,0.0688,0.4457,0.5481,0.6987,0.721594143372263,1.075080408238479,1.075080408238479,0
22079,Dro,Trento,4,45.961471,10.91111,0.0975,0.0882,0.1096,0.031,0.0343,0.0232,0.0381,0.0428,0.0341,0.2238,0.2922,0.4104,0.9384212680758691,0.7988801368383244,0.7988801368383244,0
65089,Palomonte,Salerno,15,40.662513,15.291856,0.2051,0.1745,0.2134,0.0505,0.0519,0.0352,0.0659,0.0677,0.0501,0.3894,0.5413,0.7831,1.611041197088017,2.630772841093256,2.630772841093256,0
18065,Frascarolo,Pavia,3,45.046656,8.682044,0.0501,0.0295,0.057,0.0179,0.0211,0.0,0.0232,0.027,0.0,0.1158,0.1435,0.1873,1.6993947712091813,0.9127742576104958,0.9127742576104958,0
72014,Capurso,Bari,16,41.05032,16.916742,0.0683,0.0541,0.0777,0.0248,0.0273,0.0115,0.0312,0.0341,0.0167,0.1338,0.178,0.2292,0.8826669710919393,3.012904465843215,3.012904465843215,0
75037,Leverano,Lecce,16,40.289425,17.999414,0.0507,0.0321,0.0577,0.0146,0.0173,0.0,0.0195,0.0237,0.0,0.0897,0.1132,0.1459,1.040722464030059,1.5961215986071373,1.5961215986071373,0
69004,Arielli,Chieti,13,42.382444,14.359279,0.1018,0.0792,0.1107,0.0386,0.0422,0.0223,0.0474,0.0518,0.0306,0.2089,0.2569,0.331,1.8286761654395474,1.2074375872892598,1.2074375872892598,0
58114,Zagarolo,Roma,12,41.838384,12.83105,0.1707,0.1124,0.1993,0.0571,0.0622,0.0322,0.0745,0.079,0.0425,0.3757,0.4573,0.5737,0.9368935899749146,1.4535542917583681,1.4535542917583681,0
34026,Palanzano,Parma,8,44.437437,10.194462,0.1897,0.1685,0.2042,0.0597,0.066,0.0446,0.0761,0.0831,0.0609,0.3978,0.4898,0.6438,1.4995775559896485,0.6398974648833017,0.6398974648833017,0
35033,Reggio nell'Emilia,Reggio nell'Emilia,8,44.608664,10.594797,0.1605,0.1256,0.172,0.0516,0.0572,0.0376,0.0643,0.0728,0.0502,0.3516,0.435,0.5581,0.3188750664375948,2.1791659985271594,2.1791659985271594,0
38019,Portomaggiore,Ferrara,8,44.699258,11.804078,0.1531,0.1441,0.1795,0.0398,0.0434,0.0321,0.0516,0.0547,0.0459,0.3503,0.4659,0.6447,0.5204617522397417,2.640117672130296,2.640117672130296,0
32002,Monrupino,Trieste,6,45.717812,13.797445,0.1428,0.1207,0.1552,0.0393,0.0414,0.0355,0.0536,0.0572,0.0468,0.3165,0.4126,0.5642,1.1630738372086429,3.0737396692018937,3.0737396692018937,0
6007,Altavilla Monferrato,Alessandria,1,44.993552,8.375938,0.0416,0.0189,0.0497,0.0162,0.0197,0.0,0.0203,0.0248,0.0,0.0956,0.1165,0.1458,1.5207279621982528,3.550366978160366,3.550366978160366,0
108046,Vedano al Lambro,Monza e della Brianza,3,45.611508,9.275072,0.0544,0.0337,0.0613,0.0195,0.023,0.0,0.0252,0.0289,0.0081,0.1223,0.1508,0.1945,1.166561622176281,0.30385360382881665,0.30385360382881665,0
1098,Cuorgnè,Torino,1,45.38972,7.649817,0.0512,0.0277,0.0604,0.0213,0.0247,0.0,0.0263,0.0303,0.009,0.1154,0.1361,0.1672,1.271439561052374,0.7675083238446069,0.7675083238446069,0
60007,Aquino,Frosinone,12,41.491119,13.70471,0.189,0.1715,0.1994,0.0543,0.0594,0.0395,0.0682,0.0758,0.055,0.3644,0.4666,0.6259,1.2791353970517834,1.7312098328918857,1.7312098328918857,0
84030,Raffadali,Agrigento,19,37.404053,13.532076,0.0611,0.0373,0.0686,0.0203,0.023,0.0,0.0267,0.0299,0.0102,0.1209,0.1466,0.1835,0.9759912992035954,3.1999405688155997,3.1999405688155997,0
21075,Rodengo/Rodeneck,Bolzano/Bozen,4,46.780775,11.689757,0.0482,0.0261,0.0545,0.0167,0.0196,0.0,0.0213,0.0249,0.0,0.099,0.1207,0.1513,0.49139016077998116,2.4646104047835027,2.4646104047835027,0
28026,Cartura,Padova,5,45.26839,11.85681,0.0645,0.0543,0.0734,0.0281,0.0314,0.0156,0.0337,0.0371,0.0213,0.1416,0.17,0.2115,1.4958864983282958,0.60862829300808,0.60862829300808,0
72003,Alberobello,Bari,16,40.784124,17.237703,0.0663,0.0542,0.0717,0.0234,0.0257,0.0108,0.0306,0.0327,0.0161,0.1367,0.1694,0.215,0.7742766951914066,2.205489373448092,2.205489373448092,0
71064,Zapponeta,Foggia,16,41.456964,15.956532,0.1339,0.1,0.176,0.0431,0.0469,0.0306,0.0546,0.0613,0.0396,0.2857,0.3605,0.4779,1.6392364979082548,0.30266595795772777,0.30266595795772777,0
18033,Casei Gerola,Pavia,3,45.006146,8.926989,0.0754,0.0561,0.0839,0.0215,0.025,0.0,0.0286,0.0318,0.0114,0.1611,0.2113,0.3012,0.4508231444625151,3.536017791080077,3.536017791080077,0
59027,Sermoneta,Latina,12,41.549314,12.984893,0.0866,0.0569,0.1007,0.0384,0.0417,0.0158,0.046,0.0509,0.0217,0.1918,0.2251,0.2735,0.7106231893931177,3.655980729083231,3.655980729083231,0
69082,San Martino sulla Marrucina,Chieti,13,42.223373,14.21481,0.1682,0.1231,0.1835,0.0509,0.0553,0.0332,0.0634,0.0693,0.0449,0.3287,0.4225,0.5786,1.3330216931974794,2.2705286016494144,2.2705286016494144,0
5100,San Marzano Oliveto,Asti,1,44.754021,8.295757,0.0463,0.0237,0.0532,0.0172,0.0209,0.0,0.0215,0.026,0.0,0.101,0.1232,0.1562,0.12216273233212382,2.6334003996537083,2.6334003996537083,0
20063,Solferino,Mantova,3,45.368581,10.566679,0.1507,0.1336,0.1643,0.0378,0.0408,0.032,0.0507,0.0546,0.0452,0.312,0.4117,0.5722,1.1861144798516476,2.3688990213775027,2.3688990213775027,0
4208,Sanfrè,Cuneo,1,44.749384,7.803374,0.0547,0.0323,0.0648,0.0234,0.0265,0.0,0.0292,0.0326,0.012,0.1316,0.157,0.1922,1.2111888771856782,1.6904202502187533,1.6904202502187533,0
76095,Venosa,Potenza,17,40.961323,15.814863,0.1745,0.144,0.2141,0.0455,0.0506,0.0343,0.0577,0.0671,0.0485,0.3773,0.5006,0.6863,0.45432061000191454,0.8196531589229188,0.8196531589229188,0
61095,Vairano Patenora,Caserta,15,41.337019,14.131121,0.1516,0.1326,0.1685,0.0498,0.055,0.034,0.0612,0.0689,0.0454,0.3172,0.4184,0.6049,1.7004304066421798,2.814677279971111,2.814677279971111,0
1240,San Francesco al Campo,Torino,1,45.226467,7.657164,0.0526,0.0301,0.0625,0.0217,0.0249,0.0,0.0269,0.0306,0.0095,0.119,0.1405,0.1718,0.4340250310721358,2.4394618801848837,2.4394618801848837,0
15249,Vanzaghello,Milano,3,45.579253,8.782372,0.0378,0.0135,0.0443,0.0146,0.0182,0.0,0.0182,0.0224,0.0,0.081,0.096,0.1194,1.534307826671254,1.5947334758094158,1.5947334758094158,0
102020,Maierato,Vibo Valentia,18,38.705048,16.19007,0.2696,0.2312,0.2952,0.069,0.0705,0.0497,0.0926,0.0957,0.0683,0.5378,0.7351,1.0345,1.2223078140013213,1.5132299012220427,1.5132299012220427,0
20022,Dosolo,Mantova,3,44.953372,10.637588,0.0861,0.0802,0.0933,0.0349,0.0381,0.0213,0.0416,0.0464,0.03,0.2024,0.2725,0.3688,0.2691119959788062,3.1918977699902324,3.1918977699902324,0
15078,Cisliano,Milano,3,45.444669,8.990243,0.042,0.0189,0.05,0.017,0.0201,0.0,0.0212,0.0253,0.0,0.0952,0.1155,0.1428,1.2019900910198609,1.7247603735539905,1.7247603735539905,0
19025,Castelleone,Cremona,3,45.293813,9.764302,0.085,0.0676,0.0937,0.0307,0.0334,0.0156,0.0376,0.0405,0.0227,0.1894,0.2385,0.3198,0.23266074409712303,4.190434321053816,4.190434321053816,0
76018,Cancellara,Potenza,17,40.730219,15.925769,0.1594,0.1274,0.1772,0.0481,0.0507,0.0368,0.0612,0.0656,0.0506,0.3458,0.4356,0.5709,1.6037767044742601,2.448021012671564,2.448021012671564,0
24016,Bressanvido,Vicenza,5,45.645976,11.632999,0.1616,0.1424,0.176,0.0442,0.0475,0.0383,0.0594,0.0616,0.0507,0.3493,0.4555,0.6265,0.990456379982734,2.7422478895195557,2.7422478895195557,0
47003,Buggiano,Pistoia,9,43.899935,10.726569,0.1363,0.124,0.1507,0.0482,0.0523,0.0311,0.0588,0.0643,0.0421,0.3034,0.3868,0.5122,1.8370504741922613,1.3321082857281232,1.3321082857281232,0
19077,Pozzaglio ed Uniti,Cremona,3,45.211016,10.0462,0.0882,0.0767,0.098,0.0321,0.0351,0.0171,0.0386,0.0425,0.0244,0.1838,0.228,0.2993,1.2740663045962324,4.367578674944988,4.367578674944988,0
17049,Cerveno,Brescia,3,46.002509,10.325791,0.0698,0.0585,0.0793,0.0281,0.0311,0.0152,0.0342,0.0376,0.0218,0.1611,0.1989,0.2558,1.1168539931171597,1.0221392579784814,1.0221392579784814,0
51037,Subbiano,Arezzo,9,43.574848,11.870369,0.1675,0.1508,0.1801,0.0582,0.0624,0.0446,0.0729,0.078,0.0595,0.3806,0.4809,0.6283,0.7821469079632785,3.6334371629812683,3.6334371629812683,0
87039,Riposto,Catania,19,37.73189,15.204221,0.2139,0.1631,0.2645,0.0897,0.1035,0.0551,0.109,0.1269,0.07,0.4566,0.5413,0.6723,0.9909539893794173,1.7614909751116707,1.7614909751116707,0
14003,Andalo Valtellino,Sondrio,3,46.133822,9.473806,0.0465,0.0249,0.055,0.0184,0.0218,0.0,0.0229,0.0271,0.0,0.1053,0.1261,0.1568,0.7318502252212921,2.498053838605405,2.498053838605405,0
26030,Fregona,Treviso,5,46.000218,12.338962,0.2534,0.2286,0.3086,0.0632,0.07,0.0564,0.0865,0.0963,0.0756,0.5166,0.6788,0.9406,1.2145423601534748,2.314428652417655,2.314428652417655,0
69096,Treglio,Chieti,13,42.267741,14.425515,0.1029,0.0805,0.1121,0.0386,0.0424,0.0223,0.0473,0.0519,0.0306,0.2055,0.2518,0.3232,0.39887225145822497,1.9182800709692813,1.9182800709692813,0
75096,Castro,Lecce,16,40.007022,18.425733,0.0677,0.067,0.0919,0.0159,0.0186,0.0,0.0221,0.028,0.0124,0.1526,0.2016,0.2834,1.2963603446859961,3.499902522555991,3.499902522555991,0
18069,Garlasco,Pavia,3,45.197362,8.923746,0.0516,0.0309,0.0581,0.019,0.0224,0.0,0.0245,0.0282,0.0,0.12,0.1493,0.1956,1.3954660674252368,3.163731556237833,3.163731556237833,0
10011,Casarza Ligure,Genova,7,44.273546,9.449771,0.1154,0.1023,0.1226,0.0348,0.0373,0.0179,0.0431,0.047,0.0266,0.2418,0.3195,0.4357,1.180959651410596,1.309253620597274,1.309253620597274,0
109001,Altidona,Fermo,11,43.109225,13.799878,0.1819,0.1645,0.2079,0.0482,0.0523,0.0367,0.0612,0.0673,0.0524,0.3981,0.5281,0.7301,1.1888543897516326,4.538951623403572,4.538951623403572,0
63057,Pomigliano d'Arco,Napoli,15,40.907912,14.386233,0.1718,0.1218,0.1879,0.0487,0.0513,0.0266,0.0635,0.0693,0.0395,0.3441,0.4332,0.6089,0.886777055451226,4.2688992569469875,4.2688992569469875,0
12076,Germignaga,Varese,3,45.993507,8.724159,0.0407,0.0187,0.0479,0.0148,0.0181,0.0,0.0188,0.0226,0.0,0.0878,0.107,0.1328,1.4617003997361764,2.5669106188004465,2.5669106188004465,0
63067,San Giorgio a Cremano,Napoli,15,40.829296,14.334168,0.1682,0.1172,0.1864,0.0455,0.049,0.024,0.0601,0.067,0.037,0.3419,0.4322,0.611,1.1768405863134772,1.6964197939720294,1.6964197939720294,0
20007,Bozzolo,Mantova,3,45.102474,10.483982,0.0777,0.0704,0.0869,0.0325,0.0357,0.0197,0.0386,0.0428,0.0279,0.1735,0.2193,0.2923,1.0427125192249331,3.786386121863034,3.786386121863034,0
25040,Ponte nelle Alpi,Belluno,5,46.16178,12.298805,0.236,0.2118,0.2869,0.0582,0.0631,0.0516,0.0782,0.0874,0.0697,0.4788,0.6313,0.8742,1.664293288943865,4.2381169132633785,4.2381169132633785,0
64077,Quindici,Avellino,15,40.863313,14.647539,0.1746,0.1294,0.1862,0.0502,0.0522,0.0296,0.0658,0.0699,0.0426,0.3517,0.4491,0.6136,0.40978296706703393,4.043985319000435,4.043985319000435,0
21002,Andriano/Andrian,Bolzano/Bozen,4,46.517616,11.231373,0.0484,0.0263,0.0564,0.0184,0.022,0.0,0.0232,0.0272,0.0,0.1021,0.123,0.1529,0.3377967752020001,1.3459273258898918,1.3459273258898918,0
17010,Bagolino,Brescia,3,45.823561,10.462731,0.1258,0.1152,0.1378,0.0342,0.0368,0.0257,0.0433,0.0476,0.0372,0.2677,0.3564,0.4946,1.7450207402268918,3.2884615395701973,3.2884615395701973,0
1006,Almese,Torino,1,45.116876,7.39455,0.098,0.0741,0.108,0.032,0.0342,0.0169,0.0399,0.0435,0.0253,0.2211,0.2795,0.3664,1.555314804834662,1.542960560964792,1.542960560964792,0
3065,Fara Novarese,Novara,1,45.555159,8.458941,0.0375,0.0128,0.0438,0.0144,0.0181,0.0,0.018,0.0222,0.0,0.0793,0.0933,0.1163,0.9754831416842946,4.561577886315747,4.561577886315747,0
93028,Morsano al Tagliamento,Pordenone,6,45.858141,12.929336,0.1132,0.1036,0.1259,0.0352,0.039,0.0327,0.0454,0.0492,0.04,0.2337,0.294,0.4051,0.8537436782991314,3.077885021211723,3.077885021211723,0
89002,Avola,Siracusa,19,36.909516,15.135001,0.2108,0.1665,0.2492,0.0363,0.0386,0.0321,0.0521,0.0597,0.0467,0.4177,0.5971,0.8658,1.030028608721264,3.1463763669857103,3.1463763669857103,0
4086,Farigliano,Cuneo,1,44.512031,7.914245,0.0578,0.0328,0.0665,0.0234,0.0263,0.008,0.0294,0.0327,0.0126,0.1365,0.1642,0.2022,0.8557676471582416,3.7795780864069664,3.7795780864069664,0
73012,Manduria,Taranto,16,40.401825,17.633511,0.0541,0.0333,0.0592,0.0186,0.0211,0.0,0.0246,0.0275,0.0096,0.107,0.1279,0.1576,1.5633384865478814,1.0774956363825134,1.0774956363825134,0
18117,Ponte Nizza,Pavia,3,44.851548,9.097243,0.0962,0.0768,0.1076,0.0283,0.031,0.012,0.036,0.0389,0.0194,0.2078,0.2764,0.3763,1.4449522661335632,2.474276144107424,2.474276144107424,0
50022,Montopoli in Val d'Arno,Pisa,9,43.670299,10.760832,0.1276,0.1027,0.1436,0.044,0.0487,0.0218,0.0554,0.0603,0.0326,0.29,0.3609,0.473,1.1172581485998134,4.229021782960914,4.229021782960914,0
5117,Villafranca d'Asti,Asti,1,44.91329,8.032501,0.0426,0.0178,0.051,0.0176,0.0212,0.0,0.0216,0.0261,0.0,0.0941,0.1125,0.1366,1.2157749521872572,2.556049499943886,2.556049499943886,0
24001,Agugliaro,Vicenza,5,45.325389,11.584203,0.0842,0.0796,0.1005,0.0316,0.0346,0.0222,0.038,0.0417,0.0311,0.1965,0.2502,0.3371,1.1938431903968907,1.4734409143822846,1.4734409143822846,0
2032,Carisio,Vercelli,1,45.40936,8.199027,0.0377,0.0128,0.0448,0.0149,0.0186,0.0,0.0185,0.0229,0.0,0.08,0.0938,0.1162,1.2968045601645757,2.899378774455505,2.899378774455505,0
96041,Occhieppo Superiore,Biella,1,45.565062,8.001319,0.043,0.0198,0.0522,0.0176,0.0209,0.0,0.0217,0.0261,0.0,0.0948,0.1139,0.1393,0.820111937921351,0.8022056659648595,0.8022056659648595,0
93013,Chions,Pordenone,6,45.847186,12.711062,0.134,0.1184,0.1565,0.0384,0.0426,0.0356,0.0517,0.0542,0.0448,0.2726,0.3638,0.5114,1.4732311034564107,1.957586935863412,1.957586935863412,0
67038,Sant'Egidio alla Vibrata,Teramo,13,42.821048,13.717891,0.1769,0.1466,0.1946,0.056,0.0591,0.0397,0.0709,0.075,0.0543,0.3577,0.458,0.6037,0.4950822932360905,3.0109707681541935,3.0109707681541935,0
4043,Carrù,Cuneo,1,44.481035,7.874437,0.0629,0.038,0.0723,0.0234,0.0263,0.008,0.0294,0.0327,0.0126,0.1365,0.1642,0.2022,1.0863668210250172,2.5401477406230257,2.5401477406230257,0
82054,Partinico,Palermo,19,38.043896,13.119821,0.1741,0.1518,0.1861,0.0388,0.0401,0.0251,0.0551,0.0573,0.0399,0.3494,0.4567,0.618,1.0582712777569119,1.4509794738528916,1.4509794738528916,0
1055,Caprie,Torino,1,45.118845,7.331914,0.1206,0.0903,0.1324,0.0349,0.0369,0.02,0.0452,0.0484,0.0302,0.2579,0.3254,0.4244,1.2458494612593207,1.0804030166180199,1.0804030166180199,0
90029,Florinas,Sassari,20,40.649561,8.665116,0.0,0.0,0.0,0.0,0.0,0.0,0.0,0.0,0.0,0.0,0.0,0.0,234.67329693213773,235.12522523198658,235.12522523198658,1
21070,Racines/Ratschings,Bolzano/Bozen,4,46.880128,11.376056,0.0402,0.0177,0.0467,0.014,0.0171,0.0,0.018,0.0214,0.0,0.0863,0.1057,0.1324,1.6103149654997302,1.487484815819005,1.487484815819005,0
78114,San Demetrio Corone,Cosenza,18,39.569899,16.361492,0.2708,0.2322,0.2965,0.0705,0.0735,0.0509,0.094,0.0991,0.0699,0.5481,0.7473,1.0443,0.8428333028700588,3.3139675415569125,3.3139675415569125,0
108038,Ronco Briantino,Monza e della Brianza,3,45.667563,9.400698,0.0654,0.0475,0.0727,0.0223,0.0255,0.0,0.0291,0.0322,0.0124,0.1537,0.1968,0.2671,0.865764582430321,1.8082472561864418,1.8082472561864418,0
15236,Vernate,Milano,3,45.316147,9.060968,0.0502,0.029,0.0571,0.0192,0.0227,0.0,0.0246,0.0284,0.0,0.1167,0.1433,0.1851,1.738059351917769,3.1084049126413933,3.1084049126413933,0
14056,Rogolo,Sondrio,3,46.135746,9.487317,0.0465,0.0249,0.055,0.0184,0.0218,0.0,0.0229,0.0271,0.0,0.1053,0.1261,0.1568,1.324841787722923,3.8360410129053077,3.8360410129053077,0
12136,Venegono Inferiore,Varese,3,45.738376,8.901107,0.0385,0.0145,0.0453,0.0148,0.0185,0.0,0.0185,0.0228,0.0,0.0834,0.1,0.1243,0.8613882688525591,1.5000584790297273,1.5000584790297273,0
62012,Calvi,Benevento,15,41.071619,14.865241,0.2576,0.216,0.2718,0.0625,0.0646,0.0455,0.0835,0.0859,0.0635,0.5003,0.6946,0.9889,1.1370608757061829,2.0502419500715887,2.0502419500715887,0
13135,Luisago,Como,3,45.762877,9.035438,0.0399,0.0164,0.0474,0.0158,0.0193,0.0,0.0196,0.0241,0.0,0.0887,0.108,0.1335,1.142373048331782,2.1809374303147244,2.1809374303147244,0
69062,Palombaro,Chieti,13,42.124836,14.230613,0.1719,0.1283,0.1878,0.0541,0.0588,0.0368,0.0679,0.0744,0.0501,0.3444,0.4504,0.6045,0.851746159124448,0.8760824945029976,0.8760824945029976,0
49003,Campo nell'Elba,Livorno,9,42.758772,10.19897,0.0291,0.0,0.0365,0.0116,0.0163,0.0,0.0146,0.0196,0.0,0.0651,0.0755,0.089,1.4663818317457409,3.383033818487106,3.383033818487106,0
1301,Villanova Canavese,Torino,1,45.242575,7.554506,0.0587,0.0379,0.0696,0.0257,0.0284,0.0102,0.0319,0.0351,0.0151,0.1473,0.1769,0.2213,1.39282657368237,2.962668106282183,2.962668106282183,0
6014,Belforte Monferrato,Alessandria,1,44.625046,8.661251,0.0744,0.0551,0.0824,0.0199,0.0239,0.0,0.027,0.0305,0.0095,0.1566,0.2084,0.3038,1.4419224081698085,2.3963856089730595,2.3963856089730595,0
89001,Augusta,Siracusa,19,37.236936,15.219658,0.237,0.1876,0.2821,0.0408,0.0457,0.0355,0.0583,0.0669,0.0522,0.4394,0.6183,0.891,0.8998062463366707,3.092511795521981,3.092511795521981,0
2054,Desana,Vercelli,1,45.268822,8.356728,0.0365,0.0118,0.0444,0.0147,0.0183,0.0,0.0182,0.0225,0.0,0.0789,0.0913,0.1119,1.2622199129904663,2.4823383260104293,2.4823383260104293,0
63038,Lacco Ameno,Napoli,15,40.75097,13.89006,0.151,0.1035,0.1693,0.0341,0.0362,0.0128,0.0452,0.0484,0.0235,0.298,0.3898,0.5714,1.128493288393794,1.9048036080090667,1.9048036080090667,0
18169,Valle Salimbene,Pavia,3,45.171612,9.234493,0.0765,0.0568,0.0847,0.024,0.0274,0.0,0.0309,0.034,0.0131,0.1722,0.2279,0.3285,0.7369215252416503,1.410060137996245,1.410060137996245,0
15165,Ozzero,Milano,3,45.365848,8.924514,0.0432,0.0205,0.0509,0.0172,0.0204,0.0,0.0216,0.0256,0.0,0.0984,0.1197,0.15,0.4789671556379599,2.592781408574716,2.592781408574716,0
5059,Isola d'Asti,Asti,1,44.829367,8.177452,0.0426,0.0184,0.0505,0.0172,0.0208,0.0,0.0212,0.0258,0.0,0.0961,0.1164,0.1437,0.2777605324896476,3.3132198230313548,3.3132198230313548,0
7005,Arvier,Valle d'Aosta/Vallée d'Aoste,2,45.702451,7.166471,0.1042,0.0797,0.1158,0.0319,0.0359,0.0168,0.04,0.0464,0.0255,0.2236,0.2906,0.392,1.1502456054273191,3.639697655073309,3.639697655073309,0
48008,Capraia e Limite,Firenze,9,43.759563,10.9997,0.1247,0.1068,0.1294,0.0439,0.0488,0.0239,0.0531,0.0587,0.0326,0.267,0.3441,0.4599,0.4661500110775237,0.20260756836254953,0.20260756836254953,0
64035,Frigento,Avellino,15,41.011319,15.099747,0.27,0.2377,0.2855,0.0623,0.0641,0.047,0.0838,0.0857,0.0653,0.5316,0.7364,1.0418,0.6882634818692482,2.5410963756171525,2.5410963756171525,0
18051,Codevilla,Pavia,3,44.963288,9.057385,0.0888,0.07,0.099,0.0252,0.0283,0.0087,0.0329,0.0356,0.0158,0.1938,0.261,0.3608,1.5055649079129116,2.1593106547124035,2.1593106547124035,0
1148,Mazzè,Torino,1,45.300255,7.932723,0.0409,0.0159,0.0491,0.0171,0.0204,0.0,0.0208,0.0252,0.0,0.0881,0.1054,0.1274,0.2611860905051204,1.9023267421479257,1.9023267421479257,0
25001,Agordo,Belluno,5,46.282147,12.034981,0.133,0.1169,0.1577,0.0392,0.0423,0.0355,0.0531,0.0547,0.0455,0.3013,0.4045,0.5727,1.5457525384861153,1.3933252079280911,1.3933252079280911,0
75095,San Cassiano,Lecce,16,40.056287,18.333936,0.0594,0.0559,0.0772,0.0149,0.0174,0.0,0.0198,0.0253,0.0087,0.1247,0.1637,0.2259,0.3873594507652932,2.840743026080859,2.840743026080859,0
45008,Fosdinovo,Massa-Carrara,9,44.13382,10.018869,0.1541,0.1372,0.1688,0.0485,0.0518,0.0327,0.0602,0.0649,0.0456,0.3196,0.406,0.541,1.2057089755794042,1.2772259389393126,1.2772259389393126,0
48049,Vicchio,Firenze,9,43.933235,11.46529,0.1988,0.1717,0.2285,0.0623,0.0678,0.0493,0.0802,0.0856,0.0705,0.436,0.5523,0.7265,0.8288020709559388,2.21521017158225,2.21521017158225,0
12073,Gazzada Schianno,Varese,3,45.781043,8.832404,0.0381,0.0142,0.0447,0.0145,0.0182,0.0,0.0181,0.0224,0.0,0.0822,0.0981,0.1224,0.7651228971549017,1.6498287437334598,1.6498287437334598,0
19012,Capergnanica,Cremona,3,45.337572,9.64336,0.0793,0.0613,0.0883,0.0287,0.0315,0.0134,0.0355,0.0383,0.0196,0.1775,0.223,0.2952,0.9878317770396705,1.910445753580177,1.910445753580177,0
63009,Boscotrecase,Napoli,15,40.77431,14.462036,0.1542,0.1067,0.1678,0.0433,0.0459,0.0206,0.0565,0.0609,0.0329,0.3031,0.3856,0.5372,1.1871107386132758,2.1750213011902244,2.1750213011902244,0
111075,Senorbì,Sud Sardegna,20,39.535044,9.130141,0.0,0.0,0.0,0.0,0.0,0.0,0.0,0.0,0.0,0.0,0.0,0.0,302.86019045267653,302.85193849450036,302.85193849450036,1
17033,Calvagese della Riviera,Brescia,3,45.54004,10.445833,0.1589,0.1448,0.1726,0.0411,0.0457,0.0359,0.0565,0.0601,0.0517,0.3545,0.4633,0.6348,1.3954213500115769,2.530120400219816,2.530120400219816,0
68043,Torre de' Passeri,Pescara,13,42.241891,13.930967,0.2106,0.1887,0.2316,0.0657,0.0728,0.0486,0.0829,0.0921,0.0651,0.4267,0.544,0.7155,1.035948310108938,3.6617078512100574,3.6617078512100574,0
17055,Cividate Camuno,Brescia,3,45.942493,10.277462,0.0763,0.064,0.086,0.0297,0.0324,0.0166,0.0362,0.0393,0.0242,0.1774,0.223,0.2946,1.2889639545693719,1.989155063823445,1.989155063823445,0
46002,Bagni di Lucca,Lucca,9,44.009982,10.590633,0.1842,0.1612,0.2116,0.0549,0.0589,0.041,0.071,0.0755,0.0605,0.4011,0.5123,0.6776,0.6189713638368891,2.4917992060337038,2.4917992060337038,0
59022,Rocca Massima,Latina,12,41.679415,12.919415,0.146,0.0872,0.1725,0.0507,0.0566,0.0269,0.0654,0.0719,0.036,0.3482,0.4318,0.5474,1.4760354074178674,3.5458547132739606,3.5458547132739606,0
76094,Vaglio Basilicata,Potenza,17,40.665873,15.92007,0.184,0.1459,0.1958,0.0509,0.0543,0.0391,0.0661,0.0721,0.0549,0.3902,0.494,0.6448,1.0284776963661058,1.223714329695001,1.223714329695001,0
17129,Padenghe sul Garda,Brescia,3,45.509584,10.506376,0.1584,0.1439,0.1753,0.0416,0.0458,0.0365,0.0563,0.0599,0.051,0.3499,0.4577,0.629,1.4770147686899369,1.6289871836995822,1.6289871836995822,0
73021,Palagiano,Taranto,16,40.578224,17.037395,0.1465,0.1008,0.162,0.0324,0.0365,0.0191,0.0434,0.0511,0.0311,0.3353,0.4347,0.5758,1.3320944014447396,0.8277523529596593,0.8277523529596593,0
16010,Antegnate,Bergamo,3,45.486477,9.79146,0.1254,0.1013,0.1358,0.0342,0.036,0.0204,0.0447,0.0471,0.0318,0.2689,0.3511,0.4652,1.6756486365010472,1.101121536630282,1.101121536630282,0
33001,Agazzano,Piacenza,8,44.94437,9.517685,0.0988,0.0779,0.11,0.0322,0.0349,0.0152,0.0393,0.043,0.0225,0.2124,0.2753,0.3777,1.246685224435545,3.400109222254458,3.400109222254458,0
80065,Rizziconi,Reggio di Calabria,18,38.411996,15.95924,0.2685,0.2298,0.2939,0.0682,0.0694,0.0488,0.0916,0.0945,0.0675,0.5365,0.732,1.032,0.43951549558901887,1.7247101004347878,1.7247101004347878,0
83066,Patti,Messina,19,38.138901,14.964816,0.1966,0.1478,0.2188,0.0617,0.0649,0.0423,0.0794,0.0841,0.0571,0.3989,0.4968,0.6453,1.3325485587471833,2.3378166264133964,2.3378166264133964,0
18120,Redavalle,Pavia,3,45.037446,9.203918,0.0918,0.0728,0.1023,0.0254,0.0285,0.0084,0.0327,0.0355,0.0153,0.19,0.2563,0.3561,0.8587906200296112,3.877343260747242,3.877343260747242,0
20012,Casalromano,Mantova,3,45.200675,10.369378,0.0935,0.0866,0.1065,0.0332,0.0361,0.0204,0.0399,0.0442,0.0303,0.217,0.2792,0.3767,0.9981184179642395,0.7243580424574055,0.7243580424574055,0
22143,Pinzolo,Trento,4,46.161732,10.765004,0.056,0.0445,0.0657,0.0241,0.0276,0.0115,0.0295,0.0332,0.0164,0.1286,0.1545,0.1911,1.618907589086777,1.6345166813334935,1.6345166813334935,0
17120,Nuvolera,Brescia,3,45.532183,10.369172,0.1589,0.1402,0.1696,0.041,0.0452,0.0347,0.0545,0.0588,0.0501,0.3522,0.458,0.6212,1.0208722155422476,2.2632253249885244,2.2632253249885244,0
80049,Melicucco,Reggio di Calabria,18,38.433713,16.060471,0.2666,0.2267,0.2915,0.0682,0.0695,0.0491,0.0918,0.0947,0.0678,0.5359,0.7307,1.029,0.8914362834565299,3.357922011426543,3.357922011426543,0
77011,Grassano,Matera,17,40.63262,16.282778,0.1647,0.1179,0.1795,0.0438,0.0497,0.0342,0.0579,0.0655,0.0459,0.347,0.4423,0.5775,0.10889372244662632,3.467785930104999,3.467785930104999,0
63091,Trecase,Napoli,15,40.770891,14.439651,0.148,0.1003,0.1607,0.0432,0.0462,0.0207,0.0569,0.062,0.0335,0.3154,0.4021,0.5736,1.339787335926383,3.0258739435969164,3.0258739435969164,0
72023,Gravina in Puglia,Bari,16,40.819725,16.422779,0.1085,0.0845,0.123,0.0371,0.0399,0.0266,0.0466,0.0513,0.0352,0.2356,0.2938,0.3808,1.0838993856038548,3.8512049199322878,3.8512049199322878,0
20052,Roncoferraro,Mantova,3,45.135929,10.951354,0.0873,0.0766,0.0976,0.0329,0.0361,0.0241,0.0389,0.0435,0.0327,0.2027,0.2612,0.3463,1.4785263961347062,2.753534700658372,2.753534700658372,0
21079,San Genesio Atesino/Jenesien,Bolzano/Bozen,4,46.535035,11.331384,0.0501,0.0284,0.0575,0.0187,0.0223,0.0,0.0237,0.0276,0.0,0.1046,0.126,0.1574,1.5294188359504632,2.8012135358265358,2.8012135358265358,0
16077,Clusone,Bergamo,3,45.887088,9.949656,0.0862,0.0667,0.0946,0.0296,0.0322,0.0153,0.0367,0.0395,0.0224,0.19,0.2393,0.3176,0.9279580715003423,2.940356504843771,2.940356504843771,0
9034,Loano,Savona,7,44.128754,8.259371,0.102,0.0771,0.1143,0.0218,0.0253,0.0079,0.0313,0.0343,0.0166,0.2192,0.2966,0.4198,0.5631181039635691,1.2510394836075043,1.2510394836075043,0
82023,Casteldaccia,Palermo,19,38.054118,13.530226,0.1802,0.1611,0.1936,0.0467,0.0476,0.0324,0.0638,0.0656,0.0486,0.3822,0.4899,0.6552,0.3702557420410206,3.4047651026072736,3.4047651026072736,0
102017,Ionadi,Vibo Valentia,18,38.636334,16.059571,0.268,0.2301,0.2933,0.0668,0.0681,0.0474,0.0898,0.093,0.0656,0.5305,0.7222,1.0233,1.5321094057173905,2.5236909284138807,2.5236909284138807,0
14069,Traona,Sondrio,3,46.14962,9.525796,0.0493,0.029,0.0579,0.0195,0.0229,0.0,0.0246,0.0286,0.0082,0.1162,0.139,0.1729,0.9517203514857436,2.335926572381016,2.335926572381016,0
12083,Induno Olona,Varese,3,45.852448,8.839608,0.0382,0.0147,0.0449,0.0145,0.0181,0.0,0.0181,0.0225,0.0,0.0827,0.0989,0.1234,1.128778037344789,1.2507908859239922,1.2507908859239922,0
1228,Rosta,Torino,1,45.067945,7.465117,0.0862,0.0652,0.0961,0.0297,0.0321,0.0144,0.0369,0.0398,0.0212,0.1899,0.2367,0.3078,1.2288664868186645,2.001450368305151,2.001450368305151,0
37055,San Pietro in Casale,Bologna,8,44.699052,11.402926,0.1574,0.1478,0.1855,0.0441,0.0477,0.0359,0.0563,0.0589,0.0517,0.3689,0.4854,0.6658,1.378475070058901,3.142655241483524,3.142655241483524,0
21108,Valle Aurina/Ahrntal,Bolzano/Bozen,4,46.988356,11.942898,0.0439,0.0222,0.0504,0.0149,0.0177,0.0,0.0192,0.0223,0.0,0.0927,0.1141,0.1428,0.2500600068420026,2.0119941816150484,2.0119941816150484,0
4110,Limone Piemonte,Cuneo,1,44.202726,7.576336,0.1427,0.1078,0.1622,0.036,0.0392,0.0247,0.0495,0.0542,0.0362,0.3032,0.3885,0.5246,1.0597568816293756,2.4557231663395043,2.4557231663395043,0
15134,Marcallo con Casone,Milano,3,45.48722,8.873276,0.039,0.0154,0.0467,0.0155,0.0188,0.0,0.0192,0.0233,0.0,0.085,0.1018,0.1254,1.3171982264909337,1.9573505982682728,1.9573505982682728,0
8059,Taggia,Imperia,7,43.869607,7.836458,0.1571,0.1206,0.1816,0.0272,0.033,0.0195,0.0397,0.0478,0.0328,0.3119,0.4099,0.5661,0.42286676093226355,4.466469448380389,4.466469448380389,0
33045,Vigolzone,Piacenza,8,44.914662,9.669368,0.1034,0.0796,0.1146,0.0355,0.0381,0.0184,0.0438,0.0479,0.0267,0.2223,0.2815,0.3825,0.8939326488138062,1.5169173618354674,1.5169173618354674,0
4223,Sommariva Perno,Cuneo,1,44.745642,7.900633,0.0506,0.0267,0.0595,0.0203,0.0236,0.0,0.0254,0.029,0.0,0.1119,0.1323,0.1622,0.9527447765035225,3.2868410630610354,3.2868410630610354,0
56049,Sutri,Viterbo,12,42.247023,12.215067,0.0815,0.0536,0.0966,0.0358,0.0397,0.0151,0.0423,0.0483,0.0204,0.1822,0.2171,0.2674,1.1433134026569893,2.322477827928954,2.322477827928954,0
20016,Castellucchio,Mantova,3,45.147276,10.648485,0.0871,0.0794,0.0997,0.033,0.036,0.0226,0.0392,0.0437,0.0318,0.2018,0.2615,0.3463,1.1671221213488527,1.0332187313770311,1.0332187313770311,0
111106,Villasor,Sud Sardegna,20,39.380439,8.942839,0.0,0.0,0.0,0.0,0.0,0.0,0.0,0.0,0.0,0.0,0.0,0.0,329.5712810885727,329.6184424677722,329.6184424677722,1
100001,Cantagallo,Prato,9,44.022193,11.079774,0.1941,0.1687,0.224,0.0586,0.0638,0.0463,0.0762,0.081,0.0668,0.4285,0.5441,0.7169,1.0850481232978093,2.8472303255909157,2.8472303255909157,0
22022,Borgo Valsugana,Trento,4,46.053346,11.4566,0.0899,0.0823,0.1025,0.0309,0.0349,0.0259,0.0378,0.0428,0.0351,0.2029,0.2559,0.3417,0.89900887916476,2.702306048827765,2.702306048827765,0
30009,Basiliano,Udine,6,46.016319,13.107126,0.1693,0.149,0.2081,0.0523,0.0558,0.0451,0.0674,0.0739,0.0595,0.39,0.5157,0.7172,1.1545447795160249,3.263275190875655,3.263275190875655,0
17171,San Felice del Benaco,Brescia,3,45.589546,10.551733,0.1588,0.1443,0.1763,0.0431,0.0469,0.038,0.0573,0.0605,0.0516,0.3527,0.461,0.6328,0.8753886929200078,1.7585791049321775,1.7585791049321775,0
30066,Osoppo,Udine,6,46.255978,13.08086,0.2592,0.2328,0.3143,0.067,0.0748,0.0595,0.0905,0.1023,0.0791,0.5309,0.6947,0.9558,1.601130245999518,3.6126125191065523,3.6126125191065523,0
6009,Arquata Scrivia,Alessandria,1,44.687845,8.885338,0.0931,0.0745,0.1037,0.0258,0.0287,0.0095,0.0337,0.0365,0.0169,0.2027,0.2734,0.3733,1.5238405646720612,3.945880679695924,3.945880679695924,0
79009,Belcastro,Catanzaro,18,39.017992,16.786408,0.2107,0.1671,0.218,0.0569,0.0579,0.0399,0.0747,0.0764,0.0556,0.4022,0.5221,0.7171,1.030342993600129,2.788486070649922,2.788486070649922,0
17151,Pozzolengo,Brescia,3,45.40597,10.631373,0.1554,0.1365,0.1705,0.04,0.0437,0.0355,0.054,0.0573,0.048,0.3319,0.4367,0.6046,1.6171590501463857,1.5930379318990573,1.5930379318990573,0
54041,Pietralunga,Perugia,10,43.442205,12.437194,0.2293,0.208,0.2501,0.0698,0.0737,0.0585,0.0918,0.0941,0.0791,0.4997,0.6349,0.835,1.5644419519632582,2.610712612744582,2.610712612744582,0
62041,Molinara,Benevento,15,41.29063,14.910343,0.2357,0.2099,0.2493,0.0596,0.0619,0.0461,0.0785,0.081,0.063,0.4874,0.6739,0.9696,1.4168396998061916,3.009012235980654,3.009012235980654,0
41021,Isola del Piano,Pesaro e Urbino,11,43.737761,12.784057,0.1807,0.1714,0.1913,0.0533,0.0568,0.0403,0.0677,0.0725,0.0566,0.3891,0.5074,0.6846,0.6857742990029586,1.6647970945842774,1.6647970945842774,0
42025,Monsano,Ancona,11,43.562561,13.25007,0.1844,0.1676,0.2109,0.0492,0.054,0.0393,0.0635,0.0699,0.0587,0.4047,0.5346,0.7379,0.2628948779045337,4.41420229616085,4.41420229616085,0
17193,Vallio Terme,Brescia,3,45.610193,10.390175,0.1573,0.137,0.1681,0.041,0.0454,0.0357,0.0555,0.0599,0.0517,0.3555,0.4645,0.6319,1.4267275761832672,3.8228177415059923,3.8228177415059923,0
98021,Cornegliano Laudense,Lodi,3,45.286169,9.487957,0.0695,0.0487,0.0774,0.0263,0.0294,0.0104,0.0327,0.0358,0.0158,0.1596,0.1993,0.2624,1.1934356003726176,3.5634389407556415,3.5634389407556415,0
62061,San Lorenzello,Benevento,15,41.277366,14.542832,0.2579,0.2151,0.2713,0.0604,0.0641,0.0447,0.0804,0.0844,0.0633,0.4965,0.6809,0.9836,0.9048760398656827,1.3532931160258201,1.3532931160258201,0
22025,Brentonico,Trento,4,45.818774,10.956013,0.144,0.1273,0.1575,0.0385,0.041,0.0349,0.0524,0.0545,0.0452,0.3167,0.4157,0.5771,1.5657475375526007,3.2370562951031605,3.2370562951031605,0
21086,Sarentino/Sarntal,Bolzano/Bozen,4,46.695259,11.387379,0.0457,0.0229,0.0527,0.016,0.0192,0.0,0.0201,0.0242,0.0,0.0933,0.1141,0.1421,1.2028234022671291,2.5172485225685075,2.5172485225685075,0
30123,Torviscosa,Udine,6,45.822216,13.276933,0.1078,0.0992,0.119,0.0355,0.0397,0.0332,0.047,0.0504,0.0412,0.2451,0.3165,0.4463,1.2598578970976526,1.422734687611704,1.422734687611704,0
70002,Baranello,Campobasso,14,41.526026,14.559428,0.2489,0.2373,0.2709,0.0652,0.0672,0.0535,0.0855,0.0878,0.0749,0.5358,0.714,1.0026,1.2176487731239996,0.4462732581007574,0.4462732581007574,0
31025,Villesse,Gorizia,6,45.863908,13.44023,0.1519,0.1355,0.1869,0.0437,0.0461,0.0382,0.0577,0.0597,0.0497,0.3285,0.4371,0.6149,1.0854069005255167,3.411722756204848,3.411722756204848,0
21042,Lasa/Laas,Bolzano/Bozen,4,46.616614,10.700159,0.073,0.0566,0.0825,0.0211,0.0258,0.0,0.0281,0.0329,0.0134,0.1501,0.1871,0.2452,0.9484325306291664,3.7341007252033473,3.7341007252033473,0
13242,Vertemate con Minoprio,Como,3,45.728215,9.078415,0.041,0.0176,0.0486,0.016,0.0194,0.0,0.0199,0.0243,0.0,0.0901,0.11,0.1361,0.7394987683787098,3.6447508473514514,3.6447508473514514,0
13100,Fenegrò,Como,3,45.701637,8.999679,0.0394,0.0157,0.0467,0.0154,0.019,0.0,0.0192,0.0235,0.0,0.0863,0.1041,0.1288,1.4840305056907361,1.6125362336564872,1.6125362336564872,0
13003,Albavilla,Como,3,45.803117,9.188483,0.0439,0.0208,0.0514,0.0171,0.0204,0.0,0.0213,0.0256,0.0,0.0989,0.1205,0.1514,0.9221098514540121,0.759311573892395,0.759311573892395,0
42019,Filottrano,Ancona,11,43.436659,13.354474,0.1839,0.1696,0.1991,0.0519,0.0556,0.0405,0.0662,0.0712,0.0572,0.406,0.535,0.7386,1.0752092000057232,0.31130528033240373,0.31130528033240373,0
72018,Cellamare,Bari,16,41.019333,16.928288,0.0681,0.0539,0.076,0.0248,0.0273,0.0115,0.0312,0.0341,0.0167,0.1338,0.178,0.2292,1.1309149577930837,1.7791605006771245,1.7791605006771245,0
54035,Norcia,Perugia,10,42.792412,13.092928,0.2549,0.2325,0.2821,0.0786,0.0855,0.0674,0.1033,0.1096,0.091,0.5292,0.6866,0.9363,0.5577801657363641,1.5756075972824557,1.5756075972824557,0
69065,Perano,Chieti,13,42.103137,14.394017,0.1267,0.0985,0.1387,0.0477,0.0522,0.032,0.0581,0.0641,0.0418,0.2773,0.3511,0.4842,0.8733765808825068,3.927083808316934,3.927083808316934,0
96065,Strona,Biella,1,45.616565,8.169122,0.0412,0.0186,0.0501,0.0169,0.02,0.0,0.0208,0.0251,0.0,0.0927,0.1121,0.1376,0.7767385127579931,3.932051697700494,3.932051697700494,0
96068,Tollegno,Biella,1,45.593049,8.051676,0.0426,0.0196,0.0517,0.0175,0.0207,0.0,0.0217,0.0259,0.0,0.0964,0.116,0.1425,0.41986942346781736,2.576503208438091,2.576503208438091,0
96063,Sordevolo,Biella,1,45.573638,7.974245,0.0436,0.0203,0.0528,0.0176,0.0209,0.0,0.0217,0.0261,0.0,0.0948,0.1139,0.1393,1.2758460377930363,2.8465285184402997,2.8465285184402997,0
79127,Sellia Marina,Catanzaro,18,38.899625,16.74433,0.2048,0.1624,0.2125,0.0536,0.0545,0.0368,0.0702,0.0719,0.0514,0.3844,0.5006,0.6871,1.251380027167477,2.4438417213736976,2.4438417213736976,0
4041,Caramagna Piemonte,Cuneo,1,44.782241,7.739429,0.06,0.0393,0.0714,0.0251,0.028,0.0095,0.0312,0.0345,0.0143,0.1433,0.1716,0.2128,1.7632614391696433,3.2616910490615196,3.2616910490615196,0
3043,Castelletto sopra Ticino,Novara,1,45.712169,8.642977,0.0377,0.0143,0.0446,0.0142,0.0179,0.0,0.0179,0.022,0.0,0.0806,0.0956,0.1195,0.40637579079415326,3.1937141306724315,3.1937141306724315,0
19088,San Bassano,Cremona,3,45.243546,9.807876,0.0795,0.0608,0.0891,0.0304,0.0333,0.0149,0.0369,0.0399,0.0213,0.1775,0.2208,0.2894,1.8561470629036458,1.8353582374216468,1.8353582374216468,0
36028,Novi di Modena,Modena,8,44.893439,10.901254,0.1359,0.1277,0.1543,0.0369,0.0401,0.0255,0.0455,0.0503,0.0375,0.3038,0.4154,0.5858,1.1477995535160281,2.7712197579109117,2.7712197579109117,0
10006,Busalla,Genova,7,44.573483,8.9433,0.0893,0.0703,0.0995,0.0253,0.0284,0.0089,0.0327,0.0354,0.0155,0.1862,0.2475,0.3479,1.4795834677849709,3.2097366620721752,3.2097366620721752,0
87055,Zafferana Etnea,Catania,19,37.693285,15.10646,0.2246,0.1683,0.2826,0.0973,0.1134,0.0593,0.1175,0.1377,0.0748,0.4815,0.5689,0.7046,1.3421878990465734,3.3244275449366567,3.3244275449366567,0
75094,Zollino,Lecce,16,40.206006,18.250589,0.0537,0.0415,0.0644,0.014,0.0164,0.0,0.0187,0.0235,0.0,0.1129,0.1463,0.199,1.4003470053419624,3.180903418891032,3.180903418891032,0
76007,Avigliano,Potenza,17,40.729718,15.720264,0.1859,0.1776,0.1973,0.0532,0.054,0.0399,0.0689,0.0714,0.0567,0.4097,0.542,0.7545,1.0699584791194716,2.3308069312096213,2.3308069312096213,0
13201,Rovellasca,Como,3,45.669411,9.050151,0.0409,0.0175,0.0485,0.0163,0.0196,0.0,0.0203,0.0246,0.0,0.092,0.1121,0.139,0.22381472214955317,2.0573837086679507,2.0573837086679507,0
18135,San Genesio ed Uniti,Pavia,3,45.234765,9.178551,0.0635,0.0427,0.0706,0.0208,0.0245,0.0,0.0269,0.0305,0.0091,0.133,0.17,0.2291,1.301628473153877,3.1672314927117022,3.1672314927117022,0
13022,Beregazzo con Figliaro,Como,3,45.771006,8.958279,0.0389,0.015,0.046,0.0153,0.0188,0.0,0.019,0.0233,0.0,0.0856,0.103,0.1276,0.47946335566865683,3.380618276253893,3.380618276253893,0
97076,Sirtori,Lecco,3,45.736579,9.330845,0.0548,0.0345,0.0618,0.0199,0.0234,0.0,0.026,0.0295,0.0089,0.1284,0.1603,0.2099,0.5291608348354359,2.8184238151825802,2.8184238151825802,0
30133,Villa Santina,Udine,6,46.414096,12.920748,0.2305,0.2067,0.2792,0.0567,0.0607,0.0497,0.076,0.0838,0.0676,0.4616,0.6096,0.8461,0.0863085432588562,2.437621092670149,2.437621092670149,0
4147,Narzole,Cuneo,1,44.595438,7.869835,0.0578,0.0341,0.0674,0.0227,0.0257,0.0,0.0284,0.0318,0.0113,0.1293,0.1544,0.1884,1.4598592784469155,0.832656254436737,0.832656254436737,0
26060,Portobuffolè,Treviso,5,45.853838,12.538337,0.1633,0.1435,0.1981,0.0444,0.0463,0.0384,0.0576,0.0602,0.0497,0.3276,0.4371,0.6147,1.5116797474327048,3.3664095893161274,3.3664095893161274,0
69030,Fara Filiorum Petri,Chieti,13,42.248697,14.185918,0.1703,0.1249,0.1861,0.0543,0.0589,0.0365,0.0683,0.0744,0.0497,0.3483,0.4504,0.6059,0.7789547539031795,2.8669828631348215,2.8669828631348215,0
63054,Pimonte,Napoli,15,40.673608,14.509838,0.1075,0.0667,0.112,0.0375,0.0393,0.014,0.0478,0.0502,0.0228,0.2196,0.2684,0.3408,1.0155258627324897,3.5224974565817395,3.5224974565817395,0
53018,Orbetello,Grosseto,9,42.438094,11.210743,0.0472,0.0138,0.0573,0.0217,0.0263,0.0,0.0261,0.0312,0.0,0.1087,0.1274,0.155,0.6270220423099205,3.847313712933587,3.847313712933587,0
62056,Reino,Benevento,15,41.291903,14.823823,0.2585,0.22,0.2718,0.0611,0.0642,0.0472,0.0818,0.0846,0.0655,0.5056,0.6991,0.9931,1.6747247258474067,1.660072495369547,1.660072495369547,0
11013,Follo,La Spezia,7,44.172831,9.832864,0.133,0.1201,0.145,0.046,0.0492,0.0303,0.0574,0.0614,0.0409,0.3026,0.3863,0.5125,0.5558899600346922,3.681886167128371,3.681886167128371,0
4116,Manta,Cuneo,1,44.615872,7.48702,0.1223,0.0913,0.1353,0.0348,0.0369,0.0199,0.0449,0.0483,0.0297,0.2494,0.314,0.4104,0.04847011372747973,4.023686899267234,4.023686899267234,0
56011,Canepina,Viterbo,12,42.380961,12.233652,0.1149,0.0851,0.1295,0.0427,0.0474,0.0221,0.0527,0.058,0.0307,0.2538,0.314,0.404,1.5139594690622038,3.3096969750366028,3.3096969750366028,0
4096,Genola,Cuneo,1,44.588936,7.66453,0.0806,0.0592,0.0917,0.0293,0.0318,0.0143,0.0365,0.0394,0.0207,0.1802,0.2217,0.285,0.70613914910135,0.4586086236354432,0.4586086236354432,0
76002,Acerenza,Potenza,17,40.792121,15.936568,0.1337,0.111,0.1562,0.0436,0.0475,0.0331,0.0549,0.0599,0.0445,0.2831,0.3543,0.465,1.3077720140856426,1.8549014301088949,1.8549014301088949,0
82004,Altavilla Milicia,Palermo,19,38.042734,13.550893,0.1801,0.161,0.1934,0.0467,0.0476,0.0324,0.0638,0.0656,0.0486,0.3822,0.4899,0.6552,0.9848039740615157,0.9320323424350401,0.9320323424350401,0
83098,Torregrotta,Messina,19,38.191637,15.352439,0.1644,0.1404,0.1802,0.0541,0.0575,0.0351,0.068,0.0725,0.047,0.3372,0.437,0.6097,1.5045221907647004,3.4694829393828157,3.4694829393828157,0
14039,Mantello,Sondrio,3,46.152491,9.488941,0.0468,0.0254,0.0553,0.0185,0.0218,0.0,0.0231,0.0272,0.0,0.1073,0.1284,0.1597,1.4510866749710718,4.244358417826519,4.244358417826519,0
65146,Teggiano,Salerno,15,40.379209,15.540465,0.1838,0.157,0.1915,0.047,0.0487,0.0319,0.0597,0.0621,0.0443,0.3371,0.4643,0.6776,1.2638889929482928,2.3174516909171925,2.3174516909171925,0
18113,Pieve del Cairo,Pavia,3,45.049957,8.804146,0.0577,0.0379,0.0648,0.0195,0.023,0.0,0.0258,0.0293,0.0083,0.1336,0.1718,0.2325,1.0880740766673385,2.13407427146441,2.13407427146441,0
4225,Tarantasca,Cuneo,1,44.493679,7.543677,0.115,0.0858,0.1279,0.0361,0.038,0.0219,0.0474,0.0505,0.032,0.2621,0.3292,0.4284,1.4138900839998927,1.5560368771985937,1.5560368771985937,0
16093,Endine Gaiano,Bergamo,3,45.792486,9.969058,0.1083,0.087,0.1168,0.0336,0.0355,0.0202,0.043,0.0457,0.0301,0.2425,0.3204,0.4298,1.353374519552839,1.701320571487098,1.701320571487098,0
65046,Contursi Terme,Salerno,15,40.649513,15.239355,0.1796,0.1556,0.188,0.0505,0.0519,0.0352,0.0659,0.0677,0.0501,0.3894,0.5413,0.7831,1.2093973766675956,4.1482038314371295,4.1482038314371295,0
75044,Melissano,Lecce,16,39.971065,18.125779,0.0574,0.043,0.0674,0.0159,0.0186,0.0,0.0213,0.026,0.0,0.1102,0.1406,0.1959,1.148193712236715,2.007720518905981,2.007720518905981,0
5058,Incisa Scapaccino,Asti,1,44.808456,8.373444,0.0485,0.0269,0.0551,0.017,0.0206,0.0,0.0213,0.0259,0.0,0.1031,0.1265,0.1629,1.1316173371374028,3.5607818826872513,3.5607818826872513,0
67027,Montefino,Teramo,13,42.54432,13.884238,0.1791,0.1376,0.1969,0.0563,0.06,0.0386,0.0711,0.076,0.0529,0.3575,0.4631,0.6106,0.9641021799551196,1.8326134039563173,1.8326134039563173,0
12137,Venegono Superiore,Varese,3,45.751383,8.90476,0.0385,0.0145,0.0453,0.0148,0.0185,0.0,0.0185,0.0228,0.0,0.0834,0.1,0.1243,0.8613815360639278,0.6657763309360135,0.6657763309360135,0
87009,Bronte,Catania,19,37.78716,14.833845,0.1516,0.1242,0.1695,0.0587,0.065,0.0335,0.0709,0.0782,0.0431,0.3026,0.3639,0.4732,1.3035169159872384,2.3690601964653637,2.3690601964653637,0
64110,Torre Le Nocelle,Avellino,15,41.023118,14.909343,0.2514,0.2102,0.2642,0.0613,0.063,0.0438,0.0825,0.0836,0.0609,0.4736,0.6522,0.9305,0.5521109861466388,3.078065783672455,3.078065783672455,0
16108,Gandino,Bergamo,3,45.811533,9.903118,0.1013,0.0808,0.1098,0.0307,0.033,0.0163,0.0385,0.0411,0.0245,0.2128,0.2733,0.3812,0.9370037432435033,2.327715874922126,2.327715874922126,0
4170,Pocapaglia,Cuneo,1,44.715241,7.882933,0.0526,0.029,0.0619,0.022,0.0251,0.0,0.0275,0.031,0.01,0.1236,0.1466,0.1784,1.0179687209661914,2.6455637022949636,2.6455637022949636,0
98055,Sordio,Lodi,3,45.341143,9.365693,0.0615,0.0402,0.0699,0.023,0.0263,0.0,0.029,0.0324,0.0121,0.1379,0.1706,0.2203,0.7163119623174077,2.5901652313420547,2.5901652313420547,0
5066,Mombercelli,Asti,1,44.81771,8.294669,0.0447,0.0218,0.052,0.017,0.0206,0.0,0.0211,0.0257,0.0,0.0983,0.12,0.1506,0.6051904505274517,2.1908790215985974,2.1908790215985974,0
58072,Nettuno,Roma,12,41.457538,12.661425,0.0846,0.0411,0.0956,0.0358,0.0388,0.0107,0.0437,0.0486,0.0168,0.221,0.2768,0.3584,1.4584902763330996,4.152545578929903,4.152545578929903,0
18141,Sant'Alessio con Vialone,Pavia,3,45.224687,9.229855,0.0702,0.0498,0.0767,0.0229,0.0264,0.0,0.0295,0.0328,0.0117,0.1569,0.2052,0.2923,1.2435415346166299,1.7817689956387297,1.7817689956387297,0
18035,Cassolnovo,Pavia,3,45.36556,8.810088,0.0404,0.0174,0.0482,0.016,0.0193,0.0,0.0199,0.0241,0.0,0.089,0.1086,0.1335,0.7799373780908123,2.7486360757491286,2.7486360757491286,0
17025,Bovezzo,Brescia,3,45.593137,10.24348,0.1484,0.1381,0.16,0.0407,0.0443,0.0334,0.0544,0.0574,0.0473,0.3313,0.4302,0.582,1.4194062586995058,3.9332057284119983,3.9332057284119983,0
23036,Garda,Verona,5,45.575651,10.70853,0.1645,0.1435,0.182,0.0438,0.0478,0.0391,0.0582,0.0632,0.0516,0.3517,0.4598,0.6323,1.3578078793284687,2.532976221772647,2.532976221772647,0
21114,Villandro/Villanders,Bolzano/Bozen,4,46.632934,11.540101,0.051,0.0295,0.0575,0.0184,0.0217,0.0,0.0235,0.0271,0.0,0.1062,0.1284,0.1616,1.1237926685269386,1.936288307333133,1.936288307333133,0
21026,Corvara in Badia/Corvara,Bolzano/Bozen,4,46.549574,11.874034,0.0652,0.0543,0.0731,0.023,0.0263,0.0118,0.029,0.0324,0.0171,0.1349,0.1657,0.2098,0.679568547324162,3.527516043167168,3.527516043167168,0
15046,Canegrate,Milano,3,45.570538,8.926792,0.039,0.0152,0.0465,0.0156,0.019,0.0,0.0194,0.0236,0.0,0.0864,0.1038,0.1279,1.6152079655473761,2.4248304597325214,2.4248304597325214,0
1112,Gassino Torinese,Torino,1,45.13165,7.827624,0.0448,0.0201,0.0539,0.0193,0.0227,0.0,0.0238,0.0279,0.0,0.1026,0.1212,0.1475,0.9454435583966362,2.3155883920880016,2.3155883920880016,0
97052,Monte Marenzo,Lecco,3,45.770781,9.454647,0.0647,0.0467,0.0722,0.0227,0.0258,0.0,0.0295,0.0325,0.0127,0.1548,0.1982,0.2686,1.2448212849642022,2.9982387652784173,2.9982387652784173,0
27043,Vigonovo,Venezia,5,45.387011,12.007514,0.0728,0.0658,0.0802,0.0288,0.032,0.0179,0.0348,0.0381,0.0252,0.1571,0.1953,0.2688,1.0893133663490753,1.7272729064607941,1.7272729064607941,0
68022,Manoppello,Pescara,13,42.25778,14.059958,0.1821,0.1399,0.2,0.0611,0.0678,0.0439,0.0773,0.0852,0.0589,0.396,0.5022,0.659,1.4017100557538764,4.244083962527808,4.244083962527808,0
21096,Terento/Terenten,Bolzano/Bozen,4,46.8288,11.776016,0.0482,0.0261,0.0544,0.0162,0.0192,0.0,0.0208,0.0243,0.0,0.0974,0.1191,0.1492,0.4307646176618767,3.960568260203762,3.960568260203762,0
28104,Villanova di Camposampiero,Padova,5,45.490456,11.97302,0.0962,0.0872,0.1048,0.0314,0.035,0.0244,0.0381,0.0428,0.0341,0.2056,0.2607,0.3617,1.6052218011823591,2.898181803262925,2.898181803262925,0
11016,Lerici,La Spezia,7,44.073607,9.909914,0.123,0.1092,0.131,0.0416,0.0453,0.0256,0.0521,0.0563,0.0351,0.2747,0.3528,0.4711,1.3230167507054689,3.548724542092166,3.548724542092166,0
53019,Pitigliano,Grosseto,9,42.634827,11.673549,0.1391,0.0971,0.1575,0.0439,0.0479,0.0166,0.056,0.0602,0.0275,0.2971,0.3694,0.4754,0.9111372332320354,2.587848667978501,2.587848667978501,0
61065,Presenzano,Caserta,15,41.376619,14.07642,0.1549,0.1399,0.1786,0.0532,0.059,0.0374,0.0665,0.0751,0.0515,0.3606,0.4612,0.6468,1.6296349241105004,1.6897127857239462,1.6897127857239462,0
31015,Romans d'Isonzo,Gorizia,6,45.890606,13.438219,0.1608,0.144,0.1992,0.0437,0.0461,0.0382,0.0577,0.0597,0.0497,0.3285,0.4371,0.6149,0.6965394521164603,2.34940641632304,2.34940641632304,0
58067,Moricone,Roma,12,42.117096,12.771639,0.1518,0.1375,0.1739,0.0514,0.0555,0.0349,0.0629,0.0688,0.0468,0.3406,0.4304,0.5655,0.6099537307968814,3.0851484702227827,3.0851484702227827,0
1293,Verolengo,Torino,1,45.190053,7.968226,0.0401,0.0152,0.0488,0.0172,0.0206,0.0,0.0209,0.0254,0.0,0.0885,0.1048,0.1266,0.8616217259679101,2.2988690073491322,2.2988690073491322,0
84012,Casteltermini,Agrigento,19,37.540835,13.643187,0.0678,0.0427,0.0741,0.0249,0.027,0.0094,0.0316,0.0341,0.0146,0.1406,0.17,0.2118,1.5154008977133115,3.0433759998861643,3.0433759998861643,0
80096,Villa San Giovanni,Reggio di Calabria,18,38.220112,15.637381,0.2576,0.2195,0.2811,0.0635,0.0651,0.0446,0.0855,0.0887,0.0621,0.5184,0.7042,1.0004,1.1170711291454745,1.4924400719271123,1.4924400719271123,0
15015,Basiglio,Milano,3,45.349152,9.164589,0.0521,0.0308,0.0591,0.0195,0.023,0.0,0.0248,0.0286,0.0,0.1163,0.1415,0.1804,0.8149888037888235,1.505898452563986,1.505898452563986,0
40019,Meldola,Forlì-Cesena,8,44.126721,12.061153,0.208,0.1655,0.2334,0.0699,0.0745,0.0533,0.0891,0.0951,0.0687,0.4484,0.551,0.7008,1.742128658219439,3.7142712478989917,3.7142712478989917,0
87006,Adrano,Catania,19,37.661777,14.833099,0.1588,0.1263,0.1811,0.0586,0.0653,0.0328,0.0707,0.0785,0.0414,0.304,0.3673,0.5098,1.1031465453487264,2.782277060813366,2.782277060813366,0
7034,Hône,Valle d'Aosta/Vallée d'Aoste,2,45.613726,7.737831,0.0519,0.0297,0.0616,0.0217,0.0248,0.0,0.0269,0.0306,0.0098,0.1184,0.14,0.1712,0.7748818562034879,3.939302338256656,3.939302338256656,0
52004,Casole d'Elsa,Siena,9,43.341697,11.042949,0.1407,0.0977,0.1595,0.0476,0.0514,0.0198,0.0593,0.0647,0.0307,0.3033,0.3753,0.4798,0.7944256471979582,3.6933365859733622,3.6933365859733622,0
111034,Guspini,Sud Sardegna,20,39.54134,8.633131,0.0,0.0,0.0,0.0,0.0,0.0,0.0,0.0,0.0,0.0,0.0,0.0,336.34174328240863,338.782345872021,338.782345872021,1
61104,San Marco Evangelista,Caserta,15,41.037018,14.336294,0.1334,0.096,0.138,0.0462,0.0485,0.0229,0.0581,0.0605,0.0335,0.2805,0.3487,0.4495,1.3913858255238984,1.8248236386138852,1.8248236386138852,0
19100,Spinadesco,Cremona,3,45.148751,9.929672,0.0795,0.0621,0.09,0.0321,0.0351,0.0164,0.0385,0.0423,0.0231,0.1791,0.2204,0.2852,1.6637226871457933,2.822555830817094,2.822555830817094,0
60045,Morolo,Frosinone,12,41.638218,13.197097,0.1383,0.1222,0.1514,0.048,0.0517,0.0317,0.0587,0.0637,0.0429,0.3123,0.3999,0.5283,1.2150879269082546,2.8784423200890332,2.8784423200890332,0
40041,San Mauro Pascoli,Forlì-Cesena,8,44.106463,12.414898,0.1852,0.1685,0.2073,0.0509,0.0554,0.0394,0.0665,0.0707,0.0577,0.4088,0.5371,0.7404,0.9451951241621239,4.318132750686924,4.318132750686924,0
23001,Affi,Verona,5,45.554091,10.776424,0.1652,0.1433,0.183,0.044,0.0479,0.0391,0.0585,0.0634,0.0517,0.3538,0.4602,0.6334,0.7969583527793485,0.4117374075942734,0.4117374075942734,0
46024,Pietrasanta,Lucca,9,43.958903,10.233203,0.1327,0.119,0.1428,0.0419,0.0458,0.0257,0.0523,0.0567,0.0353,0.2769,0.3563,0.4752,0.2248503627352141,2.2639439848849636,2.2639439848849636,0
17023,Botticino,Brescia,3,45.543262,10.323184,0.1549,0.1371,0.166,0.041,0.0452,0.0347,0.0545,0.0588,0.0501,0.3522,0.458,0.6212,0.8147992858073604,3.28704511469836,3.28704511469836,0
18076,Gropello Cairoli,Pavia,3,45.178609,8.994031,0.0575,0.0375,0.0644,0.0198,0.0234,0.0,0.0258,0.0293,0.0079,0.128,0.1623,0.2163,1.0104351632300745,4.12919154905387,4.12919154905387,0
56013,Capodimonte,Viterbo,12,42.546527,11.904755,0.1404,0.098,0.1594,0.0478,0.0516,0.0229,0.0595,0.0647,0.0329,0.3033,0.3752,0.4798,1.4486045294819552,3.7193085767691536,3.7193085767691536,0
4247,Villar San Costanzo,Cuneo,1,44.484731,7.382226,0.1368,0.103,0.1526,0.0404,0.0425,0.0273,0.0544,0.057,0.0382,0.2941,0.3652,0.4702,0.795221002010393,1.331864771154626,1.331864771154626,0
108011,Briosco,Monza e della Brianza,3,45.710077,9.240644,0.0494,0.0278,0.0565,0.0187,0.0221,0.0,0.0241,0.0279,0.0,0.116,0.1415,0.1808,1.1434794789077611,3.3495817393729337,3.3495817393729337,0
1294,Verrua Savoia,Torino,1,45.156707,8.092761,0.0384,0.0132,0.0468,0.016,0.0195,0.0,0.0195,0.0241,0.0,0.0828,0.0963,0.1167,0.9607823415077644,1.464100386640032,1.464100386640032,0
12089,Lonate Ceppino,Varese,3,45.704503,8.874286,0.0384,0.0143,0.0451,0.0146,0.0182,0.0,0.0182,0.0225,0.0,0.0819,0.0975,0.1217,0.05516857922902502,3.6686519030105114,3.6686519030105114,0
78058,Fuscaldo,Cosenza,18,39.414294,16.029787,0.1868,0.1643,0.2074,0.0519,0.0551,0.0349,0.0666,0.072,0.0481,0.3691,0.4946,0.7084,0.8791898627320864,2.2217151922105014,2.2217151922105014,0
14011,Caiolo,Sondrio,3,46.149994,9.814548,0.0761,0.059,0.0861,0.0239,0.0272,0.0085,0.0303,0.0339,0.0145,0.1576,0.1978,0.2604,1.4535780945010857,2.287965730996998,2.287965730996998,0
1092,Colleretto Giacosa,Torino,1,45.431887,7.799591,0.0446,0.0199,0.0539,0.0191,0.0226,0.0,0.0236,0.0279,0.0,0.1009,0.1198,0.1461,0.9306981149782902,2.235662178082895,2.235662178082895,0
16190,San Pellegrino Terme,Bergamo,3,45.838631,9.664731,0.0825,0.0643,0.0902,0.0269,0.0295,0.0114,0.0343,0.0368,0.0181,0.1894,0.2467,0.3444,0.9292194669967906,3.439568454822989,3.439568454822989,0
83016,Castroreale,Messina,19,38.099272,15.210686,0.1909,0.1511,0.2124,0.0589,0.062,0.0398,0.0758,0.0799,0.0545,0.3829,0.4764,0.6223,0.31540671032171547,2.640752974473109,2.640752974473109,0
29037,Polesella,Rovigo,5,44.964082,11.750177,0.0843,0.076,0.0862,0.0307,0.0341,0.0188,0.0366,0.04,0.0276,0.1776,0.236,0.3135,1.2885810668945827,2.9740371974206052,2.9740371974206052,0
50011,Castelnuovo di Val di Cecina,Pisa,9,43.207998,10.906051,0.1386,0.0967,0.1565,0.0425,0.0464,0.0131,0.0548,0.0591,0.0256,0.2968,0.3693,0.4753,0.48419471868016495,2.546670744520577,2.546670744520577,0
61081,San Prisco,Caserta,15,41.087115,14.278228,0.1226,0.089,0.1278,0.0443,0.0467,0.021,0.0554,0.0577,0.0305,0.2479,0.3024,0.3819,0.39865942583779385,1.0425521192883633,1.0425521192883633,0
111059,Samassi,Sud Sardegna,20,39.481341,8.907637,0.0,0.0,0.0,0.0,0.0,0.0,0.0,0.0,0.0,0.0,0.0,0.0,324.00309623994747,324.1917109148036,324.1917109148036,1
58116,Ladispoli,Roma,12,41.953722,12.073465,0.0554,0.0281,0.0675,0.0272,0.0314,0.0,0.032,0.0368,0.0083,0.1297,0.1523,0.183,1.1310654836324772,2.5374297233787777,2.5374297233787777,0
16167,Pognano,Bergamo,3,45.586378,9.639955,0.1137,0.0908,0.122,0.0303,0.0325,0.0154,0.0392,0.0414,0.0254,0.2451,0.327,0.4392,1.2810930259744735,1.461521416177573,1.461521416177573,0
12033,Carnago,Varese,3,45.722849,8.835848,0.0381,0.0141,0.0447,0.0145,0.0182,0.0,0.0181,0.0224,0.0,0.0819,0.0976,0.1219,0.8559133036913331,2.5719052121821635,2.5719052121821635,0
7063,Saint-Pierre,Valle d'Aosta/Vallée d'Aoste,2,45.709481,7.229142,0.1008,0.0769,0.1122,0.0319,0.0359,0.0168,0.04,0.0464,0.0255,0.2236,0.2906,0.392,0.41163909840856294,4.25758839234163,4.25758839234163,0
83009,Capo d'Orlando,Messina,19,38.159573,14.745073,0.1544,0.129,0.1676,0.0529,0.055,0.0341,0.0666,0.0697,0.0456,0.3194,0.3973,0.536,1.086245124764191,2.577259853963977,2.577259853963977,0
65097,Polla,Salerno,15,40.517112,15.497962,0.2251,0.1847,0.2335,0.0538,0.0562,0.0395,0.0728,0.0751,0.0562,0.4487,0.6215,0.9074,1.6517697011095511,3.411098363293195,3.411098363293195,0
71043,Rodi Garganico,Foggia,16,41.928745,15.881052,0.1748,0.1202,0.2155,0.048,0.0493,0.0319,0.0638,0.0681,0.0433,0.3922,0.5134,0.7057,0.19509696244103591,3.789527914017392,3.789527914017392,0
25055,Seren del Grappa,Belluno,5,45.989755,11.8449,0.1962,0.1747,0.2333,0.0507,0.0526,0.0432,0.0672,0.0725,0.0589,0.407,0.5373,0.7492,1.4855070069452176,1.9366257727272485,1.9366257727272485,0
16097,Fara Olivana con Sola,Bergamo,3,45.49172,9.737362,0.1224,0.0987,0.1324,0.0322,0.0343,0.0178,0.0413,0.044,0.028,0.2488,0.3299,0.4414,1.4192380772618438,3.040216341808394,3.040216341808394,0
41015,Fossombrone,Pesaro e Urbino,11,43.690797,12.812612,0.1787,0.1642,0.1919,0.0543,0.0572,0.0404,0.0688,0.0728,0.0561,0.3753,0.4869,0.6536,1.2270350353704615,1.7711216761849435,1.7711216761849435,0
16173,Pradalunga,Bergamo,3,45.746733,9.783129,0.1137,0.091,0.1221,0.0318,0.0338,0.0173,0.0411,0.0435,0.0278,0.2536,0.3363,0.4488,1.3634429337322664,2.5334781954967034,2.5334781954967034,0
1038,Bruino,Torino,1,45.021152,7.468551,0.0893,0.0676,0.099,0.0303,0.0327,0.015,0.0376,0.0407,0.0222,0.1972,0.2466,0.3214,0.8098184173783762,1.7831160493116702,1.7831160493116702,0
23045,Malcesine,Verona,5,45.764344,10.81006,0.1548,0.1368,0.1704,0.0406,0.0443,0.0366,0.0549,0.0581,0.0479,0.3341,0.4388,0.6073,1.3785225171279962,3.7287646169053072,3.7287646169053072,0
94002,Agnone,Isernia,14,41.809561,14.377046,0.1833,0.1581,0.1977,0.0565,0.0623,0.0437,0.0704,0.0782,0.0573,0.3629,0.4668,0.6306,1.4077690974834336,2.9427715971831736,2.9427715971831736,0
15005,Albairate,Milano,3,45.421126,8.938136,0.0412,0.0181,0.0491,0.0168,0.0199,0.0,0.0209,0.025,0.0,0.0938,0.1142,0.1412,1.6123454914164819,2.467552305852824,2.467552305852824,0
71005,Ascoli Satriano,Foggia,16,41.20612,15.56161,0.1903,0.1554,0.2345,0.0475,0.0527,0.0371,0.0599,0.0706,0.0527,0.4098,0.5452,0.7498,0.642080983548654,1.6687105639402435,1.6687105639402435,0
90022,Cargeghe,Sassari,20,40.669461,8.614515,0.0,0.0,0.0,0.0,0.0,0.0,0.0,0.0,0.0,0.0,0.0,0.0,236.98690752723968,237.44890953270402,237.44890953270402,1
64116,Venticano,Avellino,15,41.049124,14.917637,0.2562,0.2155,0.27,0.0619,0.0639,0.0454,0.0828,0.0851,0.0629,0.4984,0.6902,0.9819,1.1004923421738366,4.286587236954107,4.286587236954107,0
16076,Cividate al Piano,Bergamo,3,45.554879,9.83096,0.1337,0.1085,0.1456,0.0365,0.0379,0.0242,0.049,0.0514,0.0365,0.2947,0.3772,0.4958,0.19424115122399635,3.5998837109816453,3.5998837109816453,0
23032,Erbè,Verona,5,45.240929,10.968485,0.1081,0.0966,0.12,0.0352,0.0376,0.0285,0.0432,0.0478,0.0393,0.2515,0.3302,0.4624,0.5746081983040029,4.10933624665573,4.10933624665573,0
4242,Vicoforte,Cuneo,1,44.374442,7.872552,0.0701,0.0445,0.0793,0.0249,0.0278,0.0106,0.0315,0.0349,0.0158,0.1562,0.1921,0.2451,0.541125913132908,3.4961748156741432,3.4961748156741432,0
65154,Vallo della Lucania,Salerno,15,40.229704,15.26576,0.0956,0.0745,0.1051,0.0325,0.0353,0.0153,0.0396,0.0439,0.0236,0.1786,0.2201,0.2807,0.20912806419147165,1.327728046094251,1.327728046094251,0
68018,Elice,Pescara,13,42.518275,13.968282,0.1757,0.1365,0.1926,0.0543,0.0578,0.0366,0.0687,0.0734,0.0504,0.3518,0.4552,0.6018,0.4849228637161365,1.7859862080859517,1.7859862080859517,0
56009,Bomarzo,Viterbo,12,42.481928,12.248764,0.139,0.1164,0.1543,0.0477,0.0523,0.0284,0.0584,0.0645,0.0383,0.2937,0.378,0.4982,0.840173863241463,2.385411964547227,2.385411964547227,0
12013,Besozzo,Varese,3,45.845797,8.666495,0.0389,0.0165,0.0462,0.0146,0.0181,0.0,0.0183,0.0224,0.0,0.0842,0.1017,0.1267,1.0972167804723048,2.447160080492762,2.447160080492762,0
42024,Mergo,Ancona,11,43.472357,13.036766,0.1747,0.154,0.1927,0.0556,0.0582,0.0405,0.0702,0.0738,0.0552,0.3561,0.4514,0.5988,1.0949633765644138,3.481439707072845,3.481439707072845,0
72002,Adelfia,Bari,16,41.004265,16.871653,0.071,0.0586,0.0797,0.0266,0.029,0.014,0.0332,0.0361,0.0198,0.155,0.1913,0.2507,1.511387150953256,2.207875075223127,2.207875075223127,0
54049,Sigillo,Perugia,10,43.33135,12.742284,0.1979,0.1847,0.2223,0.0667,0.07,0.0508,0.0842,0.0886,0.0696,0.4355,0.5605,0.7478,1.6469535580575003,0.9310183229276616,0.9310183229276616,0
111096,Villacidro,Sud Sardegna,20,39.456992,8.736722,0.0,0.0,0.0,0.0,0.0,0.0,0.0,0.0,0.0,0.0,0.0,0.0,335.8582201213072,337.9544778723996,337.9544778723996,1
97065,Pasturo,Lecco,3,45.951783,9.442169,0.0494,0.0278,0.0568,0.0192,0.0228,0.0,0.0243,0.0283,0.0,0.1141,0.1378,0.1752,1.2541800006417112,3.406476125595238,3.406476125595238,0
52017,Monteroni d'Arbia,Siena,9,43.229334,11.420933,0.1414,0.1045,0.1588,0.048,0.0525,0.0237,0.0592,0.0653,0.0341,0.3046,0.3777,0.4832,1.5861590077402286,1.8635594580089532,1.8635594580089532,0
111051,Ortacesus,Sud Sardegna,20,39.539148,9.083526,0.0,0.0,0.0,0.0,0.0,0.0,0.0,0.0,0.0,0.0,0.0,0.0,305.96220703647316,306.0138969722749,306.0138969722749,1
97046,Mandello del Lario,Lecco,3,45.919183,9.319341,0.0454,0.023,0.0531,0.0179,0.0213,0.0,0.0224,0.0266,0.0,0.1052,0.1275,0.1611,0.3242560710962588,1.1315269782797888,1.1315269782797888,0
61032,Curti,Caserta,15,41.072914,14.273928,0.1237,0.0887,0.1285,0.0443,0.0467,0.021,0.0554,0.0577,0.0305,0.2479,0.3024,0.3819,0.7279287917750035,1.7131413084173708,1.7131413084173708,0
65125,San Pietro al Tanagro,Salerno,15,40.456811,15.480662,0.1817,0.1562,0.1897,0.0482,0.0497,0.0333,0.0617,0.0639,0.0467,0.3526,0.4868,0.7109,0.931054319964768,2.478327150428413,2.478327150428413,0
47011,Montecatini-Terme,Pistoia,9,43.883179,10.770953,0.1372,0.125,0.1522,0.0488,0.0529,0.0316,0.0594,0.0652,0.0431,0.3077,0.3908,0.518,0.9783682315888057,2.713001208772355,2.713001208772355,0
19076,Pizzighettone,Cremona,3,45.18907,9.789865,0.0779,0.0587,0.0876,0.0305,0.0335,0.0147,0.0369,0.0401,0.0207,0.1747,0.2163,0.2818,0.9361748918417687,2.043269805973785,2.043269805973785,0
60036,Fontana Liri,Frosinone,12,41.61002,13.550305,0.2017,0.1812,0.2136,0.0624,0.0681,0.0514,0.0793,0.0864,0.0708,0.4321,0.5557,0.7472,0.5902944406514447,2.874030226718999,2.874030226718999,0
108014,Camparada,Monza e della Brianza,3,45.655977,9.319646,0.0557,0.0356,0.0628,0.0205,0.0239,0.0,0.0267,0.0302,0.0099,0.1331,0.1676,0.2216,1.3295963357360865,3.01345901675346,3.01345901675346,0
21048,Marlengo/Marling,Bolzano/Bozen,4,46.655561,11.140291,0.0441,0.0217,0.0519,0.0164,0.0196,0.0,0.0206,0.0247,0.0,0.0941,0.1144,0.1417,0.4733941342836321,2.8160585041786566,2.8160585041786566,0
99026,Sant'Agata Feltria,Rimini,8,43.864302,12.207999,0.1884,0.1435,0.2101,0.0613,0.065,0.0448,0.0774,0.0816,0.0589,0.3812,0.4813,0.6291,1.5971088003929999,4.072626042821657,4.072626042821657,0
75076,Soleto,Lecce,16,40.187708,18.207372,0.0538,0.041,0.0642,0.0142,0.0168,0.0,0.019,0.0237,0.0,0.1014,0.1331,0.1874,0.41071570949821135,0.6280071009512105,0.6280071009512105,0
7011,Brissogne,Valle d'Aosta/Vallée d'Aoste,2,45.72852,7.406663,0.083,0.0617,0.0933,0.0296,0.0326,0.0143,0.0368,0.0405,0.0208,0.187,0.2374,0.317,0.9512876572031428,0.45444157750753156,0.45444157750753156,0
25035,Ospitale di Cadore,Belluno,5,46.330524,12.322888,0.1689,0.1484,0.2048,0.0478,0.0499,0.0407,0.0617,0.0663,0.054,0.3688,0.4909,0.6887,1.3171819694431712,1.2100782010312985,1.2100782010312985,0
97040,Introbio,Lecco,3,45.972641,9.45307,0.0494,0.0278,0.057,0.0192,0.0228,0.0,0.0243,0.0283,0.0,0.1141,0.1378,0.1752,0.9861078542681,1.7033079747807471,1.7033079747807471,0
19015,Capralba,Cremona,3,45.444075,9.643258,0.0991,0.0796,0.1071,0.0296,0.0321,0.0146,0.0373,0.0396,0.0223,0.2086,0.27,0.3783,0.8338528536905371,2.3102051321298624,2.3102051321298624,0
6180,Vignole Borbera,Alessandria,1,44.709948,8.891262,0.0936,0.075,0.1042,0.0258,0.0287,0.0095,0.0337,0.0365,0.0169,0.2027,0.2734,0.3733,1.0203044179799257,3.4443720284527926,3.4443720284527926,0
16243,Vilminore di Scalve,Bergamo,3,45.997675,10.09248,0.0656,0.0477,0.0754,0.0273,0.0303,0.0135,0.0334,0.0367,0.0188,0.1566,0.1905,0.2435,0.9737161418129978,2.571277603681394,2.571277603681394,0
12050,Cislago,Varese,3,45.658776,8.971932,0.0392,0.0154,0.0465,0.0157,0.0191,0.0,0.0194,0.0238,0.0,0.0873,0.1056,0.1303,1.421374632545268,2.064088944021738,2.064088944021738,0
85015,Riesi,Caltanissetta,19,37.281961,14.082414,0.0689,0.0595,0.0794,0.0233,0.0265,0.0093,0.0296,0.0335,0.0146,0.1395,0.184,0.2501,0.786230684480855,3.134336162008421,3.134336162008421,0
22118,Moena,Trento,4,46.376943,11.659266,0.0692,0.0614,0.0778,0.0258,0.0292,0.0162,0.032,0.0355,0.0228,0.151,0.1943,0.2574,1.3714335079992748,2.6347621642219465,2.6347621642219465,0
10054,Santa Margherita Ligure,Genova,7,44.333976,9.211127,0.081,0.0651,0.0906,0.0302,0.0329,0.0135,0.0371,0.04,0.0197,0.1922,0.2572,0.346,1.0806294321681256,3.113075105139176,3.113075105139176,0
111011,Castiadas,Sud Sardegna,20,39.236335,9.501016,0.0,0.0,0.0,0.0,0.0,0.0,0.0,0.0,0.0,0.0,0.0,0.0,303.07561272104215,304.709038136972,304.709038136972,1
1097,Cumiana,Torino,1,44.979742,7.376717,0.1225,0.0917,0.1346,0.0367,0.0386,0.0223,0.0482,0.0513,0.0328,0.2723,0.3424,0.4443,1.4154155369234513,3.885350042426585,3.885350042426585,0
74003,Ceglie Messapica,Brindisi,16,40.646044,17.517057,0.0549,0.0361,0.0609,0.0191,0.0217,0.0,0.0256,0.0282,0.0115,0.1153,0.1374,0.1687,1.6263801902111261,2.0321781876807723,2.0321781876807723,0
91061,Orani,Nuoro,20,40.248344,9.182835,0.0,0.0,0.0,0.0,0.0,0.0,0.0,0.0,0.0,0.0,0.0,0.0,234.3334285613094,236.4815075446615,236.4815075446615,1
55001,Acquasparta,Terni,10,42.691172,12.546451,0.1635,0.1463,0.179,0.0563,0.0607,0.0404,0.0692,0.0754,0.0542,0.3569,0.4461,0.5785,0.3210841067387139,1.4792965648647955,1.4792965648647955,0
16100,Fiorano al Serio,Bergamo,3,45.799841,9.842294,0.1056,0.0845,0.1137,0.0315,0.0336,0.0171,0.04,0.0427,0.0264,0.2361,0.3131,0.4244,0.44575726528102216,2.2426858764936544,2.2426858764936544,0
4107,Lequio Tanaro,Cuneo,1,44.559937,7.882136,0.0577,0.0332,0.0668,0.023,0.026,0.0,0.0289,0.0322,0.0119,0.1325,0.1589,0.1947,0.9011095464357154,1.0034080314062093,1.0034080314062093,0
19086,Romanengo,Cremona,3,45.377177,9.784985,0.1042,0.0844,0.1127,0.0323,0.0346,0.0179,0.0404,0.0436,0.027,0.2275,0.3016,0.4077,0.3958886355418733,0.8222303036905113,0.8222303036905113,0
19085,Robecco d'Oglio,Cremona,3,45.259374,10.076571,0.0993,0.0901,0.1089,0.033,0.0358,0.0188,0.0399,0.044,0.0276,0.2065,0.262,0.3703,0.3363875451965537,2.692835901203375,2.692835901203375,0
30104,Santa Maria la Longa,Udine,6,45.933052,13.288023,0.1569,0.1387,0.1911,0.0452,0.0475,0.039,0.0583,0.0609,0.0504,0.3277,0.4363,0.6133,1.299894622281129,1.5289453812039147,1.5289453812039147,0
82017,Campofelice di Roccella,Palermo,19,37.992334,13.886183,0.1816,0.1629,0.1947,0.0484,0.0497,0.0335,0.0653,0.0675,0.0504,0.3858,0.4941,0.66,0.3752795992243968,1.9714902270999988,1.9714902270999988,0
30112,Sutrio,Udine,6,46.512002,12.990757,0.1853,0.1649,0.2252,0.0473,0.0496,0.0402,0.0614,0.0663,0.0537,0.3719,0.4955,0.6964,1.5347586825311537,2.621263490140192,2.621263490140192,0
5096,Rocchetta Tanaro,Asti,1,44.858671,8.345706,0.0452,0.0228,0.0525,0.0167,0.0203,0.0,0.0209,0.0255,0.0,0.0994,0.1218,0.1543,0.32003826264906576,1.7862156093445885,1.7862156093445885,0
80028,Cittanova,Reggio di Calabria,18,38.353949,16.080602,0.257,0.2153,0.2792,0.0642,0.0651,0.046,0.086,0.0886,0.0635,0.5012,0.6727,0.941,1.0903690578173053,2.059264161147097,2.059264161147097,0
50005,Capannoli,Pisa,9,43.586731,10.674457,0.1412,0.104,0.1576,0.0443,0.0484,0.0207,0.0568,0.061,0.0319,0.302,0.3759,0.481,0.3782752862851868,2.2870335979723935,2.2870335979723935,0
4068,Chiusa di Pesio,Cuneo,1,44.32643,7.675436,0.1026,0.0751,0.1135,0.0316,0.0339,0.0175,0.0401,0.0436,0.0259,0.2154,0.2689,0.3495,1.090528106333347,2.205685490782254,2.205685490782254,0
16059,Casirate d'Adda,Bergamo,3,45.494124,9.567808,0.0954,0.0762,0.1025,0.0279,0.0306,0.0127,0.0356,0.038,0.0198,0.2006,0.2602,0.3663,1.367599794939271,2.600829364921476,2.600829364921476,0
4228,Torre San Giorgio,Cuneo,1,44.735739,7.528128,0.1021,0.0767,0.1131,0.0339,0.036,0.0188,0.0432,0.0466,0.0281,0.2394,0.3023,0.3955,0.5616720622723871,2.2862838210711223,2.2862838210711223,0
64055,Montefredane,Avellino,15,40.962395,14.810959,0.214,0.1754,0.2212,0.0578,0.0585,0.0389,0.0768,0.0785,0.0557,0.4222,0.5566,0.7818,0.638015175351899,1.708012713763157,1.708012713763157,0
27004,Camponogara,Venezia,5,45.385068,12.072122,0.072,0.064,0.079,0.0282,0.0314,0.017,0.0341,0.0373,0.0236,0.1539,0.1869,0.2576,0.33890876264816316,1.0536489925680113,1.0536489925680113,0
7054,Quart,Valle d'Aosta/Vallée d'Aoste,2,45.740958,7.414362,0.0872,0.0655,0.097,0.0296,0.0326,0.0143,0.0368,0.0405,0.0208,0.187,0.2374,0.317,1.3770819801442975,1.254710273183973,1.254710273183973,0
1175,Oulx,Torino,1,45.033052,6.83251,0.1132,0.0866,0.1238,0.0355,0.0372,0.0208,0.0459,0.0488,0.0307,0.2527,0.3187,0.4181,1.727052233007869,2.060773459177177,2.060773459177177,0
63022,Casola di Napoli,Napoli,15,40.696037,14.533447,0.1121,0.0714,0.1167,0.0375,0.0393,0.014,0.0475,0.0498,0.0229,0.2137,0.2597,0.3267,0.742620200487532,2.184707618982545,2.184707618982545,0
1236,San Benigno Canavese,Torino,1,45.227052,7.785021,0.0452,0.0204,0.0541,0.0189,0.0223,0.0,0.0233,0.0274,0.0,0.1003,0.1188,0.1441,1.5889671312810278,3.966115148084625,3.966115148084625,0
4160,Paroldo,Cuneo,1,44.432036,8.072442,0.0574,0.032,0.0651,0.0201,0.0233,0.0,0.0261,0.0295,0.0088,0.1249,0.154,0.1957,1.0822861080150292,3.7721955383577477,3.7721955383577477,0
82006,Bagheria,Palermo,19,38.079351,13.509349,0.1793,0.1602,0.1926,0.0456,0.0465,0.0316,0.0625,0.0642,0.0475,0.3778,0.4856,0.6498,1.0544266715269874,2.1585077231856147,2.1585077231856147,0
16143,Mozzo,Bergamo,3,45.69868,9.608652,0.1057,0.0842,0.1136,0.0278,0.0303,0.0126,0.0361,0.0382,0.0204,0.2175,0.2892,0.3993,1.7847811143071035,3.4740129211037023,3.4740129211037023,0
63056,Pollena Trocchia,Napoli,15,40.854635,14.379468,0.1712,0.1205,0.1886,0.0455,0.049,0.024,0.0601,0.067,0.037,0.3419,0.4322,0.611,1.1168977476780082,4.2207591980458385,4.2207591980458385,0
65017,Buccino,Salerno,15,40.632913,15.369658,0.2297,0.1898,0.2384,0.0535,0.0554,0.0386,0.0717,0.074,0.0557,0.4421,0.6131,0.8919,1.3099414350038863,3.7204888255577417,3.7204888255577417,0
76050,Moliterno,Potenza,17,40.241932,15.86902,0.2629,0.2149,0.2776,0.0573,0.0606,0.0422,0.0781,0.0821,0.0607,0.5005,0.692,1.0099,0.2561672271707825,3.100137534946392,3.100137534946392,0
16137,Monasterolo del Castello,Bergamo,3,45.763185,9.931658,0.1178,0.0953,0.1274,0.0327,0.0346,0.0187,0.0417,0.0444,0.0284,0.2402,0.3178,0.4286,0.4433917522974266,3.1759215351992367,3.1759215351992367,0
65090,Pellezzano,Salerno,15,40.725211,14.757443,0.1133,0.0809,0.1185,0.04,0.0422,0.0178,0.0511,0.0534,0.0274,0.232,0.2831,0.3555,1.2296147894026486,1.5742040225699196,1.5742040225699196,0
60086,Vicalvi,Frosinone,12,41.676723,13.706407,0.2534,0.2294,0.2813,0.0743,0.0804,0.0651,0.0976,0.1044,0.0898,0.5251,0.6819,0.9285,1.275456049672698,1.926647171794087,1.926647171794087,0
62068,San Salvatore Telesino,Benevento,15,41.236019,14.499131,0.2309,0.1906,0.2394,0.0562,0.0582,0.0381,0.0728,0.0755,0.0543,0.4234,0.5837,0.8495,1.4429834206658478,1.4338608974167915,1.4338608974167915,0
97072,Rogeno,Lecco,3,45.782379,9.274043,0.0489,0.0272,0.0561,0.0184,0.0217,0.0,0.0234,0.0273,0.0,0.1117,0.1353,0.1729,0.45830715742212835,2.4599546141691593,2.4599546141691593,0
20032,Mariana Mantovana,Mantova,3,45.192876,10.486881,0.0929,0.0862,0.1053,0.0335,0.0364,0.0225,0.0405,0.0447,0.0329,0.2253,0.2867,0.3909,0.6068986002564256,2.941145052800918,2.941145052800918,0
44012,Castignano,Ascoli Piceno,11,42.93935,13.623987,0.1766,0.1455,0.1946,0.0559,0.0589,0.0402,0.0706,0.0747,0.0546,0.3601,0.4561,0.602,1.406051667913302,0.5801776802328568,0.5801776802328568,0
29048,Villadose,Rovigo,5,45.068916,11.893738,0.0621,0.0532,0.0714,0.0277,0.0313,0.0137,0.0331,0.0367,0.0191,0.1342,0.161,0.2004,1.7636647210234975,3.4536848353270417,3.4536848353270417,0
96010,Camburzano,Biella,1,45.543668,8.003131,0.0424,0.019,0.0515,0.0176,0.0209,0.0,0.0217,0.0261,0.0,0.0948,0.1139,0.1393,0.8659650344459283,2.0042490834842646,2.0042490834842646,0
64063,Morra De Sanctis,Avellino,15,40.929019,15.242851,0.2705,0.2403,0.2863,0.061,0.0628,0.0466,0.0826,0.0848,0.065,0.5314,0.735,1.0389,1.5275268663599417,3.6851015440353017,3.6851015440353017,0
17146,Pompiano,Brescia,3,45.431977,9.989265,0.1333,0.111,0.1442,0.0374,0.0391,0.0259,0.0495,0.0519,0.0374,0.2912,0.3717,0.4979,1.182718049935702,1.499851643845855,1.499851643845855,0
108003,Albiate,Monza e della Brianza,3,45.65899,9.255796,0.0513,0.0299,0.0582,0.0191,0.0225,0.0,0.0247,0.0284,0.0,0.1196,0.1469,0.1888,0.5342492097349559,2.0787295899378946,2.0787295899378946,0
4101,Guarene,Cuneo,1,44.739486,8.034836,0.046,0.0209,0.0539,0.0192,0.0227,0.0,0.0239,0.0279,0.0,0.1051,0.125,0.1535,0.8435786117808625,4.546125478104046,4.546125478104046,0
27006,Cavarzere,Venezia,5,45.136099,12.081285,0.0581,0.0409,0.0664,0.0258,0.0292,0.0105,0.0311,0.0345,0.0149,0.1249,0.1483,0.1814,0.6275133776244612,1.3347496672904664,1.3347496672904664,0
56001,Acquapendente,Viterbo,12,42.743996,11.864988,0.1413,0.1021,0.1605,0.0495,0.0537,0.0248,0.0609,0.067,0.0345,0.3048,0.3767,0.4809,0.6642713545420763,2.4859103468898467,2.4859103468898467,0
34033,San Secondo Parmense,Parma,8,44.92016,10.229558,0.1121,0.0866,0.1256,0.0378,0.0407,0.0221,0.0469,0.0512,0.0314,0.2303,0.2937,0.4005,1.204950244097365,2.7480382327376196,2.7480382327376196,0
18053,Copiano,Pavia,3,45.196266,9.322455,0.077,0.057,0.085,0.024,0.0273,0.0,0.0306,0.0338,0.0129,0.1633,0.2136,0.3067,1.1362995802431286,2.542102752225217,2.542102752225217,0
59006,Cori,Latina,12,41.643104,12.915851,0.135,0.0785,0.1574,0.0466,0.0519,0.0225,0.0585,0.0642,0.0305,0.2978,0.3691,0.4697,1.062312575149631,3.2658643701486283,3.2658643701486283,0
4072,Corneliano d'Alba,Cuneo,1,44.735937,7.959851,0.0483,0.0238,0.0569,0.0203,0.0236,0.0,0.0254,0.029,0.0,0.1119,0.1323,0.1622,0.5609177198896247,4.10783405514453,4.10783405514453,0
1045,Buttigliera Alta,Torino,1,45.068804,7.434488,0.0929,0.0703,0.1025,0.0326,0.0348,0.0175,0.041,0.0446,0.0264,0.2288,0.2896,0.3794,1.1937997491311985,3.820047881168422,3.820047881168422,0
82049,Monreale,Palermo,19,38.082632,13.291993,0.183,0.1629,0.1991,0.0446,0.0457,0.0315,0.0624,0.0639,0.0491,0.3835,0.4941,0.6593,1.151940269019678,1.0096636428707328,1.0096636428707328,0
74006,Erchie,Brindisi,16,40.436042,17.734629,0.0526,0.0304,0.0574,0.0167,0.0191,0.0,0.022,0.0252,0.0,0.0962,0.1166,0.1441,1.4410304344212534,3.557653106681152,3.557653106681152,0
93038,San Giorgio della Richinvelda,Pordenone,6,46.039508,12.882333,0.1924,0.1708,0.2347,0.0538,0.0573,0.0463,0.0697,0.0761,0.0619,0.4067,0.5367,0.7463,1.6127373458702983,3.6516756781859594,3.6516756781859594,0
15136,Masate,Milano,3,45.567547,9.463821,0.078,0.0605,0.0853,0.0255,0.0284,0.0101,0.0331,0.0357,0.0168,0.1874,0.2453,0.3448,0.6729388377332659,3.474112702086174,3.474112702086174,0
29045,Stienta,Rovigo,5,44.937837,11.544413,0.1044,0.0962,0.1169,0.0343,0.0373,0.0251,0.0412,0.0457,0.0358,0.2595,0.3469,0.4833,0.6052485700950723,3.9650976681530703,3.9650976681530703,0
3143,Suno,Novara,1,45.633369,8.54283,0.0375,0.0137,0.0444,0.0143,0.0179,0.0,0.0179,0.022,0.0,0.0802,0.0948,0.1184,0.9565028796309641,2.061412148854747,2.061412148854747,0
5042,Cocconato,Asti,1,45.087459,8.039221,0.0396,0.0147,0.0482,0.0168,0.0202,0.0,0.0203,0.025,0.0,0.0864,0.1019,0.1234,0.19120881347323,2.651485654750239,2.651485654750239,0
1014,Azeglio,Torino,1,45.423459,7.993922,0.04,0.0154,0.0484,0.0166,0.02,0.0,0.0201,0.0248,0.0,0.086,0.1024,0.1254,1.5377131093343381,2.2831467810220722,2.2831467810220722,0
16216,Torre de' Roveri,Bergamo,3,45.700822,9.773514,0.1233,0.0987,0.1333,0.0333,0.035,0.0192,0.0439,0.0461,0.0309,0.272,0.3558,0.4718,1.0513788291817834,2.5516949991621343,2.5516949991621343,0
75061,Poggiardo,Lecce,16,40.054223,18.379132,0.0621,0.0609,0.0823,0.0149,0.0175,0.0,0.02,0.0258,0.0103,0.1338,0.1765,0.2449,0.7324818188325604,2.8737053772457792,2.8737053772457792,0
64059,Montemiletto,Avellino,15,41.011342,14.908704,0.2514,0.2102,0.2642,0.0613,0.063,0.0438,0.0825,0.0836,0.0609,0.4736,0.6522,0.9305,1.08601192676599,3.4278957952947935,3.4278957952947935,0
30137,Forgaria nel Friuli,Udine,6,46.222822,12.973486,0.2543,0.2282,0.3082,0.0671,0.0748,0.0595,0.0906,0.1023,0.0792,0.5314,0.6955,0.9588,1.256868762024733,1.7547502636913554,1.7547502636913554,0
78154,Villapiana,Cosenza,18,39.846505,16.455191,0.149,0.1252,0.1591,0.0442,0.0481,0.0282,0.0561,0.0603,0.0381,0.2708,0.3615,0.5122,0.41160268554290474,3.223742067521232,3.223742067521232,0
21044,Luson/Lüsen,Bolzano/Bozen,4,46.746466,11.761084,0.0513,0.0298,0.0572,0.0181,0.0211,0.0,0.0234,0.0267,0.0,0.1069,0.1295,0.1634,1.5996223529850955,3.2699014315180626,3.2699014315180626,0
63071,Sant'Agnello,Napoli,15,40.630006,14.397136,0.0966,0.0555,0.1004,0.0353,0.0371,0.0113,0.0443,0.0466,0.0191,0.1987,0.2408,0.302,0.9000146753703723,1.7052833605933373,1.7052833605933373,0
21101,Tirolo/Tirol,Bolzano/Bozen,4,46.708518,11.142386,0.043,0.0206,0.0504,0.0159,0.019,0.0,0.0199,0.024,0.0,0.0922,0.1125,0.1394,1.1712965346831818,2.2916106026522773,2.2916106026522773,0
30032,Dignano,Udine,6,46.085028,12.939294,0.2148,0.192,0.2627,0.0584,0.0623,0.0511,0.0765,0.0854,0.0683,0.454,0.5977,0.8269,1.6675632705418024,2.8090975473379047,2.8090975473379047,0
12047,Castronno,Varese,3,45.74683,8.814162,0.0379,0.014,0.0445,0.0145,0.0182,0.0,0.0181,0.0224,0.0,0.0819,0.0976,0.1219,0.48290744307801353,2.7117313090507738,2.7117313090507738,0
28002,Agna,Padova,5,45.170164,11.960731,0.0597,0.0451,0.0684,0.0267,0.0302,0.0125,0.0321,0.0356,0.0172,0.1299,0.155,0.1901,1.1192153822463706,3.3386511534940784,3.3386511534940784,0
22104,Levico Terme,Trento,4,46.009126,11.301777,0.0844,0.0802,0.1016,0.0307,0.0346,0.0251,0.0375,0.0426,0.0341,0.2012,0.2543,0.3409,0.7559341545552338,3.6522960545808725,3.6522960545808725,0
21089,Selva di Val Gardena/Wolkenstein in Gröden,Bolzano/Bozen,4,46.552588,11.766541,0.061,0.0468,0.0688,0.0214,0.0247,0.0085,0.0272,0.0305,0.0136,0.1247,0.1521,0.192,1.7943963065280757,2.983640217534951,2.983640217534951,0
21085,Santa Cristina Valgardena/St. Christina in Gröden,Bolzano/Bozen,4,46.558875,11.720036,0.059,0.0426,0.0664,0.0214,0.0247,0.0085,0.0272,0.0305,0.0136,0.1247,0.1521,0.192,0.6362668014736389,3.52296182470293,3.52296182470293,0
28011,Battaglia Terme,Padova,5,45.288143,11.781834,0.0681,0.0621,0.0771,0.0287,0.032,0.0166,0.0343,0.0377,0.0228,0.1463,0.1746,0.2285,1.3853996727659745,1.791821897106595,1.791821897106595,0
24095,Santorso,Vicenza,5,45.737299,11.390321,0.1604,0.1399,0.1752,0.0435,0.0466,0.0379,0.0577,0.061,0.0499,0.3425,0.4462,0.6142,1.4503720505486446,3.663270487224212,3.663270487224212,0
3084,Lesa,Novara,1,45.829644,8.564857,0.0399,0.018,0.0475,0.0152,0.0183,0.0,0.0191,0.0229,0.0,0.0892,0.1088,0.1344,1.2553509806812144,2.3029602894744814,2.3029602894744814,0
12130,Uboldo,Varese,3,45.610905,9.003388,0.04,0.0166,0.0478,0.0159,0.0193,0.0,0.0197,0.024,0.0,0.0885,0.1072,0.1321,0.850909931773396,1.5922199221868725,1.5922199221868725,0
15184,Robecco sul Naviglio,Milano,3,45.436507,8.887279,0.0401,0.0168,0.048,0.0158,0.0191,0.0,0.0196,0.0237,0.0,0.0868,0.1047,0.1288,1.0958722678394057,3.0138378250876237,3.0138378250876237,0
29049,Villamarzana,Rovigo,5,45.014404,11.693308,0.0751,0.0701,0.0792,0.0296,0.033,0.0169,0.0352,0.0387,0.0244,0.1533,0.1932,0.2644,1.060507962061938,3.4171143758682327,3.4171143758682327,0
26067,Revine Lago,Treviso,5,46.001033,12.225549,0.2559,0.231,0.3117,0.0639,0.071,0.0568,0.0878,0.0976,0.0765,0.525,0.69,0.9599,0.9005346974863282,4.074775335550523,4.074775335550523,0
20036,Monzambano,Mantova,3,45.386139,10.692404,0.1526,0.134,0.1674,0.0403,0.0445,0.0363,0.0543,0.058,0.048,0.3336,0.437,0.605,1.2786919822807408,3.2128755923514345,3.2128755923514345,0
51013,Cavriglia,Arezzo,9,43.521874,11.488972,0.1223,0.1073,0.1302,0.0435,0.0488,0.0238,0.0522,0.0583,0.0337,0.2645,0.345,0.4639,1.2201639917446832,0.4883873688117215,0.4883873688117215,0
71009,Candela,Foggia,16,41.137925,15.514654,0.2046,0.1689,0.2469,0.0509,0.0558,0.0385,0.0651,0.0756,0.0556,0.4392,0.5835,0.7983,1.5003389834476133,4.357542791360516,4.357542791360516,0
79143,Stalettì,Catanzaro,18,38.765485,16.537605,0.2201,0.185,0.2342,0.0559,0.0567,0.0385,0.073,0.0753,0.0537,0.4008,0.5273,0.7277,1.1215137803406037,3.8175022800629175,3.8175022800629175,0
76010,Baragiano,Potenza,17,40.679738,15.593966,0.2464,0.2096,0.2584,0.0578,0.0594,0.0454,0.0781,0.0799,0.0632,0.4855,0.6709,0.9619,0.8937727444233718,1.7058270859276863,1.7058270859276863,0
64076,Quadrelle,Avellino,15,40.946996,14.63826,0.1915,0.1461,0.2021,0.0524,0.0543,0.0316,0.0688,0.0737,0.0457,0.3653,0.4641,0.6315,0.9333929153474269,3.2378715463954295,3.2378715463954295,0
29032,Melara,Rovigo,5,45.063185,11.198458,0.085,0.0752,0.0898,0.0318,0.0353,0.0217,0.0375,0.0417,0.0309,0.1886,0.2455,0.3227,0.43747753009854856,3.155226298971016,3.155226298971016,0
16211,Tavernola Bergamasca,Bergamo,3,45.709385,10.046262,0.1313,0.1075,0.1423,0.0378,0.0393,0.0271,0.0505,0.0526,0.0383,0.2939,0.3714,0.4949,0.9958870927323517,2.9459004917098652,2.9459004917098652,0
38003,Bondeno,Ferrara,8,44.886177,11.410807,0.1328,0.1245,0.1523,0.0368,0.0396,0.0291,0.0464,0.0501,0.0412,0.3223,0.433,0.6023,0.8636880983796899,4.410993970933809,4.410993970933809,0
12101,Mercallo,Varese,3,45.749866,8.669572,0.0379,0.0148,0.0449,0.0143,0.0179,0.0,0.0179,0.0221,0.0,0.0811,0.0964,0.1208,0.8132087149533613,3.101224039259335,3.101224039259335,0
30062,Mortegliano,Udine,6,45.945806,13.172796,0.1491,0.131,0.1791,0.0439,0.0462,0.0381,0.0566,0.0584,0.0486,0.3055,0.4066,0.5702,1.5009835492090113,3.544546362318995,3.544546362318995,0
95001,Abbasanta,Oristano,20,40.126752,8.818027,0.0,0.0,0.0,0.0,0.0,0.0,0.0,0.0,0.0,0.0,0.0,0.0,269.58686650174417,271.9798935693542,271.9798935693542,1
56027,Gallese,Viterbo,12,42.373287,12.402804,0.1341,0.1197,0.1503,0.0457,0.0505,0.0286,0.0559,0.0614,0.0381,0.3018,0.3865,0.5161,1.2118079890113893,0.8747229586928114,0.8747229586928114,0
1035,Bricherasio,Torino,1,44.823409,7.305296,0.1339,0.1011,0.1481,0.0399,0.042,0.0264,0.053,0.0558,0.0371,0.2898,0.3602,0.4644,1.1939654973568947,2.049286904853097,2.049286904853097,0
111077,Serramanna,Sud Sardegna,20,39.42404,8.923138,0.0,0.0,0.0,0.0,0.0,0.0,0.0,0.0,0.0,0.0,0.0,0.0,327.4630951591625,327.5756927979016,327.5756927979016,1
45012,Mulazzo,Massa-Carrara,9,44.315926,9.889626,0.1898,0.1657,0.2189,0.0572,0.0624,0.0459,0.074,0.0804,0.067,0.43,0.5456,0.7185,1.3188171686405115,3.99330357440377,3.99330357440377,0
26011,Castelcucco,Treviso,5,45.833324,11.883969,0.2136,0.19,0.249,0.0543,0.0582,0.0472,0.0734,0.081,0.0648,0.4488,0.5912,0.8224,1.1249487034829289,3.4812544877541964,3.4812544877541964,0
6043,Cassine,Alessandria,1,44.749948,8.527846,0.0609,0.0403,0.0674,0.0182,0.0219,0.0,0.0239,0.028,0.0,0.1292,0.1695,0.2372,0.8419297261017972,4.312496024618781,4.312496024618781,0
1225,Rondissone,Torino,1,45.246854,7.963125,0.0401,0.0152,0.0485,0.0171,0.0205,0.0,0.0208,0.0253,0.0,0.0884,0.1047,0.1264,0.5405332973219632,1.65124427724557,1.65124427724557,0
80067,Roccella Ionica,Reggio di Calabria,18,38.321976,16.400907,0.1609,0.1279,0.1679,0.045,0.047,0.0289,0.058,0.0601,0.0399,0.304,0.3969,0.5385,1.3446913442282273,3.191241381272763,3.191241381272763,0
62005,Arpaia,Benevento,15,41.036126,14.546974,0.1765,0.1391,0.1825,0.0523,0.0541,0.0319,0.0677,0.0706,0.0444,0.3525,0.462,0.6067,1.1382574896157236,0.7828934816227164,0.7828934816227164,0
3030,Caltignaga,Novara,1,45.516976,8.587782,0.0372,0.0126,0.0435,0.0143,0.0179,0.0,0.0179,0.0219,0.0,0.0788,0.0925,0.1156,1.628255458804318,2.8343569489896034,2.8343569489896034,0
93002,Arba,Pordenone,6,46.14498,12.7914,0.2506,0.2257,0.3042,0.0643,0.071,0.0573,0.0869,0.0972,0.0762,0.5121,0.6718,0.9274,1.704244849862957,2.7798643528696254,2.7798643528696254,0
69036,Fresagrandinaria,Chieti,13,41.978949,14.663436,0.1109,0.0838,0.1177,0.0416,0.046,0.0281,0.051,0.0559,0.036,0.2268,0.2906,0.378,0.9788978302746613,3.310592225161251,3.310592225161251,0
36001,Bastiglia,Modena,8,44.726969,10.9986,0.1572,0.1475,0.1792,0.0455,0.0491,0.0352,0.0568,0.061,0.05,0.3682,0.4824,0.6697,1.5722111083096353,3.9223929560929967,3.9223929560929967,0
111098,Villamassargia,Sud Sardegna,20,39.275899,8.640475,0.0,0.0,0.0,0.0,0.0,0.0,0.0,0.0,0.0,0.0,0.0,0.0,361.13691725499274,361.3909218188202,361.3909218188202,1
68033,Popoli,Pescara,13,42.171311,13.832817,0.2546,0.2312,0.2791,0.0763,0.0836,0.0641,0.1003,0.1076,0.0882,0.5191,0.6755,0.9237,0.7181305745056936,1.5788881390626663,1.5788881390626663,0
8020,Chiusavecchia,Imperia,7,43.968424,7.983548,0.1578,0.1211,0.1824,0.0281,0.0334,0.0198,0.0403,0.0484,0.0334,0.3179,0.4176,0.5761,1.6816560875406699,2.3439839068448336,2.3439839068448336,0
23065,Roverchiara,Verona,5,45.272316,11.2478,0.1022,0.0924,0.1149,0.0339,0.0365,0.0262,0.0408,0.0453,0.0362,0.2313,0.2991,0.4186,0.35955939531850123,3.334874937917635,3.334874937917635,0
20008,Canneto sull'Oglio,Mantova,3,45.149405,10.379736,0.0834,0.0733,0.091,0.0326,0.0357,0.0192,0.0389,0.0431,0.0278,0.1852,0.2332,0.3228,1.1075032108571117,0.8728746009922698,0.8728746009922698,0
38025,Goro,Ferrara,8,44.850883,12.294927,0.0642,0.0581,0.0747,0.0285,0.0317,0.0144,0.0342,0.0376,0.0202,0.1424,0.1725,0.23,1.606010896928433,2.463262885587505,2.463262885587505,0
53009,Follonica,Grosseto,9,42.926326,10.761625,0.0559,0.0127,0.0678,0.0245,0.0289,0.0,0.0295,0.0343,0.0,0.128,0.1515,0.1838,0.6044348078877831,2.6517505889629076,2.6517505889629076,0
30040,Forni Avoltri,Udine,6,46.586831,12.776908,0.1234,0.1096,0.1422,0.0357,0.0395,0.0336,0.0491,0.0513,0.0423,0.265,0.3561,0.5049,0.9807021909452024,1.5053552360279245,1.5053552360279245,0
22123,Mori,Trento,4,45.852444,10.978275,0.1385,0.1227,0.1513,0.035,0.0383,0.0314,0.0477,0.051,0.0416,0.2895,0.3824,0.5314,1.4335144598549812,0.7991563558824174,0.7991563558824174,0
64067,Ospedaletto d'Alpinolo,Avellino,15,40.938671,14.743934,0.2011,0.1603,0.209,0.0537,0.0554,0.0344,0.071,0.074,0.0492,0.3849,0.5012,0.6563,0.9305526184675039,1.241916159436339,1.241916159436339,0
13145,Menaggio,Como,3,46.022565,9.241433,0.0408,0.0178,0.0489,0.0165,0.0198,0.0,0.0201,0.0247,0.0,0.0913,0.1111,0.1371,1.4085975249245373,1.5415811045463073,1.5415811045463073,0
17099,Mairano,Brescia,3,45.449179,10.079567,0.1404,0.1217,0.1495,0.0383,0.04,0.0276,0.0509,0.0532,0.0391,0.2969,0.3822,0.5198,1.477250919702217,1.5599190610178673,1.5599190610178673,0
6081,Gavi,Alessandria,1,44.687649,8.809353,0.09,0.0717,0.0999,0.0227,0.0261,0.0,0.0305,0.0334,0.0133,0.1888,0.2594,0.3595,0.8966590020608859,3.3898254427913903,3.3898254427913903,0
63015,Carbonara di Nola,Napoli,15,40.874228,14.57863,0.179,0.1312,0.192,0.0495,0.0521,0.0281,0.0648,0.0707,0.0413,0.35,0.4394,0.6136,1.6999861007124626,3.4499597924591203,3.4499597924591203,0
4245,Villanova Mondovì,Cuneo,1,44.346932,7.766338,0.0835,0.0582,0.0936,0.029,0.0315,0.0149,0.0367,0.0396,0.0217,0.1865,0.2311,0.2966,0.14604861575677344,1.1523489594089757,1.1523489594089757,0
84027,Palma di Montechiaro,Agrigento,19,37.191664,13.763714,0.0544,0.0354,0.0631,0.0178,0.0206,0.0,0.0231,0.0274,0.0,0.1097,0.1338,0.1713,1.249519729014059,2.6446949408038023,2.6446949408038023,0
87016,Fiumefreddo di Sicilia,Catania,19,37.792355,15.206946,0.222,0.1741,0.2727,0.0896,0.1031,0.0561,0.1095,0.1273,0.0717,0.4649,0.5533,0.6902,1.0555093371280344,2.7529256865597063,2.7529256865597063,0
78002,Acquappesa,Cosenza,18,39.493695,15.952084,0.1568,0.1368,0.1722,0.0479,0.0522,0.0313,0.0606,0.067,0.0426,0.3246,0.4295,0.6084,0.5355137779060573,1.567764583759912,1.567764583759912,0
45001,Aulla,Massa-Carrara,9,44.214548,9.967787,0.1724,0.1521,0.1933,0.0562,0.0607,0.0432,0.0725,0.0781,0.0638,0.4144,0.5275,0.6963,0.2862130722858503,4.319286970220688,4.319286970220688,0
22007,Avio,Trento,4,45.733793,10.937181,0.1608,0.1402,0.178,0.0408,0.0444,0.0366,0.0552,0.0586,0.048,0.3355,0.4388,0.6074,1.1472767412791947,3.6910271024364536,3.6910271024364536,0
14049,Piateda,Sondrio,3,46.159595,9.934951,0.0902,0.072,0.1023,0.0268,0.0306,0.0116,0.0347,0.0386,0.0192,0.2117,0.2812,0.3894,0.606137410221757,3.7207174651538644,3.7207174651538644,0
4180,Revello,Cuneo,1,44.654948,7.389914,0.1319,0.099,0.1462,0.0393,0.0414,0.0257,0.0523,0.0551,0.0363,0.2867,0.3571,0.4611,1.0281587757820851,3.2316472093897635,3.2316472093897635,0
97001,Abbadia Lariana,Lecco,3,45.900045,9.334056,0.0463,0.0241,0.0539,0.0179,0.0213,0.0,0.0224,0.0266,0.0,0.1052,0.1275,0.1611,1.5672454989416644,1.667406243755704,1.667406243755704,0
109040,Torre San Patrizio,Fermo,11,43.182855,13.612784,0.1773,0.172,0.1929,0.052,0.0555,0.0398,0.066,0.0711,0.0559,0.397,0.5238,0.7104,0.38921077951427085,1.620855443582411,1.620855443582411,0
18108,Pancarana,Pavia,3,45.074928,9.05079,0.0786,0.0593,0.088,0.023,0.0263,0.0,0.0301,0.0331,0.0127,0.1706,0.2245,0.3226,1.794608512617984,3.1545457768771508,3.1545457768771508,0
75081,Supersano,Lecce,16,40.017721,18.243229,0.0585,0.0496,0.073,0.0154,0.0181,0.0,0.0205,0.0258,0.0077,0.1221,0.1583,0.2177,1.0427831227942157,2.2624942610266054,2.2624942610266054,0
75085,Taviano,Lecce,16,39.983519,18.086826,0.0569,0.0415,0.0661,0.0161,0.0188,0.0,0.0215,0.026,0.0,0.1081,0.1365,0.1799,0.8003206374561147,3.3940477405489435,3.3940477405489435,0
72025,Locorotondo,Bari,16,40.789167,17.299348,0.0632,0.0495,0.0691,0.022,0.0244,0.0094,0.029,0.0312,0.0146,0.1295,0.156,0.194,0.6318799434658713,3.0964053570684005,3.0964053570684005,0
82055,Petralia Soprana,Palermo,19,37.79634,14.108468,0.1415,0.1224,0.152,0.0412,0.0432,0.0255,0.0538,0.0562,0.0362,0.2881,0.3719,0.516,0.6184286793528765,2.0601498410448995,2.0601498410448995,0
102027,Pizzo,Vibo Valentia,18,38.735436,16.162085,0.2676,0.2291,0.2924,0.0687,0.0702,0.0493,0.0921,0.0953,0.0679,0.5366,0.7326,1.0328,1.6427321613395842,2.6195876730650984,2.6195876730650984,0
24101,Solagna,Vicenza,5,45.816721,11.71817,0.1783,0.1578,0.1972,0.0478,0.0501,0.0402,0.063,0.066,0.0547,0.3717,0.4858,0.6701,0.3697992930013901,2.19403598459845,2.19403598459845,0
14010,Buglio in Monte,Sondrio,3,46.182788,9.674828,0.0597,0.0429,0.0689,0.022,0.0253,0.0,0.0281,0.0317,0.0126,0.138,0.169,0.2146,0.8955369028267721,0.9952514032419675,0.9952514032419675,0
20038,Ostiglia,Mantova,3,45.07039,11.13641,0.0858,0.0759,0.0916,0.0321,0.0356,0.0221,0.0378,0.0421,0.0314,0.1937,0.2502,0.3286,0.7912354342902825,2.378239708826106,2.378239708826106,0
82031,Cinisi,Palermo,19,38.154943,13.109841,0.1486,0.1296,0.1588,0.0351,0.0363,0.02,0.0493,0.051,0.0342,0.3128,0.4192,0.5711,1.0261695334683574,2.298821152343155,2.298821152343155,0
111042,Muravera,Sud Sardegna,20,39.420945,9.573551,0.0,0.0,0.0,0.0,0.0,0.0,0.0,0.0,0.0,0.0,0.0,0.0,281.95997558336484,283.7403712421668,283.7403712421668,1
65039,Centola,Salerno,15,40.066502,15.311963,0.0902,0.0688,0.0988,0.0316,0.0344,0.0144,0.0388,0.0424,0.0221,0.1723,0.2118,0.269,0.3280971319786289,0.8502164604396134,0.8502164604396134,0
75047,Minervino di Lecce,Lecce,16,40.088424,18.420432,0.0615,0.0608,0.0825,0.0149,0.0175,0.0,0.02,0.0258,0.0103,0.1338,0.1765,0.2449,1.1023917924342221,3.5508344004950523,3.5508344004950523,0
1040,Bruzolo,Torino,1,45.142226,7.195648,0.1327,0.1,0.1462,0.039,0.0408,0.0256,0.0521,0.0547,0.0365,0.2888,0.3595,0.4638,1.1952563751995027,2.7696473718109784,2.7696473718109784,0
75048,Monteroni di Lecce,Lecce,16,40.324398,18.09759,0.049,0.0327,0.0572,0.0136,0.0163,0.0,0.0184,0.0225,0.0,0.0872,0.1108,0.1449,1.2478614698400579,2.5352491618806896,2.5352491618806896,0
63081,Striano,Napoli,15,40.815855,14.576468,0.1632,0.1164,0.1753,0.0466,0.0491,0.0246,0.0604,0.066,0.0374,0.3296,0.4169,0.589,1.627780288538891,3.6035173809633405,3.6035173809633405,0
103024,Craveggia,Verbano-Cusio-Ossola,1,46.140377,8.489429,0.0568,0.0361,0.0637,0.0183,0.0205,0.0,0.0239,0.027,0.0078,0.1219,0.1506,0.1906,0.9332956868556785,3.4157608636979067,3.4157608636979067,0
5034,Celle Enomondo,Asti,1,44.857347,8.122392,0.0424,0.0178,0.0505,0.0173,0.0209,0.0,0.0212,0.0258,0.0,0.0938,0.1128,0.1376,1.2357356025027482,1.2173353440267984,1.2173353440267984,0
15022,Besate,Milano,3,45.312965,8.969645,0.0469,0.0254,0.0542,0.0177,0.021,0.0,0.0224,0.0264,0.0,0.1042,0.1266,0.1607,1.2132003244768188,3.1964724363141,3.1964724363141,0
43048,Sant'Angelo in Pontano,Macerata,11,43.098644,13.396756,0.1758,0.1369,0.1951,0.0567,0.0601,0.0406,0.0711,0.0759,0.0544,0.355,0.4567,0.6028,0.5872957930296403,3.1606292141881163,3.1606292141881163,0
17003,Agnosine,Brescia,3,45.650676,10.353335,0.1487,0.1362,0.1618,0.0401,0.0439,0.0337,0.0537,0.057,0.048,0.3343,0.4348,0.5892,1.118092898576244,0.9860966698222227,0.9860966698222227,0
30079,Pozzuolo del Friuli,Udine,6,45.986019,13.195029,0.1664,0.1462,0.2039,0.0487,0.0508,0.0415,0.062,0.0671,0.0543,0.3541,0.4698,0.6568,1.459011586989945,0.8246776290396853,0.8246776290396853,0
99011,Morciano di Romagna,Rimini,8,43.913748,12.646067,0.185,0.1696,0.2046,0.0507,0.0553,0.0398,0.0656,0.0708,0.0573,0.4099,0.5376,0.7435,1.2506800414669297,2.374178178842283,2.374178178842283,0
5028,Castello di Annone,Asti,1,44.879039,8.31389,0.0436,0.0207,0.0512,0.0167,0.0203,0.0,0.0209,0.0255,0.0,0.0994,0.1218,0.1543,0.2995029586023353,3.1004205240210796,3.1004205240210796,0
64104,Sturno,Avellino,15,41.019827,15.111318,0.27,0.2377,0.2855,0.0623,0.0641,0.047,0.0838,0.0857,0.0653,0.5316,0.7364,1.0418,1.3299197456324208,3.4384210015753753,3.4384210015753753,0
35003,Baiso,Reggio nell'Emilia,8,44.496827,10.601678,0.1584,0.1195,0.1745,0.0539,0.0595,0.0388,0.0669,0.0754,0.0506,0.353,0.4399,0.5623,0.653037818809132,1.765905103720505,1.765905103720505,0
71049,San Nicandro Garganico,Foggia,16,41.838446,15.565338,0.2034,0.1392,0.2483,0.0557,0.0584,0.0378,0.0734,0.0801,0.0513,0.4344,0.5639,0.768,1.5590792634719952,2.5325267215622165,2.5325267215622165,0
58013,Bracciano,Roma,12,42.101095,12.173857,0.0664,0.0386,0.0801,0.0303,0.0346,0.0085,0.0355,0.0403,0.0128,0.1465,0.1718,0.2084,0.6130233210534636,4.373804978998444,4.373804978998444,0
82048,Misilmeri,Palermo,19,38.03522,13.451404,0.1802,0.1602,0.1946,0.0465,0.0475,0.0328,0.0637,0.0651,0.0491,0.3796,0.4907,0.6538,0.16264975828421993,2.661231705730805,2.661231705730805,0
33005,Bobbio,Piacenza,8,44.769273,9.386281,0.1019,0.0791,0.113,0.0348,0.0376,0.018,0.0431,0.0472,0.0262,0.2226,0.2827,0.386,1.6068273306798335,2.4073445851495094,2.4073445851495094,0
88008,Pozzallo,Ragusa,19,36.72633,14.846343,0.118,0.0955,0.1419,0.0252,0.0284,0.0179,0.0344,0.0378,0.0294,0.2443,0.3489,0.5039,0.882213275560438,1.1752099850884996,1.1752099850884996,0
63028,Cimitile,Napoli,15,40.940513,14.525435,0.1806,0.1327,0.1936,0.0514,0.0536,0.0301,0.0673,0.0727,0.0436,0.3583,0.4488,0.6215,1.499241104888124,2.8679536334805666,2.8679536334805666,0
1302,Villarbasse,Torino,1,45.045145,7.468418,0.0878,0.0664,0.0975,0.0303,0.0327,0.015,0.0376,0.0407,0.0222,0.1972,0.2466,0.3214,0.9000547210994839,1.5890693087435528,1.5890693087435528,0
42029,Monte Roberto,Ancona,11,43.48135,13.138378,0.1775,0.1631,0.1913,0.054,0.0569,0.0406,0.0685,0.0726,0.0564,0.3805,0.4954,0.6684,0.3601917508333145,0.8624633940886686,0.8624633940886686,0
90035,La Maddalena,Sassari,20,41.212783,9.40666,0.0,0.0,0.0,0.0,0.0,0.0,0.0,0.0,0.0,0.0,0.0,0.0,133.54795101349396,133.9412646644357,133.9412646644357,1
78029,Cassano all'Ionio,Cosenza,18,39.785022,16.315928,0.2181,0.1858,0.24,0.0582,0.0588,0.0403,0.0775,0.0784,0.0582,0.455,0.6313,0.9205,0.9527565800842731,3.641023935639989,3.641023935639989,0
33011,Carpaneto Piacentino,Piacenza,8,44.915212,9.788095,0.1109,0.0872,0.123,0.0376,0.0405,0.0206,0.0473,0.0516,0.0298,0.2422,0.3041,0.4121,0.5096823490903816,3.8619514722210253,3.8619514722210253,0
70046,Montenero di Bisaccia,Campobasso,14,42.06545,14.789569,0.0972,0.0722,0.1019,0.0367,0.0398,0.0227,0.0443,0.049,0.0303,0.1857,0.2309,0.3072,1.302218776360849,2.56316726063481,2.56316726063481,0
37056,Sant'Agata Bolognese,Bologna,8,44.664169,11.134004,0.1588,0.1484,0.1784,0.0471,0.0507,0.0366,0.0583,0.063,0.0515,0.3762,0.4898,0.6736,0.5164165515492319,3.647674907840006,3.647674907840006,0
60030,Coreno Ausonio,Frosinone,12,41.346321,13.779672,0.1097,0.0886,0.1253,0.0411,0.0456,0.0235,0.0501,0.0553,0.0316,0.213,0.2586,0.329,1.2393252400284953,2.875774668528823,2.875774668528823,0
3001,Agrate Conturbia,Novara,1,45.675837,8.559812,0.0377,0.0143,0.0448,0.0144,0.018,0.0,0.0181,0.0221,0.0,0.0816,0.0974,0.1217,0.4049893354564801,1.017909939998031,1.017909939998031,0
84010,Campobello di Licata,Agrigento,19,37.25844,13.918266,0.0602,0.0458,0.0705,0.0204,0.0237,0.0,0.0266,0.0309,0.0112,0.1239,0.1534,0.2136,1.5766479025048743,2.952396032483011,2.952396032483011,0
22224,Volano,Trento,4,45.917179,11.060803,0.1168,0.105,0.1297,0.0331,0.0365,0.0282,0.042,0.0471,0.0384,0.2546,0.3362,0.4711,1.4682599497634121,1.345153081888286,1.345153081888286,0
65002,Agropoli,Salerno,15,40.346905,14.996553,0.0834,0.0629,0.093,0.0301,0.033,0.0123,0.0371,0.0399,0.02,0.1567,0.1893,0.237,1.2649510309631118,2.4548870202145654,2.4548870202145654,0
46019,Minucciano,Lucca,9,44.170449,10.207592,0.1967,0.1709,0.228,0.0603,0.0665,0.0505,0.0787,0.0854,0.0721,0.445,0.5627,0.7395,1.6480333485736676,2.2203947168509015,2.2203947168509015,0
71046,San Giovanni Rotondo,Foggia,16,41.705055,15.730646,0.2072,0.1423,0.2542,0.057,0.0598,0.0389,0.0751,0.0836,0.0526,0.4385,0.568,0.7722,0.8742521781234323,3.4590256027505917,3.4590256027505917,0
42014,Chiaravalle,Ancona,11,43.602662,13.324571,0.1831,0.1651,0.2206,0.0478,0.0528,0.0387,0.062,0.0694,0.0587,0.3991,0.5288,0.7378,1.168140359714649,3.6283539176046284,3.6283539176046284,0
48004,Borgo San Lorenzo,Firenze,9,43.954248,11.386468,0.1936,0.1677,0.222,0.0633,0.0689,0.0507,0.0814,0.0872,0.0723,0.4417,0.5586,0.7341,1.2665893914142772,2.6081972588281173,2.6081972588281173,0
24037,Crespadoro,Vicenza,5,45.620193,11.22589,0.1646,0.143,0.1822,0.0442,0.0473,0.0386,0.0587,0.0628,0.0516,0.3525,0.4586,0.6308,1.4881187858292324,2.364394737541957,2.364394737541957,0
21047,Marebbe/Enneberg,Bolzano/Bozen,4,46.648879,12.026938,0.0626,0.0494,0.0702,0.0232,0.0266,0.0124,0.0293,0.0327,0.0178,0.1377,0.1686,0.2136,1.5998224936984353,2.7702014655637317,2.7702014655637317,0
7041,La Thuile,Valle d'Aosta/Vallée d'Aoste,2,45.716288,6.948612,0.1074,0.0862,0.123,0.0319,0.0365,0.0169,0.0402,0.0475,0.0261,0.2386,0.3102,0.417,0.5812384665916792,3.467567589363228,3.467567589363228,0
22048,Castello Tesino,Trento,4,46.064175,11.632171,0.113,0.1023,0.1259,0.0337,0.0378,0.0313,0.0439,0.048,0.0389,0.2383,0.3127,0.4408,1.1708750951530875,1.5665523206555465,1.5665523206555465,0
22064,Commezzadura,Trento,4,46.31299,10.832832,0.0503,0.0321,0.0599,0.0211,0.0249,0.0,0.0261,0.0302,0.0108,0.1128,0.1332,0.1645,0.7751639649791066,1.8798185020622746,1.8798185020622746,0
21095,Stelvio/Stilfs,Bolzano/Bozen,4,46.542439,10.557829,0.0892,0.0723,0.1011,0.0254,0.0291,0.0116,0.0334,0.0374,0.019,0.1902,0.2423,0.3322,0.11654954138662589,3.5546143529603644,3.5546143529603644,0
25030,Livinallongo del Col di Lana,Belluno,5,46.506634,11.936812,0.0711,0.065,0.0793,0.0253,0.0288,0.016,0.0316,0.0352,0.0226,0.1518,0.1902,0.2545,0.8938746462268942,3.994803934247836,3.994803934247836,0
22131,Ossana,Trento,4,46.306453,10.737701,0.0509,0.0322,0.0604,0.0214,0.0252,0.0,0.0265,0.0305,0.0111,0.1155,0.1365,0.1683,0.7163734782050489,0.896186221405114,0.896186221405114,0
21055,Nalles/Nals,Bolzano/Bozen,4,46.543487,11.204627,0.0473,0.0249,0.0554,0.0176,0.0211,0.0,0.0221,0.0263,0.0,0.0983,0.1186,0.1467,1.1249022216077127,4.570790657144704,4.570790657144704,0
63046,Meta,Napoli,15,40.639206,14.418237,0.1001,0.0588,0.1043,0.0353,0.0371,0.0113,0.0443,0.0466,0.0191,0.1987,0.2408,0.302,1.2011588169737162,1.0939726555528297,1.0939726555528297,0
30018,Carlino,Udine,6,45.80225,13.188223,0.1032,0.0955,0.1117,0.0328,0.0365,0.0279,0.0397,0.0451,0.0365,0.2133,0.2667,0.3514,1.164293474574055,2.5913034809490205,2.5913034809490205,0
93050,Vivaro,Pordenone,6,46.078002,12.775846,0.2263,0.2026,0.275,0.0608,0.0661,0.0541,0.081,0.0909,0.0721,0.4836,0.6358,0.8779,0.7695724785750574,0.8248062321128655,0.8248062321128655,0
3016,Bellinzago Novarese,Novara,1,45.568768,8.643233,0.0373,0.0129,0.0436,0.0142,0.0179,0.0,0.0178,0.022,0.0,0.0793,0.0934,0.1167,1.41143361995403,2.2189410685459565,2.2189410685459565,0
20043,Pomponesco,Mantova,3,44.928756,10.591879,0.085,0.0809,0.0955,0.0348,0.038,0.0212,0.0413,0.0462,0.0287,0.1846,0.2347,0.3271,1.4357241117079809,2.391874834981477,2.391874834981477,0
1107,Forno Canavese,Torino,1,45.345353,7.591015,0.0548,0.0327,0.065,0.023,0.0261,0.0,0.0285,0.0321,0.0115,0.1273,0.1518,0.1857,0.6379698017067947,0.5663687012763087,0.5663687012763087,0
96046,Pollone,Biella,1,45.579763,8.005919,0.0437,0.0208,0.0529,0.0176,0.0209,0.0,0.0217,0.0261,0.0,0.0948,0.1139,0.1393,1.723015440699699,2.4416857086953887,2.4416857086953887,0
95082,Laconi,Oristano,20,39.852649,9.050435,0.0,0.0,0.0,0.0,0.0,0.0,0.0,0.0,0.0,0.0,0.0,0.0,279.7807263932507,282.15270303287934,282.15270303287934,1
86019,Valguarnera Caropepe,Enna,19,37.49542,14.390791,0.0899,0.0821,0.1078,0.0321,0.0349,0.0175,0.0386,0.0428,0.0253,0.1956,0.2421,0.3515,1.0898920515752415,2.8007419139468563,2.8007419139468563,0
60055,Pofi,Frosinone,12,41.565274,13.415532,0.1598,0.142,0.1736,0.052,0.0559,0.0375,0.065,0.0697,0.0532,0.3493,0.4433,0.5793,0.9151187874685772,2.357958629672931,2.357958629672931,0
9009,Bardineto,Savona,7,44.193123,8.132452,0.0946,0.071,0.1069,0.0233,0.0264,0.0095,0.0313,0.0344,0.0164,0.1827,0.238,0.3295,1.825174940709602,2.742306310171635,2.742306310171635,0
30015,Camino al Tagliamento,Udine,6,45.927016,12.945124,0.1392,0.1231,0.1638,0.044,0.0464,0.0382,0.0569,0.0586,0.0488,0.3037,0.4031,0.563,1.0945809343211224,3.3673437617756936,3.3673437617756936,0
33044,Vernasca,Piacenza,8,44.799438,9.830668,0.1391,0.1121,0.1565,0.0463,0.0511,0.0297,0.0584,0.0648,0.0412,0.3178,0.4083,0.5344,1.3159496317694572,2.314330934403602,2.314330934403602,0
64043,Lauro,Avellino,15,40.879968,14.629467,0.1797,0.1328,0.1921,0.0501,0.0522,0.0288,0.0654,0.0706,0.042,0.3511,0.4409,0.6145,1.3314091333961315,1.689573993772703,1.689573993772703,0
12038,Casciago,Varese,3,45.832797,8.784327,0.0383,0.0151,0.0449,0.0145,0.0181,0.0,0.0181,0.0224,0.0,0.0828,0.0993,0.1241,1.3280057866912074,3.014772379249778,3.014772379249778,0
8028,Diano San Pietro,Imperia,7,43.931424,8.071651,0.1491,0.1143,0.1711,0.0258,0.0307,0.0167,0.0374,0.044,0.0297,0.2993,0.3951,0.5467,1.7568954533817387,2.3698989469877714,2.3698989469877714,0
55005,Arrone,Terni,10,42.583433,12.769865,0.1913,0.173,0.2005,0.0617,0.0661,0.049,0.0768,0.0818,0.0646,0.3937,0.5001,0.6594,1.1831829580435829,2.981289503260812,2.981289503260812,0
6020,Borgo San Martino,Alessandria,1,45.090963,8.525829,0.0422,0.0198,0.0503,0.0162,0.0195,0.0,0.0204,0.0246,0.0,0.0956,0.1165,0.1454,0.5886692752018593,1.4501634224854039,1.4501634224854039,0
1173,Osasco,Torino,1,44.849368,7.343243,0.1306,0.098,0.144,0.0382,0.04,0.0242,0.0506,0.0535,0.0348,0.2817,0.3522,0.4557,0.7872950918291494,2.863150990792141,2.863150990792141,0
60010,Arpino,Frosinone,12,41.647983,13.610141,0.2351,0.2077,0.2535,0.068,0.0738,0.0579,0.0899,0.0952,0.0793,0.4924,0.637,0.8659,0.4511766777915515,2.1297310253843964,2.1297310253843964,0
79008,Badolato,Catanzaro,18,38.568681,16.524607,0.1785,0.1417,0.1853,0.0486,0.05,0.032,0.0625,0.0646,0.044,0.3314,0.4384,0.5939,0.8548912878860834,4.317640319409804,4.317640319409804,0
7019,Charvensod,Valle d'Aosta/Vallée d'Aoste,2,45.720879,7.326089,0.0933,0.0704,0.1032,0.0306,0.0339,0.0152,0.0381,0.0428,0.0226,0.2028,0.2601,0.351,1.0458794636383375,1.3837642977058584,1.3837642977058584,0
5052,Dusino San Michele,Asti,1,44.925493,7.97219,0.0437,0.0189,0.0523,0.0184,0.0219,0.0,0.0226,0.0269,0.0,0.0986,0.1174,0.1429,0.6363001830285773,2.377839886534456,2.377839886534456,0
33012,Castell'Arquato,Piacenza,8,44.85118,9.867118,0.1355,0.1092,0.1525,0.0449,0.0499,0.0287,0.0571,0.0638,0.0405,0.3201,0.4114,0.5353,0.9008527513909055,3.989750923712612,3.989750923712612,0
24115,Velo d'Astico,Vicenza,5,45.788399,11.36769,0.1504,0.1319,0.1631,0.0419,0.0451,0.0368,0.0558,0.0589,0.048,0.3287,0.4291,0.591,0.7955876229733881,3.7102692160973216,3.7102692160973216,0
25036,Pedavena,Belluno,5,46.039624,11.880433,0.1907,0.1701,0.2305,0.0524,0.0553,0.045,0.07,0.0758,0.0615,0.4282,0.5669,0.7909,0.5102229882537803,3.5537076528869895,3.5537076528869895,0
108031,Mezzago,Monza e della Brianza,3,45.628977,9.44485,0.0769,0.0596,0.0839,0.0229,0.0261,0.0,0.0298,0.0328,0.0132,0.159,0.2047,0.2788,1.1648521236142313,3.0556843800756495,3.0556843800756495,0
79042,Davoli,Catanzaro,18,38.647383,16.486205,0.2085,0.1714,0.2191,0.0545,0.0554,0.0373,0.071,0.0733,0.052,0.3913,0.5107,0.7053,1.117146611791372,0.9550186463704665,0.9550186463704665,0
24080,Posina,Vicenza,5,45.791088,11.262517,0.1487,0.1307,0.1627,0.039,0.0414,0.0352,0.0529,0.0547,0.0452,0.3069,0.4033,0.5575,0.6115069428439134,2.733541953165873,2.733541953165873,0
4157,Paesana,Cuneo,1,44.684564,7.273841,0.135,0.1023,0.15,0.0408,0.0429,0.0274,0.054,0.0568,0.038,0.2915,0.3618,0.4659,0.9201146973724597,3.3603132293418208,3.3603132293418208,0
46022,Pescaglia,Lucca,9,43.966246,10.4111,0.154,0.1368,0.1707,0.0482,0.0518,0.0324,0.0596,0.0646,0.0457,0.3233,0.4112,0.5485,1.0089505625400177,3.5450554720051883,3.5450554720051883,0
65106,Roccadaspide,Salerno,15,40.425364,15.191785,0.1065,0.0853,0.1168,0.0354,0.038,0.0183,0.0439,0.0482,0.0275,0.2022,0.2507,0.3335,0.8806257836565662,0.7133946434103522,0.7133946434103522,0
53015,Massa Marittima,Grosseto,9,43.050103,10.888059,0.0981,0.0582,0.1106,0.0351,0.0383,0.0,0.0432,0.0482,0.0106,0.2247,0.2808,0.3647,0.0430982392256136,0.6462419874284133,0.6462419874284133,0
16020,Bariano,Bergamo,3,45.512646,9.704925,0.1177,0.0946,0.1269,0.0327,0.0346,0.0184,0.0426,0.0449,0.0295,0.2626,0.3461,0.4597,1.4981767240045307,1.6522428548624257,1.6522428548624257,0
5025,Castell'Alfero,Asti,1,44.982097,8.209929,0.0398,0.0157,0.0482,0.0164,0.02,0.0,0.02,0.0248,0.0,0.0881,0.1055,0.1289,1.4541896964182897,2.5614464704824607,2.5614464704824607,0
4189,Rocca de' Baldi,Cuneo,1,44.423633,7.761136,0.0761,0.0525,0.0862,0.0279,0.0305,0.0134,0.035,0.038,0.0193,0.1709,0.2079,0.2619,0.540033789089919,2.9788478729301517,2.9788478729301517,0
52020,Piancastagnaio,Siena,9,42.848967,11.692881,0.1401,0.0977,0.1594,0.0492,0.0536,0.0242,0.0604,0.0668,0.0339,0.3037,0.3754,0.4795,0.5691299641446548,3.6023889023051154,3.6023889023051154,0
56012,Canino,Viterbo,12,42.463963,11.749509,0.1344,0.0946,0.1516,0.0401,0.0443,0.0135,0.0522,0.0564,0.0235,0.2838,0.3553,0.4621,0.9194684960763722,2.5720361333823596,2.5720361333823596,0
63007,Barano d'Ischia,Napoli,15,40.709018,13.918602,0.1506,0.1031,0.169,0.0327,0.0347,0.0109,0.0425,0.0454,0.0203,0.2743,0.3616,0.5249,0.8174460985120238,4.563305836077951,4.563305836077951,0
4243,Vignolo,Cuneo,1,44.362229,7.472731,0.14,0.1044,0.1563,0.0388,0.041,0.026,0.0533,0.0558,0.0371,0.294,0.3676,0.4751,1.6229425302884186,2.2459482517224525,2.2459482517224525,0
17168,Sabbio Chiese,Brescia,3,45.658587,10.420571,0.1561,0.1357,0.1667,0.0403,0.0445,0.0349,0.0537,0.0583,0.0503,0.348,0.453,0.6145,1.145588327364237,1.4260105469626607,1.4260105469626607,0
81013,Paceco,Trapani,19,37.981297,12.557309,0.0539,0.0296,0.0577,0.0156,0.0166,0.0,0.0208,0.0223,0.0,0.1129,0.1399,0.1806,0.9967006842237458,1.70549320880419,1.70549320880419,0
36012,Finale Emilia,Modena,8,44.834574,11.293905,0.1507,0.1421,0.1774,0.0395,0.0433,0.0329,0.0524,0.0546,0.0477,0.3559,0.4731,0.6529,0.7938958186864831,2.6064795348985785,2.6064795348985785,0
71055,Stornarella,Foggia,16,41.25638,15.729788,0.1773,0.1441,0.2186,0.0443,0.0498,0.0359,0.057,0.0672,0.0489,0.3786,0.5026,0.6968,1.3873015509197788,2.5463255721301215,2.5463255721301215,0
65083,Oliveto Citra,Salerno,15,40.690808,15.231782,0.191,0.1646,0.1993,0.0469,0.0486,0.0313,0.0596,0.0623,0.0442,0.3354,0.4643,0.6675,0.9260458356149007,3.7439727659531066,3.7439727659531066,0
6132,Pontecurone,Alessandria,1,44.960475,8.933609,0.0807,0.0618,0.0907,0.0226,0.026,0.0,0.03,0.033,0.0128,0.1746,0.2318,0.3313,0.3460656818427498,3.9792524899080592,3.9792524899080592,0
9049,Pietra Ligure,Savona,7,44.152931,8.286552,0.0925,0.0693,0.1033,0.021,0.0246,0.0,0.0296,0.0328,0.0146,0.1907,0.2552,0.3589,0.5199950713506734,3.349987931800722,3.349987931800722,0
108022,Correzzana,Monza e della Brianza,3,45.665689,9.303626,0.0557,0.0356,0.0628,0.0191,0.0225,0.0,0.0247,0.0284,0.0,0.1196,0.1469,0.1888,0.8267396752365104,3.2977072689449334,3.2977072689449334,0
1195,Piscina,Torino,1,44.919442,7.426212,0.1135,0.085,0.1245,0.0346,0.0367,0.0195,0.0444,0.0478,0.0293,0.2505,0.3159,0.413,0.5095381377028556,1.6267973898814265,1.6267973898814265,0
44006,Arquata del Tronto,Ascoli Piceno,11,42.772361,13.296583,0.247,0.224,0.2696,0.0746,0.0813,0.0612,0.0966,0.1047,0.0847,0.5108,0.665,0.9107,1.5850264102669385,1.8398754946739413,1.8398754946739413,0
16023,Berbenno,Bergamo,3,45.814783,9.571049,0.0738,0.0562,0.0806,0.0235,0.0265,0.0,0.0302,0.0333,0.0134,0.1583,0.2024,0.2746,1.6725602727841076,2.475289477180202,2.475289477180202,0
41034,Montefelcino,Pesaro e Urbino,11,43.734761,12.833958,0.1846,0.1741,0.198,0.0523,0.0561,0.0404,0.0663,0.0719,0.0571,0.412,0.5422,0.7333,0.6388825880195772,3.7263143880230545,3.7263143880230545,0
16213,Terno d'Isola,Bergamo,3,45.685479,9.530951,0.0892,0.0708,0.0957,0.0267,0.0293,0.0113,0.0347,0.037,0.0188,0.2072,0.2732,0.3827,0.6695733007477903,3.568358809457231,3.568358809457231,0
61080,San Potito Sannitico,Caserta,15,41.337736,14.392902,0.2483,0.2051,0.2598,0.0601,0.0629,0.0437,0.0793,0.0825,0.0612,0.4808,0.6611,0.9577,1.3627209507331846,3.363358931131914,3.363358931131914,0
82022,Castelbuono,Palermo,19,37.931953,14.088562,0.1823,0.1635,0.1957,0.0496,0.0511,0.0345,0.0663,0.0688,0.0513,0.3874,0.4954,0.6609,0.30752244193689027,3.21752980301837,3.21752980301837,0
14020,Chiuro,Sondrio,3,46.170821,9.989355,0.0896,0.0719,0.1017,0.0268,0.0306,0.0116,0.0347,0.0386,0.0192,0.2117,0.2812,0.3894,1.097204537534,3.777654436439956,3.777654436439956,0
110008,Spinazzola,Barletta-Andria-Trani,16,40.969168,16.088007,0.1698,0.1384,0.2099,0.0409,0.0464,0.032,0.0529,0.0608,0.0444,0.3564,0.4756,0.6599,1.2007268151942179,2.327422145931649,2.327422145931649,0
54008,Castel Ritaldi,Perugia,10,42.82326,12.672287,0.2124,0.1916,0.2341,0.0686,0.0726,0.0544,0.0875,0.0912,0.0733,0.4667,0.5919,0.7775,1.2291511057732534,0.9738901249987145,0.9738901249987145,0
4114,Magliano Alpi,Cuneo,1,44.459634,7.805336,0.0685,0.0443,0.0781,0.0256,0.0284,0.011,0.0322,0.0354,0.0161,0.1542,0.185,0.2304,1.3459377621435693,1.6702083163652504,1.6702083163652504,0
19006,Bonemerse,Cremona,3,45.11367,10.077473,0.0805,0.065,0.0913,0.0325,0.0356,0.0175,0.0389,0.043,0.0247,0.1797,0.2209,0.2828,1.301499954458617,2.9620112725509546,2.9620112725509546,0
47022,Chiesina Uzzanese,Pistoia,9,43.8391,10.719342,0.1291,0.1129,0.1348,0.0453,0.0497,0.027,0.0551,0.0603,0.0363,0.2816,0.3599,0.4779,1.0766765662931579,1.4704565687384974,1.4704565687384974,0
37048,Pieve di Cento,Bologna,8,44.713209,11.306598,0.1576,0.148,0.1854,0.0444,0.0481,0.0359,0.0565,0.0593,0.0517,0.3695,0.486,0.6663,1.24461776411807,0.44296247884593415,0.44296247884593415,0
31013,Moraro,Gorizia,6,45.930571,13.49653,0.1872,0.1686,0.233,0.0508,0.0536,0.0435,0.0666,0.0725,0.0584,0.3975,0.5254,0.7331,0.6507826706228936,0.9155414643489879,0.9155414643489879,0
58038,Formello,Roma,12,42.082521,12.400273,0.0767,0.0543,0.0918,0.0368,0.0409,0.0162,0.0433,0.0494,0.0222,0.1788,0.2107,0.2561,1.2466566215467045,1.3726824467902174,1.3726824467902174,0
43046,San Ginesio,Macerata,11,43.53009,12.961252,0.1753,0.1601,0.1923,0.0554,0.0581,0.0404,0.07,0.0736,0.0552,0.3561,0.4515,0.6013,1.8818032890419008,2.5737174466538133,2.5737174466538133,0
18004,Albuzzano,Pavia,3,45.186626,9.27504,0.0761,0.0561,0.0839,0.024,0.0273,0.0,0.0306,0.0338,0.0129,0.1633,0.2136,0.3067,1.452817168646015,4.463149465628758,4.463149465628758,0
94021,Fornelli,Isernia,14,41.606727,14.139489,0.2739,0.2442,0.2839,0.0731,0.0807,0.0621,0.0947,0.1066,0.0865,0.5379,0.7098,0.9781,0.8668265456926892,3.3898679216134826,3.3898679216134826,0
55008,Calvi dell'Umbria,Terni,10,42.403124,12.567432,0.1548,0.1401,0.1772,0.0503,0.0546,0.0349,0.0617,0.0677,0.047,0.3413,0.4324,0.5678,1.3736888000003762,3.710608037669993,3.710608037669993,0
61004,Arienzo,Caserta,15,41.024257,14.497052,0.1683,0.1286,0.1762,0.0502,0.0522,0.0288,0.0641,0.0669,0.0398,0.3274,0.4115,0.5569,1.1193155587525987,1.5805297846389128,1.5805297846389128,0
61009,Caiazzo,Caserta,15,41.178322,14.364948,0.1455,0.1253,0.1565,0.0475,0.0506,0.0288,0.0583,0.0627,0.0387,0.2771,0.3755,0.5422,1.3419522713478924,1.2967169247678303,1.2967169247678303,0
19084,Rivolta d'Adda,Cremona,3,45.470659,9.512551,0.0821,0.0648,0.0901,0.0258,0.0287,0.0105,0.033,0.0358,0.0167,0.1752,0.2255,0.3092,1.2330351244843079,1.2219695428459165,1.2219695428459165,0
23035,Fumane,Verona,5,45.542953,10.883974,0.1654,0.143,0.1834,0.0442,0.0479,0.0391,0.0588,0.0634,0.0521,0.3548,0.4615,0.6352,1.08440928282009,3.9103423238861232,3.9103423238861232,0
10028,Lavagna,Genova,7,44.312154,9.341706,0.1041,0.0885,0.1103,0.0339,0.0364,0.017,0.0419,0.0457,0.0254,0.2307,0.31,0.425,0.38938062026920817,2.9293632249869406,2.9293632249869406,0
79047,Falerna,Catanzaro,18,38.995559,16.162568,0.2386,0.2042,0.2629,0.065,0.0666,0.0458,0.0863,0.09,0.0629,0.5062,0.6803,0.9665,1.0253998452668454,3.0150719500716026,3.0150719500716026,0
16217,Torre Pallavicina,Bergamo,3,45.446377,9.877063,0.1249,0.1021,0.1351,0.0349,0.0368,0.0216,0.0455,0.048,0.0326,0.2702,0.3486,0.4617,1.4840575939093412,2.585568697728045,2.585568697728045,0
19072,Pianengo,Cremona,3,45.402174,9.694759,0.1005,0.081,0.1089,0.0315,0.0338,0.0169,0.0397,0.0426,0.0259,0.2294,0.3038,0.4133,1.0743952034834878,3.7128241655926018,3.7128241655926018,0
30053,Majano,Udine,6,46.185205,13.068214,0.2482,0.222,0.3013,0.0647,0.0716,0.0578,0.0867,0.0981,0.0764,0.5114,0.67,0.92,0.9662923612249131,1.2311721296174098,1.2311721296174098,0
80097,San Ferdinando,Reggio di Calabria,18,38.48317,15.916271,0.2588,0.2185,0.2823,0.0646,0.0655,0.0452,0.0867,0.0897,0.0628,0.5191,0.7003,0.999,0.9768147065593771,2.788806496377989,2.788806496377989,0
55018,Montecchio,Terni,10,42.663533,12.286862,0.1504,0.1358,0.1727,0.0514,0.056,0.0332,0.0625,0.0691,0.045,0.3381,0.4263,0.5592,1.54629664187204,2.8608008371458724,2.8608008371458724,0
109005,Falerone,Fermo,11,43.107052,13.471682,0.175,0.144,0.1935,0.0558,0.059,0.0404,0.0703,0.0747,0.0547,0.3567,0.4536,0.5998,0.9145913810360375,3.198418351762252,3.198418351762252,0
54033,Montone,Perugia,10,43.362337,12.326328,0.2251,0.205,0.2515,0.0695,0.074,0.0588,0.0923,0.0971,0.0796,0.504,0.6389,0.8381,1.7268296009475483,1.9578715039965644,1.9578715039965644,0
20018,Cavriana,Mantova,3,45.347559,10.598522,0.1474,0.1305,0.1603,0.0378,0.0408,0.032,0.0507,0.0546,0.0452,0.312,0.4117,0.5722,1.5032304467574953,2.4841650136524924,2.4841650136524924,0
56060,Vitorchiano,Viterbo,12,42.465427,12.172462,0.1396,0.1071,0.1574,0.0477,0.0523,0.0272,0.0588,0.0647,0.0373,0.2994,0.3731,0.4801,0.7616189723306797,3.560708974024787,3.560708974024787,0
65031,Castellabate,Salerno,15,40.276127,14.958119,0.0759,0.0555,0.0849,0.0283,0.0313,0.0106,0.0352,0.0381,0.0182,0.1448,0.1742,0.2167,0.949525603072512,2.9745818220672864,2.9745818220672864,0
34045,Varano de' Melegari,Parma,8,44.68806,10.011479,0.1575,0.1179,0.1748,0.0527,0.0582,0.0367,0.0662,0.0743,0.0491,0.3513,0.4418,0.5646,1.8048259142956655,3.8347964994644013,3.8347964994644013,0
39004,Brisighella,Ravenna,8,44.22214,11.772226,0.2102,0.158,0.2386,0.0713,0.076,0.0528,0.0905,0.0968,0.0676,0.4522,0.5545,0.704,1.459095135342904,2.8749925614615717,2.8749925614615717,0
24018,Caldogno,Vicenza,5,45.611836,11.50758,0.1623,0.1416,0.1767,0.043,0.0462,0.0376,0.0572,0.0605,0.0495,0.3415,0.4452,0.6144,1.633163029425418,1.964381675856301,1.964381675856301,0
1104,Fiano,Torino,1,45.216871,7.522685,0.0661,0.0466,0.0765,0.0257,0.0284,0.0102,0.0319,0.0351,0.0151,0.1473,0.1769,0.2213,1.319392638768279,2.372189932080809,2.372189932080809,0
80061,Polistena,Reggio di Calabria,18,38.406509,16.077455,0.2634,0.2218,0.2873,0.0657,0.0668,0.0473,0.0885,0.091,0.0653,0.5171,0.6935,0.9757,1.0190329477934226,2.6383208856475195,2.6383208856475195,0
3044,Cavaglietto,Novara,1,45.602168,8.50213,0.0375,0.0135,0.0443,0.0143,0.018,0.0,0.0179,0.0221,0.0,0.0797,0.094,0.1174,1.0338956933678338,2.4291348478020494,2.4291348478020494,0
30006,Artegna,Udine,6,46.239096,13.155651,0.2579,0.2309,0.3126,0.0671,0.075,0.0596,0.0906,0.1027,0.0793,0.5321,0.6962,0.9564,0.5763755408814099,3.0234569729776974,3.0234569729776974,0
70029,Guglionesi,Campobasso,14,41.913888,14.913613,0.1477,0.108,0.1778,0.0443,0.0477,0.0302,0.0554,0.059,0.0391,0.2944,0.3749,0.5058,1.3439662862351518,1.938614430010187,1.938614430010187,0
50024,Palaia,Pisa,9,43.605041,10.772014,0.1407,0.1052,0.1572,0.0456,0.0499,0.022,0.0577,0.0626,0.0329,0.3036,0.3772,0.4821,1.193507592801692,2.817701786694111,2.817701786694111,0
69031,Fara San Martino,Chieti,13,42.089815,14.205333,0.1792,0.1407,0.1966,0.0558,0.061,0.0389,0.0702,0.0771,0.053,0.3572,0.4684,0.6176,0.248727694463982,3.000154161720905,3.000154161720905,0
78013,Belmonte Calabro,Cosenza,18,39.162203,16.082536,0.2058,0.1786,0.2291,0.054,0.0563,0.0365,0.0698,0.0739,0.0503,0.3859,0.5162,0.7375,1.1884999136645111,1.9818133772965332,1.9818133772965332,0
54017,Deruta,Perugia,10,42.98229,12.419588,0.1754,0.1588,0.1896,0.0589,0.0637,0.0441,0.0728,0.0785,0.0584,0.3675,0.4617,0.5986,1.526873187351205,2.575215016633929,2.575215016633929,0
83095,Sinagra,Messina,19,38.083051,14.849338,0.1876,0.1611,0.2068,0.059,0.0616,0.0399,0.076,0.0793,0.0563,0.387,0.4907,0.6471,0.3759658105704557,3.2171661905609232,3.2171661905609232,0
83106,Terme Vigliatore,Messina,19,38.136764,15.162675,0.1909,0.1458,0.213,0.061,0.0644,0.0417,0.0788,0.0834,0.0561,0.3983,0.4941,0.6359,0.7353604143071844,3.0864206690705385,3.0864206690705385,0
29012,Castelmassa,Rovigo,5,45.016852,11.310498,0.0923,0.0831,0.0988,0.0324,0.0358,0.0224,0.0383,0.0426,0.0319,0.2116,0.2691,0.3579,1.0012063369906916,1.2673179821249771,1.2673179821249771,0
80093,Taurianova,Reggio di Calabria,18,38.355054,16.014778,0.2675,0.2263,0.2927,0.0666,0.0677,0.0479,0.0898,0.0924,0.0662,0.5251,0.7083,0.999,1.2418014192980074,2.306935582316921,2.306935582316921,0
103075,Villadossola,Verbano-Cusio-Ossola,1,46.066663,8.260717,0.0704,0.0495,0.0781,0.0239,0.0259,0.01,0.0315,0.0336,0.016,0.1644,0.2054,0.2634,0.7867659269225509,2.7581521174450416,2.7581521174450416,0
97090,Viganò,Lecco,3,45.724635,9.32456,0.0558,0.0358,0.0628,0.0199,0.0234,0.0,0.026,0.0295,0.0089,0.1284,0.1603,0.2099,0.9937879070645242,2.289221639596127,2.289221639596127,0
13188,Ponte Lambro,Como,3,45.82658,9.225441,0.0458,0.0234,0.0532,0.0171,0.0204,0.0,0.0213,0.0256,0.0,0.0989,0.1205,0.1514,1.79958646682525,4.201065009458674,4.201065009458674,0
16197,Selvino,Bergamo,3,45.781144,9.751675,0.1067,0.0851,0.1144,0.0301,0.0323,0.0152,0.0384,0.0406,0.0239,0.2281,0.303,0.414,1.20972710134157,1.789650205242753,1.789650205242753,0
4081,Dogliani,Cuneo,1,44.530782,7.947233,0.0558,0.0306,0.064,0.0215,0.0245,0.0,0.0271,0.0305,0.0096,0.1234,0.1483,0.1815,0.7834936399744127,2.7963814726586924,2.7963814726586924,0
102040,Soriano Calabro,Vibo Valentia,18,38.596934,16.230355,0.2635,0.2225,0.2872,0.0664,0.0676,0.0478,0.0892,0.0919,0.0658,0.518,0.6945,0.9763,1.0891919993082027,0.8005477860593746,0.8005477860593746,0
41045,Petriano,Pesaro e Urbino,11,43.779162,12.733355,0.1804,0.1725,0.1923,0.0532,0.0567,0.0403,0.0675,0.0724,0.0565,0.3895,0.5079,0.6853,1.2341732117421953,0.6589229025233452,0.6589229025233452,0
73025,San Marzano di San Giuseppe,Taranto,16,40.454425,17.505607,0.0569,0.038,0.0627,0.0202,0.023,0.0,0.0269,0.0295,0.0125,0.1189,0.1416,0.1731,1.1681636396957613,1.2695472501158662,1.2695472501158662,0
39011,Fusignano,Ravenna,8,44.467503,11.960192,0.1704,0.1545,0.1826,0.0515,0.0545,0.0405,0.0641,0.0685,0.0562,0.3934,0.5104,0.6897,1.2179174852618284,1.4656717436850715,1.4656717436850715,0
98061,Zelo Buon Persico,Lodi,3,45.41106,9.431757,0.0666,0.0471,0.0748,0.0241,0.0273,0.0085,0.0306,0.0337,0.0139,0.1505,0.187,0.2457,1.3642039997178832,0.6756734185361799,0.6756734185361799,0
17086,Isorella,Brescia,3,45.309153,10.322164,0.1285,0.1162,0.1361,0.0354,0.0377,0.0241,0.0447,0.0481,0.0355,0.2735,0.3587,0.4988,1.1954633238791976,3.5564050187587872,3.5564050187587872,0
94028,Montaquila,Isernia,14,41.566723,14.112618,0.2725,0.2426,0.2848,0.0749,0.0837,0.0658,0.0989,0.1092,0.0911,0.5466,0.7098,0.967,0.8337032166354968,2.960688980985883,2.960688980985883,0
45007,Fivizzano,Massa-Carrara,9,44.23835,10.12599,0.2007,0.174,0.233,0.0608,0.0671,0.0512,0.0793,0.0862,0.0729,0.4468,0.5647,0.742,1.1304029399816617,1.684704537219218,1.684704537219218,0
102033,San Costantino Calabro,Vibo Valentia,18,38.632279,16.073897,0.268,0.2301,0.2933,0.0668,0.0681,0.0474,0.0898,0.093,0.0656,0.5305,0.7222,1.0233,0.7976934411101214,3.933899567260194,3.933899567260194,0
63069,San Paolo Bel Sito,Napoli,15,40.914813,14.546736,0.1814,0.133,0.1948,0.0514,0.0536,0.0301,0.0673,0.0727,0.0436,0.3583,0.4488,0.6215,1.3255434083368403,1.7203102828189867,1.7203102828189867,0
6185,Villanova Monferrato,Alessandria,1,45.182857,8.479237,0.0384,0.015,0.0467,0.0152,0.0187,0.0,0.019,0.0232,0.0,0.0838,0.0993,0.1221,0.815417427081134,2.512849264504654,2.512849264504654,0
18150,Siziano,Pavia,3,45.314367,9.20315,0.0561,0.035,0.0633,0.0211,0.0247,0.0,0.027,0.0306,0.0095,0.13,0.1632,0.215,1.4879757144269787,2.829784592432749,2.829784592432749,0
84031,Ravanusa,Agrigento,19,37.267914,13.973255,0.0635,0.0501,0.073,0.0223,0.0255,0.0078,0.0284,0.0324,0.0132,0.1305,0.17,0.2264,0.6966855365955016,2.7098658970611136,2.7098658970611136,0
54023,Gualdo Tadino,Perugia,10,43.231652,12.780962,0.2248,0.2023,0.2421,0.0696,0.0726,0.0557,0.0881,0.0922,0.076,0.4759,0.608,0.8043,0.7689992368149399,2.5461192264261925,2.5461192264261925,0
1270,Susa,Torino,1,45.137212,7.053979,0.1346,0.1021,0.1488,0.0397,0.0416,0.0264,0.0529,0.0555,0.0373,0.2899,0.3609,0.4656,1.1026356139379192,2.999947776160984,2.999947776160984,0
27009,Cinto Caomaggiore,Venezia,5,45.825893,12.785572,0.1203,0.1078,0.1351,0.0366,0.0409,0.0345,0.0493,0.0521,0.0428,0.2543,0.3337,0.4678,0.6714712500125001,1.5676315955239133,1.5676315955239133,0
28102,Villa Estense,Padova,5,45.172108,11.666979,0.0647,0.0568,0.0736,0.0287,0.0322,0.0162,0.0342,0.0378,0.0221,0.1416,0.1713,0.2167,1.389232144277449,2.1296499556115758,2.1296499556115758,0
109038,Servigliano,Fermo,11,43.081621,13.493764,0.1751,0.1454,0.1935,0.0558,0.059,0.0404,0.0703,0.0747,0.0547,0.3567,0.4536,0.5998,0.9057449512671398,0.5548443530230127,0.5548443530230127,0
16105,Fornovo San Giovanni,Bergamo,3,45.497925,9.676906,0.1109,0.089,0.119,0.0301,0.0325,0.0152,0.0383,0.0405,0.0237,0.2249,0.2985,0.4087,1.6271125451809718,4.555301535903508,4.555301535903508,0
49013,Porto Azzurro,Livorno,9,42.766298,10.395753,0.0338,0.0,0.0424,0.0146,0.019,0.0,0.0176,0.023,0.0,0.0757,0.0869,0.1058,1.6576524095893697,4.1520178503440865,4.1520178503440865,0
30030,Corno di Rosazzo,Udine,6,45.997061,13.441595,0.2096,0.1873,0.2547,0.0533,0.0573,0.0461,0.0703,0.0771,0.0625,0.4232,0.5605,0.7826,0.47220870676200183,2.974748574505865,2.974748574505865,0
49002,Campiglia Marittima,Livorno,9,43.060628,10.615496,0.0591,0.0152,0.0715,0.0259,0.0301,0.0,0.0312,0.0358,0.0,0.1374,0.1632,0.1989,0.4543710954539053,1.2622804477016674,1.2622804477016674,0
87047,Santa Maria di Licodia,Catania,19,37.61642,14.887493,0.1943,0.1593,0.2294,0.0703,0.0794,0.0404,0.0859,0.0977,0.0531,0.3859,0.4734,0.6567,0.9184530724211879,1.7505538068681716,1.7505538068681716,0
87022,Maletto,Catania,19,37.829022,14.865664,0.1608,0.1344,0.1785,0.0649,0.0711,0.0375,0.0783,0.0863,0.0494,0.3418,0.4134,0.5412,0.834182642591936,1.5524194849041806,1.5524194849041806,0
74013,San Donaci,Brindisi,16,40.44938,17.922606,0.048,0.0288,0.0545,0.0151,0.0176,0.0,0.0199,0.0237,0.0,0.0882,0.1079,0.1339,1.5452067558495768,3.36338386742643,3.36338386742643,0
17082,Idro,Brescia,3,45.737745,10.478326,0.1498,0.13,0.1591,0.0379,0.0409,0.0322,0.0501,0.0542,0.0464,0.329,0.4309,0.5879,0.5690172842759215,1.3312312916792532,1.3312312916792532,0
22053,Cavedine,Trento,4,45.9952,10.973577,0.0902,0.0824,0.1038,0.0292,0.0326,0.0202,0.0359,0.0396,0.0295,0.1956,0.2518,0.3425,1.6722536530078276,1.5311487497352472,1.5311487497352472,0
23019,Casaleone,Verona,5,45.170669,11.199365,0.0833,0.0752,0.096,0.0317,0.0352,0.022,0.0376,0.0417,0.0302,0.186,0.2368,0.3199,0.6004657553532108,2.7494187293354555,2.7494187293354555,0
78003,Acri,Cosenza,18,39.493005,16.38495,0.2746,0.2379,0.3007,0.0713,0.0736,0.0516,0.0947,0.0991,0.0707,0.5474,0.7458,1.0423,1.1636402921413334,2.105553943784709,2.105553943784709,0
3019,Boca,Novara,1,45.678969,8.408726,0.039,0.0166,0.0472,0.0151,0.0184,0.0,0.0188,0.0229,0.0,0.0854,0.1029,0.1276,1.0598052034304097,0.6545789887860928,0.6545789887860928,0
111072,Sardara,Sud Sardegna,20,39.616442,8.820634,0.0,0.0,0.0,0.0,0.0,0.0,0.0,0.0,0.0,0.0,0.0,0.0,316.3724610973076,318.7417306322589,318.7417306322589,1
19041,Dovera,Cremona,3,45.365153,9.541688,0.0726,0.0538,0.0805,0.0258,0.0289,0.0104,0.0324,0.0355,0.016,0.1602,0.1996,0.2615,1.3910544393839088,3.7315781634249228,3.7315781634249228,0
3042,Castellazzo Novarese,Novara,1,45.513366,8.486931,0.0372,0.0124,0.0434,0.0143,0.0179,0.0,0.0179,0.022,0.0,0.0788,0.0926,0.1156,0.5885314479668378,2.4262834790218952,2.4262834790218952,0
53001,Arcidosso,Grosseto,9,42.871631,11.538343,0.1393,0.0966,0.1581,0.0469,0.051,0.0194,0.0586,0.0639,0.0301,0.3011,0.3726,0.4769,1.6997168250883015,2.9948386518043173,2.9948386518043173,0
16156,Palazzago,Bergamo,3,45.752115,9.535027,0.0795,0.0623,0.0868,0.0246,0.0275,0.0088,0.0318,0.0346,0.0153,0.1749,0.2281,0.3163,0.5434691424363638,2.8945069987142706,2.8945069987142706,0
76030,Episcopia,Potenza,17,40.074807,16.098181,0.2347,0.1913,0.2452,0.0539,0.0571,0.0378,0.0729,0.0764,0.0551,0.456,0.6309,0.9201,0.26685728290085975,2.2961930014373992,2.2961930014373992,0
39018,Solarolo,Ravenna,8,44.360368,11.844525,0.2004,0.1687,0.2188,0.0626,0.0665,0.0494,0.0798,0.085,0.065,0.4168,0.5215,0.677,0.7223857411135262,3.8841636972581677,3.8841636972581677,0
19054,Izano,Cremona,3,45.355385,9.750043,0.0963,0.0774,0.1045,0.0307,0.0332,0.0159,0.0383,0.041,0.0239,0.2102,0.2708,0.3772,1.0164148419360077,3.928507363506108,3.928507363506108,0
56050,Tarquinia,Viterbo,12,42.253239,11.759175,0.082,0.0453,0.093,0.0309,0.0347,0.0,0.0373,0.0415,0.0098,0.1756,0.2138,0.2706,1.063170377145665,3.5281987520606983,3.5281987520606983,0
30020,Castions di Strada,Udine,6,45.908309,13.185337,0.1335,0.118,0.1556,0.0386,0.0424,0.0353,0.0503,0.0535,0.0441,0.2623,0.3471,0.4877,0.497607248498556,3.2779403147104795,3.2779403147104795,0
29001,Adria,Rovigo,5,45.053123,12.0572,0.0598,0.0471,0.0688,0.0261,0.0296,0.0108,0.0315,0.035,0.0155,0.1266,0.1506,0.1842,0.977614806872297,3.284381720127903,3.284381720127903,0
82067,Santa Flavia,Palermo,19,38.081331,13.52544,0.1788,0.1598,0.1918,0.0454,0.0463,0.0311,0.062,0.0638,0.0468,0.3747,0.4817,0.6456,0.8102900215708909,3.2275105738684737,3.2275105738684737,0
61056,Piana di Monte Verna,Caserta,15,41.167117,14.333728,0.1351,0.1132,0.1447,0.0475,0.0506,0.0288,0.0583,0.0627,0.0387,0.2771,0.3755,0.5422,0.5307836708428558,2.7618783041264026,2.7618783041264026,0
24079,Pojana Maggiore,Vicenza,5,45.291381,11.501347,0.0837,0.0788,0.0994,0.0313,0.0343,0.0211,0.0373,0.0408,0.0295,0.188,0.239,0.3191,0.4007020574990101,2.564079669447934,2.564079669447934,0
17116,Muscoline,Brescia,3,45.562485,10.461874,0.1591,0.1448,0.1736,0.042,0.0462,0.0371,0.0569,0.0604,0.0517,0.3531,0.4615,0.6331,1.0000322456229211,4.054052947539571,4.054052947539571,0
17019,Bione,Brescia,3,45.672786,10.338869,0.1475,0.1352,0.1597,0.0391,0.0421,0.0322,0.0521,0.0555,0.0456,0.3196,0.4166,0.5655,0.42077129659139495,2.452100796526802,2.452100796526802,0
6051,Castelletto Monferrato,Alessandria,1,44.981148,8.564545,0.0488,0.028,0.0558,0.0171,0.0204,0.0,0.0218,0.026,0.0,0.1081,0.1327,0.172,0.9186384393835315,2.2731874604913336,2.2731874604913336,0
39015,Riolo Terme,Ravenna,8,44.277084,11.72452,0.2091,0.1594,0.2371,0.07,0.0747,0.0526,0.0892,0.0952,0.0677,0.4496,0.5522,0.7021,1.2027931845226012,2.3598355406589153,2.3598355406589153,0
1096,Cuceglio,Torino,1,45.359435,7.815187,0.0439,0.0191,0.0528,0.0189,0.0223,0.0,0.0231,0.0274,0.0,0.099,0.1177,0.1434,0.3008729397585525,1.773362868452673,1.773362868452673,0
70059,Ripalimosani,Campobasso,14,41.611029,14.662729,0.2266,0.18,0.2476,0.0603,0.0626,0.0463,0.0799,0.0814,0.0618,0.465,0.5973,0.8038,0.831409739246393,4.02755741846651,4.02755741846651,0
12053,Cocquio-Trevisago,Varese,3,45.863436,8.695665,0.0389,0.0165,0.0461,0.0146,0.0181,0.0,0.0183,0.0224,0.0,0.0842,0.1017,0.1267,0.9594099911222168,2.755450694261225,2.755450694261225,0
61094,Trentola-Ducenta,Caserta,15,40.97623,14.177166,0.1317,0.0875,0.1399,0.0408,0.0437,0.0175,0.0525,0.0551,0.0276,0.2508,0.3105,0.4001,1.575053521227159,2.8503321465043188,2.8503321465043188,0
33026,Lugagnano Val d'Arda,Piacenza,8,44.821994,9.828482,0.1351,0.11,0.1518,0.0431,0.0477,0.0266,0.0547,0.0598,0.0374,0.2899,0.3749,0.4997,1.4543503638591426,0.7922071199358195,0.7922071199358195,0
24010,Asigliano Veneto,Vicenza,5,45.304512,11.446266,0.0968,0.0874,0.1091,0.033,0.0359,0.0251,0.0397,0.0444,0.035,0.2234,0.2879,0.4028,0.922627923355402,2.270214403078492,2.270214403078492,0
82028,Cerda,Palermo,19,37.903579,13.81547,0.1679,0.1491,0.1791,0.0433,0.0446,0.028,0.0572,0.0591,0.04,0.3246,0.4311,0.5827,1.4555699416350298,2.3421821674743932,2.3421821674743932,0
70003,Bojano,Campobasso,14,41.485724,14.472927,0.2678,0.2332,0.2843,0.0662,0.0687,0.0524,0.087,0.0899,0.0713,0.537,0.7333,1.0328,0.6314494410553441,2.123332355116426,2.123332355116426,0
101009,Cotronei,Crotone,18,39.15835,16.773505,0.215,0.1726,0.2239,0.0575,0.0585,0.0404,0.0756,0.0772,0.0562,0.4036,0.5208,0.7139,1.3962365084503876,2.4774828721085806,2.4774828721085806,0
12015,Bisuschio,Varese,3,45.874873,8.871723,0.0384,0.0148,0.0451,0.0147,0.0182,0.0,0.0183,0.0226,0.0,0.0836,0.1003,0.125,1.5993513660980911,3.943873355484295,3.943873355484295,0
17079,Gianico,Brescia,3,45.86453,10.183653,0.0962,0.0825,0.105,0.0332,0.0354,0.021,0.0416,0.0449,0.0307,0.227,0.2934,0.3955,0.599969454490594,2.9363331771533185,2.9363331771533185,0
54028,Massa Martana,Perugia,10,42.773137,12.524966,0.1658,0.1489,0.1792,0.0589,0.0635,0.0434,0.0728,0.0782,0.0579,0.3657,0.4581,0.5936,1.0207790583003573,1.5447555359957248,1.5447555359957248,0
97053,Montevecchia,Lecco,3,45.705744,9.375436,0.0592,0.04,0.0669,0.0199,0.0234,0.0,0.026,0.0295,0.0089,0.1284,0.1603,0.2099,1.45326983928688,3.820416171437186,3.820416171437186,0
17180,Soiano del Lago,Brescia,3,45.527784,10.512675,0.1591,0.1441,0.1764,0.042,0.0462,0.0371,0.0569,0.0604,0.0517,0.3531,0.4615,0.6331,1.2619882569688645,2.9578791953045998,2.9578791953045998,0
4027,Bossolasco,Cuneo,1,44.529338,8.05094,0.0528,0.027,0.0595,0.0205,0.0236,0.0,0.0261,0.0295,0.0083,0.1201,0.1452,0.1797,1.3389600141701916,3.9798272310618854,3.9798272310618854,0
37026,Fontanelice,Bologna,8,44.260098,11.559736,0.2068,0.1547,0.2343,0.0683,0.0733,0.0503,0.0868,0.0933,0.0645,0.4435,0.5453,0.6946,1.220699305416841,2.841874890957534,2.841874890957534,0
16044,Calcio,Bergamo,3,45.50921,9.850979,0.1333,0.1087,0.1451,0.0365,0.0379,0.0241,0.0487,0.0511,0.0362,0.2926,0.3741,0.4919,1.6073657473321485,2.365672163342253,2.365672163342253,0
67015,Cellino Attanasio,Teramo,13,42.587311,13.850525,0.1782,0.1393,0.1959,0.0572,0.0612,0.0396,0.0723,0.0772,0.0542,0.3601,0.4666,0.6142,1.1830710531941007,2.3392629849927946,2.3392629849927946,0
21010,Brennero/Brenner,Bolzano/Bozen,4,47.00378,11.504557,0.0389,0.0164,0.0447,0.0129,0.0159,0.0,0.017,0.0199,0.0,0.084,0.1031,0.1301,0.1452565622103388,4.116801209660773,4.116801209660773,0
7037,Issogne,Valle d'Aosta/Vallée d'Aoste,2,45.654378,7.684603,0.0553,0.0336,0.0656,0.0226,0.0256,0.0,0.0281,0.0316,0.0112,0.1252,0.149,0.1821,1.5471409349496676,2.1021870317474147,2.1021870317474147,0
74005,Cisternino,Brindisi,16,40.742985,17.425745,0.0578,0.0404,0.0639,0.0194,0.022,0.0,0.0259,0.0285,0.0118,0.1165,0.1388,0.1702,0.4792484379494755,3.7997549627375453,3.7997549627375453,0
43051,Serrapetrona,Macerata,11,43.17743,13.189752,0.1764,0.1333,0.1982,0.0583,0.0625,0.0411,0.0729,0.0781,0.0547,0.3573,0.4562,0.6047,0.9826523795780064,3.0075096027700132,3.0075096027700132,0
82045,Lercara Friddi,Palermo,19,37.746946,13.604854,0.0907,0.0581,0.0979,0.0322,0.0339,0.0158,0.0399,0.0423,0.0221,0.1861,0.2258,0.2855,0.659197074870605,1.8964048368334157,1.8964048368334157,0
16205,Spinone al Lago,Bergamo,3,45.767485,9.924158,0.1178,0.0953,0.1274,0.0327,0.0346,0.0187,0.0417,0.0444,0.0284,0.2402,0.3178,0.4286,1.3984981849297335,2.242047780035958,2.242047780035958,0
98015,Castiraga Vidardo,Lodi,3,45.264809,9.392875,0.0699,0.0488,0.0772,0.0241,0.0274,0.0076,0.0305,0.0338,0.0131,0.1532,0.1951,0.264,0.4846973789759992,2.179360475935394,2.179360475935394,0
54014,Collazzone,Perugia,10,42.900468,12.435186,0.1656,0.1492,0.1792,0.0589,0.0636,0.0438,0.0728,0.0784,0.0582,0.3667,0.4599,0.596,0.8922255985795658,4.159045140828397,4.159045140828397,0
76053,Muro Lucano,Potenza,17,40.752517,15.485759,0.2565,0.2193,0.2703,0.0586,0.0599,0.0449,0.0788,0.081,0.0633,0.5046,0.7004,0.9967,0.6322777071167178,2.4041573217212058,2.4041573217212058,0
9035,Magliolo,Savona,7,44.191486,8.250396,0.0837,0.0616,0.0944,0.021,0.0246,0.0,0.0296,0.0328,0.0146,0.1907,0.2552,0.3589,1.0046875887759443,2.7519146362477223,2.7519146362477223,0
60063,San Giorgio a Liri,Frosinone,12,41.404117,13.761312,0.1307,0.1142,0.1501,0.0452,0.0496,0.0283,0.0549,0.06,0.0371,0.2421,0.2966,0.4059,1.1489142622945765,2.2190910687861654,2.2190910687861654,0
43007,Camerino,Macerata,11,43.135764,13.068309,0.1939,0.1741,0.2208,0.0656,0.0692,0.0488,0.0819,0.087,0.0638,0.3928,0.4948,0.6526,0.8792093981242899,1.2027896867157586,1.2027896867157586,0
26053,Orsago,Treviso,5,45.930861,12.423587,0.2231,0.1993,0.2716,0.0582,0.0626,0.0513,0.078,0.0868,0.0694,0.4748,0.6261,0.8671,1.2406347558287267,1.137176654395615,1.137176654395615,0
10001,Arenzano,Genova,7,44.402518,8.683132,0.0555,0.034,0.0621,0.0194,0.0229,0.0,0.0251,0.0287,0.0079,0.1198,0.1464,0.1849,1.1419291547659967,2.867650190829458,2.867650190829458,0
44020,Folignano,Ascoli Piceno,11,42.820247,13.634289,0.179,0.14,0.1972,0.0572,0.0606,0.0401,0.0721,0.0765,0.0548,0.3589,0.4633,0.6098,0.5478451816430586,1.8473047703392547,1.8473047703392547,0
10059,Sestri Levante,Genova,7,44.271453,9.395863,0.1081,0.0936,0.1152,0.0323,0.035,0.0154,0.0394,0.0433,0.0226,0.2135,0.2883,0.4001,0.9691604997597614,2.874019345959766,2.874019345959766,0
13159,Mozzate,Como,3,45.675188,8.955762,0.0392,0.0154,0.0465,0.0154,0.019,0.0,0.0192,0.0235,0.0,0.0863,0.1041,0.1288,1.1439644664262754,4.373076931157716,4.373076931157716,0
35044,Viano,Reggio nell'Emilia,8,44.543729,10.62162,0.1599,0.1227,0.1735,0.0529,0.0586,0.0383,0.0658,0.0744,0.0506,0.3551,0.4383,0.5609,1.0579022611178839,1.0389325750031926,1.0389325750031926,0
54021,Giano dell'Umbria,Perugia,10,42.833467,12.577711,0.1837,0.1668,0.1977,0.0645,0.069,0.0499,0.0799,0.0858,0.0667,0.415,0.5252,0.6873,0.9056619884014655,2.9124703530564475,2.9124703530564475,0
13042,Canzo,Como,3,45.850641,9.274802,0.0456,0.0231,0.053,0.0175,0.0208,0.0,0.0219,0.0261,0.0,0.1026,0.1248,0.1571,1.4611566747911828,2.03052527305603,2.03052527305603,0
43031,Monte San Giusto,Macerata,11,43.236431,13.595124,0.1827,0.1706,0.1952,0.0511,0.0549,0.0396,0.0649,0.0705,0.0567,0.4018,0.5304,0.7385,1.2619443432279076,3.5858847537376928,3.5858847537376928,0
12024,Brusimpiano,Varese,3,45.947756,8.889216,0.0386,0.0154,0.0455,0.0146,0.0181,0.0,0.0183,0.0225,0.0,0.084,0.101,0.1257,0.6382801077715081,0.5791956385999988,0.5791956385999988,0
65081,Ogliastro Cilento,Salerno,15,40.352405,15.043154,0.0851,0.0646,0.0947,0.032,0.0348,0.0142,0.039,0.0429,0.0224,0.1704,0.208,0.2623,1.4402362064411331,3.4037231688970615,3.4037231688970615,0
65008,Aquara,Salerno,15,40.443909,15.253857,0.1163,0.0959,0.127,0.0369,0.0393,0.0206,0.0465,0.0504,0.0302,0.2176,0.2764,0.3847,1.4471785389430267,2.7313725505515913,2.7313725505515913,0
18006,Badia Pavese,Pavia,3,45.120328,9.468797,0.0887,0.0689,0.098,0.0279,0.0309,0.011,0.0348,0.0377,0.0173,0.1924,0.2552,0.3559,0.9928969784144188,1.6424646127158657,1.6424646127158657,0
50014,Fauglia,Pisa,9,43.570638,10.514409,0.1406,0.1032,0.1564,0.0421,0.0458,0.0195,0.0556,0.0588,0.0311,0.3011,0.3749,0.4808,1.2363744912558903,2.810759955702089,2.810759955702089,0
27030,Pramaggiore,Venezia,5,45.814565,12.738813,0.1201,0.1075,0.1352,0.0366,0.0409,0.0345,0.0493,0.0521,0.0428,0.2543,0.3337,0.4678,1.6657697828846187,4.342719177255919,4.342719177255919,0
5022,Castagnole delle Lanze,Asti,1,44.75114,8.150245,0.0446,0.0198,0.052,0.0178,0.0214,0.0,0.0221,0.0264,0.0,0.0984,0.1184,0.146,0.49850514203586255,1.988527406848873,1.988527406848873,0
96085,Lessona,Biella,1,45.58727,8.194337,0.0402,0.0173,0.0489,0.0158,0.0192,0.0,0.0194,0.0239,0.0,0.0858,0.1029,0.127,1.0216038974435764,2.58353903464697,2.58353903464697,0
94025,Macchia d'Isernia,Isernia,14,41.561624,14.167119,0.2715,0.2438,0.2906,0.0731,0.0807,0.0621,0.0947,0.1066,0.0865,0.5379,0.7098,0.9781,1.1097936115731288,2.567846546131331,2.567846546131331,0
61075,San Felice a Cancello,Caserta,15,41.012394,14.482993,0.1728,0.1304,0.1821,0.0502,0.0522,0.0288,0.0641,0.0669,0.0398,0.3274,0.4115,0.5569,0.9809173582390981,2.043834245049088,2.043834245049088,0
99008,Montefiore Conca,Rimini,8,43.890236,12.610315,0.1852,0.172,0.1991,0.0531,0.0568,0.04,0.0672,0.0723,0.0562,0.3893,0.5105,0.692,1.070643334578386,2.6304096774743053,2.6304096774743053,0
41030,Montecalvo in Foglia,Pesaro e Urbino,11,43.811562,12.631052,0.1797,0.1658,0.1907,0.0531,0.0567,0.0401,0.0673,0.0723,0.0564,0.3895,0.5083,0.6883,1.2048452567742476,3.8006039441920074,3.8006039441920074,0
54050,Spello,Perugia,10,42.990945,12.671775,0.2313,0.21,0.2535,0.0722,0.0755,0.0599,0.0944,0.0978,0.0809,0.504,0.6387,0.8378,0.8104344478332051,1.0173981154300877,1.0173981154300877,0
18087,Marzano,Pavia,3,45.247967,9.295054,0.0679,0.0467,0.075,0.023,0.0265,0.0,0.0293,0.0327,0.0118,0.1484,0.19,0.2596,1.7897161375717556,1.7684400626436558,1.7684400626436558,0
5065,Mombaruzzo,Asti,1,44.771349,8.448909,0.0532,0.0323,0.059,0.0175,0.0211,0.0,0.0224,0.0268,0.0,0.1147,0.1441,0.1935,1.8158768786380217,3.285627634158579,3.285627634158579,0
22127,Nogaredo,Trento,4,45.912089,11.023046,0.1174,0.1055,0.13,0.0331,0.0365,0.0282,0.042,0.0471,0.0384,0.2546,0.3362,0.4711,0.46201738950677684,3.0952910583087965,3.0952910583087965,0
67040,Silvi,Teramo,13,42.548792,14.118769,0.1507,0.1291,0.1619,0.0486,0.0521,0.0318,0.0607,0.0654,0.0428,0.3237,0.4174,0.5725,1.324820367628989,2.6338383162836676,2.6338383162836676,0
111014,Dolianova,Sud Sardegna,20,39.378241,9.178644,0.0,0.0,0.0,0.0,0.0,0.0,0.0,0.0,0.0,0.0,0.0,0.0,314.9115966547817,312.60159299255486,312.60159299255486,1
6159,Serralunga di Crea,Alessandria,1,45.100254,8.282034,0.0381,0.0138,0.0464,0.0154,0.0191,0.0,0.019,0.0235,0.0,0.0819,0.0955,0.1166,1.3531937219982655,4.299937672557405,4.299937672557405,0
29031,Lusia,Rovigo,5,45.100535,11.66278,0.0667,0.0621,0.075,0.0288,0.0323,0.0159,0.0342,0.0379,0.0223,0.1408,0.1717,0.2234,1.260674425809062,2.6939707373671746,2.6939707373671746,0
56053,Valentano,Viterbo,12,42.569098,11.81833,0.14,0.0976,0.1588,0.0466,0.0504,0.0202,0.0585,0.0634,0.0309,0.302,0.3739,0.4789,1.133800096610872,2.887753456732277,2.887753456732277,0
30028,Colloredo di Monte Albano,Udine,6,46.166405,13.139017,0.242,0.2167,0.2952,0.0648,0.0718,0.0579,0.0868,0.0983,0.0765,0.5125,0.6713,0.9215,1.7596234966766042,2.276596373993396,2.276596373993396,0
76071,Ruoti,Potenza,17,40.718017,15.678963,0.2048,0.1924,0.2139,0.0547,0.0555,0.0421,0.0719,0.0742,0.0588,0.4386,0.5933,0.8418,0.9974126512638585,1.4330652901531344,1.4330652901531344,0
19037,Cremosano,Cremona,3,45.394917,9.639553,0.0886,0.0707,0.0965,0.0291,0.0317,0.014,0.0363,0.0389,0.0208,0.1917,0.244,0.3346,0.6764418949652448,2.652637872867337,2.652637872867337,0
80054,Motta San Giovanni,Reggio di Calabria,18,38.003165,15.695096,0.2646,0.2265,0.2885,0.0643,0.0657,0.0455,0.0869,0.09,0.0635,0.5281,0.7205,1.0201,1.1361264936000508,1.590678435275611,1.590678435275611,0
71047,San Marco in Lamis,Foggia,16,41.713138,15.63985,0.2073,0.1425,0.2541,0.0571,0.0601,0.0391,0.0752,0.0836,0.0529,0.4385,0.5679,0.7722,1.2321346170799914,0.7046612627006966,0.7046612627006966,0
23084,Sorgà,Verona,5,45.2134,10.979362,0.0968,0.0862,0.1088,0.0337,0.0365,0.0259,0.0401,0.0448,0.0353,0.2232,0.2837,0.3918,1.9135472299310168,3.2881837273088945,3.2881837273088945,0
96018,Cerrione,Biella,1,45.468361,8.068123,0.0397,0.0154,0.0481,0.0162,0.0197,0.0,0.0197,0.0244,0.0,0.085,0.1011,0.1242,0.8377601068165842,1.0477586596953634,1.0477586596953634,0
27005,Caorle,Venezia,5,45.599004,12.888008,0.0709,0.0586,0.0784,0.0267,0.0297,0.0144,0.0325,0.0356,0.0199,0.1459,0.1767,0.2225,1.609561247963236,3.8526809546951917,3.8526809546951917,0
66075,Pratola Peligna,L'Aquila,13,42.098314,13.87398,0.2564,0.2329,0.2809,0.0772,0.0848,0.0657,0.1014,0.109,0.0898,0.5244,0.6821,0.9319,0.9202131367519966,2.756982224338954,2.756982224338954,0
94022,Frosolone,Isernia,14,41.600627,14.446525,0.2457,0.2345,0.2686,0.0669,0.0693,0.0535,0.0872,0.0902,0.073,0.5316,0.7242,1.0191,0.9307853500449825,3.146014191093678,3.146014191093678,0
72044,Toritto,Bari,16,40.99823,16.679779,0.0868,0.0719,0.1056,0.0304,0.0332,0.0182,0.0374,0.0412,0.0263,0.193,0.2625,0.3559,1.1944990859648361,1.403265943410696,1.403265943410696,0
83025,Francavilla di Sicilia,Messina,19,37.901129,15.136208,0.2019,0.1618,0.2289,0.0695,0.0742,0.0443,0.0867,0.0928,0.0593,0.4145,0.5123,0.6742,1.0250396436167588,2.4016435542535333,2.4016435542535333,0
69037,Frisa,Chieti,13,42.26124,14.369414,0.119,0.0922,0.1287,0.0414,0.0457,0.025,0.0514,0.0558,0.0339,0.2358,0.2956,0.3896,1.0688516971170936,2.2789936424041985,2.2789936424041985,0
87010,Calatabiano,Catania,19,37.822445,15.227636,0.2123,0.1674,0.251,0.072,0.0786,0.0424,0.0892,0.0972,0.0561,0.4171,0.5391,0.7314,0.396972817071064,3.3641318795211763,3.3641318795211763,0
34019,Lesignano de' Bagni,Parma,8,44.643428,10.300484,0.157,0.1169,0.1734,0.0523,0.0581,0.0371,0.0653,0.0739,0.0486,0.35,0.438,0.5607,1.1877830437104453,3.219465702660927,3.219465702660927,0
4033,Brossasco,Cuneo,1,44.569837,7.361615,0.1354,0.1023,0.1509,0.0399,0.042,0.0265,0.0532,0.056,0.0372,0.2896,0.3599,0.4641,1.240825043091901,2.502450806036863,2.502450806036863,0
4151,Niella Tanaro,Cuneo,1,44.413112,7.922952,0.0634,0.0375,0.0723,0.0242,0.0272,0.0096,0.0307,0.034,0.0145,0.1481,0.1793,0.225,0.8261057725026,3.755356809032773,3.755356809032773,0
25008,Calalzo di Cadore,Belluno,5,46.446715,12.380385,0.125,0.1106,0.1438,0.0394,0.0425,0.0358,0.0531,0.055,0.0457,0.2931,0.392,0.5533,1.572906496239602,3.223400208013733,3.223400208013733,0
1137,Loranzè,Torino,1,45.441657,7.812718,0.0446,0.0199,0.0539,0.0191,0.0226,0.0,0.0236,0.0279,0.0,0.1009,0.1198,0.1461,0.9065834983724796,2.4813924002433727,2.4813924002433727,0
4194,Roddi,Cuneo,1,44.679641,7.975435,0.0501,0.0253,0.0584,0.0197,0.023,0.0,0.0248,0.0285,0.0,0.1106,0.1314,0.1618,1.4956665629319905,4.2885880913288785,4.2885880913288785,0
30065,Nimis,Udine,6,46.200671,13.266254,0.255,0.228,0.3092,0.0657,0.0733,0.0586,0.0887,0.1004,0.0778,0.5244,0.6867,0.9421,0.8116728696114164,1.9477442428660419,1.9477442428660419,0
90054,Palau,Sassari,20,41.181076,9.382042,0.0,0.0,0.0,0.0,0.0,0.0,0.0,0.0,0.0,0.0,0.0,0.0,138.0140661682832,138.407883273441,138.407883273441,1
26065,Refrontolo,Treviso,5,45.924858,12.20783,0.2492,0.2245,0.3034,0.0622,0.069,0.0556,0.0857,0.0951,0.0748,0.5151,0.6778,0.9434,0.4803385635005755,1.1276285437227855,1.1276285437227855,0
51007,Caprese Michelangelo,Arezzo,9,43.639852,11.98484,0.2049,0.18,0.2272,0.0635,0.0675,0.0519,0.0831,0.0854,0.07,0.442,0.5588,0.7323,1.4453156395283189,2.282797047446199,2.282797047446199,0
64092,Sant'Angelo dei Lombardi,Avellino,15,40.92703,15.177524,0.2679,0.2351,0.283,0.061,0.0628,0.0466,0.0826,0.0848,0.065,0.5314,0.735,1.0389,0.9986358054932936,3.713348005986098,3.713348005986098,0
19011,Campagnola Cremasca,Cremona,3,45.398474,9.669459,0.0927,0.0743,0.1004,0.0291,0.0317,0.014,0.0363,0.0389,0.0208,0.1917,0.244,0.3346,0.9203569555361636,3.4795230217163886,3.4795230217163886,0
102044,Tropea,Vibo Valentia,18,38.675379,15.894792,0.208,0.1763,0.2288,0.0579,0.0591,0.0393,0.0771,0.08,0.0555,0.4614,0.6194,0.8995,0.6304890523096089,3.338126363947475,3.338126363947475,0
67013,Castiglione Messer Raimondo,Teramo,13,42.531915,13.881545,0.1791,0.1376,0.1969,0.0563,0.06,0.0386,0.0711,0.076,0.0529,0.3575,0.4631,0.6106,0.46922733515482,1.773828399404854,1.773828399404854,0
18137,San Martino Siccomario,Pavia,3,45.160963,9.135952,0.0708,0.0508,0.0777,0.0229,0.0264,0.0,0.0297,0.0329,0.012,0.1636,0.2151,0.3098,1.3898963930313841,3.603148409177294,3.603148409177294,0
68044,Turrivalignani,Pescara,13,42.261938,14.026706,0.1886,0.1529,0.208,0.0588,0.0647,0.041,0.0744,0.081,0.0557,0.373,0.4845,0.6345,1.3678210523872643,2.4671241600249516,2.4671241600249516,0
78138,Scalea,Cosenza,18,39.81666,15.790547,0.1489,0.127,0.1605,0.0415,0.0439,0.0256,0.0529,0.0561,0.0356,0.2594,0.3541,0.5075,1.3558657596314803,2.687404543547193,2.687404543547193,0
61059,Pietravairano,Caserta,15,41.325219,14.165922,0.1586,0.1384,0.1741,0.0498,0.055,0.034,0.0612,0.0689,0.0454,0.3172,0.4184,0.6049,0.6297450719049591,1.4018447864494803,1.4018447864494803,0
25050,Santo Stefano di Cadore,Belluno,5,46.557938,12.549142,0.1098,0.1002,0.1241,0.032,0.036,0.0288,0.0395,0.0452,0.0373,0.2213,0.2799,0.3923,1.2074274831520158,2.618509560128479,2.618509560128479,0
12014,Biandronno,Varese,3,45.821512,8.713238,0.0383,0.0153,0.0452,0.0146,0.0181,0.0,0.0183,0.0224,0.0,0.0842,0.1017,0.1267,0.8495925188555823,3.509663070932963,3.509663070932963,0
73019,Mottola,Taranto,16,40.633225,17.037195,0.1346,0.0998,0.1485,0.0316,0.0355,0.0188,0.0418,0.0488,0.0297,0.312,0.409,0.5459,1.4468116549212515,1.2440907749708765,1.2440907749708765,0
92080,Sinnai,Cagliari,20,39.30424,9.203538,0.0,0.0,0.0,0.0,0.0,0.0,0.0,0.0,0.0,0.0,0.0,0.0,318.90377425673273,321.14847519693825,321.14847519693825,1
75062,Presicce,Lecce,16,40.0053,18.2642,0.0595,0.0533,0.0755,0.0158,0.0185,0.0,0.0211,0.0264,0.0086,0.1251,0.1618,0.2225,1.355409573081116,2.7583110317552446,2.7583110317552446,0
29010,Canda,Rovigo,5,45.034356,11.505648,0.0803,0.0736,0.0837,0.0311,0.0345,0.0197,0.0369,0.0406,0.0288,0.1838,0.2428,0.3213,0.8146665019168886,1.870167518456889,1.870167518456889,0
1217,Rivarolo Canavese,Torino,1,45.331216,7.717134,0.0471,0.0228,0.0561,0.0199,0.0234,0.0,0.0246,0.0287,0.0,0.1067,0.1262,0.1546,1.4198175938873052,2.373679186982255,2.373679186982255,0
15038,Buscate,Milano,3,45.544916,8.812943,0.038,0.0139,0.0449,0.0148,0.0183,0.0,0.0184,0.0226,0.0,0.0817,0.0969,0.1199,1.469543347903436,3.338105574976141,3.338105574976141,0
30058,Mereto di Tomba,Udine,6,46.049752,13.042751,0.1894,0.1676,0.2328,0.0522,0.0555,0.0449,0.0671,0.0734,0.0592,0.3866,0.511,0.7105,0.5357153414049627,2.4481191725364417,2.4481191725364417,0
78088,Orsomarso,Cosenza,18,39.800172,15.909528,0.1898,0.1597,0.1978,0.0501,0.0514,0.033,0.0646,0.0664,0.0467,0.3654,0.5052,0.7387,0.5277409643595501,1.72433051515054,1.72433051515054,0
35041,Toano,Reggio nell'Emilia,8,44.376357,10.561197,0.1623,0.1308,0.1833,0.0565,0.0619,0.0396,0.0704,0.0775,0.0534,0.357,0.4497,0.5733,1.4389584128567088,2.6648711978628534,2.6648711978628534,0
58042,Genazzano,Roma,12,41.829673,12.972246,0.1571,0.1234,0.1735,0.0556,0.0598,0.0335,0.0699,0.0752,0.0441,0.3375,0.4166,0.5382,1.1605815806067796,2.145296831712245,2.145296831712245,0
69086,San Vito Chietino,Chieti,13,42.296042,14.444515,0.0961,0.0748,0.1048,0.0386,0.0424,0.0223,0.0473,0.0519,0.0306,0.2055,0.2518,0.3232,1.0490821192562474,1.8928216876107147,1.8928216876107147,0
57053,Poggio Mirteto,Rieti,12,42.264368,12.684788,0.1545,0.1397,0.1764,0.0517,0.0558,0.0367,0.0637,0.0694,0.0492,0.3466,0.4367,0.5697,0.8948879578205463,2.059008279432262,2.059008279432262,0
64053,Montefalcione,Avellino,15,40.961038,14.882215,0.2225,0.1892,0.2356,0.059,0.0597,0.0406,0.0787,0.0797,0.0575,0.4412,0.5968,0.8478,0.35180764132124187,1.7284224076952468,1.7284224076952468,0
34004,Berceto,Parma,8,44.510608,9.989655,0.1913,0.1699,0.2074,0.0588,0.0651,0.044,0.0754,0.0824,0.0606,0.3979,0.4906,0.6449,1.1898732769686546,2.5820805116824967,2.5820805116824967,0
33007,Cadeo,Piacenza,8,44.975365,9.83107,0.1048,0.0818,0.1159,0.0355,0.0381,0.0185,0.0438,0.0479,0.0268,0.2226,0.2812,0.3752,0.953240674037732,1.6071390075068739,1.6071390075068739,0
18168,Valle Lomellina,Pavia,3,45.153058,8.668542,0.0438,0.0219,0.0516,0.0168,0.0199,0.0,0.0213,0.0253,0.0,0.1006,0.123,0.1556,0.9739751137475803,1.7227485850057376,1.7227485850057376,0
44017,Cupra Marittima,Ascoli Piceno,11,43.025023,13.858764,0.1809,0.1646,0.2024,0.0492,0.0532,0.0371,0.0624,0.0683,0.0532,0.3946,0.524,0.7325,0.7596872298698945,3.150144416057526,3.150144416057526,0
22184,Strembo,Trento,4,46.119912,10.751452,0.0592,0.0505,0.0686,0.0257,0.0289,0.0135,0.0313,0.0349,0.0192,0.1398,0.1749,0.2395,0.4189072032337328,1.7883274691301347,1.7883274691301347,0
22037,Campodenno,Trento,4,46.257827,11.0332,0.054,0.0382,0.0628,0.0221,0.0258,0.0088,0.0274,0.0311,0.0134,0.1169,0.1386,0.1714,0.9251028833987089,0.43280049243017876,0.43280049243017876,0
14018,Chiavenna,Sondrio,3,46.319979,9.398122,0.0507,0.0311,0.0588,0.0186,0.0213,0.0,0.0235,0.027,0.0,0.1127,0.1344,0.1678,1.2047998825114117,2.9796185048602934,2.9796185048602934,0
87052,Valverde,Catania,19,37.576954,15.124188,0.2247,0.1955,0.2666,0.0819,0.0944,0.0514,0.1009,0.1168,0.0669,0.4576,0.5987,0.8597,0.623414462381234,0.5062142820596062,0.5062142820596062,0
80033,Ferruzzano,Reggio di Calabria,18,38.038715,16.087049,0.1971,0.1582,0.2043,0.0509,0.0522,0.0346,0.067,0.0695,0.049,0.386,0.5077,0.7033,1.2946589032604354,1.6911395937497793,1.6911395937497793,0
4238,Verduno,Cuneo,1,44.66614,7.930735,0.0518,0.0272,0.0601,0.0209,0.024,0.0,0.0262,0.0297,0.0083,0.1174,0.1393,0.1705,1.042461874191371,1.4032848591334228,1.4032848591334228,0
17181,Sonico,Brescia,3,46.165499,10.35286,0.0587,0.0414,0.0694,0.0251,0.0284,0.011,0.0306,0.0344,0.0157,0.1373,0.1648,0.204,1.358709742262819,4.334200992699571,4.334200992699571,0
28105,Vo',Padova,5,45.328899,11.641735,0.0807,0.0746,0.0966,0.0309,0.034,0.0208,0.0371,0.0405,0.0292,0.1857,0.2341,0.3116,0.8994671568255752,0.929190820661674,0.929190820661674,0
65048,Corleto Monforte,Salerno,15,40.437209,15.37956,0.1371,0.1171,0.1484,0.0416,0.0436,0.0271,0.0531,0.0559,0.037,0.2696,0.3675,0.5276,0.9073206989945058,2.6096150037011387,2.6096150037011387,0
23078,Sant'Anna d'Alfaedo,Verona,5,45.627457,10.95155,0.1655,0.1431,0.1836,0.0444,0.0478,0.0391,0.059,0.0635,0.0523,0.3554,0.4622,0.6359,0.5120471822983649,4.102867628938059,4.102867628938059,0
94042,Rocchetta a Volturno,Isernia,14,41.624626,14.086261,0.2733,0.2425,0.2875,0.0764,0.0853,0.0672,0.1006,0.1113,0.0922,0.5467,0.7084,0.966,0.9892220974130206,1.1857152852494885,1.1857152852494885,0
64080,Rotondi,Avellino,15,41.03118,14.596753,0.191,0.1509,0.198,0.0546,0.056,0.0345,0.0716,0.0741,0.0488,0.3884,0.4925,0.6688,0.9138945489362713,2.2515003449027,2.2515003449027,0
21082,San Martino in Badia/St. Martin in Thurn,Bolzano/Bozen,4,46.650928,11.841677,0.0579,0.04,0.0647,0.0198,0.0229,0.0,0.0254,0.0286,0.0105,0.1166,0.1413,0.1781,0.7449239043489757,3.625452821669339,3.625452821669339,0
82030,Ciminna,Palermo,19,37.896816,13.562345,0.1356,0.1122,0.1448,0.0397,0.0411,0.0244,0.0525,0.054,0.0346,0.2761,0.3504,0.4692,1.195243420601578,1.6194289425212223,1.6194289425212223,0
65068,Minori,Salerno,15,40.652708,14.624941,0.1001,0.0648,0.1053,0.0357,0.0374,0.0122,0.0441,0.0466,0.02,0.1904,0.2277,0.2814,1.5624694728266992,3.0726028976634705,3.0726028976634705,0
22034,Caldonazzo,Trento,4,45.991523,11.262133,0.0883,0.0831,0.1046,0.0302,0.034,0.0237,0.0369,0.0415,0.0325,0.1971,0.2478,0.3353,1.4257020505967215,2.5578022780163634,2.5578022780163634,0
75031,Gallipoli,Lecce,16,40.05672,17.996423,0.056,0.0367,0.0626,0.0161,0.0189,0.0,0.0216,0.0259,0.0,0.1039,0.1303,0.1705,0.7351194615799873,1.4176877521973072,1.4176877521973072,0
12104,Monvalle,Varese,3,45.856932,8.63373,0.0395,0.0175,0.047,0.0149,0.0182,0.0,0.0186,0.0226,0.0,0.0864,0.1048,0.1301,0.3146385313375697,2.9382000883457633,2.9382000883457633,0
97036,Galbiate,Lecco,3,45.817534,9.375015,0.0544,0.0339,0.0614,0.0201,0.0237,0.0,0.0261,0.0297,0.0088,0.1278,0.159,0.2071,1.1341021380503997,3.5187246214179955,3.5187246214179955,0
6172,Terzo,Alessandria,1,44.670445,8.421645,0.0527,0.0314,0.0585,0.0179,0.0216,0.0,0.0232,0.0273,0.0,0.1183,0.1496,0.2013,1.263602386599189,1.1028270197339431,1.1028270197339431,0
67029,Morro d'Oro,Teramo,13,42.663744,13.919497,0.175,0.1499,0.1915,0.0537,0.0569,0.0374,0.0683,0.0725,0.0514,0.3558,0.451,0.6033,1.2238313680676047,3.294980507604769,3.294980507604769,0
61027,Castel Volturno,Caserta,15,41.034313,13.940835,0.0927,0.0592,0.0992,0.0364,0.0391,0.0131,0.0451,0.0484,0.0202,0.1932,0.232,0.2883,1.6223040378647455,1.4879807321520857,1.4879807321520857,0
75007,Arnesano,Lecce,16,40.3352,18.091628,0.049,0.0327,0.0572,0.0136,0.0163,0.0,0.0184,0.0225,0.0,0.0872,0.1108,0.1449,0.4961724090485671,1.2512406823284699,1.2512406823284699,0
12064,Daverio,Varese,3,45.778403,8.771828,0.0379,0.0143,0.0445,0.0144,0.018,0.0,0.018,0.0222,0.0,0.0818,0.0976,0.1218,1.1023220558056903,1.8779964211536722,1.8779964211536722,0
68026,Nocciano,Pescara,13,42.333041,13.984102,0.1838,0.1417,0.2023,0.0599,0.0661,0.0425,0.0758,0.0828,0.0572,0.3815,0.4915,0.6433,0.7805706089584213,2.2847780782299667,2.2847780782299667,0
59015,Monte San Biagio,Latina,12,41.352513,13.352204,0.0801,0.0611,0.0908,0.034,0.0368,0.0164,0.0399,0.0442,0.0233,0.1678,0.2004,0.2485,1.2911007866144746,2.0380311187610696,2.0380311187610696,0
98057,Terranova dei Passerini,Lodi,3,45.19832,9.677121,0.0771,0.0567,0.0861,0.0291,0.0321,0.013,0.0356,0.0387,0.0187,0.1739,0.2187,0.2913,1.2117223725753254,3.129123106858334,3.129123106858334,0
76006,Atella,Potenza,17,40.880321,15.650161,0.173,0.1566,0.2109,0.0487,0.0521,0.0363,0.0612,0.0679,0.0501,0.3504,0.4557,0.629,0.9549307182206086,3.008326068685476,3.008326068685476,0
64030,Conza della Campania,Avellino,15,40.858592,15.336066,0.2672,0.2348,0.2824,0.0602,0.0618,0.0465,0.082,0.0845,0.0653,0.531,0.735,1.0418,0.6327758207756298,1.3871098272538323,1.3871098272538323,0
15183,Robecchetto con Induno,Milano,3,45.532481,8.764558,0.0378,0.0136,0.0446,0.0148,0.0183,0.0,0.0184,0.0226,0.0,0.0817,0.0969,0.1199,1.1383008895806772,2.3801614618169245,2.3801614618169245,0
74004,Cellino San Marco,Brindisi,16,40.472228,17.966318,0.0472,0.0285,0.0537,0.0138,0.0165,0.0,0.0188,0.0224,0.0,0.084,0.1022,0.1279,0.582290946656352,2.7023367549406223,2.7023367549406223,0
61053,Orta di Atella,Caserta,15,40.966512,14.268029,0.1493,0.1036,0.1594,0.0445,0.0472,0.0212,0.0572,0.0602,0.0327,0.2899,0.3637,0.4746,0.5796532452448657,2.5727402761204665,2.5727402761204665,0
17124,Ono San Pietro,Brescia,3,46.016895,10.328362,0.0668,0.055,0.0766,0.0281,0.0311,0.0152,0.0342,0.0376,0.0218,0.1611,0.1989,0.2558,0.6814572615765202,2.5712107184920256,2.5712107184920256,0
4131,Monesiglio,Cuneo,1,44.465037,8.118542,0.0539,0.0282,0.0603,0.0199,0.023,0.0,0.0255,0.0288,0.0076,0.1193,0.1454,0.1822,0.45268429588216846,2.558407121094343,2.558407121094343,0
12048,Cavaria con Premezzo,Varese,3,45.692682,8.796529,0.0377,0.0137,0.0443,0.0143,0.018,0.0,0.0179,0.0222,0.0,0.0807,0.0957,0.1196,1.3814312575908532,2.8311386969640964,2.8311386969640964,0
97004,Ballabio,Lecco,3,45.898184,9.423444,0.0521,0.0311,0.0592,0.0188,0.0223,0.0,0.0238,0.0278,0.0,0.1133,0.1372,0.1741,1.5593027238927823,3.3200980366889006,3.3200980366889006,0
41002,Apecchio,Pesaro e Urbino,11,43.558554,12.420951,0.2089,0.1923,0.2277,0.0634,0.0669,0.048,0.0801,0.0845,0.064,0.3988,0.5097,0.6836,0.24749911063261357,4.488036845449892,4.488036845449892,0
12084,Ispra,Varese,3,45.815457,8.610138,0.0391,0.0169,0.0466,0.0149,0.0182,0.0,0.0186,0.0226,0.0,0.0864,0.1048,0.1301,0.5089612365806542,2.5127414470445544,2.5127414470445544,0
85016,San Cataldo,Caltanissetta,19,37.491446,13.993516,0.0704,0.0507,0.0774,0.0264,0.029,0.011,0.0328,0.0358,0.0163,0.1452,0.1756,0.2205,1.4001683037044912,0.8518793239274617,0.8518793239274617,0
81015,Partanna,Trapani,19,37.727841,12.88854,0.137,0.1151,0.1578,0.0281,0.0297,0.0139,0.0387,0.0411,0.0244,0.2573,0.3456,0.4923,0.6334027884310232,3.1539584288102,3.1539584288102,0
98005,Borgo San Giovanni,Lodi,3,45.278042,9.435836,0.0688,0.0479,0.0767,0.0252,0.0284,0.0091,0.0316,0.0348,0.0145,0.1565,0.1973,0.2634,1.5577143278862455,1.550910383824259,1.550910383824259,0
30087,Ragogna,Udine,6,46.173522,12.98242,0.2448,0.2189,0.2969,0.065,0.0719,0.0579,0.0873,0.0985,0.0768,0.514,0.6735,0.9249,0.23638885221181039,1.1931784439023232,1.1931784439023232,0
57027,Fara in Sabina,Rieti,12,42.209558,12.72937,0.1549,0.14,0.1766,0.0526,0.0568,0.0375,0.0649,0.0707,0.0503,0.3495,0.4387,0.5708,1.4061062881044397,3.2413437708909796,3.2413437708909796,0
36047,Zocca,Modena,8,44.347264,10.990407,0.1586,0.1201,0.1755,0.0555,0.0611,0.04,0.0687,0.0766,0.0519,0.3529,0.4418,0.5639,1.53569700383134,2.2261053860420934,2.2261053860420934,0
20056,San Giacomo delle Segnate,Mantova,3,44.972575,11.033097,0.1112,0.1034,0.1271,0.0349,0.0381,0.0248,0.0418,0.0468,0.036,0.2618,0.3499,0.4911,1.0457388831373238,2.1555617843975488,2.1555617843975488,0
69029,Dogliola,Chieti,13,41.941896,14.636275,0.1191,0.0909,0.1276,0.0442,0.0488,0.0304,0.0542,0.0591,0.0387,0.2659,0.3313,0.4287,0.6582283071858187,1.4468630062984038,1.4468630062984038,0
111067,Sanluri,Sud Sardegna,20,39.562642,8.898636,0.0,0.0,0.0,0.0,0.0,0.0,0.0,0.0,0.0,0.0,0.0,0.0,318.2392061679293,318.5244146194043,318.5244146194043,1
61036,Francolise,Caserta,15,41.185015,14.056722,0.1047,0.0817,0.117,0.0401,0.0451,0.0199,0.0494,0.0551,0.0287,0.2113,0.2569,0.3258,0.7206223396785839,3.497622511102715,3.497622511102715,0
18049,Cigognola,Pavia,3,45.032761,9.244856,0.0927,0.0737,0.1034,0.0276,0.0304,0.0108,0.035,0.0377,0.018,0.2029,0.272,0.372,0.7262438394396312,2.5946713785863307,2.5946713785863307,0
30052,Magnano in Riviera,Udine,6,46.23133,13.176769,0.2586,0.2315,0.3134,0.0674,0.0754,0.0598,0.091,0.1033,0.0796,0.535,0.7001,0.9614,0.7383937163727822,2.721846302404126,2.721846302404126,0
77017,Montescaglioso,Matera,17,40.552221,16.666887,0.1566,0.1095,0.1697,0.0389,0.0454,0.0289,0.0529,0.0605,0.0396,0.3434,0.4397,0.5776,1.4408111519647944,2.4818294315714517,2.4818294315714517,0
6086,Guazzora,Alessandria,1,45.0138,8.843573,0.0649,0.0451,0.0718,0.0203,0.0239,0.0,0.0271,0.0305,0.0099,0.1482,0.1927,0.266,0.6362902505429756,2.92394886308098,2.92394886308098,0
80010,Bivongi,Reggio di Calabria,18,38.48317,16.453054,0.1814,0.1442,0.1886,0.0517,0.0528,0.0349,0.0672,0.0694,0.0486,0.3708,0.4836,0.6653,0.9428680193473168,3.5588344430724717,3.5588344430724717,0
69013,Casacanditella,Chieti,13,42.247439,14.19931,0.1661,0.1212,0.1811,0.0543,0.0589,0.0365,0.0683,0.0744,0.0497,0.3483,0.4504,0.6059,1.0989963530264262,4.092582295054142,4.092582295054142,0
9058,Stella,Savona,7,44.404721,8.501565,0.0521,0.0289,0.0588,0.0188,0.0223,0.0,0.0242,0.028,0.0,0.1165,0.1414,0.1778,0.8987534900851636,3.513787658656766,3.513787658656766,0
86005,Calascibetta,Enna,19,37.590191,14.271972,0.0879,0.0694,0.0949,0.0325,0.0351,0.0164,0.0393,0.0429,0.0234,0.1781,0.2174,0.2842,1.3604190568408456,3.0825206807498566,3.0825206807498566,0
62070,Sant'Agata de' Goti,Benevento,15,41.088538,14.503793,0.166,0.1335,0.172,0.0505,0.0521,0.0299,0.0637,0.0659,0.0402,0.3128,0.3924,0.5293,1.2908824492779687,2.2564278229261534,2.2564278229261534,0
17198,Vezza d'Oglio,Brescia,3,46.240213,10.399732,0.0591,0.042,0.0697,0.0247,0.0282,0.0101,0.0305,0.0347,0.0151,0.1415,0.1708,0.2139,0.49796750851429455,1.514129581819067,1.514129581819067,0
1136,Lombriasco,Torino,1,44.840941,7.635925,0.0689,0.0495,0.0792,0.0269,0.0297,0.0116,0.0335,0.0367,0.017,0.1592,0.193,0.2441,0.49652596080959666,0.27070465166897595,0.27070465166897595,0
76032,Filiano,Potenza,17,40.831879,15.716292,0.1619,0.1495,0.1972,0.0481,0.051,0.0359,0.0601,0.0656,0.0495,0.3337,0.4277,0.579,1.332662231968691,3.0692660272361527,3.0692660272361527,0
20059,San Martino dall'Argine,Mantova,3,45.099056,10.518348,0.0749,0.0696,0.0851,0.0325,0.0357,0.0197,0.0386,0.0428,0.0279,0.1735,0.2193,0.2923,0.8393604772057982,0.13792184116249903,0.13792184116249903,0
1221,Rocca Canavese,Torino,1,45.308854,7.575863,0.0554,0.0335,0.0657,0.0233,0.0263,0.0,0.0288,0.0323,0.0118,0.1291,0.154,0.1885,1.5205476058354814,2.8645296329268533,2.8645296329268533,0
52023,Radda in Chianti,Siena,9,43.487052,11.3747,0.12,0.1009,0.126,0.0428,0.0481,0.0206,0.0522,0.0581,0.0307,0.258,0.3315,0.4453,0.8793117686025064,3.2969509370146173,3.2969509370146173,0
43020,Gagliole,Macerata,11,43.238301,13.067304,0.1781,0.1356,0.2023,0.0601,0.0642,0.0422,0.0752,0.08,0.056,0.3637,0.4612,0.6102,0.8057154962275536,1.3064350201394934,1.3064350201394934,0
46015,Gallicano,Lucca,9,44.060651,10.435668,0.1944,0.1692,0.2249,0.0567,0.0613,0.0442,0.0736,0.079,0.0652,0.4255,0.5407,0.7127,1.2093842149113692,1.83208379814083,1.83208379814083,0
73024,San Giorgio Ionico,Taranto,16,40.456624,17.378704,0.06,0.0486,0.0687,0.0229,0.0254,0.0098,0.03,0.0322,0.0153,0.1319,0.159,0.2036,0.6622014272545507,1.7853874606255276,1.7853874606255276,0
61102,Cellole,Caserta,15,41.204814,13.854317,0.0912,0.0697,0.1057,0.0358,0.0395,0.0158,0.0429,0.0484,0.0228,0.1763,0.211,0.2611,0.7845832099519481,4.20220848251057,4.20220848251057,0
81002,Buseto Palizzolo,Trapani,19,38.012506,12.711586,0.0653,0.0383,0.0716,0.0203,0.0214,0.0,0.0275,0.0291,0.0119,0.1451,0.1798,0.2335,0.21533535469313592,3.094140615528463,3.094140615528463,0
68003,Bolognano,Pescara,13,42.2181,13.960887,0.2066,0.1824,0.2292,0.0657,0.0728,0.0486,0.0829,0.0921,0.0651,0.4267,0.544,0.7155,0.528531709789417,1.784116749380952,1.784116749380952,0
60076,Supino,Frosinone,12,41.610209,13.224731,0.1396,0.1237,0.1534,0.048,0.0517,0.0317,0.0587,0.0637,0.0429,0.3123,0.3999,0.5283,0.8986747287565896,2.724602976250442,2.724602976250442,0
62007,Baselice,Benevento,15,41.393726,14.972839,0.1628,0.1483,0.1919,0.0522,0.0554,0.0414,0.0652,0.0706,0.0564,0.3737,0.4826,0.6602,0.8725315072637003,2.746573698311315,2.746573698311315,0
90030,Giave,Sassari,20,40.451958,8.752221,0.0,0.0,0.0,0.0,0.0,0.0,0.0,0.0,0.0,0.0,0.0,0.0,245.0497387331091,245.46093265233253,245.46093265233253,1
18029,Canneto Pavese,Pavia,3,45.050462,9.278757,0.0922,0.0732,0.1028,0.0264,0.0295,0.0095,0.0338,0.0365,0.0164,0.1962,0.2646,0.3648,1.5739447091657213,3.8024876721991516,3.8024876721991516,0
23049,Montecchia di Crosara,Verona,5,45.484518,11.253425,0.1586,0.1386,0.1752,0.0401,0.0433,0.036,0.0542,0.0567,0.0468,0.3268,0.4275,0.593,1.6390876746027463,3.9354080126592157,3.9354080126592157,0
2021,Buronzo,Vercelli,1,45.480862,8.267128,0.038,0.0131,0.0449,0.0147,0.0184,0.0,0.0183,0.0226,0.0,0.0799,0.0939,0.1167,0.7766612832315339,2.6397571179520884,2.6397571179520884,0
62028,Durazzano,Benevento,15,41.062481,14.447478,0.1488,0.113,0.1541,0.0483,0.0501,0.0268,0.0601,0.0626,0.0366,0.2874,0.3565,0.4609,1.486974562543418,3.812329941078271,3.812329941078271,0
30039,Flaibano,Udine,6,46.058333,12.983642,0.193,0.1712,0.2364,0.0527,0.056,0.0453,0.068,0.0742,0.0599,0.3931,0.5193,0.7217,0.6645780971450238,2.7384259624571627,2.7384259624571627,0
36011,Fanano,Modena,8,44.207737,10.793837,0.1781,0.1652,0.2003,0.0602,0.0665,0.0456,0.0767,0.0836,0.062,0.4001,0.4928,0.6483,1.4410026276667642,2.6164594118229165,2.6164594118229165,0
111078,Serrenti,Sud Sardegna,20,39.492771,8.975228,0.0,0.0,0.0,0.0,0.0,0.0,0.0,0.0,0.0,0.0,0.0,0.0,317.91068810146163,318.0371613373357,318.0371613373357,1
59004,Castelforte,Latina,12,41.299016,13.824015,0.1008,0.0789,0.1171,0.0394,0.0441,0.0208,0.048,0.0536,0.0288,0.2021,0.2446,0.3088,1.05252504281538,1.6198665873973128,1.6198665873973128,0
12054,Comabbio,Varese,3,45.77196,8.674392,0.0381,0.0152,0.0452,0.0144,0.018,0.0,0.0181,0.0222,0.0,0.0824,0.0989,0.1237,1.0577840790163937,2.7910622813363197,2.7910622813363197,0
92050,Pula,Cagliari,20,39.007433,9.001646,0.0,0.0,0.0,0.0,0.0,0.0,0.0,0.0,0.0,0.0,0.0,0.0,358.41206818590257,360.53873567564494,360.53873567564494,1
78143,Spezzano della Sila,Cosenza,18,39.299411,16.33945,0.2764,0.2416,0.3034,0.0726,0.0746,0.0526,0.096,0.1001,0.0718,0.5589,0.7586,1.052,1.2197615446383976,1.0346918301177095,1.0346918301177095,0
81019,Santa Ninfa,Trapani,19,37.771342,12.877639,0.1206,0.097,0.1387,0.0282,0.0299,0.0139,0.0382,0.0408,0.0235,0.2427,0.319,0.4456,1.108053384433287,2.3413464444857564,2.3413464444857564,0
58011,Artena,Roma,12,41.741915,12.912174,0.1673,0.109,0.1965,0.0539,0.0596,0.03,0.0706,0.0764,0.0396,0.3693,0.4524,0.5694,1.0684058482808176,2.9303477700450613,2.9303477700450613,0
70084,Vinchiaturo,Campobasso,14,41.492925,14.590729,0.2492,0.2352,0.2686,0.0654,0.0678,0.0532,0.0863,0.0889,0.0728,0.5361,0.7281,1.0207,1.4376238476575791,3.9068519085559883,3.9068519085559883,0
18163,Trivolzio,Pavia,3,45.258464,9.042748,0.0533,0.0325,0.0596,0.0191,0.0225,0.0,0.0245,0.0283,0.0,0.1182,0.1463,0.1906,1.389302143296846,2.732025047014206,2.732025047014206,0
20020,Commessaggio,Mantova,3,45.034443,10.545345,0.0747,0.0689,0.0855,0.0328,0.0361,0.0195,0.0388,0.0433,0.0268,0.1662,0.2021,0.2655,0.2268054234826962,3.185356538151243,3.185356538151243,0
66054,Massa d'Albe,L'Aquila,13,42.107229,13.394294,0.2501,0.2269,0.2788,0.0753,0.0819,0.0653,0.099,0.1053,0.09,0.5245,0.6798,0.9226,0.7873124372826412,4.039685277315572,4.039685277315572,0
64057,Montella,Avellino,15,40.843856,15.017955,0.1823,0.1598,0.1907,0.0498,0.0512,0.0322,0.0634,0.0661,0.0452,0.3401,0.4678,0.6648,0.7316964693384344,2.311803538546672,2.311803538546672,0
70036,Mafalda,Campobasso,14,41.941736,14.713226,0.1193,0.0909,0.1295,0.0437,0.0482,0.03,0.054,0.0587,0.0385,0.2699,0.3355,0.4383,0.7618841319152199,2.0672707627475573,2.0672707627475573,0
62058,San Giorgio del Sannio,Benevento,15,41.069327,14.852458,0.2533,0.211,0.2666,0.0625,0.0646,0.0455,0.0835,0.0859,0.0635,0.5003,0.6946,0.9889,1.3199909199557678,3.4924433606130276,3.4924433606130276,0
78110,Rovito,Cosenza,18,39.307994,16.321094,0.2764,0.2416,0.3034,0.0726,0.0746,0.0526,0.096,0.1001,0.0718,0.5589,0.7586,1.052,1.0360111213191745,1.4644198761612768,1.4644198761612768,0
62022,Ceppaloni,Benevento,15,41.044533,14.760051,0.224,0.1885,0.2374,0.0588,0.0593,0.0396,0.078,0.0793,0.0564,0.425,0.5637,0.7985,0.7508209275261977,2.189310631890156,2.189310631890156,0
12010,Bedero Valcuvia,Varese,3,45.914271,8.794198,0.0388,0.016,0.0456,0.0146,0.0181,0.0,0.0183,0.0224,0.0,0.0834,0.1001,0.1247,1.1182283502826365,4.178180019776142,4.178180019776142,0
103025,Crevoladossola,Verbano-Cusio-Ossola,1,46.148584,8.297416,0.0815,0.0602,0.0882,0.0232,0.0252,0.0093,0.0308,0.033,0.0155,0.1646,0.2074,0.2686,1.130913199092701,2.74426020649672,2.74426020649672,0
6147,Rocca Grimalda,Alessandria,1,44.671447,8.64845,0.0744,0.0553,0.0826,0.0198,0.0238,0.0,0.0271,0.0306,0.0094,0.1626,0.2196,0.3201,0.776125634588552,1.9563631217817103,1.9563631217817103,0
87026,Milo,Catania,19,37.722445,15.115739,0.224,0.1674,0.2824,0.0983,0.1144,0.0595,0.1185,0.1386,0.0749,0.4807,0.5657,0.6962,0.8036143382075127,1.4985778578782534,1.4985778578782534,0
93009,Caneva,Pordenone,6,45.968662,12.448097,0.2369,0.2128,0.2883,0.0617,0.068,0.0554,0.0841,0.0937,0.0739,0.5039,0.6627,0.916,1.591616178934966,4.1621984593133,4.1621984593133,0
78101,Praia a Mare,Cosenza,18,39.900902,15.779276,0.1643,0.1396,0.1737,0.0456,0.0472,0.0289,0.0582,0.06,0.04,0.3219,0.4378,0.6413,0.1118630303213046,1.5631063512474628,1.5631063512474628,0
15055,Casarile,Milano,3,45.317888,9.104903,0.0526,0.0315,0.0592,0.0192,0.0227,0.0,0.0246,0.0284,0.0,0.1167,0.1433,0.1851,0.8029788159004245,2.5579334123579325,2.5579334123579325,0
9018,Carcare,Savona,7,44.357473,8.290162,0.0564,0.0327,0.0634,0.0188,0.022,0.0,0.0245,0.028,0.0,0.1199,0.1485,0.192,1.3725714153363713,3.107571071343967,3.107571071343967,0
31001,Capriva del Friuli,Gorizia,6,45.941416,13.513629,0.1872,0.1686,0.233,0.0508,0.0536,0.0435,0.0666,0.0725,0.0584,0.3975,0.5254,0.7331,1.6061377407624968,2.7686201513150834,2.7686201513150834,0
64108,Teora,Avellino,15,40.852817,15.253352,0.263,0.2276,0.2775,0.0601,0.062,0.0463,0.0816,0.0839,0.0646,0.5265,0.7289,1.0339,0.24647246038479673,3.1727883289513894,3.1727883289513894,0
17118,Niardo,Brescia,3,45.975994,10.333263,0.0734,0.0629,0.083,0.0281,0.0311,0.0152,0.0342,0.0376,0.0218,0.1611,0.1989,0.2558,0.8871904045496065,2.0462136297327205,2.0462136297327205,0
103051,Ornavasso,Verbano-Cusio-Ossola,1,45.962083,8.393624,0.0526,0.0309,0.0595,0.0185,0.0209,0.0,0.0239,0.0269,0.0,0.1189,0.1442,0.18,0.6560655792870362,1.8653660418225002,1.8653660418225002,0
65026,Casalbuono,Salerno,15,40.21575,15.681587,0.222,0.1803,0.23,0.0484,0.0511,0.033,0.0643,0.0667,0.0467,0.3796,0.527,0.7729,0.9566324794440001,3.520495781439926,3.520495781439926,0
98042,Orio Litta,Lodi,3,45.160313,9.554207,0.0814,0.0605,0.0895,0.0277,0.0307,0.0111,0.0343,0.0373,0.017,0.1776,0.2297,0.3236,1.3852771815400826,3.7574064016994497,3.7574064016994497,0
4217,Scarnafigi,Cuneo,1,44.67881,7.56595,0.0973,0.0733,0.1084,0.0313,0.0337,0.0162,0.0391,0.0425,0.0239,0.2063,0.258,0.337,0.20119684978604954,2.1558019779485353,2.1558019779485353,0
52001,Abbadia San Salvatore,Siena,9,42.880972,11.67242,0.1401,0.098,0.1593,0.0485,0.0528,0.0221,0.0597,0.0659,0.0322,0.3026,0.3743,0.4788,1.0277337320065598,2.971164758870981,2.971164758870981,0
61003,Alvignano,Caserta,15,41.219342,14.352737,0.1663,0.1411,0.1738,0.0499,0.0528,0.0319,0.0618,0.0664,0.0437,0.3283,0.4461,0.6498,0.9100962021521223,1.3896211327157932,1.3896211327157932,0
94008,Carpinone,Isernia,14,41.590426,14.323322,0.2628,0.2251,0.2817,0.0691,0.0727,0.0541,0.0892,0.0943,0.0731,0.5135,0.7071,1.0057,1.2608284243589378,3.5619567489135218,3.5619567489135218,0
61099,Villa Literno,Caserta,15,41.009912,14.080525,0.1104,0.0709,0.1148,0.0392,0.0417,0.0155,0.0492,0.052,0.0238,0.2147,0.2603,0.3269,0.812373432998258,2.70638534001428,2.70638534001428,0
65003,Albanella,Salerno,15,40.478422,15.116608,0.1025,0.0819,0.1131,0.0354,0.0381,0.0179,0.044,0.0482,0.0273,0.2001,0.2477,0.3272,0.6322520120327482,1.9114242019579895,1.9114242019579895,0
23093,Vestenanova,Verona,5,45.573467,11.227722,0.1639,0.1425,0.1814,0.0438,0.0469,0.0384,0.0583,0.0623,0.0511,0.3507,0.4566,0.6281,1.0525926924762694,2.499743515480048,2.499743515480048,0
17004,Alfianello,Brescia,3,45.266975,10.148172,0.1029,0.0942,0.1114,0.0346,0.037,0.0217,0.0432,0.0468,0.0322,0.2473,0.3292,0.461,1.468771152924085,2.469010869834978,2.469010869834978,0
77015,Miglionico,Matera,17,40.56842,16.502484,0.1601,0.1135,0.1731,0.0404,0.0471,0.0308,0.0548,0.0625,0.0419,0.346,0.4411,0.5788,1.324132827819209,3.0998761652539017,3.0998761652539017,0
2011,Bianzè,Vercelli,1,45.308457,8.122527,0.0377,0.0127,0.0454,0.0157,0.0193,0.0,0.0192,0.0238,0.0,0.0825,0.0964,0.117,1.1322145798380228,3.6840798203083844,3.6840798203083844,0
16210,Taleggio,Bergamo,3,45.894385,9.562672,0.0615,0.0416,0.0695,0.0222,0.0256,0.0,0.0285,0.0319,0.0115,0.1427,0.1783,0.2378,1.326827973998842,3.1805649577320447,3.1805649577320447,0
5090,Revigliasco d'Asti,Asti,1,44.85854,8.158222,0.0422,0.0178,0.0503,0.0173,0.0209,0.0,0.0212,0.0258,0.0,0.0938,0.1128,0.1376,1.7969961257892744,3.1878901111259283,3.1878901111259283,0
19083,Rivarolo del Re ed Uniti,Cremona,3,45.027972,10.469783,0.074,0.0628,0.0868,0.0329,0.0363,0.019,0.0389,0.0435,0.0264,0.1685,0.2037,0.2496,0.999243646360847,3.0349128808144497,3.0349128808144497,0
4218,Serralunga d'Alba,Cuneo,1,44.610686,8.000556,0.0516,0.0262,0.0592,0.0199,0.0232,0.0,0.0252,0.0287,0.0,0.1133,0.1351,0.1669,1.1731804125616996,1.3317656528269086,1.3317656528269086,0
84040,Santo Stefano Quisquina,Agrigento,19,37.625027,13.49076,0.0765,0.0475,0.0835,0.028,0.0301,0.0126,0.0351,0.0376,0.0179,0.1644,0.2001,0.2529,1.4161388582659893,1.110303743561033,1.110303743561033,0
78116,San Fili,Cosenza,18,39.338893,16.14349,0.2545,0.2159,0.2786,0.064,0.0663,0.045,0.0855,0.0898,0.0623,0.5074,0.6794,0.9707,1.2862608073558623,1.6901065249344804,1.6901065249344804,0
37022,Castiglione dei Pepoli,Bologna,8,44.142505,11.166508,0.1917,0.1709,0.2087,0.0617,0.0678,0.0459,0.0777,0.0848,0.0616,0.3947,0.491,0.6434,1.2491120373744016,3.4938396746301557,3.4938396746301557,0
12060,Cunardo,Varese,3,45.937476,8.801245,0.0389,0.0163,0.0458,0.0146,0.018,0.0,0.0184,0.0224,0.0,0.0843,0.1015,0.1263,0.7830632175179175,2.549936657468366,2.549936657468366,0
1183,Pecetto Torinese,Torino,1,45.016883,7.749949,0.0507,0.0279,0.0598,0.0217,0.0248,0.0,0.0268,0.0306,0.009,0.1184,0.14,0.1714,1.2821362369417357,2.6273866341578223,2.6273866341578223,0
30059,Moggio Udinese,Udine,6,46.409703,13.195142,0.2409,0.2166,0.2929,0.059,0.065,0.053,0.0799,0.0897,0.0711,0.4872,0.6415,0.8868,1.6063517388150825,2.8238019632813605,2.8238019632813605,0
60042,Guarcino,Frosinone,12,41.799022,13.313397,0.1661,0.147,0.1809,0.056,0.0598,0.0416,0.0695,0.0746,0.0551,0.3563,0.4446,0.5769,0.7290643579304973,3.134027712840065,3.134027712840065,0
4227,Torre Mondovì,Cuneo,1,44.352832,7.89964,0.07,0.0444,0.0793,0.0249,0.0278,0.0106,0.0315,0.0349,0.0158,0.1562,0.1921,0.2451,0.8668892599257758,0.4612440999146811,0.4612440999146811,0
60015,Broccostella,Frosinone,12,41.699723,13.635305,0.243,0.2191,0.2698,0.0708,0.0766,0.0606,0.0932,0.0986,0.0831,0.5045,0.6519,0.8845,0.8531946655071387,2.0618025366167587,2.0618025366167587,0
3103,Nebbiuno,Novara,1,45.803573,8.527126,0.0404,0.0186,0.0481,0.0149,0.0182,0.0,0.0187,0.0226,0.0,0.0863,0.1046,0.1297,1.2322294602896136,3.2212980696154303,3.2212980696154303,0
65066,Maiori,Salerno,15,40.648908,14.640141,0.0957,0.0634,0.102,0.0357,0.0374,0.0122,0.0441,0.0466,0.02,0.1904,0.2277,0.2814,0.8581981100655165,3.99070997200357,3.99070997200357,0
48020,Gambassi Terme,Firenze,9,43.539113,10.954075,0.1414,0.1027,0.1587,0.0464,0.0507,0.0224,0.0584,0.0635,0.0329,0.304,0.3772,0.4826,0.6833596878598023,2.7222244649742993,2.7222244649742993,0
35043,Vezzano sul Crostolo,Reggio nell'Emilia,8,44.602584,10.546853,0.1594,0.1225,0.1725,0.0521,0.0578,0.0376,0.0649,0.0735,0.0498,0.3533,0.4366,0.5595,1.2338669078661437,0.688347154740307,0.688347154740307,0
4241,Vezza d'Alba,Cuneo,1,44.76364,7.996134,0.0469,0.0222,0.0553,0.0192,0.0227,0.0,0.0239,0.0279,0.0,0.1051,0.125,0.1535,1.5000978468149402,0.6248925766411686,0.6248925766411686,0
13216,Sorico,Como,3,46.172005,9.379666,0.044,0.0215,0.0523,0.0176,0.0208,0.0,0.0218,0.026,0.0,0.0999,0.1201,0.1486,1.1835990362384006,0.7503990373165015,0.7503990373165015,0
14065,Teglio,Sondrio,3,46.172675,10.064126,0.084,0.0674,0.0957,0.0269,0.0308,0.012,0.0347,0.0387,0.0195,0.2049,0.2677,0.3709,1.2483717887605317,4.084578980839664,4.084578980839664,0
22213,Vermiglio,Trento,4,46.296905,10.691365,0.0518,0.0328,0.0612,0.0219,0.0256,0.0,0.0271,0.0311,0.0116,0.1194,0.1417,0.1742,0.9187660496763445,2.1158744705265087,2.1158744705265087,0
30071,Paluzza,Udine,6,46.530815,13.018206,0.176,0.1562,0.2137,0.0473,0.0496,0.0402,0.0614,0.0663,0.0537,0.3719,0.4955,0.6964,1.4267179654125415,4.033964728001556,4.033964728001556,0
14023,Colorina,Sondrio,3,46.153693,9.729346,0.0639,0.0474,0.0725,0.0234,0.0269,0.0084,0.0301,0.0338,0.0147,0.1559,0.194,0.2531,0.8931039594707746,2.991476337029904,2.991476337029904,0
5076,Montegrosso d'Asti,Asti,1,44.823943,8.239782,0.043,0.0192,0.0507,0.0172,0.0208,0.0,0.0212,0.0258,0.0,0.0961,0.1164,0.1437,1.3265485201657212,3.9261858151630484,3.9261858151630484,0
5074,Montaldo Scarampi,Asti,1,44.830345,8.259052,0.0435,0.0199,0.0511,0.017,0.0206,0.0,0.0211,0.0257,0.0,0.0983,0.12,0.1506,0.40684572582619055,2.0755390224399624,2.0755390224399624,0
59014,Minturno,Latina,12,41.262974,13.746522,0.0922,0.0705,0.1063,0.0384,0.0425,0.0197,0.0465,0.0518,0.0274,0.1939,0.2334,0.294,0.8993799015607127,2.661408518144097,2.661408518144097,0
65126,San Rufo,Salerno,15,40.43451,15.463662,0.1624,0.1388,0.1719,0.0453,0.047,0.0306,0.0576,0.0596,0.0419,0.3159,0.4321,0.6279,1.1864432331727701,1.9091920170227685,1.9091920170227685,0
101024,Scandale,Crotone,18,39.122213,16.964123,0.1916,0.148,0.1966,0.0503,0.0513,0.0342,0.066,0.0673,0.048,0.3641,0.4837,0.6509,0.6193604909155223,0.9345703379829035,0.9345703379829035,0
80018,Campo Calabro,Reggio di Calabria,18,38.216069,15.659192,0.2605,0.2225,0.2841,0.0635,0.0651,0.0446,0.0855,0.0887,0.0621,0.5184,0.7042,1.0004,1.3094829763705664,1.1565736837251641,1.1565736837251641,0
65082,Olevano sul Tusciano,Salerno,15,40.668904,15.032615,0.1255,0.109,0.1373,0.0398,0.0426,0.022,0.0505,0.0541,0.032,0.2316,0.3011,0.4168,1.0585393045002194,3.0153221111444206,3.0153221111444206,0
16246,Zogno,Bergamo,3,45.793706,9.666203,0.0929,0.0736,0.0995,0.0284,0.0308,0.0132,0.0365,0.0386,0.0209,0.2153,0.2847,0.3946,0.807493250493723,3.8718546605576214,3.8718546605576214,0
5040,Cisterna d'Asti,Asti,1,44.825007,8.004618,0.0447,0.0198,0.053,0.0189,0.0225,0.0,0.0235,0.0276,0.0,0.1027,0.1223,0.1499,0.29972531178859213,2.163518943334499,2.163518943334499,0
30010,Bertiolo,Udine,6,45.942667,13.04918,0.143,0.126,0.1692,0.0426,0.0454,0.0374,0.0554,0.0573,0.0473,0.2869,0.38,0.5245,1.4974931285429662,1.451847069573425,1.451847069573425,0
2006,Arborio,Vercelli,1,45.494964,8.385329,0.0376,0.0127,0.0439,0.0145,0.0182,0.0,0.0181,0.0223,0.0,0.079,0.0926,0.1153,1.638339736001907,3.4691083260148603,3.4691083260148603,0
40044,Sarsina,Forlì-Cesena,8,43.918758,12.143258,0.2001,0.1525,0.2257,0.0649,0.0689,0.049,0.0821,0.0871,0.0627,0.4147,0.5147,0.6636,1.0130360252622135,3.269808421899809,3.269808421899809,0
1094,Corio,Torino,1,45.313499,7.532087,0.06,0.0393,0.0712,0.0249,0.0278,0.0095,0.0309,0.0342,0.0141,0.1413,0.1695,0.2102,1.1025074015147138,3.037100882885224,3.037100882885224,0
45011,Montignoso,Massa-Carrara,9,44.02405,10.172591,0.1383,0.1254,0.152,0.0465,0.05,0.0307,0.0578,0.0622,0.0416,0.3047,0.3881,0.5157,0.8468780557053726,2.7439686352472488,2.7439686352472488,0
97069,Premana,Lecco,3,46.05173,9.423463,0.0452,0.0226,0.0532,0.0177,0.021,0.0,0.0219,0.0262,0.0,0.0994,0.1197,0.1484,0.6351902909723841,4.131736043759909,4.131736043759909,0
98002,Bertonico,Lodi,3,45.23307,9.668062,0.0758,0.056,0.0847,0.0286,0.0316,0.0128,0.0351,0.0382,0.0185,0.169,0.2103,0.2752,1.4775445520248047,1.3592201357083789,1.3592201357083789,0
17001,Acquafredda,Brescia,3,45.307378,10.414677,0.1306,0.1193,0.1417,0.036,0.0383,0.0266,0.0456,0.0493,0.0388,0.2794,0.3681,0.5127,0.5860341249209241,2.764280731879876,2.764280731879876,0
78157,Corigliano-Rossano,Cosenza,18,39.616315,16.577896,0.2184,0.185,0.2324,0.0582,0.06,0.0408,0.0769,0.0803,0.0571,0.4335,0.5757,0.8008,0.3213359541220604,3.874578341518229,3.874578341518229,0
16099,Fino del Monte,Bergamo,3,45.892689,9.994057,0.0868,0.0673,0.0952,0.0296,0.0322,0.0153,0.0367,0.0395,0.0224,0.19,0.2393,0.3176,1.5167266050190313,2.2359740021686947,2.2359740021686947,0
103048,Nonio,Verbano-Cusio-Ossola,1,45.845773,8.377522,0.0462,0.0246,0.0536,0.0165,0.0192,0.0,0.0209,0.0244,0.0,0.0983,0.1189,0.1473,0.5816319582899105,3.3142654585294324,3.3142654585294324,0
87037,Ramacca,Catania,19,37.388048,14.692681,0.1747,0.14,0.2141,0.0398,0.0443,0.0305,0.0515,0.0565,0.0441,0.3578,0.4986,0.7138,0.8582682842467351,1.6022643993283794,1.6022643993283794,0
80007,Bagnara Calabra,Reggio di Calabria,18,38.288471,15.807795,0.2594,0.2217,0.2827,0.0629,0.0644,0.0444,0.0842,0.0875,0.0613,0.5039,0.6827,0.9679,0.8137870113732311,4.034995857882483,4.034995857882483,0
43034,Muccia,Macerata,11,43.081701,13.042968,0.2209,0.199,0.2393,0.071,0.0741,0.0554,0.0899,0.094,0.0765,0.4744,0.6067,0.8034,1.1068535060680653,3.5781930046845174,3.5781930046845174,0
23056,Palù,Verona,5,45.325834,11.155173,0.1284,0.114,0.1399,0.0354,0.0381,0.0298,0.0448,0.0491,0.0401,0.2677,0.3551,0.4956,0.5969148740836875,1.8235598442773941,1.8235598442773941,0
41031,Monte Cerignone,Pesaro e Urbino,11,43.84046,12.414747,0.1742,0.1456,0.1937,0.0573,0.0605,0.0406,0.0721,0.0763,0.0547,0.3574,0.4543,0.6003,0.2876757148337835,3.911245917376683,3.911245917376683,0
16116,Gorno,Bergamo,3,45.862895,9.843416,0.0886,0.0693,0.0964,0.0278,0.0306,0.0129,0.0349,0.0377,0.0192,0.1818,0.2308,0.3111,0.529123539591629,2.2375117324680893,2.2375117324680893,0
3112,Orta San Giulio,Novara,1,45.798081,8.406951,0.0432,0.0215,0.0509,0.016,0.0188,0.0,0.0199,0.0238,0.0,0.0928,0.1128,0.1393,0.997507717388037,2.182326212157035,2.182326212157035,0
78121,San Lorenzo del Vallo,Cosenza,18,39.668201,16.29739,0.2628,0.2239,0.2976,0.067,0.0711,0.0485,0.0898,0.0965,0.0675,0.5387,0.725,1.023,0.5066527865679616,2.7717036997759763,2.7717036997759763,0
64103,Sperone,Avellino,15,40.952359,14.60328,0.1871,0.1402,0.1988,0.0524,0.0543,0.0316,0.0688,0.0737,0.0457,0.3653,0.4641,0.6315,1.6002755520337726,2.874617980892571,2.874617980892571,0
62042,Montefalcone di Val Fortore,Benevento,15,41.325991,15.009059,0.1849,0.1761,0.2089,0.0521,0.0553,0.0413,0.0655,0.0709,0.0561,0.3832,0.501,0.6979,1.175588544506252,1.3912638123487042,1.3912638123487042,0
4108,Lesegno,Cuneo,1,44.402234,7.97084,0.0633,0.0375,0.0722,0.0225,0.0256,0.0,0.0288,0.0321,0.0123,0.138,0.1691,0.2127,1.3620453777927093,1.2224271969756675,1.2224271969756675,0
1061,Cascinette d'Ivrea,Torino,1,45.480159,7.905619,0.0426,0.0184,0.0516,0.0179,0.0212,0.0,0.0219,0.0263,0.0,0.0943,0.1129,0.1375,1.211808280456936,4.015097812389684,4.015097812389684,0
68027,Penne,Pescara,13,42.458215,13.927326,0.1796,0.1365,0.1974,0.059,0.0646,0.0415,0.0746,0.0807,0.0561,0.3716,0.4824,0.6315,1.1738254623507596,4.3255793630886705,4.3255793630886705,0
18138,Sannazzaro de' Burgondi,Pavia,3,45.102259,8.906348,0.0608,0.041,0.0681,0.0196,0.0232,0.0,0.0258,0.0294,0.0083,0.1321,0.169,0.2272,1.542238002969798,2.027905733892752,2.027905733892752,0
41051,San Costanzo,Pesaro e Urbino,11,43.766164,13.072763,0.1833,0.1654,0.2208,0.0471,0.0524,0.0384,0.0615,0.0691,0.0585,0.3975,0.5272,0.7365,1.3667098053920965,2.0170571638547132,2.0170571638547132,0
35045,Villa Minozzo,Reggio nell'Emilia,8,44.365056,10.465995,0.1688,0.1505,0.1909,0.0589,0.0648,0.0418,0.0744,0.0811,0.0571,0.3758,0.4728,0.6029,0.21905335082457367,2.909455825090648,2.909455825090648,0
65133,Sanza,Salerno,15,40.244607,15.552666,0.1554,0.1311,0.1649,0.0425,0.0445,0.0273,0.0543,0.0565,0.0379,0.2859,0.3871,0.5607,0.25472110461926184,4.3256462625825165,4.3256462625825165,0
30114,Talmassons,Udine,6,45.929558,13.117064,0.1365,0.1203,0.1596,0.043,0.0456,0.0376,0.0556,0.0576,0.0476,0.2916,0.3866,0.5358,1.1282635395648664,1.6318154993785547,1.6318154993785547,0
5007,Baldichieri d'Asti,Asti,1,44.905948,8.091638,0.0416,0.0169,0.0499,0.017,0.0206,0.0,0.0208,0.0255,0.0,0.0913,0.1096,0.1333,0.942118121579511,3.9285081111023197,3.9285081111023197,0
76034,Francavilla in Sinni,Potenza,17,40.080192,16.203224,0.179,0.1523,0.1873,0.0453,0.0471,0.0296,0.0572,0.0594,0.0399,0.3088,0.4172,0.6063,1.0164768120457432,4.197402107414698,4.197402107414698,0
103008,Baveno,Verbano-Cusio-Ossola,1,45.908916,8.505017,0.0446,0.0229,0.0517,0.0161,0.0187,0.0,0.0205,0.024,0.0,0.0984,0.1194,0.1486,0.7393671684874977,4.4619929799340925,4.4619929799340925,0
17137,Pavone del Mella,Brescia,3,45.301256,10.208401,0.1197,0.1074,0.1291,0.035,0.0374,0.0229,0.044,0.0475,0.0339,0.2665,0.3505,0.4904,1.263308569191121,2.1029733914850777,2.1029733914850777,0
42015,Corinaldo,Ancona,11,43.648816,13.047659,0.1858,0.171,0.2015,0.0515,0.0556,0.0405,0.0662,0.0714,0.0578,0.4087,0.5391,0.7499,1.381618602950854,3.510247996290113,3.510247996290113,0
64038,Grottaminarda,Avellino,15,41.06972,15.058945,0.2711,0.2377,0.2869,0.0624,0.0639,0.0473,0.0835,0.0861,0.0659,0.5369,0.7456,1.0597,1.5863214249064843,2.5973712013862085,2.5973712013862085,0
19114,Volongo,Cremona,3,45.212247,10.301874,0.0923,0.0826,0.1039,0.0331,0.036,0.0196,0.0397,0.0439,0.0289,0.2054,0.2713,0.3703,1.0075627562285427,2.2052081359674762,2.2052081359674762,0
65047,Corbara,Salerno,15,40.724782,14.592763,0.1158,0.0761,0.1206,0.0397,0.042,0.017,0.051,0.0534,0.027,0.2384,0.2926,0.372,0.5606627462353087,2.1725075357919432,2.1725075357919432,0
4237,Venasca,Cuneo,1,44.562163,7.396865,0.1333,0.1002,0.1483,0.0399,0.042,0.0265,0.0532,0.056,0.0372,0.2896,0.3599,0.4641,1.5406317760031936,2.4207336929220835,2.4207336929220835,0
85012,Mussomeli,Caltanissetta,19,37.577845,13.751259,0.0712,0.0452,0.0771,0.027,0.0292,0.0112,0.0338,0.0362,0.0164,0.1502,0.1803,0.2247,0.7840698848433186,1.24694752034427,1.24694752034427,0
19034,Credera Rubbiano,Cremona,3,45.296063,9.650529,0.0761,0.0567,0.0849,0.0285,0.0314,0.013,0.0351,0.0381,0.0189,0.1702,0.2116,0.2763,0.8150495086541679,2.5747587091536626,2.5747587091536626,0
55031,Stroncone,Terni,10,42.502332,12.659973,0.1627,0.145,0.1798,0.0561,0.0601,0.0414,0.0692,0.0748,0.055,0.3581,0.4481,0.5817,1.0980213017488605,2.9238137137377,2.9238137137377,0
14072,Valdisotto,Sondrio,3,46.425215,10.357418,0.0958,0.0783,0.1089,0.0298,0.0329,0.0158,0.0383,0.0426,0.025,0.2207,0.2867,0.3905,1.0960817797160436,3.1074629542318646,3.1074629542318646,0
16049,Canonica d'Adda,Bergamo,3,45.575677,9.541653,0.0964,0.0766,0.1035,0.0279,0.0304,0.0127,0.0361,0.0383,0.0205,0.2171,0.2889,0.399,0.9849117635104638,2.7776486853733866,2.7776486853733866,0
7071,Valtournenche,Valle d'Aosta/Vallée d'Aoste,2,45.911551,7.619255,0.112,0.0874,0.1243,0.0335,0.0349,0.0186,0.0427,0.0453,0.0276,0.2254,0.2846,0.3739,0.4224506145753024,2.5717479413396784,2.5717479413396784,0
29008,Calto,Rovigo,5,44.991498,11.356471,0.0963,0.0878,0.1056,0.032,0.0354,0.0216,0.0379,0.042,0.0311,0.2047,0.2629,0.3493,1.4316004978092434,3.1254807234817634,3.1254807234817634,0
78094,Paterno Calabro,Cosenza,18,39.228492,16.264894,0.2729,0.2371,0.2991,0.071,0.0728,0.051,0.094,0.098,0.0699,0.5468,0.7453,1.041,1.116905797176433,2.4215119526654174,2.4215119526654174,0
96071,Valdengo,Biella,1,45.567322,8.136866,0.0406,0.0174,0.0493,0.0163,0.0196,0.0,0.02,0.0246,0.0,0.0881,0.1063,0.1305,0.7116408206221627,0.18873385970788137,0.18873385970788137,0
17153,Preseglie,Brescia,3,45.668287,10.39677,0.1521,0.135,0.163,0.0403,0.0445,0.0349,0.0537,0.0583,0.0503,0.348,0.453,0.6145,0.5742522773451263,3.496402720462711,3.496402720462711,0
85009,Mazzarino,Caltanissetta,19,37.305024,14.214078,0.0799,0.0728,0.0968,0.0271,0.0305,0.014,0.0338,0.0374,0.021,0.1817,0.2409,0.3589,0.9270614376131914,4.009186144968514,4.009186144968514,0
23016,Buttapietra,Verona,5,45.34209,10.99859,0.1406,0.1239,0.1535,0.0377,0.0406,0.0341,0.0511,0.0538,0.0445,0.3088,0.4065,0.5629,1.1957250101805013,1.9513357705409555,1.9513357705409555,0
6025,Cabella Ligure,Alessandria,1,44.673751,9.09576,0.0972,0.0773,0.1086,0.0288,0.0314,0.0124,0.0364,0.0393,0.0197,0.2086,0.2763,0.3766,0.8488192046006809,4.288135699269096,4.288135699269096,0
4080,Diano d'Alba,Cuneo,1,44.65031,8.027508,0.0495,0.0242,0.0572,0.0197,0.023,0.0,0.0248,0.0285,0.0,0.1106,0.1314,0.1618,1.1098227939701348,2.3830327391717105,2.3830327391717105,0
87021,Linguaglossa,Catania,19,37.842643,15.142131,0.2161,0.1647,0.2581,0.0892,0.1013,0.0551,0.1092,0.1251,0.0704,0.4649,0.5541,0.6853,1.0075930423742427,2.5204180707078585,2.5204180707078585,0
99015,Saludecio,Rimini,8,43.872685,12.668507,0.1853,0.1713,0.2013,0.0519,0.056,0.04,0.0664,0.0716,0.0571,0.4104,0.5404,0.749,0.8993324607950242,1.5798385758235995,1.5798385758235995,0
12035,Caronno Varesino,Varese,3,45.738636,8.831226,0.0381,0.0141,0.0447,0.0145,0.0182,0.0,0.0181,0.0224,0.0,0.0819,0.0976,0.1219,1.3151711150204992,1.1365219856836364,1.1365219856836364,0
25059,Taibon Agordino,Belluno,5,46.298782,12.012654,0.1256,0.1107,0.1459,0.0392,0.0423,0.0355,0.0531,0.0547,0.0455,0.3013,0.4045,0.5727,1.2670663238488982,4.479974948002579,4.479974948002579,0
65129,Sant'Arsenio,Salerno,15,40.472911,15.484562,0.1915,0.1628,0.1992,0.0482,0.0497,0.0333,0.0617,0.0639,0.0467,0.3526,0.4868,0.7109,0.5472118573279082,2.6512931934585233,2.6512931934585233,0
40031,Portico e San Benedetto,Forlì-Cesena,8,44.003714,11.720184,0.2088,0.1793,0.237,0.0719,0.0768,0.0542,0.0908,0.097,0.0704,0.447,0.549,0.6992,1.0366782329854176,4.109908547868878,4.109908547868878,0
30011,Bicinicco,Udine,6,45.935713,13.251166,0.1479,0.1306,0.1786,0.0452,0.0475,0.039,0.0583,0.0609,0.0504,0.3277,0.4363,0.6133,1.064116288067905,2.58840503018582,2.58840503018582,0
16122,Isso,Bergamo,3,45.476787,9.758419,0.1196,0.0966,0.1293,0.0342,0.036,0.0204,0.0447,0.0471,0.0318,0.2689,0.3511,0.4652,0.882447690053339,3.0960330127581863,3.0960330127581863,0
19040,Derovere,Cremona,3,45.109972,10.247977,0.0766,0.0647,0.0889,0.033,0.0361,0.0181,0.0392,0.0436,0.0254,0.1772,0.2139,0.2697,1.2333920076273917,2.586393924056932,2.586393924056932,0
48013,Dicomano,Firenze,9,43.891962,11.52365,0.1959,0.1693,0.2248,0.0612,0.0665,0.0479,0.0791,0.0839,0.0685,0.4283,0.5435,0.7158,0.6245195265805544,3.781605684012274,3.781605684012274,0
15204,Sedriano,Milano,3,45.488333,8.968731,0.0411,0.0178,0.0491,0.0166,0.0198,0.0,0.0206,0.0248,0.0,0.0922,0.1119,0.1377,0.886665372314916,3.8076837172700313,3.8076837172700313,0
28021,Candiana,Padova,5,45.22109,11.989114,0.06,0.0458,0.0686,0.0265,0.0298,0.0124,0.0319,0.0352,0.0172,0.13,0.1555,0.1916,0.23793060870175634,1.388100569790254,1.388100569790254,0
4118,Margarita,Cuneo,1,44.403432,7.684934,0.0934,0.0683,0.1039,0.0311,0.0334,0.0168,0.0392,0.0425,0.0247,0.2055,0.2552,0.3295,0.8641542948591615,1.2331692761463917,1.2331692761463917,0
16017,Azzone,Bergamo,3,45.978518,10.112647,0.0678,0.0506,0.0774,0.0273,0.0303,0.0135,0.0334,0.0367,0.0188,0.1566,0.1905,0.2435,1.5141833519391263,1.0708864405550298,1.0708864405550298,0
21022,Chiusa/Klausen,Bolzano/Bozen,4,46.639687,11.566643,0.0517,0.0305,0.0581,0.0189,0.0222,0.0,0.0244,0.0277,0.0082,0.1099,0.1327,0.1676,0.9301225207319967,4.473685327577818,4.473685327577818,0
22060,Cis,Trento,4,46.399187,11.00296,0.0488,0.0283,0.0581,0.0194,0.0233,0.0,0.0243,0.0284,0.0,0.105,0.1252,0.1545,1.0025623385921127,3.2398705772509544,3.2398705772509544,0
4190,Roccaforte Mondovì,Cuneo,1,44.31794,7.744742,0.0906,0.0647,0.1006,0.0298,0.0322,0.0159,0.0378,0.0409,0.0234,0.198,0.2487,0.3247,1.0501799472596738,2.9819072196467227,2.9819072196467227,0
23061,Pressana,Verona,5,45.284749,11.40209,0.0973,0.0875,0.1093,0.032,0.0349,0.0226,0.0382,0.042,0.0313,0.2009,0.2563,0.3441,1.5524431168273864,3.854752499859387,3.854752499859387,0
63027,Cicciano,Napoli,15,40.964714,14.538935,0.1836,0.1371,0.1952,0.0522,0.054,0.031,0.0683,0.0725,0.0444,0.3599,0.4639,0.6233,0.10955952429465456,2.096771290080966,2.096771290080966,0
4061,Centallo,Cuneo,1,44.501533,7.58783,0.1076,0.0801,0.1194,0.0331,0.0352,0.0185,0.0422,0.0455,0.0273,0.2262,0.2841,0.3709,0.5149893366884913,2.0996019989669192,2.0996019989669192,0
79123,Satriano,Catanzaro,18,38.666883,16.481205,0.2119,0.1753,0.2235,0.0545,0.0554,0.0373,0.071,0.0733,0.052,0.3913,0.5107,0.7053,1.083422802169046,2.937955858270267,2.937955858270267,0
24075,Orgiano,Vicenza,5,45.351043,11.466029,0.1039,0.0943,0.1165,0.0334,0.0365,0.0264,0.0404,0.0458,0.0372,0.2331,0.3034,0.4266,0.8754926283543647,4.207067629928837,4.207067629928837,0
80039,Gioiosa Ionica,Reggio di Calabria,18,38.322175,16.302605,0.1888,0.1509,0.1963,0.0509,0.0521,0.0343,0.0662,0.0686,0.048,0.3693,0.4815,0.6631,1.241922410790694,3.0579882602660433,3.0579882602660433,0
17183,Tavernole sul Mella,Brescia,3,45.746987,10.240565,0.132,0.1179,0.1417,0.0374,0.0394,0.0286,0.0493,0.0524,0.0399,0.2856,0.3704,0.5056,1.2747116759116253,3.3874659428204126,3.3874659428204126,0
2122,Rovasenda,Vercelli,1,45.538765,8.317527,0.0383,0.0139,0.0455,0.015,0.0186,0.0,0.0186,0.0229,0.0,0.0815,0.0964,0.1196,0.6124214331975993,4.018649770515648,4.018649770515648,0
76039,Lagonegro,Potenza,17,40.128306,15.761472,0.2322,0.1886,0.2426,0.0527,0.056,0.037,0.0715,0.0753,0.0544,0.4521,0.6269,0.9163,0.7625023462979269,2.5618503346529153,2.5618503346529153,0
87012,Camporotondo Etneo,Catania,19,37.56759,15.005131,0.2093,0.1791,0.2312,0.0786,0.0893,0.0473,0.0964,0.1094,0.0608,0.4353,0.5705,0.8518,1.5807536463973717,0.9715351261722542,0.9715351261722542,0
92015,Decimomannu,Cagliari,20,39.311738,8.968841,0.0,0.0,0.0,0.0,0.0,0.0,0.0,0.0,0.0,0.0,0.0,0.0,333.40445809817334,333.3557612172098,333.3557612172098,1
62024,Circello,Benevento,15,41.357518,14.809056,0.2285,0.2058,0.2392,0.0577,0.0597,0.047,0.0745,0.0771,0.0633,0.4518,0.6142,0.8669,0.7926442087324075,2.6814607152760033,2.6814607152760033,0
19018,Casaletto Ceredano,Cremona,3,45.318071,9.617559,0.0755,0.0563,0.0841,0.0273,0.0302,0.0119,0.0339,0.0369,0.0177,0.1664,0.2072,0.2707,1.1074897892577564,3.8992329606104645,3.8992329606104645,0
30132,Verzegnis,Udine,6,46.385147,12.987202,0.2415,0.2174,0.2933,0.0624,0.0692,0.056,0.0854,0.095,0.0748,0.5076,0.667,0.9245,1.4297311425992616,0.44542209122422166,0.44542209122422166,0
22128,Nomi,Trento,4,45.928599,11.071881,0.1087,0.0984,0.1221,0.0331,0.0365,0.0282,0.042,0.0471,0.0384,0.2546,0.3362,0.4711,0.764310197950822,3.1002413387788486,3.1002413387788486,0
39003,Bagnara di Romagna,Ravenna,8,44.389169,11.826451,0.1955,0.1735,0.21,0.0626,0.0665,0.0494,0.0798,0.085,0.065,0.4168,0.5215,0.677,1.391614708305667,2.41404795960316,2.41404795960316,0
9031,Giustenice,Savona,7,44.172551,8.247188,0.0899,0.0671,0.1004,0.021,0.0246,0.0,0.0296,0.0328,0.0146,0.1907,0.2552,0.3589,1.5662045344713171,1.6120948115475673,1.6120948115475673,0
21109,Valle di Casies/Gsies,Bolzano/Bozen,4,46.824096,12.232504,0.0567,0.0385,0.0631,0.0197,0.0229,0.0,0.0255,0.0288,0.0113,0.1195,0.1452,0.1829,1.3513387489180273,2.11100302419378,2.11100302419378,0
4129,Monchiero,Cuneo,1,44.570538,7.920236,0.0556,0.0309,0.0642,0.0215,0.0245,0.0,0.0271,0.0305,0.0096,0.1234,0.1483,0.1815,0.8990131798329485,3.386104707572828,3.386104707572828,0
98029,Guardamiglio,Lodi,3,45.109902,9.679791,0.085,0.0633,0.0939,0.03,0.0329,0.0134,0.0365,0.0396,0.0193,0.1836,0.2342,0.3215,0.9837267526700688,2.1645156667586036,2.1645156667586036,0
40004,Borghi,Forlì-Cesena,8,44.031591,12.354389,0.186,0.1765,0.1964,0.0555,0.0593,0.0424,0.0702,0.0756,0.0583,0.3923,0.5161,0.7006,0.7609713554733885,2.59333696818271,2.59333696818271,0
56017,Castel Sant'Elia,Viterbo,12,42.251776,12.371796,0.0913,0.0746,0.1052,0.0378,0.0422,0.0184,0.0449,0.051,0.0252,0.1915,0.2279,0.2929,1.2330125617741292,4.141665038734684,4.141665038734684,0
19022,Casalmorano,Cremona,3,45.286373,9.899666,0.0938,0.077,0.102,0.0317,0.0344,0.0169,0.0388,0.0421,0.0248,0.201,0.2545,0.3473,1.2965424916308963,3.434194909620725,3.434194909620725,0
9055,Sassello,Savona,7,44.47897,8.490171,0.0523,0.0302,0.0586,0.0187,0.0223,0.0,0.0242,0.028,0.0,0.1175,0.1441,0.1834,0.3623383235801707,2.7825634600047424,2.7825634600047424,0
72048,Valenzano,Bari,16,41.045333,16.885086,0.0701,0.0569,0.0792,0.026,0.0285,0.0128,0.0325,0.0355,0.0183,0.1543,0.1915,0.2502,0.7770828529449565,1.9713784646707775,1.9713784646707775,0
87024,Mascalucia,Catania,19,37.573605,15.051727,0.2225,0.1953,0.2628,0.0832,0.0955,0.0518,0.1021,0.1178,0.0671,0.4593,0.6005,0.8708,1.2106220382374975,1.2215144868112462,1.2215144868112462,0
22047,Castello-Molina di Fiemme,Trento,4,46.256056,11.404439,0.0641,0.0543,0.0736,0.0248,0.028,0.0137,0.0305,0.0338,0.0189,0.1344,0.1635,0.2127,0.9945933166748714,1.485717344655268,1.485717344655268,0
55029,San Gemini,Terni,10,42.612701,12.546505,0.1597,0.143,0.1784,0.0552,0.0597,0.0395,0.0679,0.0743,0.0528,0.3547,0.4435,0.5757,0.10134559594184572,2.214600611587216,2.214600611587216,0
16130,Luzzana,Bergamo,3,45.716393,9.880496,0.1253,0.1009,0.1357,0.0346,0.0362,0.0214,0.0453,0.0476,0.0323,0.2673,0.3501,0.4635,0.26515818789964485,4.058805765940225,4.058805765940225,0
4028,Boves,Cuneo,1,44.329626,7.551894,0.1344,0.0996,0.1497,0.037,0.039,0.0237,0.0502,0.053,0.0345,0.2829,0.3559,0.4632,1.2947043012424153,0.9034350981259148,0.9034350981259148,0
21032,Fortezza/Franzensfeste,Bolzano/Bozen,4,46.789626,11.609977,0.0465,0.0241,0.0531,0.0162,0.0193,0.0,0.0206,0.0244,0.0,0.0963,0.1177,0.1473,1.3988375923007743,2.5913823287321303,2.5913823287321303,0
13157,Montorfano,Como,3,45.785458,9.146079,0.0428,0.0195,0.0503,0.0163,0.0197,0.0,0.0202,0.0246,0.0,0.0919,0.1122,0.1396,1.473312545941445,3.664387257769332,3.664387257769332,0
30090,Reana del Rojale,Udine,6,46.145736,13.23512,0.242,0.2165,0.2951,0.0618,0.0675,0.0553,0.0819,0.093,0.0729,0.4882,0.641,0.8826,1.144578013644298,3.9425434437269105,3.9425434437269105,0
5118,Villanova d'Asti,Asti,1,44.941889,7.937502,0.0442,0.0195,0.0529,0.0191,0.0226,0.0,0.0236,0.0277,0.0,0.1026,0.1216,0.1483,0.18899910124566427,3.3815782600364495,3.3815782600364495,0
15201,San Vittore Olona,Milano,3,45.586091,8.942696,0.0392,0.0155,0.0468,0.0154,0.0188,0.0,0.0191,0.0233,0.0,0.0853,0.1022,0.1262,0.2578949985915506,2.735909755752971,2.735909755752971,0
71062,Volturino,Foggia,16,41.477229,15.124241,0.1534,0.1211,0.181,0.0503,0.0537,0.037,0.0639,0.0675,0.0489,0.331,0.4146,0.5449,1.477554524115214,3.631449710427144,3.631449710427144,0
5069,Moncalvo,Asti,1,45.050222,8.26522,0.0387,0.0144,0.0469,0.0156,0.0193,0.0,0.0192,0.0238,0.0,0.0839,0.0988,0.1209,0.750089359371119,2.6265549645095985,2.6265549645095985,0
76046,Marsicovetere,Potenza,17,40.376601,15.824493,0.2568,0.2109,0.2709,0.0574,0.0599,0.0441,0.0772,0.0807,0.0604,0.4875,0.673,0.983,0.5990841742156922,3.536427471732422,3.536427471732422,0
30008,Bagnaria Arsa,Udine,6,45.88359,13.284961,0.1357,0.1204,0.1607,0.0399,0.0434,0.0361,0.0526,0.0554,0.0456,0.2805,0.374,0.5273,1.8618536101154006,1.1599865616328353,1.1599865616328353,0
21006,Badia/Abtei,Bolzano/Bozen,4,46.610124,11.893487,0.0618,0.048,0.0694,0.0216,0.0249,0.0093,0.0275,0.0308,0.0144,0.1276,0.156,0.197,0.570579290465549,1.606736536469368,1.606736536469368,0
15229,Vanzago,Milano,3,45.526826,8.994955,0.041,0.0178,0.049,0.0162,0.0195,0.0,0.0201,0.0244,0.0,0.0899,0.1092,0.1342,0.8230358283579615,2.740978948665473,2.740978948665473,0
66021,Capitignano,L'Aquila,13,42.520203,13.300948,0.2604,0.2375,0.2846,0.0785,0.0866,0.0676,0.1038,0.111,0.0916,0.5332,0.691,0.9411,1.177764090129561,2.2784936510326297,2.2784936510326297,0
56015,Caprarola,Viterbo,12,42.326625,12.235766,0.0977,0.0681,0.1121,0.0398,0.0446,0.0194,0.049,0.0545,0.027,0.2251,0.2757,0.3495,1.3670947236086801,3.415835980983197,3.415835980983197,0
70007,Campochiaro,Campobasso,14,41.447524,14.508928,0.2681,0.2326,0.2841,0.0651,0.0679,0.0506,0.0861,0.0892,0.07,0.5315,0.7244,1.0293,1.2831780638053563,2.785254341090957,2.785254341090957,0
61018,Casagiove,Caserta,15,41.074715,14.307729,0.1272,0.0918,0.1319,0.0443,0.0467,0.021,0.0554,0.0577,0.0305,0.2479,0.3024,0.3819,1.2012705481237884,2.53732217385921,2.53732217385921,0
54030,Montefalco,Perugia,10,42.891874,12.650067,0.218,0.1977,0.2432,0.07,0.0738,0.0566,0.0904,0.0931,0.0764,0.4862,0.6165,0.8096,0.3738357813333133,2.6067335574912547,2.6067335574912547,0
40036,Rocca San Casciano,Forlì-Cesena,8,44.059096,11.842061,0.2107,0.1568,0.2392,0.0725,0.0772,0.0529,0.0916,0.0978,0.0675,0.4525,0.555,0.7049,1.346495986089133,2.8807007884038414,2.8807007884038414,0
8052,San Bartolomeo al Mare,Imperia,7,43.922924,8.101152,0.1428,0.1096,0.1632,0.0258,0.0307,0.0167,0.0374,0.044,0.0297,0.2993,0.3951,0.5467,1.4982418150211942,3.2278532707207006,3.2278532707207006,0
15115,Lacchiarella,Milano,3,45.321848,9.137047,0.0538,0.0327,0.0604,0.02,0.0237,0.0,0.0258,0.0294,0.0079,0.1235,0.1535,0.2008,1.2246156960408332,2.7865744450602903,2.7865744450602903,0
111076,Serdiana,Sud Sardegna,20,39.374241,9.158944,0.0,0.0,0.0,0.0,0.0,0.0,0.0,0.0,0.0,0.0,0.0,0.0,316.7744721430683,314.3343021035834,314.3343021035834,1
5087,Portacomaro,Asti,1,44.957405,8.258145,0.0404,0.0166,0.0487,0.0161,0.0198,0.0,0.0198,0.0246,0.0,0.0887,0.1069,0.1311,1.0330355049685374,1.5718567298504846,1.5718567298504846,0
43014,Colmurano,Macerata,11,43.16385,13.356982,0.1749,0.1388,0.1942,0.0563,0.0597,0.0403,0.0707,0.0754,0.0546,0.3541,0.4536,0.5999,0.9063364033102397,2.3869386515738555,2.3869386515738555,0
31010,Mariano del Friuli,Gorizia,6,45.916061,13.458748,0.1745,0.1566,0.2167,0.0508,0.0536,0.0435,0.0666,0.0725,0.0584,0.3975,0.5254,0.7331,1.5963615008852756,4.029924877302856,4.029924877302856,0
60012,Ausonia,Frosinone,12,41.354461,13.748748,0.1071,0.0859,0.1221,0.0411,0.0456,0.0235,0.0501,0.0553,0.0316,0.213,0.2586,0.329,0.851093818529628,2.3670910181290403,2.3670910181290403,0
4140,Monteu Roero,Cuneo,1,44.780686,7.931189,0.0483,0.0242,0.0571,0.0203,0.0236,0.0,0.0254,0.029,0.0,0.1119,0.1323,0.1622,0.772800702264763,2.8307091670263858,2.8307091670263858,0
6154,San Salvatore Monferrato,Alessandria,1,44.994154,8.565942,0.0488,0.028,0.0558,0.0171,0.0204,0.0,0.0218,0.026,0.0,0.1081,0.1327,0.172,1.0308537344074453,2.725333411755763,2.725333411755763,0
58049,Labico,Roma,12,41.789519,12.880888,0.1701,0.1125,0.1986,0.0559,0.0615,0.032,0.0729,0.0783,0.0424,0.3734,0.4554,0.5722,0.1744390083204819,0.9551989347487884,0.9551989347487884,0
68015,Collecorvino,Pescara,13,42.458598,14.01428,0.1743,0.1328,0.191,0.0541,0.058,0.0362,0.0683,0.0734,0.0497,0.3497,0.4508,0.602,0.6918983892536472,3.4083973597383936,3.4083973597383936,0
24053,Lugo di Vicenza,Vicenza,5,45.751391,11.522901,0.1626,0.1432,0.1773,0.0442,0.0474,0.0383,0.0592,0.0615,0.0506,0.3456,0.4505,0.6183,0.8290872811704736,4.357088807397615,4.357088807397615,0
60035,Fiuggi,Frosinone,12,41.798561,13.220489,0.16,0.1426,0.178,0.0546,0.0584,0.0389,0.0672,0.0727,0.052,0.3504,0.4387,0.5706,1.4489188233287622,1.5632144126436507,1.5632144126436507,0
98039,Merlino,Lodi,3,45.433372,9.429853,0.0684,0.0498,0.0763,0.0241,0.0273,0.0085,0.0306,0.0337,0.0139,0.1505,0.187,0.2457,1.4341964939413363,1.912480169170537,1.912480169170537,0
21073,Rifiano/Riffian,Bolzano/Bozen,4,46.70364,11.181443,0.0433,0.0208,0.0508,0.0159,0.019,0.0,0.0199,0.024,0.0,0.0922,0.1125,0.1394,1.5672252886299007,2.347202325682645,2.347202325682645,0
21025,Cortina sulla strada del vino/Kurtinig an der Weinstraße,Bolzano/Bozen,4,46.268702,11.222685,0.0564,0.0406,0.0652,0.0235,0.0268,0.0113,0.0291,0.0323,0.016,0.1249,0.15,0.1898,1.5696681682248235,3.3533779100820817,3.3533779100820817,0
21033,Funes/Villnöß,Bolzano/Bozen,4,46.6451,11.696841,0.0546,0.0346,0.0607,0.0195,0.0228,0.0,0.0253,0.0284,0.0097,0.1141,0.1378,0.1741,0.6175629981583767,3.6252712615858305,3.6252712615858305,0
18118,Portalbera,Pavia,3,45.097563,9.318857,0.0904,0.0714,0.1006,0.0262,0.0293,0.0092,0.0333,0.0362,0.0157,0.1909,0.2577,0.3582,0.08876456047623368,1.754998611520091,1.754998611520091,0
42049,Staffolo,Ancona,11,43.433074,13.1862,0.1771,0.1628,0.1913,0.0541,0.057,0.0406,0.0687,0.0726,0.0563,0.3784,0.4926,0.6645,1.4682237669553488,3.166048587552091,3.166048587552091,0
25003,Alleghe,Belluno,5,46.406637,12.021464,0.0959,0.0876,0.103,0.0301,0.0339,0.0251,0.0371,0.0415,0.034,0.2026,0.2559,0.3442,0.3077683952874793,3.1973260267776658,3.1973260267776658,0
30103,San Pietro al Natisone,Udine,6,46.126725,13.485233,0.2526,0.2277,0.3069,0.0639,0.0707,0.0571,0.0873,0.098,0.0765,0.5203,0.6837,0.9523,1.6302080046805152,1.0415787966748575,1.0415787966748575,0
62032,Forchia,Benevento,15,41.030225,14.537343,0.1795,0.1396,0.1875,0.0523,0.0541,0.0319,0.0677,0.0706,0.0444,0.3525,0.462,0.6067,0.7571353836387423,1.475834840676624,1.475834840676624,0
19094,Sergnano,Cremona,3,45.428875,9.701659,0.1046,0.0845,0.1129,0.0315,0.0338,0.0169,0.0397,0.0426,0.0259,0.2294,0.3038,0.4133,0.6294169635086991,1.870889193294883,1.870889193294883,0
28066,Polverara,Padova,5,45.309392,11.956012,0.0648,0.055,0.074,0.0285,0.0316,0.0166,0.0343,0.0374,0.023,0.1481,0.1779,0.2342,1.1187422293275051,3.6319439463630556,3.6319439463630556,0
6040,Casalnoceto,Alessandria,1,44.913177,8.981156,0.0909,0.0721,0.1012,0.0249,0.028,0.0085,0.0327,0.0354,0.0157,0.1949,0.2628,0.3626,1.5899226730366882,1.6635151605999943,1.6635151605999943,0
3131,Romentino,Novara,1,45.462553,8.720777,0.0378,0.0136,0.0448,0.0149,0.0184,0.0,0.0186,0.0227,0.0,0.082,0.097,0.1197,0.596412813404998,2.434634157826169,2.434634157826169,0
64044,Lioni,Avellino,15,40.876517,15.187751,0.2564,0.2197,0.2694,0.0594,0.0612,0.0449,0.0799,0.0824,0.0628,0.5123,0.7094,1.0061,1.3334904268159706,2.4291827143612412,2.4291827143612412,0
58107,Trevignano Romano,Roma,12,42.155917,12.246177,0.0709,0.0442,0.0854,0.035,0.0391,0.0145,0.0409,0.047,0.0195,0.1687,0.1974,0.2388,1.294076772119596,4.130996284030609,4.130996284030609,0
18190,Zinasco,Pavia,3,45.112799,9.003176,0.0682,0.0482,0.075,0.0218,0.0253,0.0,0.0286,0.0319,0.0111,0.1562,0.204,0.2877,0.8281338416477032,3.2458514045799713,3.2458514045799713,0
21110,Vandoies/Vintl,Bolzano/Bozen,4,46.876036,11.720904,0.0445,0.0223,0.0511,0.0154,0.0184,0.0,0.0197,0.0232,0.0,0.0936,0.1149,0.1437,1.3255950450204388,2.107198248074833,2.107198248074833,0
16119,Grone,Bergamo,3,45.727504,9.911202,0.1259,0.1016,0.1364,0.0346,0.0362,0.0214,0.0453,0.0476,0.0323,0.2673,0.3501,0.4635,0.9477616393342531,0.5671250907421862,0.5671250907421862,0
2070,Lignana,Vercelli,1,45.28553,8.346124,0.0364,0.0115,0.0442,0.0147,0.0183,0.0,0.0182,0.0225,0.0,0.0789,0.0913,0.1119,1.3631018133978159,3.659027060032343,3.659027060032343,0
70072,Santa Croce di Magliano,Campobasso,14,41.71241,14.993378,0.2085,0.1465,0.2501,0.0575,0.0587,0.0414,0.0766,0.0816,0.0557,0.4401,0.5684,0.7714,1.65078133186324,3.5747023627412364,3.5747023627412364,0
30049,Lignano Sabbiadoro,Udine,6,45.689368,13.138566,0.0787,0.0733,0.0867,0.029,0.0321,0.0193,0.0352,0.0385,0.027,0.1632,0.2087,0.2697,1.1780968829734726,0.8814729241010655,0.8814729241010655,0
98053,Senna Lodigiana,Lodi,3,45.151667,9.593862,0.0824,0.0613,0.0909,0.0284,0.0314,0.0121,0.0349,0.038,0.0178,0.1754,0.2233,0.3049,0.9563828507077557,2.235221700954145,2.235221700954145,0
17071,Fiesse,Brescia,3,45.231475,10.324177,0.0992,0.0912,0.1108,0.034,0.0367,0.0215,0.0417,0.0457,0.032,0.2429,0.314,0.4324,1.4762163374169148,3.203014277263787,3.203014277263787,0
82058,Polizzi Generosa,Palermo,19,37.812819,13.999683,0.1418,0.1222,0.1516,0.0431,0.0447,0.0275,0.0566,0.0587,0.0392,0.3146,0.4172,0.5684,1.0114722283499291,2.3752673978898926,2.3752673978898926,0
17126,Orzivecchi,Brescia,3,45.42066,9.961729,0.1289,0.1068,0.1392,0.0363,0.038,0.0239,0.0478,0.0502,0.0353,0.2839,0.3602,0.4837,0.7689387481516003,3.6203410936972116,3.6203410936972116,0
30136,Zuglio,Udine,6,46.461796,13.02604,0.2217,0.1982,0.2686,0.0538,0.0575,0.0466,0.0717,0.0779,0.0634,0.4364,0.5774,0.8045,1.3422589481212892,4.075924932610617,4.075924932610617,0
61101,Falciano del Massico,Caserta,15,41.165122,13.949453,0.0943,0.0722,0.1072,0.0378,0.0425,0.0175,0.046,0.0521,0.0254,0.192,0.2306,0.2889,0.7573351918948181,2.2106254349770365,2.2106254349770365,0
90058,Porto Torres,Sassari,20,40.83444,8.403146,0.0,0.0,0.0,0.0,0.0,0.0,0.0,0.0,0.0,0.0,0.0,0.0,236.47302920893895,237.79944916894428,237.79944916894428,1
19043,Fiesco,Cremona,3,45.336361,9.77761,0.0955,0.0769,0.1038,0.0314,0.0339,0.0166,0.0388,0.0418,0.0247,0.2076,0.2651,0.3668,1.2614241948095886,2.188943052654401,2.188943052654401,0
23008,Bevilacqua,Verona,5,45.231785,11.3925,0.0823,0.0761,0.0966,0.0315,0.0348,0.0216,0.0375,0.0413,0.0299,0.1888,0.2421,0.324,0.0546744414739198,3.7343276271177737,3.7343276271177737,0
56036,Montefiascone,Viterbo,12,42.537925,12.030997,0.1415,0.1029,0.1605,0.0486,0.0524,0.0248,0.0602,0.0657,0.0345,0.3041,0.3762,0.4807,1.0677661786522805,3.988884117458901,3.988884117458901,0
2068,Lenta,Vercelli,1,45.557466,8.384128,0.0379,0.0136,0.0448,0.0148,0.0184,0.0,0.0185,0.0228,0.0,0.0819,0.0972,0.1208,1.5954029608325253,4.123381668707509,4.123381668707509,0
42040,Rosora,Ancona,11,43.483258,13.068867,0.1753,0.1587,0.1924,0.0548,0.0574,0.0406,0.0695,0.0729,0.0559,0.3637,0.4676,0.6186,1.2138957427561006,0.8672010411406526,0.8672010411406526,0
1190,Pinasca,Torino,1,44.94264,7.229115,0.1344,0.1018,0.1486,0.0404,0.0425,0.027,0.0536,0.0563,0.0377,0.2914,0.3619,0.466,0.4166971690379802,3.5544474692605545,3.5544474692605545,0
21061,Ortisei/St. Ulrich,Bolzano/Bozen,4,46.590462,11.684557,0.0574,0.0391,0.0642,0.0207,0.024,0.0,0.0265,0.0296,0.0119,0.1199,0.1456,0.1834,1.258134153506565,2.3158297829255767,2.3158297829255767,0
59010,Itri,Latina,12,41.297359,13.551421,0.0832,0.0624,0.0946,0.0352,0.0381,0.017,0.0418,0.0462,0.0236,0.1722,0.2055,0.2545,0.8909809823125369,1.5049390365940727,1.5049390365940727,0
6122,Oviglio,Alessandria,1,44.86125,8.487743,0.052,0.0316,0.0583,0.0173,0.0208,0.0,0.0222,0.0265,0.0,0.1137,0.142,0.1883,0.4613827788036139,2.1903916481851473,2.1903916481851473,0
60054,Pignataro Interamna,Frosinone,12,41.439218,13.786212,0.1474,0.1311,0.1674,0.0505,0.0554,0.0345,0.0617,0.0691,0.0461,0.3048,0.3902,0.5257,1.4926798637395446,3.2905432559870538,3.2905432559870538,0
4248,Vinadio,Cuneo,1,44.309025,7.176025,0.144,0.1098,0.1624,0.0382,0.0406,0.0259,0.0524,0.0555,0.0372,0.3039,0.3888,0.5214,1.0670546067984363,2.7085010446449007,2.7085010446449007,0
9017,Calizzano,Savona,7,44.236881,8.11447,0.0771,0.055,0.0884,0.0233,0.0264,0.0095,0.0313,0.0344,0.0164,0.1827,0.238,0.3295,0.7268630087103596,2.685713667958481,2.685713667958481,0
49011,Marciana Marina,Livorno,9,42.803608,10.196768,0.0307,0.0,0.0381,0.0126,0.0171,0.0,0.0155,0.0204,0.0,0.0681,0.0788,0.0936,1.466774759561392,2.985995621758719,2.985995621758719,0
16104,Foresto Sparso,Bergamo,3,45.690883,9.920059,0.1291,0.1044,0.1399,0.0362,0.0376,0.0238,0.0482,0.0503,0.0355,0.2863,0.3686,0.4856,1.5101483039634636,1.0489083508610448,1.0489083508610448,0
1161,Montanaro,Torino,1,45.233553,7.853323,0.0432,0.0182,0.0519,0.0179,0.0213,0.0,0.0219,0.0263,0.0,0.0934,0.1112,0.1338,0.550870234064736,3.9557200376727173,3.9557200376727173,0
1115,Giaveno,Torino,1,45.042005,7.351994,0.1192,0.0893,0.1309,0.0361,0.0381,0.0216,0.0473,0.0504,0.032,0.2679,0.3375,0.4386,1.3413300646774111,2.3615736104587435,2.3615736104587435,0
1259,Sauze d'Oulx,Torino,1,45.027027,6.858346,0.1166,0.089,0.1281,0.0354,0.0372,0.0206,0.0456,0.0487,0.0304,0.2505,0.316,0.4152,1.1585296813469588,3.334262476935541,3.334262476935541,0
19023,Casteldidone,Cremona,3,45.069472,10.406281,0.0736,0.0632,0.0864,0.0332,0.0365,0.0187,0.0392,0.0439,0.0259,0.1726,0.2051,0.2563,0.43245699567062773,4.12533347975641,4.12533347975641,0
69045,Lama dei Peligni,Chieti,13,42.041534,14.186213,0.1936,0.1721,0.2133,0.0632,0.0705,0.0474,0.08,0.0894,0.0637,0.4189,0.5257,0.7,1.4020784934462165,2.7114182144270287,2.7114182144270287,0
1135,Lombardore,Torino,1,45.235452,7.74032,0.0477,0.0237,0.0569,0.0201,0.0235,0.0,0.0249,0.0289,0.0,0.1089,0.1282,0.1566,0.281142048506794,1.3641034157472858,1.3641034157472858,0
12087,Laveno-Mombello,Varese,3,45.9095,8.611986,0.0411,0.0193,0.0485,0.0151,0.0183,0.0,0.019,0.0228,0.0,0.0891,0.1088,0.1345,1.7488758037343506,2.4935684870254686,2.4935684870254686,0
111063,San Giovanni Suergiu,Sud Sardegna,20,39.110404,8.521999,0.0,0.0,0.0,0.0,0.0,0.0,0.0,0.0,0.0,0.0,0.0,0.0,383.5266914164019,383.7383392220179,383.7383392220179,1
3146,Tornaco,Novara,1,45.357564,8.715939,0.039,0.0155,0.0466,0.0156,0.0188,0.0,0.0194,0.0234,0.0,0.086,0.1035,0.1274,1.456435840865713,2.292481865688007,2.292481865688007,0
29039,Porto Tolle,Rovigo,5,44.917713,12.402186,0.0573,0.0403,0.0667,0.0248,0.0282,0.0088,0.0301,0.0336,0.0134,0.1212,0.1434,0.1753,0.9542569933710885,3.5367241111534256,3.5367241111534256,0
61033,Dragoni,Caserta,15,41.27024,14.309773,0.1702,0.1443,0.1782,0.0505,0.0539,0.0333,0.0627,0.0679,0.0455,0.3381,0.4606,0.6728,0.7659878077724799,2.707016598736015,2.707016598736015,0
9038,Millesimo,Savona,7,44.367536,8.201746,0.0572,0.0331,0.0647,0.0196,0.023,0.0,0.0258,0.0292,0.0089,0.1272,0.1589,0.207,1.54863290018008,3.050284623752884,3.050284623752884,0
61069,Rocca d'Evandro,Caserta,15,41.389018,13.908116,0.1395,0.1242,0.1603,0.0487,0.0537,0.0319,0.0591,0.0665,0.0422,0.2771,0.3639,0.483,0.5450336790891016,2.0731710916309884,2.0731710916309884,0
